row,layout,n,eps,alpha,kappa,reading,mu_matter,G_req,status
CGR,1T,1,1.0,0.5,0.25,II: G v^2 (dimensionless G mu),NOT COMPUTED (YET),NOT COMPUTED (YET),"FAILED: failed upstream (row CGR 1T n=1 eps=1 alpha=0.5 stage NC kappa=0.5): not converged (cap hit) at NC kappa=0.5 alpha=0.5 [node cap MAX_NODES = 100000 reached; status 1, max|phi|^2 = 5.275e-06, iterations 5, nodes 80370]"
CGR,1T,1,1.0,0.5,0.25,I: G_6 x T_b (T_b in mass^4),NOT COMPUTED (YET),NOT COMPUTED (YET),"FAILED: failed upstream (row CGR 1T n=1 eps=1 alpha=0.5 stage NC kappa=0.5): not converged (cap hit) at NC kappa=0.5 alpha=0.5 [node cap MAX_NODES = 100000 reached; status 1, max|phi|^2 = 5.275e-06, iterations 5, nodes 80370]"
CGR,1T,1,1.0,0.5,0.5,II: G v^2 (dimensionless G mu),NOT COMPUTED (YET),NOT COMPUTED (YET),"FAILED: failed directly: not converged (cap hit) at NC kappa=0.5 alpha=0.5 [node cap MAX_NODES = 100000 reached; status 1, max|phi|^2 = 5.275e-06, iterations 5, nodes 80370]"
CGR,1T,1,1.0,0.5,0.5,I: G_6 x T_b (T_b in mass^4),NOT COMPUTED (YET),NOT COMPUTED (YET),"FAILED: failed directly: not converged (cap hit) at NC kappa=0.5 alpha=0.5 [node cap MAX_NODES = 100000 reached; status 1, max|phi|^2 = 5.275e-06, iterations 5, nodes 80370]"
CGR,1T,1,1.0,0.5,1.0,II: G v^2 (dimensionless G mu),3.14159265359,0.039788735773,critical stage FAIL
CGR,1T,1,1.0,0.5,1.0,I: G_6 x T_b (T_b in mass^4),3.14159265359,0.039788735773,critical stage FAIL
CGR,1T,1,1.0,0.5,2.0,II: G v^2 (dimensionless G mu),3.9015911149,0.0320382111602,report-only (stage NC FAIL: critical stage failed; no stage-NC value is used); axisymmetric critical point; stability NOT COMPUTED (YET)
CGR,1T,1,1.0,0.5,2.0,I: G_6 x T_b (T_b in mass^4),3.9015911149,0.0320382111602,report-only (stage NC FAIL: critical stage failed; no stage-NC value is used); axisymmetric critical point; stability NOT COMPUTED (YET)
CGR,1T,1,1.0,0.5,4.0,II: G v^2 (dimensionless G mu),4.77051450962,0.026202624423,report-only (stage NC FAIL: critical stage failed; no stage-NC value is used); axisymmetric critical point; stability NOT COMPUTED (YET)
CGR,1T,1,1.0,0.5,4.0,I: G_6 x T_b (T_b in mass^4),4.77051450962,0.026202624423,report-only (stage NC FAIL: critical stage failed; no stage-NC value is used); axisymmetric critical point; stability NOT COMPUTED (YET)
CGR,1T,1,1.0,0.6,0.25,II: G v^2 (dimensionless G mu),NOT COMPUTED (YET),NOT COMPUTED (YET),"FAILED: failed upstream (row CGR 1T n=1 eps=1 alpha=0.6 stage NC kappa=0.5): not converged (cap hit) at NC kappa=0.5 alpha=0.6 [node cap MAX_NODES = 100000 reached; status 1, max|phi|^2 = 3.145e-06, iterations 5, nodes 82263]"
CGR,1T,1,1.0,0.6,0.25,I: G_6 x T_b (T_b in mass^4),NOT COMPUTED (YET),NOT COMPUTED (YET),"FAILED: failed upstream (row CGR 1T n=1 eps=1 alpha=0.6 stage NC kappa=0.5): not converged (cap hit) at NC kappa=0.5 alpha=0.6 [node cap MAX_NODES = 100000 reached; status 1, max|phi|^2 = 3.145e-06, iterations 5, nodes 82263]"
CGR,1T,1,1.0,0.6,0.5,II: G v^2 (dimensionless G mu),NOT COMPUTED (YET),NOT COMPUTED (YET),"FAILED: failed directly: not converged (cap hit) at NC kappa=0.5 alpha=0.6 [node cap MAX_NODES = 100000 reached; status 1, max|phi|^2 = 3.145e-06, iterations 5, nodes 82263]"
CGR,1T,1,1.0,0.6,0.5,I: G_6 x T_b (T_b in mass^4),NOT COMPUTED (YET),NOT COMPUTED (YET),"FAILED: failed directly: not converged (cap hit) at NC kappa=0.5 alpha=0.6 [node cap MAX_NODES = 100000 reached; status 1, max|phi|^2 = 3.145e-06, iterations 5, nodes 82263]"
CGR,1T,1,1.0,0.6,1.0,II: G v^2 (dimensionless G mu),3.14159265359,0.0318309886184,critical stage FAIL
CGR,1T,1,1.0,0.6,1.0,I: G_6 x T_b (T_b in mass^4),3.14159265359,0.0318309886184,critical stage FAIL
CGR,1T,1,1.0,0.6,2.0,II: G v^2 (dimensionless G mu),3.86587083895,0.025867392928,report-only (stage NC FAIL: critical stage failed; no stage-NC value is used); axisymmetric critical point; stability NOT COMPUTED (YET)
CGR,1T,1,1.0,0.6,2.0,I: G_6 x T_b (T_b in mass^4),3.86587083895,0.025867392928,report-only (stage NC FAIL: critical stage failed; no stage-NC value is used); axisymmetric critical point; stability NOT COMPUTED (YET)
CGR,1T,1,1.0,0.6,4.0,II: G v^2 (dimensionless G mu),4.67498255236,0.0213904541632,report-only (stage NC FAIL: critical stage failed; no stage-NC value is used); axisymmetric critical point; stability NOT COMPUTED (YET)
CGR,1T,1,1.0,0.6,4.0,I: G_6 x T_b (T_b in mass^4),4.67498255236,0.0213904541632,report-only (stage NC FAIL: critical stage failed; no stage-NC value is used); axisymmetric critical point; stability NOT COMPUTED (YET)
CGR,1T,1,1.0,0.7,0.25,II: G v^2 (dimensionless G mu),NOT COMPUTED (YET),NOT COMPUTED (YET),"FAILED: failed upstream (row CGR 1T n=1 eps=1 alpha=0.7 stage NC kappa=0.5): not converged (cap hit) at NC kappa=0.5 alpha=0.7 [node cap MAX_NODES = 100000 reached; status 1, max|phi|^2 = 1.010e-06, iterations 5, nodes 81286]"
CGR,1T,1,1.0,0.7,0.25,I: G_6 x T_b (T_b in mass^4),NOT COMPUTED (YET),NOT COMPUTED (YET),"FAILED: failed upstream (row CGR 1T n=1 eps=1 alpha=0.7 stage NC kappa=0.5): not converged (cap hit) at NC kappa=0.5 alpha=0.7 [node cap MAX_NODES = 100000 reached; status 1, max|phi|^2 = 1.010e-06, iterations 5, nodes 81286]"
CGR,1T,1,1.0,0.7,0.5,II: G v^2 (dimensionless G mu),NOT COMPUTED (YET),NOT COMPUTED (YET),"FAILED: failed directly: not converged (cap hit) at NC kappa=0.5 alpha=0.7 [node cap MAX_NODES = 100000 reached; status 1, max|phi|^2 = 1.010e-06, iterations 5, nodes 81286]"
CGR,1T,1,1.0,0.7,0.5,I: G_6 x T_b (T_b in mass^4),NOT COMPUTED (YET),NOT COMPUTED (YET),"FAILED: failed directly: not converged (cap hit) at NC kappa=0.5 alpha=0.7 [node cap MAX_NODES = 100000 reached; status 1, max|phi|^2 = 1.010e-06, iterations 5, nodes 81286]"
CGR,1T,1,1.0,0.7,1.0,II: G v^2 (dimensionless G mu),3.14159265359,0.0238732414638,critical stage FAIL
CGR,1T,1,1.0,0.7,1.0,I: G_6 x T_b (T_b in mass^4),3.14159265359,0.0238732414638,critical stage FAIL
CGR,1T,1,1.0,0.7,2.0,II: G v^2 (dimensionless G mu),3.83570167717,0.0195531368997,report-only (stage NC FAIL: critical stage failed; no stage-NC value is used); axisymmetric critical point; stability NOT COMPUTED (YET)
CGR,1T,1,1.0,0.7,2.0,I: G_6 x T_b (T_b in mass^4),3.83570167717,0.0195531368997,report-only (stage NC FAIL: critical stage failed; no stage-NC value is used); axisymmetric critical point; stability NOT COMPUTED (YET)
CGR,1T,1,1.0,0.7,4.0,II: G v^2 (dimensionless G mu),4.59429430993,0.0163245963233,report-only (stage NC FAIL: critical stage failed; no stage-NC value is used); axisymmetric critical point; stability NOT COMPUTED (YET)
CGR,1T,1,1.0,0.7,4.0,I: G_6 x T_b (T_b in mass^4),4.59429430993,0.0163245963233,report-only (stage NC FAIL: critical stage failed; no stage-NC value is used); axisymmetric critical point; stability NOT COMPUTED (YET)
CGR,1T,1,1.0,0.8,0.25,II: G v^2 (dimensionless G mu),NOT COMPUTED (YET),NOT COMPUTED (YET),"FAILED: failed upstream (row CGR 1T n=1 eps=1 alpha=0.8 stage NC kappa=0.5): not converged (cap hit) at NC kappa=0.5 alpha=0.8 [node cap MAX_NODES = 100000 reached; status 1, max|phi|^2 = 5.628e-07, iterations 5, nodes 82653]"
CGR,1T,1,1.0,0.8,0.25,I: G_6 x T_b (T_b in mass^4),NOT COMPUTED (YET),NOT COMPUTED (YET),"FAILED: failed upstream (row CGR 1T n=1 eps=1 alpha=0.8 stage NC kappa=0.5): not converged (cap hit) at NC kappa=0.5 alpha=0.8 [node cap MAX_NODES = 100000 reached; status 1, max|phi|^2 = 5.628e-07, iterations 5, nodes 82653]"
CGR,1T,1,1.0,0.8,0.5,II: G v^2 (dimensionless G mu),NOT COMPUTED (YET),NOT COMPUTED (YET),"FAILED: failed directly: not converged (cap hit) at NC kappa=0.5 alpha=0.8 [node cap MAX_NODES = 100000 reached; status 1, max|phi|^2 = 5.628e-07, iterations 5, nodes 82653]"
CGR,1T,1,1.0,0.8,0.5,I: G_6 x T_b (T_b in mass^4),NOT COMPUTED (YET),NOT COMPUTED (YET),"FAILED: failed directly: not converged (cap hit) at NC kappa=0.5 alpha=0.8 [node cap MAX_NODES = 100000 reached; status 1, max|phi|^2 = 5.628e-07, iterations 5, nodes 82653]"
CGR,1T,1,1.0,0.8,1.0,II: G v^2 (dimensionless G mu),3.14159265359,0.0159154943092,critical stage FAIL
CGR,1T,1,1.0,0.8,1.0,I: G_6 x T_b (T_b in mass^4),3.14159265359,0.0159154943092,critical stage FAIL
CGR,1T,1,1.0,0.8,2.0,II: G v^2 (dimensionless G mu),3.80985276136,0.013123866756,report-only (stage NC FAIL: critical stage failed; no stage-NC value is used); axisymmetric critical point; stability NOT COMPUTED (YET)
CGR,1T,1,1.0,0.8,2.0,I: G_6 x T_b (T_b in mass^4),3.80985276136,0.013123866756,report-only (stage NC FAIL: critical stage failed; no stage-NC value is used); axisymmetric critical point; stability NOT COMPUTED (YET)
CGR,1T,1,1.0,0.8,4.0,II: G v^2 (dimensionless G mu),4.52506287581,0.0110495702208,report-only (stage NC FAIL: critical stage failed; no stage-NC value is used); axisymmetric critical point; stability NOT COMPUTED (YET)
CGR,1T,1,1.0,0.8,4.0,I: G_6 x T_b (T_b in mass^4),4.52506287581,0.0110495702208,report-only (stage NC FAIL: critical stage failed; no stage-NC value is used); axisymmetric critical point; stability NOT COMPUTED (YET)
CGR,1T,1,1.0,0.9,0.25,II: G v^2 (dimensionless G mu),NOT COMPUTED (YET),NOT COMPUTED (YET),"FAILED: failed upstream (row CGR 1T n=1 eps=1 alpha=0.9 stage NC kappa=0.5): not converged (cap hit) at NC kappa=0.5 alpha=0.9 [node cap MAX_NODES = 100000 reached; status 1, max|phi|^2 = 3.505e-07, iterations 5, nodes 84600]"
CGR,1T,1,1.0,0.9,0.25,I: G_6 x T_b (T_b in mass^4),NOT COMPUTED (YET),NOT COMPUTED (YET),"FAILED: failed upstream (row CGR 1T n=1 eps=1 alpha=0.9 stage NC kappa=0.5): not converged (cap hit) at NC kappa=0.5 alpha=0.9 [node cap MAX_NODES = 100000 reached; status 1, max|phi|^2 = 3.505e-07, iterations 5, nodes 84600]"
CGR,1T,1,1.0,0.9,0.5,II: G v^2 (dimensionless G mu),NOT COMPUTED (YET),NOT COMPUTED (YET),"FAILED: failed directly: not converged (cap hit) at NC kappa=0.5 alpha=0.9 [node cap MAX_NODES = 100000 reached; status 1, max|phi|^2 = 3.505e-07, iterations 5, nodes 84600]"
CGR,1T,1,1.0,0.9,0.5,I: G_6 x T_b (T_b in mass^4),NOT COMPUTED (YET),NOT COMPUTED (YET),"FAILED: failed directly: not converged (cap hit) at NC kappa=0.5 alpha=0.9 [node cap MAX_NODES = 100000 reached; status 1, max|phi|^2 = 3.505e-07, iterations 5, nodes 84600]"
CGR,1T,1,1.0,0.9,1.0,II: G v^2 (dimensionless G mu),3.14159265359,0.0079577471546,critical stage FAIL
CGR,1T,1,1.0,0.9,1.0,I: G_6 x T_b (T_b in mass^4),3.14159265359,0.0079577471546,critical stage FAIL
CGR,1T,1,1.0,0.9,2.0,II: G v^2 (dimensionless G mu),3.78745450937,0.00660073934568,report-only (stage NC FAIL: critical stage failed; no stage-NC value is used); axisymmetric critical point; stability NOT COMPUTED (YET)
CGR,1T,1,1.0,0.9,2.0,I: G_6 x T_b (T_b in mass^4),3.78745450937,0.00660073934568,report-only (stage NC FAIL: critical stage failed; no stage-NC value is used); axisymmetric critical point; stability NOT COMPUTED (YET)
CGR,1T,1,1.0,0.9,4.0,II: G v^2 (dimensionless G mu),4.46492952879,0.00559919251553,report-only (stage NC FAIL: critical stage failed; no stage-NC value is used); axisymmetric critical point; stability NOT COMPUTED (YET)
CGR,1T,1,1.0,0.9,4.0,I: G_6 x T_b (T_b in mass^4),4.46492952879,0.00559919251553,report-only (stage NC FAIL: critical stage failed; no stage-NC value is used); axisymmetric critical point; stability NOT COMPUTED (YET)
CGR,1T,1,1.0,1,0.25,II: G v^2 (dimensionless G mu),NOT COMPUTED (YET),NOT COMPUTED (YET),"n/a (normal state) [normal state: exact solution, linearly stable for B > κ/2, marginal at B = κ/2; whether a vortex branch coexists (κ < 1, subcritical) is NOT COMPUTED (YET)] [by construction; not a test] [Venus 20:44]; normal-state energy (not a vortex value) = 1.57079632679"
CGR,1T,1,1.0,1,0.25,I: G_6 x T_b (T_b in mass^4),NOT COMPUTED (YET),NOT COMPUTED (YET),"n/a (normal state) [normal state: exact solution, linearly stable for B > κ/2, marginal at B = κ/2; whether a vortex branch coexists (κ < 1, subcritical) is NOT COMPUTED (YET)] [by construction; not a test] [Venus 20:44]; normal-state energy (not a vortex value) = 1.57079632679"
CGR,1T,1,1.0,1,0.5,II: G v^2 (dimensionless G mu),NOT COMPUTED (YET),NOT COMPUTED (YET),"n/a (normal state) [normal state: exact solution, linearly stable for B > κ/2, marginal at B = κ/2; whether a vortex branch coexists (κ < 1, subcritical) is NOT COMPUTED (YET)] [by construction; not a test] [Venus 20:44]; normal-state energy (not a vortex value) = 2.35619449019"
CGR,1T,1,1.0,1,0.5,I: G_6 x T_b (T_b in mass^4),NOT COMPUTED (YET),NOT COMPUTED (YET),"n/a (normal state) [normal state: exact solution, linearly stable for B > κ/2, marginal at B = κ/2; whether a vortex branch coexists (κ < 1, subcritical) is NOT COMPUTED (YET)] [by construction; not a test] [Venus 20:44]; normal-state energy (not a vortex value) = 2.35619449019"
CGR,1T,1,1.0,1,1.0,II: G v^2 (dimensionless G mu),3.14159265359,0,critical stage FAIL
CGR,1T,1,1.0,1,1.0,I: G_6 x T_b (T_b in mass^4),3.14159265359,0,critical stage FAIL
CGR,1T,1,1.0,1,2.0,II: G v^2 (dimensionless G mu),3.7678668359,0,report-only (stage NC FAIL: critical stage failed; no stage-NC value is used); axisymmetric critical point; stability NOT COMPUTED (YET)
CGR,1T,1,1.0,1,2.0,I: G_6 x T_b (T_b in mass^4),3.7678668359,0,report-only (stage NC FAIL: critical stage failed; no stage-NC value is used); axisymmetric critical point; stability NOT COMPUTED (YET)
CGR,1T,1,1.0,1,4.0,II: G v^2 (dimensionless G mu),4.41217882453,0,report-only (stage NC FAIL: critical stage failed; no stage-NC value is used); axisymmetric critical point; stability NOT COMPUTED (YET)
CGR,1T,1,1.0,1,4.0,I: G_6 x T_b (T_b in mass^4),4.41217882453,0,report-only (stage NC FAIL: critical stage failed; no stage-NC value is used); axisymmetric critical point; stability NOT COMPUTED (YET)
CGR,1T,1,24.0,0.5,0.25,II: G v^2 (dimensionless G mu),2.16123184218,0.0578373858651,report-only (stage NC FAIL: critical stage failed; no stage-NC value is used); axisymmetric critical point; stability NOT COMPUTED (YET)
CGR,1T,1,24.0,0.5,0.25,I: G_6 x T_b (T_b in mass^4),2.16123184218,0.0578373858651,report-only (stage NC FAIL: critical stage failed; no stage-NC value is used); axisymmetric critical point; stability NOT COMPUTED (YET)
CGR,1T,1,24.0,0.5,0.5,II: G v^2 (dimensionless G mu),2.60120702078,0.0480546142623,report-only (stage NC FAIL: critical stage failed; no stage-NC value is used); axisymmetric critical point; stability NOT COMPUTED (YET)
CGR,1T,1,24.0,0.5,0.5,I: G_6 x T_b (T_b in mass^4),2.60120702078,0.0480546142623,report-only (stage NC FAIL: critical stage failed; no stage-NC value is used); axisymmetric critical point; stability NOT COMPUTED (YET)
CGR,1T,1,24.0,0.5,1.0,II: G v^2 (dimensionless G mu),3.14159265359,0.039788735773,critical stage FAIL
CGR,1T,1,24.0,0.5,1.0,I: G_6 x T_b (T_b in mass^4),3.14159265359,0.039788735773,critical stage FAIL
CGR,1T,1,24.0,0.5,2.0,II: G v^2 (dimensionless G mu),3.80664122338,0.0328373473266,report-only (stage NC FAIL: critical stage failed; no stage-NC value is used); axisymmetric critical point; stability NOT COMPUTED (YET)
CGR,1T,1,24.0,0.5,2.0,I: G_6 x T_b (T_b in mass^4),3.80664122338,0.0328373473266,report-only (stage NC FAIL: critical stage failed; no stage-NC value is used); axisymmetric critical point; stability NOT COMPUTED (YET)
CGR,1T,1,24.0,0.5,4.0,II: G v^2 (dimensionless G mu),4.62001445869,0.0270561923816,report-only (stage NC FAIL: critical stage failed; no stage-NC value is used); axisymmetric critical point; stability NOT COMPUTED (YET)
CGR,1T,1,24.0,0.5,4.0,I: G_6 x T_b (T_b in mass^4),4.62001445869,0.0270561923816,report-only (stage NC FAIL: critical stage failed; no stage-NC value is used); axisymmetric critical point; stability NOT COMPUTED (YET)
CGR,1T,1,24.0,0.6,0.25,II: G v^2 (dimensionless G mu),2.20758906017,0.0452982857201,report-only (stage NC FAIL: critical stage failed; no stage-NC value is used); axisymmetric critical point; stability NOT COMPUTED (YET)
CGR,1T,1,24.0,0.6,0.25,I: G_6 x T_b (T_b in mass^4),2.20758906017,0.0452982857201,report-only (stage NC FAIL: critical stage failed; no stage-NC value is used); axisymmetric critical point; stability NOT COMPUTED (YET)
CGR,1T,1,24.0,0.6,0.5,II: G v^2 (dimensionless G mu),2.62971936675,0.0380268713325,report-only (stage NC FAIL: critical stage failed; no stage-NC value is used); axisymmetric critical point; stability NOT COMPUTED (YET)
CGR,1T,1,24.0,0.6,0.5,I: G_6 x T_b (T_b in mass^4),2.62971936675,0.0380268713325,report-only (stage NC FAIL: critical stage failed; no stage-NC value is used); axisymmetric critical point; stability NOT COMPUTED (YET)
CGR,1T,1,24.0,0.6,1.0,II: G v^2 (dimensionless G mu),3.14159265359,0.0318309886184,critical stage FAIL
CGR,1T,1,24.0,0.6,1.0,I: G_6 x T_b (T_b in mass^4),3.14159265359,0.0318309886184,critical stage FAIL
CGR,1T,1,24.0,0.6,2.0,II: G v^2 (dimensionless G mu),3.76395254613,0.0265678163511,report-only (stage NC FAIL: critical stage failed; no stage-NC value is used); axisymmetric critical point; stability NOT COMPUTED (YET)
CGR,1T,1,24.0,0.6,2.0,I: G_6 x T_b (T_b in mass^4),3.76395254613,0.0265678163511,report-only (stage NC FAIL: critical stage failed; no stage-NC value is used); axisymmetric critical point; stability NOT COMPUTED (YET)
CGR,1T,1,24.0,0.6,4.0,II: G v^2 (dimensionless G mu),4.51587900164,0.0221440831262,report-only (stage NC FAIL: critical stage failed; no stage-NC value is used); axisymmetric critical point; stability NOT COMPUTED (YET)
CGR,1T,1,24.0,0.6,4.0,I: G_6 x T_b (T_b in mass^4),4.51587900164,0.0221440831262,report-only (stage NC FAIL: critical stage failed; no stage-NC value is used); axisymmetric critical point; stability NOT COMPUTED (YET)
CGR,1T,1,24.0,0.7,0.25,II: G v^2 (dimensionless G mu),2.24832638184,0.033358146133,report-only (stage NC FAIL: critical stage failed; no stage-NC value is used); axisymmetric critical point; stability NOT COMPUTED (YET)
CGR,1T,1,24.0,0.7,0.25,I: G_6 x T_b (T_b in mass^4),2.24832638184,0.033358146133,report-only (stage NC FAIL: critical stage failed; no stage-NC value is used); axisymmetric critical point; stability NOT COMPUTED (YET)
CGR,1T,1,24.0,0.7,0.5,II: G v^2 (dimensionless G mu),2.65461626274,0.0282526710368,report-only (stage NC FAIL: critical stage failed; no stage-NC value is used); axisymmetric critical point; stability NOT COMPUTED (YET)
CGR,1T,1,24.0,0.7,0.5,I: G_6 x T_b (T_b in mass^4),2.65461626274,0.0282526710368,report-only (stage NC FAIL: critical stage failed; no stage-NC value is used); axisymmetric critical point; stability NOT COMPUTED (YET)
CGR,1T,1,24.0,0.7,1.0,II: G v^2 (dimensionless G mu),3.14159265359,0.0238732414638,critical stage FAIL
CGR,1T,1,24.0,0.7,1.0,I: G_6 x T_b (T_b in mass^4),3.14159265359,0.0238732414638,critical stage FAIL
CGR,1T,1,24.0,0.7,2.0,II: G v^2 (dimensionless G mu),3.72729571146,0.0201218271385,report-only (stage NC FAIL: critical stage failed; no stage-NC value is used); axisymmetric critical point; stability NOT COMPUTED (YET)
CGR,1T,1,24.0,0.7,2.0,I: G_6 x T_b (T_b in mass^4),3.72729571146,0.0201218271385,report-only (stage NC FAIL: critical stage failed; no stage-NC value is used); axisymmetric critical point; stability NOT COMPUTED (YET)
CGR,1T,1,24.0,0.7,4.0,II: G v^2 (dimensionless G mu),4.42735364293,0.0169401421366,report-only (stage NC FAIL: critical stage failed; no stage-NC value is used); axisymmetric critical point; stability NOT COMPUTED (YET)
CGR,1T,1,24.0,0.7,4.0,I: G_6 x T_b (T_b in mass^4),4.42735364293,0.0169401421366,report-only (stage NC FAIL: critical stage failed; no stage-NC value is used); axisymmetric critical point; stability NOT COMPUTED (YET)
CGR,1T,1,24.0,0.8,0.25,II: G v^2 (dimensionless G mu),2.28460676988,0.0218856044108,report-only (stage NC FAIL: critical stage failed; no stage-NC value is used); axisymmetric critical point; stability NOT COMPUTED (YET)
CGR,1T,1,24.0,0.8,0.25,I: G_6 x T_b (T_b in mass^4),2.28460676988,0.0218856044108,report-only (stage NC FAIL: critical stage failed; no stage-NC value is used); axisymmetric critical point; stability NOT COMPUTED (YET)
CGR,1T,1,24.0,0.8,0.5,II: G v^2 (dimensionless G mu),2.67666397874,0.0186799689453,report-only (stage NC FAIL: critical stage failed; no stage-NC value is used); axisymmetric critical point; stability NOT COMPUTED (YET)
CGR,1T,1,24.0,0.8,0.5,I: G_6 x T_b (T_b in mass^4),2.67666397874,0.0186799689453,report-only (stage NC FAIL: critical stage failed; no stage-NC value is used); axisymmetric critical point; stability NOT COMPUTED (YET)
CGR,1T,1,24.0,0.8,1.0,II: G v^2 (dimensionless G mu),3.14159265359,0.0159154943092,critical stage FAIL
CGR,1T,1,24.0,0.8,1.0,I: G_6 x T_b (T_b in mass^4),3.14159265359,0.0159154943092,critical stage FAIL
CGR,1T,1,24.0,0.8,2.0,II: G v^2 (dimensionless G mu),3.69531911801,0.0135306311588,report-only (stage NC FAIL: critical stage failed; no stage-NC value is used); axisymmetric critical point; stability NOT COMPUTED (YET)
CGR,1T,1,24.0,0.8,2.0,I: G_6 x T_b (T_b in mass^4),3.69531911801,0.0135306311588,report-only (stage NC FAIL: critical stage failed; no stage-NC value is used); axisymmetric critical point; stability NOT COMPUTED (YET)
CGR,1T,1,24.0,0.8,4.0,II: G v^2 (dimensionless G mu),4.35082154907,0.0114920824575,report-only (stage NC FAIL: critical stage failed; no stage-NC value is used); axisymmetric critical point; stability NOT COMPUTED (YET)
CGR,1T,1,24.0,0.8,4.0,I: G_6 x T_b (T_b in mass^4),4.35082154907,0.0114920824575,report-only (stage NC FAIL: critical stage failed; no stage-NC value is used); axisymmetric critical point; stability NOT COMPUTED (YET)
CGR,1T,1,24.0,0.9,0.25,II: G v^2 (dimensionless G mu),2.31724918648,0.0107886541274,report-only (stage NC FAIL: critical stage failed; no stage-NC value is used); axisymmetric critical point; stability NOT COMPUTED (YET)
CGR,1T,1,24.0,0.9,0.25,I: G_6 x T_b (T_b in mass^4),2.31724918648,0.0107886541274,report-only (stage NC FAIL: critical stage failed; no stage-NC value is used); axisymmetric critical point; stability NOT COMPUTED (YET)
CGR,1T,1,24.0,0.9,0.5,II: G v^2 (dimensionless G mu),2.6964002902,0.00927162042328,report-only (stage NC FAIL: critical stage failed; no stage-NC value is used); axisymmetric critical point; stability NOT COMPUTED (YET)
CGR,1T,1,24.0,0.9,0.5,I: G_6 x T_b (T_b in mass^4),2.6964002902,0.00927162042328,report-only (stage NC FAIL: critical stage failed; no stage-NC value is used); axisymmetric critical point; stability NOT COMPUTED (YET)
CGR,1T,1,24.0,0.9,1.0,II: G v^2 (dimensionless G mu),3.14159265359,0.0079577471546,critical stage FAIL
CGR,1T,1,24.0,0.9,1.0,I: G_6 x T_b (T_b in mass^4),3.14159265359,0.0079577471546,critical stage FAIL
CGR,1T,1,24.0,0.9,2.0,II: G v^2 (dimensionless G mu),3.66708342912,0.00681740693474,report-only (stage NC FAIL: critical stage failed; no stage-NC value is used); axisymmetric critical point; stability NOT COMPUTED (YET)
CGR,1T,1,24.0,0.9,2.0,I: G_6 x T_b (T_b in mass^4),3.66708342912,0.00681740693474,report-only (stage NC FAIL: critical stage failed; no stage-NC value is used); axisymmetric critical point; stability NOT COMPUTED (YET)
CGR,1T,1,24.0,0.9,4.0,II: G v^2 (dimensionless G mu),4.28378697979,0.00583595779108,report-only (stage NC FAIL: critical stage failed; no stage-NC value is used); axisymmetric critical point; stability NOT COMPUTED (YET)
CGR,1T,1,24.0,0.9,4.0,I: G_6 x T_b (T_b in mass^4),4.28378697979,0.00583595779108,report-only (stage NC FAIL: critical stage failed; no stage-NC value is used); axisymmetric critical point; stability NOT COMPUTED (YET)
CGR,1T,1,24.0,1,0.25,II: G v^2 (dimensionless G mu),2.34685704955,0,report-only (stage NC FAIL: critical stage failed; no stage-NC value is used); axisymmetric critical point; stability NOT COMPUTED (YET)
CGR,1T,1,24.0,1,0.25,I: G_6 x T_b (T_b in mass^4),2.34685704955,0,report-only (stage NC FAIL: critical stage failed; no stage-NC value is used); axisymmetric critical point; stability NOT COMPUTED (YET)
CGR,1T,1,24.0,1,0.5,II: G v^2 (dimensionless G mu),2.71422001746,0,report-only (stage NC FAIL: critical stage failed; no stage-NC value is used); axisymmetric critical point; stability NOT COMPUTED (YET)
CGR,1T,1,24.0,1,0.5,I: G_6 x T_b (T_b in mass^4),2.71422001746,0,report-only (stage NC FAIL: critical stage failed; no stage-NC value is used); axisymmetric critical point; stability NOT COMPUTED (YET)
CGR,1T,1,24.0,1,1.0,II: G v^2 (dimensionless G mu),3.14159265359,0,critical stage FAIL
CGR,1T,1,24.0,1,1.0,I: G_6 x T_b (T_b in mass^4),3.14159265359,0,critical stage FAIL
CGR,1T,1,24.0,1,2.0,II: G v^2 (dimensionless G mu),3.64190603373,0,report-only (stage NC FAIL: critical stage failed; no stage-NC value is used); axisymmetric critical point; stability NOT COMPUTED (YET)
CGR,1T,1,24.0,1,2.0,I: G_6 x T_b (T_b in mass^4),3.64190603373,0,report-only (stage NC FAIL: critical stage failed; no stage-NC value is used); axisymmetric critical point; stability NOT COMPUTED (YET)
CGR,1T,1,24.0,1,4.0,II: G v^2 (dimensionless G mu),4.2244494541,0,report-only (stage NC FAIL: critical stage failed; no stage-NC value is used); axisymmetric critical point; stability NOT COMPUTED (YET)
CGR,1T,1,24.0,1,4.0,I: G_6 x T_b (T_b in mass^4),4.2244494541,0,report-only (stage NC FAIL: critical stage failed; no stage-NC value is used); axisymmetric critical point; stability NOT COMPUTED (YET)
CGR,1T,1,4.0,0.5,0.25,II: G v^2 (dimensionless G mu),2.0213073595,0.0618411640431,report-only (stage NC FAIL: critical stage failed; no stage-NC value is used); axisymmetric critical point; stability NOT COMPUTED (YET)
CGR,1T,1,4.0,0.5,0.25,I: G_6 x T_b (T_b in mass^4),2.0213073595,0.0618411640431,report-only (stage NC FAIL: critical stage failed; no stage-NC value is used); axisymmetric critical point; stability NOT COMPUTED (YET)
CGR,1T,1,4.0,0.5,0.5,II: G v^2 (dimensionless G mu),2.55456958032,0.0489319222162,report-only (stage NC FAIL: critical stage failed; no stage-NC value is used); axisymmetric critical point; stability NOT COMPUTED (YET)
CGR,1T,1,4.0,0.5,0.5,I: G_6 x T_b (T_b in mass^4),2.55456958032,0.0489319222162,report-only (stage NC FAIL: critical stage failed; no stage-NC value is used); axisymmetric critical point; stability NOT COMPUTED (YET)
CGR,1T,1,4.0,0.5,1.0,II: G v^2 (dimensionless G mu),3.14159265359,0.039788735773,critical stage FAIL
CGR,1T,1,4.0,0.5,1.0,I: G_6 x T_b (T_b in mass^4),3.14159265359,0.039788735773,critical stage FAIL
CGR,1T,1,4.0,0.5,2.0,II: G v^2 (dimensionless G mu),3.83529381255,0.0325920271326,report-only (stage NC FAIL: critical stage failed; no stage-NC value is used); axisymmetric critical point; stability NOT COMPUTED (YET)
CGR,1T,1,4.0,0.5,2.0,I: G_6 x T_b (T_b in mass^4),3.83529381255,0.0325920271326,report-only (stage NC FAIL: critical stage failed; no stage-NC value is used); axisymmetric critical point; stability NOT COMPUTED (YET)
CGR,1T,1,4.0,0.5,4.0,II: G v^2 (dimensionless G mu),4.66761005935,0.0267803004987,report-only (stage NC FAIL: critical stage failed; no stage-NC value is used); axisymmetric critical point; stability NOT COMPUTED (YET)
CGR,1T,1,4.0,0.5,4.0,I: G_6 x T_b (T_b in mass^4),4.66761005935,0.0267803004987,report-only (stage NC FAIL: critical stage failed; no stage-NC value is used); axisymmetric critical point; stability NOT COMPUTED (YET)
CGR,1T,1,4.0,0.6,0.25,II: G v^2 (dimensionless G mu),2.04860416478,0.0488137248372,report-only (stage NC FAIL: critical stage failed; no stage-NC value is used); axisymmetric critical point; stability NOT COMPUTED (YET)
CGR,1T,1,4.0,0.6,0.25,I: G_6 x T_b (T_b in mass^4),2.04860416478,0.0488137248372,report-only (stage NC FAIL: critical stage failed; no stage-NC value is used); axisymmetric critical point; stability NOT COMPUTED (YET)
CGR,1T,1,4.0,0.6,0.5,II: G v^2 (dimensionless G mu),2.57875581327,0.0387783905266,report-only (stage NC FAIL: critical stage failed; no stage-NC value is used); axisymmetric critical point; stability NOT COMPUTED (YET)
CGR,1T,1,4.0,0.6,0.5,I: G_6 x T_b (T_b in mass^4),2.57875581327,0.0387783905266,report-only (stage NC FAIL: critical stage failed; no stage-NC value is used); axisymmetric critical point; stability NOT COMPUTED (YET)
CGR,1T,1,4.0,0.6,1.0,II: G v^2 (dimensionless G mu),3.14159265359,0.0318309886184,critical stage FAIL
CGR,1T,1,4.0,0.6,1.0,I: G_6 x T_b (T_b in mass^4),3.14159265359,0.0318309886184,critical stage FAIL
CGR,1T,1,4.0,0.6,2.0,II: G v^2 (dimensionless G mu),3.79419924335,0.0263560223347,report-only (stage NC FAIL: critical stage failed; no stage-NC value is used); axisymmetric critical point; stability NOT COMPUTED (YET)
CGR,1T,1,4.0,0.6,2.0,I: G_6 x T_b (T_b in mass^4),3.79419924335,0.0263560223347,report-only (stage NC FAIL: critical stage failed; no stage-NC value is used); axisymmetric critical point; stability NOT COMPUTED (YET)
CGR,1T,1,4.0,0.6,4.0,II: G v^2 (dimensionless G mu),4.56560233573,0.0219029150256,report-only (stage NC FAIL: critical stage failed; no stage-NC value is used); axisymmetric critical point; stability NOT COMPUTED (YET)
CGR,1T,1,4.0,0.6,4.0,I: G_6 x T_b (T_b in mass^4),4.56560233573,0.0219029150256,report-only (stage NC FAIL: critical stage failed; no stage-NC value is used); axisymmetric critical point; stability NOT COMPUTED (YET)
CGR,1T,1,4.0,0.7,0.25,II: G v^2 (dimensionless G mu),2.07054315907,0.0362223794619,report-only (stage NC FAIL: critical stage failed; no stage-NC value is used); axisymmetric critical point; stability NOT COMPUTED (YET)
CGR,1T,1,4.0,0.7,0.25,I: G_6 x T_b (T_b in mass^4),2.07054315907,0.0362223794619,report-only (stage NC FAIL: critical stage failed; no stage-NC value is used); axisymmetric critical point; stability NOT COMPUTED (YET)
CGR,1T,1,4.0,0.7,0.5,II: G v^2 (dimensionless G mu),2.59954389515,0.0288512150689,report-only (stage NC FAIL: critical stage failed; no stage-NC value is used); axisymmetric critical point; stability NOT COMPUTED (YET)
CGR,1T,1,4.0,0.7,0.5,I: G_6 x T_b (T_b in mass^4),2.59954389515,0.0288512150689,report-only (stage NC FAIL: critical stage failed; no stage-NC value is used); axisymmetric critical point; stability NOT COMPUTED (YET)
CGR,1T,1,4.0,0.7,1.0,II: G v^2 (dimensionless G mu),3.14159265359,0.0238732414638,critical stage FAIL
CGR,1T,1,4.0,0.7,1.0,I: G_6 x T_b (T_b in mass^4),3.14159265359,0.0238732414638,critical stage FAIL
CGR,1T,1,4.0,0.7,2.0,II: G v^2 (dimensionless G mu),3.75893734043,0.0199524475158,report-only (stage NC FAIL: critical stage failed; no stage-NC value is used); axisymmetric critical point; stability NOT COMPUTED (YET)
CGR,1T,1,4.0,0.7,2.0,I: G_6 x T_b (T_b in mass^4),3.75893734043,0.0199524475158,report-only (stage NC FAIL: critical stage failed; no stage-NC value is used); axisymmetric critical point; stability NOT COMPUTED (YET)
CGR,1T,1,4.0,0.7,4.0,II: G v^2 (dimensionless G mu),4.47889401199,0.0167452053563,report-only (stage NC FAIL: critical stage failed; no stage-NC value is used); axisymmetric critical point; stability NOT COMPUTED (YET)
CGR,1T,1,4.0,0.7,4.0,I: G_6 x T_b (T_b in mass^4),4.47889401199,0.0167452053563,report-only (stage NC FAIL: critical stage failed; no stage-NC value is used); axisymmetric critical point; stability NOT COMPUTED (YET)
CGR,1T,1,4.0,0.8,0.25,II: G v^2 (dimensionless G mu),2.08835697672,0.0239422668429,report-only (stage NC FAIL: critical stage failed; no stage-NC value is used); axisymmetric critical point; stability NOT COMPUTED (YET)
CGR,1T,1,4.0,0.8,0.25,I: G_6 x T_b (T_b in mass^4),2.08835697672,0.0239422668429,report-only (stage NC FAIL: critical stage failed; no stage-NC value is used); axisymmetric critical point; stability NOT COMPUTED (YET)
CGR,1T,1,4.0,0.8,0.5,II: G v^2 (dimensionless G mu),2.61763606608,0.0191012038105,report-only (stage NC FAIL: critical stage failed; no stage-NC value is used); axisymmetric critical point; stability NOT COMPUTED (YET)
CGR,1T,1,4.0,0.8,0.5,I: G_6 x T_b (T_b in mass^4),2.61763606608,0.0191012038105,report-only (stage NC FAIL: critical stage failed; no stage-NC value is used); axisymmetric critical point; stability NOT COMPUTED (YET)
CGR,1T,1,4.0,0.8,1.0,II: G v^2 (dimensionless G mu),3.14159265359,0.0159154943092,critical stage FAIL
CGR,1T,1,4.0,0.8,1.0,I: G_6 x T_b (T_b in mass^4),3.14159265359,0.0159154943092,critical stage FAIL
CGR,1T,1,4.0,0.8,2.0,II: G v^2 (dimensionless G mu),3.72821159167,0.013411255979,report-only (stage NC FAIL: critical stage failed; no stage-NC value is used); axisymmetric critical point; stability NOT COMPUTED (YET)
CGR,1T,1,4.0,0.8,2.0,I: G_6 x T_b (T_b in mass^4),3.72821159167,0.013411255979,report-only (stage NC FAIL: critical stage failed; no stage-NC value is used); axisymmetric critical point; stability NOT COMPUTED (YET)
CGR,1T,1,4.0,0.8,4.0,II: G v^2 (dimensionless G mu),4.40395790738,0.011353423682,report-only (stage NC FAIL: critical stage failed; no stage-NC value is used); axisymmetric critical point; stability NOT COMPUTED (YET)
CGR,1T,1,4.0,0.8,4.0,I: G_6 x T_b (T_b in mass^4),4.40395790738,0.011353423682,report-only (stage NC FAIL: critical stage failed; no stage-NC value is used); axisymmetric critical point; stability NOT COMPUTED (YET)
CGR,1T,1,4.0,0.9,0.25,II: G v^2 (dimensionless G mu),2.10294736117,0.0118880769256,report-only (stage NC FAIL: critical stage failed; no stage-NC value is used); axisymmetric critical point; stability NOT COMPUTED (YET)
CGR,1T,1,4.0,0.9,0.25,I: G_6 x T_b (T_b in mass^4),2.10294736117,0.0118880769256,report-only (stage NC FAIL: critical stage failed; no stage-NC value is used); axisymmetric critical point; stability NOT COMPUTED (YET)
CGR,1T,1,4.0,0.9,0.5,II: G v^2 (dimensionless G mu),2.63353318064,0.00949295045296,report-only (stage NC FAIL: critical stage failed; no stage-NC value is used); axisymmetric critical point; stability NOT COMPUTED (YET)
CGR,1T,1,4.0,0.9,0.5,I: G_6 x T_b (T_b in mass^4),2.63353318064,0.00949295045296,report-only (stage NC FAIL: critical stage failed; no stage-NC value is used); axisymmetric critical point; stability NOT COMPUTED (YET)
CGR,1T,1,4.0,0.9,1.0,II: G v^2 (dimensionless G mu),3.14159265359,0.0079577471546,critical stage FAIL
CGR,1T,1,4.0,0.9,1.0,I: G_6 x T_b (T_b in mass^4),3.14159265359,0.0079577471546,critical stage FAIL
CGR,1T,1,4.0,0.9,2.0,II: G v^2 (dimensionless G mu),3.70111917881,0.00675471358586,report-only (stage NC FAIL: critical stage failed; no stage-NC value is used); axisymmetric critical point; stability NOT COMPUTED (YET)
CGR,1T,1,4.0,0.9,2.0,I: G_6 x T_b (T_b in mass^4),3.70111917881,0.00675471358586,report-only (stage NC FAIL: critical stage failed; no stage-NC value is used); axisymmetric critical point; stability NOT COMPUTED (YET)
CGR,1T,1,4.0,0.9,4.0,II: G v^2 (dimensionless G mu),4.33835652663,0.00576255082923,report-only (stage NC FAIL: critical stage failed; no stage-NC value is used); axisymmetric critical point; stability NOT COMPUTED (YET)
CGR,1T,1,4.0,0.9,4.0,I: G_6 x T_b (T_b in mass^4),4.33835652663,0.00576255082923,report-only (stage NC FAIL: critical stage failed; no stage-NC value is used); axisymmetric critical point; stability NOT COMPUTED (YET)
CGR,1T,1,4.0,1,0.25,II: G v^2 (dimensionless G mu),2.11499229788,0,report-only (stage NC FAIL: critical stage failed; no stage-NC value is used); axisymmetric critical point; stability NOT COMPUTED (YET)
CGR,1T,1,4.0,1,0.25,I: G_6 x T_b (T_b in mass^4),2.11499229788,0,report-only (stage NC FAIL: critical stage failed; no stage-NC value is used); axisymmetric critical point; stability NOT COMPUTED (YET)
CGR,1T,1,4.0,1,0.5,II: G v^2 (dimensionless G mu),2.64760886137,0,report-only (stage NC FAIL: critical stage failed; no stage-NC value is used); axisymmetric critical point; stability NOT COMPUTED (YET)
CGR,1T,1,4.0,1,0.5,I: G_6 x T_b (T_b in mass^4),2.64760886137,0,report-only (stage NC FAIL: critical stage failed; no stage-NC value is used); axisymmetric critical point; stability NOT COMPUTED (YET)
CGR,1T,1,4.0,1,1.0,II: G v^2 (dimensionless G mu),3.14159265359,0,critical stage FAIL
CGR,1T,1,4.0,1,1.0,I: G_6 x T_b (T_b in mass^4),3.14159265359,0,critical stage FAIL
CGR,1T,1,4.0,1,2.0,II: G v^2 (dimensionless G mu),3.67700284727,0,report-only (stage NC FAIL: critical stage failed; no stage-NC value is used); axisymmetric critical point; stability NOT COMPUTED (YET)
CGR,1T,1,4.0,1,2.0,I: G_6 x T_b (T_b in mass^4),3.67700284727,0,report-only (stage NC FAIL: critical stage failed; no stage-NC value is used); axisymmetric critical point; stability NOT COMPUTED (YET)
CGR,1T,1,4.0,1,4.0,II: G v^2 (dimensionless G mu),4.28032915677,0,report-only (stage NC FAIL: critical stage failed; no stage-NC value is used); axisymmetric critical point; stability NOT COMPUTED (YET)
CGR,1T,1,4.0,1,4.0,I: G_6 x T_b (T_b in mass^4),4.28032915677,0,report-only (stage NC FAIL: critical stage failed; no stage-NC value is used); axisymmetric critical point; stability NOT COMPUTED (YET)
CGR,1T,1,99.0,0.5,0.25,II: G v^2 (dimensionless G mu),2.17957417965,0.0573506518691,report-only (stage NC FAIL: critical stage failed; no stage-NC value is used); axisymmetric critical point; stability NOT COMPUTED (YET)
CGR,1T,1,99.0,0.5,0.25,I: G_6 x T_b (T_b in mass^4),2.17957417965,0.0573506518691,report-only (stage NC FAIL: critical stage failed; no stage-NC value is used); axisymmetric critical point; stability NOT COMPUTED (YET)
CGR,1T,1,99.0,0.5,0.5,II: G v^2 (dimensionless G mu),2.60852093279,0.0479198761369,report-only (stage NC FAIL: critical stage failed; no stage-NC value is used); axisymmetric critical point; stability NOT COMPUTED (YET)
CGR,1T,1,99.0,0.5,0.5,I: G_6 x T_b (T_b in mass^4),2.60852093279,0.0479198761369,report-only (stage NC FAIL: critical stage failed; no stage-NC value is used); axisymmetric critical point; stability NOT COMPUTED (YET)
CGR,1T,1,99.0,0.5,1.0,II: G v^2 (dimensionless G mu),3.14159265359,0.039788735773,critical stage FAIL
CGR,1T,1,99.0,0.5,1.0,I: G_6 x T_b (T_b in mass^4),3.14159265359,0.039788735773,critical stage FAIL
CGR,1T,1,99.0,0.5,2.0,II: G v^2 (dimensionless G mu),3.80164314748,0.0328805190679,report-only (stage NC FAIL: critical stage failed; no stage-NC value is used); axisymmetric critical point; stability NOT COMPUTED (YET)
CGR,1T,1,99.0,0.5,2.0,I: G_6 x T_b (T_b in mass^4),3.80164314748,0.0328805190679,report-only (stage NC FAIL: critical stage failed; no stage-NC value is used); axisymmetric critical point; stability NOT COMPUTED (YET)
CGR,1T,1,99.0,0.5,4.0,II: G v^2 (dimensionless G mu),4.61154271875,0.0271058965781,report-only (stage NC FAIL: critical stage failed; no stage-NC value is used); axisymmetric critical point; stability NOT COMPUTED (YET)
CGR,1T,1,99.0,0.5,4.0,I: G_6 x T_b (T_b in mass^4),4.61154271875,0.0271058965781,report-only (stage NC FAIL: critical stage failed; no stage-NC value is used); axisymmetric critical point; stability NOT COMPUTED (YET)
CGR,1T,1,99.0,0.6,0.25,II: G v^2 (dimensionless G mu),2.22748673427,0.0448936455878,report-only (stage NC FAIL: critical stage failed; no stage-NC value is used); axisymmetric critical point; stability NOT COMPUTED (YET)
CGR,1T,1,99.0,0.6,0.25,I: G_6 x T_b (T_b in mass^4),2.22748673427,0.0448936455878,report-only (stage NC FAIL: critical stage failed; no stage-NC value is used); axisymmetric critical point; stability NOT COMPUTED (YET)
CGR,1T,1,99.0,0.6,0.5,II: G v^2 (dimensionless G mu),2.63754967297,0.0379139778958,report-only (stage NC FAIL: critical stage failed; no stage-NC value is used); axisymmetric critical point; stability NOT COMPUTED (YET)
CGR,1T,1,99.0,0.6,0.5,I: G_6 x T_b (T_b in mass^4),2.63754967297,0.0379139778958,report-only (stage NC FAIL: critical stage failed; no stage-NC value is used); axisymmetric critical point; stability NOT COMPUTED (YET)
CGR,1T,1,99.0,0.6,1.0,II: G v^2 (dimensionless G mu),3.14159265359,0.0318309886184,critical stage FAIL
CGR,1T,1,99.0,0.6,1.0,I: G_6 x T_b (T_b in mass^4),3.14159265359,0.0318309886184,critical stage FAIL
CGR,1T,1,99.0,0.6,2.0,II: G v^2 (dimensionless G mu),3.75871246734,0.026604854952,report-only (stage NC FAIL: critical stage failed; no stage-NC value is used); axisymmetric critical point; stability NOT COMPUTED (YET)
CGR,1T,1,99.0,0.6,2.0,I: G_6 x T_b (T_b in mass^4),3.75871246734,0.026604854952,report-only (stage NC FAIL: critical stage failed; no stage-NC value is used); axisymmetric critical point; stability NOT COMPUTED (YET)
CGR,1T,1,99.0,0.6,4.0,II: G v^2 (dimensionless G mu),4.50707545942,0.0221873365335,report-only (stage NC FAIL: critical stage failed; no stage-NC value is used); axisymmetric critical point; stability NOT COMPUTED (YET)
CGR,1T,1,99.0,0.6,4.0,I: G_6 x T_b (T_b in mass^4),4.50707545942,0.0221873365335,report-only (stage NC FAIL: critical stage failed; no stage-NC value is used); axisymmetric critical point; stability NOT COMPUTED (YET)
CGR,1T,1,99.0,0.7,0.25,II: G v^2 (dimensionless G mu),2.26963259024,0.0330449960591,report-only (stage NC FAIL: critical stage failed; no stage-NC value is used); axisymmetric critical point; stability NOT COMPUTED (YET)
CGR,1T,1,99.0,0.7,0.25,I: G_6 x T_b (T_b in mass^4),2.26963259024,0.0330449960591,report-only (stage NC FAIL: critical stage failed; no stage-NC value is used); axisymmetric critical point; stability NOT COMPUTED (YET)
CGR,1T,1,99.0,0.7,0.5,II: G v^2 (dimensionless G mu),2.6629017411,0.0281647643405,report-only (stage NC FAIL: critical stage failed; no stage-NC value is used); axisymmetric critical point; stability NOT COMPUTED (YET)
CGR,1T,1,99.0,0.7,0.5,I: G_6 x T_b (T_b in mass^4),2.6629017411,0.0281647643405,report-only (stage NC FAIL: critical stage failed; no stage-NC value is used); axisymmetric critical point; stability NOT COMPUTED (YET)
CGR,1T,1,99.0,0.7,1.0,II: G v^2 (dimensionless G mu),3.14159265359,0.0238732414638,critical stage FAIL
CGR,1T,1,99.0,0.7,1.0,I: G_6 x T_b (T_b in mass^4),3.14159265359,0.0238732414638,critical stage FAIL
CGR,1T,1,99.0,0.7,2.0,II: G v^2 (dimensionless G mu),3.72185229691,0.020151256422,report-only (stage NC FAIL: critical stage failed; no stage-NC value is used); axisymmetric critical point; stability NOT COMPUTED (YET)
CGR,1T,1,99.0,0.7,2.0,I: G_6 x T_b (T_b in mass^4),3.72185229691,0.020151256422,report-only (stage NC FAIL: critical stage failed; no stage-NC value is used); axisymmetric critical point; stability NOT COMPUTED (YET)
CGR,1T,1,99.0,0.7,4.0,II: G v^2 (dimensionless G mu),4.41827788379,0.0169749395517,report-only (stage NC FAIL: critical stage failed; no stage-NC value is used); axisymmetric critical point; stability NOT COMPUTED (YET)
CGR,1T,1,99.0,0.7,4.0,I: G_6 x T_b (T_b in mass^4),4.41827788379,0.0169749395517,report-only (stage NC FAIL: critical stage failed; no stage-NC value is used); axisymmetric critical point; stability NOT COMPUTED (YET)
CGR,1T,1,99.0,0.8,0.25,II: G v^2 (dimensionless G mu),2.30720692939,0.0216712247883,report-only (stage NC FAIL: critical stage failed; no stage-NC value is used); axisymmetric critical point; stability NOT COMPUTED (YET)
CGR,1T,1,99.0,0.8,0.25,I: G_6 x T_b (T_b in mass^4),2.30720692939,0.0216712247883,report-only (stage NC FAIL: critical stage failed; no stage-NC value is used); axisymmetric critical point; stability NOT COMPUTED (YET)
CGR,1T,1,99.0,0.8,0.5,II: G v^2 (dimensionless G mu),2.68535730527,0.0186194961475,report-only (stage NC FAIL: critical stage failed; no stage-NC value is used); axisymmetric critical point; stability NOT COMPUTED (YET)
CGR,1T,1,99.0,0.8,0.5,I: G_6 x T_b (T_b in mass^4),2.68535730527,0.0186194961475,report-only (stage NC FAIL: critical stage failed; no stage-NC value is used); axisymmetric critical point; stability NOT COMPUTED (YET)
CGR,1T,1,99.0,0.8,1.0,II: G v^2 (dimensionless G mu),3.14159265359,0.0159154943092,critical stage FAIL
CGR,1T,1,99.0,0.8,1.0,I: G_6 x T_b (T_b in mass^4),3.14159265359,0.0159154943092,critical stage FAIL
CGR,1T,1,99.0,0.8,2.0,II: G v^2 (dimensionless G mu),3.68970104969,0.0135512333728,report-only (stage NC FAIL: critical stage failed; no stage-NC value is used); axisymmetric critical point; stability NOT COMPUTED (YET)
CGR,1T,1,99.0,0.8,2.0,I: G_6 x T_b (T_b in mass^4),3.68970104969,0.0135512333728,report-only (stage NC FAIL: critical stage failed; no stage-NC value is used); axisymmetric critical point; stability NOT COMPUTED (YET)
CGR,1T,1,99.0,0.8,4.0,II: G v^2 (dimensionless G mu),4.34151670808,0.0115167125597,report-only (stage NC FAIL: critical stage failed; no stage-NC value is used); axisymmetric critical point; stability NOT COMPUTED (YET)
CGR,1T,1,99.0,0.8,4.0,I: G_6 x T_b (T_b in mass^4),4.34151670808,0.0115167125597,report-only (stage NC FAIL: critical stage failed; no stage-NC value is used); axisymmetric critical point; stability NOT COMPUTED (YET)
CGR,1T,1,99.0,0.9,0.25,II: G v^2 (dimensionless G mu),2.34105118105,0.0106789634513,report-only (stage NC FAIL: critical stage failed; no stage-NC value is used); axisymmetric critical point; stability NOT COMPUTED (YET)
CGR,1T,1,99.0,0.9,0.25,I: G_6 x T_b (T_b in mass^4),2.34105118105,0.0106789634513,report-only (stage NC FAIL: critical stage failed; no stage-NC value is used); axisymmetric critical point; stability NOT COMPUTED (YET)
CGR,1T,1,99.0,0.9,0.5,II: G v^2 (dimensionless G mu),2.70546367664,0.00924056021,report-only (stage NC FAIL: critical stage failed; no stage-NC value is used); axisymmetric critical point; stability NOT COMPUTED (YET)
CGR,1T,1,99.0,0.9,0.5,I: G_6 x T_b (T_b in mass^4),2.70546367664,0.00924056021,report-only (stage NC FAIL: critical stage failed; no stage-NC value is used); axisymmetric critical point; stability NOT COMPUTED (YET)
CGR,1T,1,99.0,0.9,1.0,II: G v^2 (dimensionless G mu),3.14159265359,0.0079577471546,critical stage FAIL
CGR,1T,1,99.0,0.9,1.0,I: G_6 x T_b (T_b in mass^4),3.14159265359,0.0079577471546,critical stage FAIL
CGR,1T,1,99.0,0.9,2.0,II: G v^2 (dimensionless G mu),3.66131276881,0.00682815197132,report-only (stage NC FAIL: critical stage failed; no stage-NC value is used); axisymmetric critical point; stability NOT COMPUTED (YET)
CGR,1T,1,99.0,0.9,2.0,I: G_6 x T_b (T_b in mass^4),3.66131276881,0.00682815197132,report-only (stage NC FAIL: critical stage failed; no stage-NC value is used); axisymmetric critical point; stability NOT COMPUTED (YET)
CGR,1T,1,99.0,0.9,4.0,II: G v^2 (dimensionless G mu),4.27428551387,0.00584893075553,report-only (stage NC FAIL: critical stage failed; no stage-NC value is used); axisymmetric critical point; stability NOT COMPUTED (YET)
CGR,1T,1,99.0,0.9,4.0,I: G_6 x T_b (T_b in mass^4),4.27428551387,0.00584893075553,report-only (stage NC FAIL: critical stage failed; no stage-NC value is used); axisymmetric critical point; stability NOT COMPUTED (YET)
CGR,1T,1,99.0,1,0.25,II: G v^2 (dimensionless G mu),2.371785211,0,report-only (stage NC FAIL: critical stage failed; no stage-NC value is used); axisymmetric critical point; stability NOT COMPUTED (YET)
CGR,1T,1,99.0,1,0.25,I: G_6 x T_b (T_b in mass^4),2.371785211,0,report-only (stage NC FAIL: critical stage failed; no stage-NC value is used); axisymmetric critical point; stability NOT COMPUTED (YET)
CGR,1T,1,99.0,1,0.5,II: G v^2 (dimensionless G mu),2.72362254471,0,report-only (stage NC FAIL: critical stage failed; no stage-NC value is used); axisymmetric critical point; stability NOT COMPUTED (YET)
CGR,1T,1,99.0,1,0.5,I: G_6 x T_b (T_b in mass^4),2.72362254471,0,report-only (stage NC FAIL: critical stage failed; no stage-NC value is used); axisymmetric critical point; stability NOT COMPUTED (YET)
CGR,1T,1,99.0,1,1.0,II: G v^2 (dimensionless G mu),3.14159265359,0,critical stage FAIL
CGR,1T,1,99.0,1,1.0,I: G_6 x T_b (T_b in mass^4),3.14159265359,0,critical stage FAIL
CGR,1T,1,99.0,1,2.0,II: G v^2 (dimensionless G mu),3.63600023022,0,report-only (stage NC FAIL: critical stage failed; no stage-NC value is used); axisymmetric critical point; stability NOT COMPUTED (YET)
CGR,1T,1,99.0,1,2.0,I: G_6 x T_b (T_b in mass^4),3.63600023022,0,report-only (stage NC FAIL: critical stage failed; no stage-NC value is used); axisymmetric critical point; stability NOT COMPUTED (YET)
CGR,1T,1,99.0,1,4.0,II: G v^2 (dimensionless G mu),4.21477652552,0,report-only (stage NC FAIL: critical stage failed; no stage-NC value is used); axisymmetric critical point; stability NOT COMPUTED (YET)
CGR,1T,1,99.0,1,4.0,I: G_6 x T_b (T_b in mass^4),4.21477652552,0,report-only (stage NC FAIL: critical stage failed; no stage-NC value is used); axisymmetric critical point; stability NOT COMPUTED (YET)
CGR,1T,2,1.0,0.5,0.25,II: G v^2 (dimensionless G mu),3.14159265359,0.039788735773,report-only (stage NC FAIL: critical stage failed; no stage-NC value is used); axisymmetric critical point; stability NOT COMPUTED (YET)
CGR,1T,2,1.0,0.5,0.25,I: G_6 x T_b (T_b in mass^4),3.14159265359,0.039788735773,report-only (stage NC FAIL: critical stage failed; no stage-NC value is used); axisymmetric critical point; stability NOT COMPUTED (YET)
CGR,1T,2,1.0,0.5,0.5,II: G v^2 (dimensionless G mu),4.70424008479,0.02657177307,report-only (stage NC FAIL: critical stage failed; no stage-NC value is used); axisymmetric critical point; stability NOT COMPUTED (YET)
CGR,1T,2,1.0,0.5,0.5,I: G_6 x T_b (T_b in mass^4),4.70424008479,0.02657177307,report-only (stage NC FAIL: critical stage failed; no stage-NC value is used); axisymmetric critical point; stability NOT COMPUTED (YET)
CGR,1T,2,1.0,0.5,1.0,II: G v^2 (dimensionless G mu),6.28318530718,0.0198943678865,critical stage FAIL
CGR,1T,2,1.0,0.5,1.0,I: G_6 x T_b (T_b in mass^4),6.28318530718,0.0198943678865,critical stage FAIL
CGR,1T,2,1.0,0.5,2.0,II: G v^2 (dimensionless G mu),8.06103117573,0.015506700976,report-only (stage NC FAIL: critical stage failed; no stage-NC value is used); report-only row; axisymmetric critical point; stability NOT COMPUTED (YET)
CGR,1T,2,1.0,0.5,2.0,I: G_6 x T_b (T_b in mass^4),8.06103117573,0.015506700976,report-only (stage NC FAIL: critical stage failed; no stage-NC value is used); report-only row; axisymmetric critical point; stability NOT COMPUTED (YET)
CGR,1T,2,1.0,0.5,4.0,II: G v^2 (dimensionless G mu),10.2351829253,0.0122127763531,report-only (stage NC FAIL: critical stage failed; no stage-NC value is used); report-only row; axisymmetric critical point; stability NOT COMPUTED (YET)
CGR,1T,2,1.0,0.5,4.0,I: G_6 x T_b (T_b in mass^4),10.2351829253,0.0122127763531,report-only (stage NC FAIL: critical stage failed; no stage-NC value is used); report-only row; axisymmetric critical point; stability NOT COMPUTED (YET)
CGR,1T,2,1.0,0.6,0.25,II: G v^2 (dimensionless G mu),3.14159265359,0.0318309886184,report-only (stage NC FAIL: critical stage failed; no stage-NC value is used); axisymmetric critical point; stability NOT COMPUTED (YET)
CGR,1T,2,1.0,0.6,0.25,I: G_6 x T_b (T_b in mass^4),3.14159265359,0.0318309886184,report-only (stage NC FAIL: critical stage failed; no stage-NC value is used); axisymmetric critical point; stability NOT COMPUTED (YET)
CGR,1T,2,1.0,0.6,0.5,II: G v^2 (dimensionless G mu),4.70977909092,0.0212324183512,report-only (stage NC FAIL: critical stage failed; no stage-NC value is used); axisymmetric critical point; stability NOT COMPUTED (YET)
CGR,1T,2,1.0,0.6,0.5,I: G_6 x T_b (T_b in mass^4),4.70977909092,0.0212324183512,report-only (stage NC FAIL: critical stage failed; no stage-NC value is used); axisymmetric critical point; stability NOT COMPUTED (YET)
CGR,1T,2,1.0,0.6,1.0,II: G v^2 (dimensionless G mu),6.28318530718,0.0159154943092,critical stage FAIL
CGR,1T,2,1.0,0.6,1.0,I: G_6 x T_b (T_b in mass^4),6.28318530718,0.0159154943092,critical stage FAIL
CGR,1T,2,1.0,0.6,2.0,II: G v^2 (dimensionless G mu),7.9964952843,0.0125054785184,report-only (stage NC FAIL: critical stage failed; no stage-NC value is used); report-only row; axisymmetric critical point; stability NOT COMPUTED (YET)
CGR,1T,2,1.0,0.6,2.0,I: G_6 x T_b (T_b in mass^4),7.9964952843,0.0125054785184,report-only (stage NC FAIL: critical stage failed; no stage-NC value is used); report-only row; axisymmetric critical point; stability NOT COMPUTED (YET)
CGR,1T,2,1.0,0.6,4.0,II: G v^2 (dimensionless G mu),10.060405884,0.00993995681214,report-only (stage NC FAIL: critical stage failed; no stage-NC value is used); report-only row; axisymmetric critical point; stability NOT COMPUTED (YET)
CGR,1T,2,1.0,0.6,4.0,I: G_6 x T_b (T_b in mass^4),10.060405884,0.00993995681214,report-only (stage NC FAIL: critical stage failed; no stage-NC value is used); report-only row; axisymmetric critical point; stability NOT COMPUTED (YET)
CGR,1T,2,1.0,0.7,0.25,II: G v^2 (dimensionless G mu),3.14159265359,0.0238732414638,report-only (stage NC FAIL: critical stage failed; no stage-NC value is used); axisymmetric critical point; stability NOT COMPUTED (YET)
CGR,1T,2,1.0,0.7,0.25,I: G_6 x T_b (T_b in mass^4),3.14159265359,0.0238732414638,report-only (stage NC FAIL: critical stage failed; no stage-NC value is used); axisymmetric critical point; stability NOT COMPUTED (YET)
CGR,1T,2,1.0,0.7,0.5,II: G v^2 (dimensionless G mu),4.71194542829,0.015916992491,report-only (stage NC FAIL: critical stage failed; no stage-NC value is used); axisymmetric critical point; stability NOT COMPUTED (YET)
CGR,1T,2,1.0,0.7,0.5,I: G_6 x T_b (T_b in mass^4),4.71194542829,0.015916992491,report-only (stage NC FAIL: critical stage failed; no stage-NC value is used); axisymmetric critical point; stability NOT COMPUTED (YET)
CGR,1T,2,1.0,0.7,1.0,II: G v^2 (dimensionless G mu),6.28318530718,0.0119366207319,critical stage FAIL
CGR,1T,2,1.0,0.7,1.0,I: G_6 x T_b (T_b in mass^4),6.28318530718,0.0119366207319,critical stage FAIL
CGR,1T,2,1.0,0.7,2.0,II: G v^2 (dimensionless G mu),7.9398241742,0.00944605300502,report-only (stage NC FAIL: critical stage failed; no stage-NC value is used); report-only row; axisymmetric critical point; stability NOT COMPUTED (YET)
CGR,1T,2,1.0,0.7,2.0,I: G_6 x T_b (T_b in mass^4),7.9398241742,0.00944605300502,report-only (stage NC FAIL: critical stage failed; no stage-NC value is used); report-only row; axisymmetric critical point; stability NOT COMPUTED (YET)
CGR,1T,2,1.0,0.7,4.0,II: G v^2 (dimensionless G mu),9.90759175478,0.00756995260365,report-only (stage NC FAIL: critical stage failed; no stage-NC value is used); report-only row; axisymmetric critical point; stability NOT COMPUTED (YET)
CGR,1T,2,1.0,0.7,4.0,I: G_6 x T_b (T_b in mass^4),9.90759175478,0.00756995260365,report-only (stage NC FAIL: critical stage failed; no stage-NC value is used); report-only row; axisymmetric critical point; stability NOT COMPUTED (YET)
CGR,1T,2,1.0,0.8,0.25,II: G v^2 (dimensionless G mu),3.14159265359,0.0159154943092,report-only (stage NC FAIL: critical stage failed; no stage-NC value is used); axisymmetric critical point; stability NOT COMPUTED (YET)
CGR,1T,2,1.0,0.8,0.25,I: G_6 x T_b (T_b in mass^4),3.14159265359,0.0159154943092,report-only (stage NC FAIL: critical stage failed; no stage-NC value is used); axisymmetric critical point; stability NOT COMPUTED (YET)
CGR,1T,2,1.0,0.8,0.5,II: G v^2 (dimensionless G mu),4.71238436365,0.0106103399344,report-only (stage NC FAIL: critical stage failed; no stage-NC value is used); axisymmetric critical point; stability NOT COMPUTED (YET)
CGR,1T,2,1.0,0.8,0.5,I: G_6 x T_b (T_b in mass^4),4.71238436365,0.0106103399344,report-only (stage NC FAIL: critical stage failed; no stage-NC value is used); axisymmetric critical point; stability NOT COMPUTED (YET)
CGR,1T,2,1.0,0.8,1.0,II: G v^2 (dimensionless G mu),6.28318530718,0.00795774715459,critical stage FAIL
CGR,1T,2,1.0,0.8,1.0,I: G_6 x T_b (T_b in mass^4),6.28318530718,0.00795774715459,critical stage FAIL
CGR,1T,2,1.0,0.8,2.0,II: G v^2 (dimensionless G mu),7.88941789191,0.00633760319013,report-only (stage NC FAIL: critical stage failed; no stage-NC value is used); report-only row; axisymmetric critical point; stability NOT COMPUTED (YET)
CGR,1T,2,1.0,0.8,2.0,I: G_6 x T_b (T_b in mass^4),7.88941789191,0.00633760319013,report-only (stage NC FAIL: critical stage failed; no stage-NC value is used); report-only row; axisymmetric critical point; stability NOT COMPUTED (YET)
CGR,1T,2,1.0,0.8,4.0,II: G v^2 (dimensionless G mu),9.77210856435,0.00511660300034,report-only (stage NC FAIL: critical stage failed; no stage-NC value is used); report-only row; axisymmetric critical point; stability NOT COMPUTED (YET)
CGR,1T,2,1.0,0.8,4.0,I: G_6 x T_b (T_b in mass^4),9.77210856435,0.00511660300034,report-only (stage NC FAIL: critical stage failed; no stage-NC value is used); report-only row; axisymmetric critical point; stability NOT COMPUTED (YET)
CGR,1T,2,1.0,0.9,0.25,II: G v^2 (dimensionless G mu),NOT COMPUTED (YET),NOT COMPUTED (YET),"FAILED: failed upstream (row CGR 1T n=2 eps=1 alpha=0.9 stage NC kappa=0.5): not converged (cap hit) at NC kappa=0.5 alpha=0.9 [node cap MAX_NODES = 100000 reached; status 1, max|phi|^2 = 2.100e-05, iterations 5, nodes 88110]"
CGR,1T,2,1.0,0.9,0.25,I: G_6 x T_b (T_b in mass^4),NOT COMPUTED (YET),NOT COMPUTED (YET),"FAILED: failed upstream (row CGR 1T n=2 eps=1 alpha=0.9 stage NC kappa=0.5): not converged (cap hit) at NC kappa=0.5 alpha=0.9 [node cap MAX_NODES = 100000 reached; status 1, max|phi|^2 = 2.100e-05, iterations 5, nodes 88110]"
CGR,1T,2,1.0,0.9,0.5,II: G v^2 (dimensionless G mu),NOT COMPUTED (YET),NOT COMPUTED (YET),"FAILED: failed directly: not converged (cap hit) at NC kappa=0.5 alpha=0.9 [node cap MAX_NODES = 100000 reached; status 1, max|phi|^2 = 2.100e-05, iterations 5, nodes 88110]"
CGR,1T,2,1.0,0.9,0.5,I: G_6 x T_b (T_b in mass^4),NOT COMPUTED (YET),NOT COMPUTED (YET),"FAILED: failed directly: not converged (cap hit) at NC kappa=0.5 alpha=0.9 [node cap MAX_NODES = 100000 reached; status 1, max|phi|^2 = 2.100e-05, iterations 5, nodes 88110]"
CGR,1T,2,1.0,0.9,1.0,II: G v^2 (dimensionless G mu),6.28318530718,0.0039788735773,critical stage FAIL
CGR,1T,2,1.0,0.9,1.0,I: G_6 x T_b (T_b in mass^4),6.28318530718,0.0039788735773,critical stage FAIL
CGR,1T,2,1.0,0.9,2.0,II: G v^2 (dimensionless G mu),7.84414843381,0.00318708910355,report-only (stage NC FAIL: critical stage failed; no stage-NC value is used); report-only row; axisymmetric critical point; stability NOT COMPUTED (YET)
CGR,1T,2,1.0,0.9,2.0,I: G_6 x T_b (T_b in mass^4),7.84414843381,0.00318708910355,report-only (stage NC FAIL: critical stage failed; no stage-NC value is used); report-only row; axisymmetric critical point; stability NOT COMPUTED (YET)
CGR,1T,2,1.0,0.9,4.0,II: G v^2 (dimensionless G mu),9.65071349166,0.00259048204276,report-only (stage NC FAIL: critical stage failed; no stage-NC value is used); report-only row; axisymmetric critical point; stability NOT COMPUTED (YET)
CGR,1T,2,1.0,0.9,4.0,I: G_6 x T_b (T_b in mass^4),9.65071349166,0.00259048204276,report-only (stage NC FAIL: critical stage failed; no stage-NC value is used); report-only row; axisymmetric critical point; stability NOT COMPUTED (YET)
CGR,1T,2,1.0,1,0.25,II: G v^2 (dimensionless G mu),NOT COMPUTED (YET),NOT COMPUTED (YET),"n/a (normal state) [normal state: exact solution, linearly stable for B > κ/2, marginal at B = κ/2; whether a vortex branch coexists (κ < 1, subcritical) is NOT COMPUTED (YET)] [by construction; not a test] [Venus 20:44]; normal-state energy (not a vortex value) = 3.14159265359"
CGR,1T,2,1.0,1,0.25,I: G_6 x T_b (T_b in mass^4),NOT COMPUTED (YET),NOT COMPUTED (YET),"n/a (normal state) [normal state: exact solution, linearly stable for B > κ/2, marginal at B = κ/2; whether a vortex branch coexists (κ < 1, subcritical) is NOT COMPUTED (YET)] [by construction; not a test] [Venus 20:44]; normal-state energy (not a vortex value) = 3.14159265359"
CGR,1T,2,1.0,1,0.5,II: G v^2 (dimensionless G mu),NOT COMPUTED (YET),NOT COMPUTED (YET),"n/a (normal state) [normal state: exact solution, linearly stable for B > κ/2, marginal at B = κ/2; whether a vortex branch coexists (κ < 1, subcritical) is NOT COMPUTED (YET)] [by construction; not a test] [Venus 20:44]; normal-state energy (not a vortex value) = 4.71238898038"
CGR,1T,2,1.0,1,0.5,I: G_6 x T_b (T_b in mass^4),NOT COMPUTED (YET),NOT COMPUTED (YET),"n/a (normal state) [normal state: exact solution, linearly stable for B > κ/2, marginal at B = κ/2; whether a vortex branch coexists (κ < 1, subcritical) is NOT COMPUTED (YET)] [by construction; not a test] [Venus 20:44]; normal-state energy (not a vortex value) = 4.71238898038"
CGR,1T,2,1.0,1,1.0,II: G v^2 (dimensionless G mu),6.28318530718,0,critical stage FAIL
CGR,1T,2,1.0,1,1.0,I: G_6 x T_b (T_b in mass^4),6.28318530718,0,critical stage FAIL
CGR,1T,2,1.0,1,2.0,II: G v^2 (dimensionless G mu),7.80318222981,0,report-only (stage NC FAIL: critical stage failed; no stage-NC value is used); report-only row; axisymmetric critical point; stability NOT COMPUTED (YET)
CGR,1T,2,1.0,1,2.0,I: G_6 x T_b (T_b in mass^4),7.80318222981,0,report-only (stage NC FAIL: critical stage failed; no stage-NC value is used); report-only row; axisymmetric critical point; stability NOT COMPUTED (YET)
CGR,1T,2,1.0,1,4.0,II: G v^2 (dimensionless G mu),9.54102901925,0,report-only (stage NC FAIL: critical stage failed; no stage-NC value is used); report-only row; axisymmetric critical point; stability NOT COMPUTED (YET)
CGR,1T,2,1.0,1,4.0,I: G_6 x T_b (T_b in mass^4),9.54102901925,0,report-only (stage NC FAIL: critical stage failed; no stage-NC value is used); report-only row; axisymmetric critical point; stability NOT COMPUTED (YET)
CGR,1T,2,24.0,0.5,0.25,II: G v^2 (dimensionless G mu),4.01213398334,0.031155489951,report-only (stage NC FAIL: critical stage failed; no stage-NC value is used); axisymmetric critical point; stability NOT COMPUTED (YET)
CGR,1T,2,24.0,0.5,0.25,I: G_6 x T_b (T_b in mass^4),4.01213398334,0.031155489951,report-only (stage NC FAIL: critical stage failed; no stage-NC value is used); axisymmetric critical point; stability NOT COMPUTED (YET)
CGR,1T,2,24.0,0.5,0.5,II: G v^2 (dimensionless G mu),5.00877129569,0.0249562203225,report-only (stage NC FAIL: critical stage failed; no stage-NC value is used); axisymmetric critical point; stability NOT COMPUTED (YET)
CGR,1T,2,24.0,0.5,0.5,I: G_6 x T_b (T_b in mass^4),5.00877129569,0.0249562203225,report-only (stage NC FAIL: critical stage failed; no stage-NC value is used); axisymmetric critical point; stability NOT COMPUTED (YET)
CGR,1T,2,24.0,0.5,1.0,II: G v^2 (dimensionless G mu),6.28318530718,0.0198943678865,critical stage FAIL
CGR,1T,2,24.0,0.5,1.0,I: G_6 x T_b (T_b in mass^4),6.28318530718,0.0198943678865,critical stage FAIL
CGR,1T,2,24.0,0.5,2.0,II: G v^2 (dimensionless G mu),7.91427446244,0.0157942462816,report-only (stage NC FAIL: critical stage failed; no stage-NC value is used); report-only row; axisymmetric critical point; stability NOT COMPUTED (YET)
CGR,1T,2,24.0,0.5,2.0,I: G_6 x T_b (T_b in mass^4),7.91427446244,0.0157942462816,report-only (stage NC FAIL: critical stage failed; no stage-NC value is used); report-only row; axisymmetric critical point; stability NOT COMPUTED (YET)
CGR,1T,2,24.0,0.5,4.0,II: G v^2 (dimensionless G mu),9.99129974532,0.0125108847884,report-only (stage NC FAIL: critical stage failed; no stage-NC value is used); report-only row; axisymmetric critical point; stability NOT COMPUTED (YET)
CGR,1T,2,24.0,0.5,4.0,I: G_6 x T_b (T_b in mass^4),9.99129974532,0.0125108847884,report-only (stage NC FAIL: critical stage failed; no stage-NC value is used); report-only row; axisymmetric critical point; stability NOT COMPUTED (YET)
CGR,1T,2,24.0,0.6,0.25,II: G v^2 (dimensionless G mu),4.08695601249,0.0244680881552,report-only (stage NC FAIL: critical stage failed; no stage-NC value is used); axisymmetric critical point; stability NOT COMPUTED (YET)
CGR,1T,2,24.0,0.6,0.25,I: G_6 x T_b (T_b in mass^4),4.08695601249,0.0244680881552,report-only (stage NC FAIL: critical stage failed; no stage-NC value is used); axisymmetric critical point; stability NOT COMPUTED (YET)
CGR,1T,2,24.0,0.6,0.5,II: G v^2 (dimensionless G mu),5.05584677333,0.0197790804356,report-only (stage NC FAIL: critical stage failed; no stage-NC value is used); axisymmetric critical point; stability NOT COMPUTED (YET)
CGR,1T,2,24.0,0.6,0.5,I: G_6 x T_b (T_b in mass^4),5.05584677333,0.0197790804356,report-only (stage NC FAIL: critical stage failed; no stage-NC value is used); axisymmetric critical point; stability NOT COMPUTED (YET)
CGR,1T,2,24.0,0.6,1.0,II: G v^2 (dimensionless G mu),6.28318530718,0.0159154943092,critical stage FAIL
CGR,1T,2,24.0,0.6,1.0,I: G_6 x T_b (T_b in mass^4),6.28318530718,0.0159154943092,critical stage FAIL
CGR,1T,2,24.0,0.6,2.0,II: G v^2 (dimensionless G mu),7.83955290139,0.0127558294788,report-only (stage NC FAIL: critical stage failed; no stage-NC value is used); report-only row; axisymmetric critical point; stability NOT COMPUTED (YET)
CGR,1T,2,24.0,0.6,2.0,I: G_6 x T_b (T_b in mass^4),7.83955290139,0.0127558294788,report-only (stage NC FAIL: critical stage failed; no stage-NC value is used); report-only row; axisymmetric critical point; stability NOT COMPUTED (YET)
CGR,1T,2,24.0,0.6,4.0,II: G v^2 (dimensionless G mu),9.80241328124,0.0102015694637,report-only (stage NC FAIL: critical stage failed; no stage-NC value is used); report-only row; axisymmetric critical point; stability NOT COMPUTED (YET)
CGR,1T,2,24.0,0.6,4.0,I: G_6 x T_b (T_b in mass^4),9.80241328124,0.0102015694637,report-only (stage NC FAIL: critical stage failed; no stage-NC value is used); report-only row; axisymmetric critical point; stability NOT COMPUTED (YET)
CGR,1T,2,24.0,0.7,0.25,II: G v^2 (dimensionless G mu),4.15405674526,0.0180546402226,report-only (stage NC FAIL: critical stage failed; no stage-NC value is used); axisymmetric critical point; stability NOT COMPUTED (YET)
CGR,1T,2,24.0,0.7,0.25,I: G_6 x T_b (T_b in mass^4),4.15405674526,0.0180546402226,report-only (stage NC FAIL: critical stage failed; no stage-NC value is used); axisymmetric critical point; stability NOT COMPUTED (YET)
CGR,1T,2,24.0,0.7,0.5,II: G v^2 (dimensionless G mu),5.09785591132,0.0147120674465,report-only (stage NC FAIL: critical stage failed; no stage-NC value is used); axisymmetric critical point; stability NOT COMPUTED (YET)
CGR,1T,2,24.0,0.7,0.5,I: G_6 x T_b (T_b in mass^4),5.09785591132,0.0147120674465,report-only (stage NC FAIL: critical stage failed; no stage-NC value is used); axisymmetric critical point; stability NOT COMPUTED (YET)
CGR,1T,2,24.0,0.7,1.0,II: G v^2 (dimensionless G mu),6.28318530718,0.0119366207319,critical stage FAIL
CGR,1T,2,24.0,0.7,1.0,I: G_6 x T_b (T_b in mass^4),6.28318530718,0.0119366207319,critical stage FAIL
CGR,1T,2,24.0,0.7,2.0,II: G v^2 (dimensionless G mu),7.77370586804,0.00964790812428,report-only (stage NC FAIL: critical stage failed; no stage-NC value is used); report-only row; axisymmetric critical point; stability NOT COMPUTED (YET)
CGR,1T,2,24.0,0.7,2.0,I: G_6 x T_b (T_b in mass^4),7.77370586804,0.00964790812428,report-only (stage NC FAIL: critical stage failed; no stage-NC value is used); report-only row; axisymmetric critical point; stability NOT COMPUTED (YET)
CGR,1T,2,24.0,0.7,4.0,II: G v^2 (dimensionless G mu),9.6372380403,0.00778231270063,report-only (stage NC FAIL: critical stage failed; no stage-NC value is used); report-only row; axisymmetric critical point; stability NOT COMPUTED (YET)
CGR,1T,2,24.0,0.7,4.0,I: G_6 x T_b (T_b in mass^4),9.6372380403,0.00778231270063,report-only (stage NC FAIL: critical stage failed; no stage-NC value is used); report-only row; axisymmetric critical point; stability NOT COMPUTED (YET)
CGR,1T,2,24.0,0.8,0.25,II: G v^2 (dimensionless G mu),4.21499471493,0.011862411078,report-only (stage NC FAIL: critical stage failed; no stage-NC value is used); axisymmetric critical point; stability NOT COMPUTED (YET)
CGR,1T,2,24.0,0.8,0.25,I: G_6 x T_b (T_b in mass^4),4.21499471493,0.011862411078,report-only (stage NC FAIL: critical stage failed; no stage-NC value is used); axisymmetric critical point; stability NOT COMPUTED (YET)
CGR,1T,2,24.0,0.8,0.5,II: G v^2 (dimensionless G mu),5.13583517812,0.00973551491937,report-only (stage NC FAIL: critical stage failed; no stage-NC value is used); axisymmetric critical point; stability NOT COMPUTED (YET)
CGR,1T,2,24.0,0.8,0.5,I: G_6 x T_b (T_b in mass^4),5.13583517812,0.00973551491937,report-only (stage NC FAIL: critical stage failed; no stage-NC value is used); axisymmetric critical point; stability NOT COMPUTED (YET)
CGR,1T,2,24.0,0.8,1.0,II: G v^2 (dimensionless G mu),6.28318530718,0.00795774715459,critical stage FAIL
CGR,1T,2,24.0,0.8,1.0,I: G_6 x T_b (T_b in mass^4),6.28318530718,0.00795774715459,critical stage FAIL
CGR,1T,2,24.0,0.8,2.0,II: G v^2 (dimensionless G mu),7.71485884939,0.0064809999737,report-only (stage NC FAIL: critical stage failed; no stage-NC value is used); report-only row; axisymmetric critical point; stability NOT COMPUTED (YET)
CGR,1T,2,24.0,0.8,2.0,I: G_6 x T_b (T_b in mass^4),7.71485884939,0.0064809999737,report-only (stage NC FAIL: critical stage failed; no stage-NC value is used); report-only row; axisymmetric critical point; stability NOT COMPUTED (YET)
CGR,1T,2,24.0,0.8,4.0,II: G v^2 (dimensionless G mu),9.49066172318,0.0052683365458,report-only (stage NC FAIL: critical stage failed; no stage-NC value is used); report-only row; axisymmetric critical point; stability NOT COMPUTED (YET)
CGR,1T,2,24.0,0.8,4.0,I: G_6 x T_b (T_b in mass^4),9.49066172318,0.0052683365458,report-only (stage NC FAIL: critical stage failed; no stage-NC value is used); report-only row; axisymmetric critical point; stability NOT COMPUTED (YET)
CGR,1T,2,24.0,0.9,0.25,II: G v^2 (dimensionless G mu),4.27086271499,0.005853618266,report-only (stage NC FAIL: critical stage failed; no stage-NC value is used); axisymmetric critical point; stability NOT COMPUTED (YET)
CGR,1T,2,24.0,0.9,0.25,I: G_6 x T_b (T_b in mass^4),4.27086271499,0.005853618266,report-only (stage NC FAIL: critical stage failed; no stage-NC value is used); axisymmetric critical point; stability NOT COMPUTED (YET)
CGR,1T,2,24.0,0.9,0.5,II: G v^2 (dimensionless G mu),5.17051036765,0.00483511263345,report-only (stage NC FAIL: critical stage failed; no stage-NC value is used); axisymmetric critical point; stability NOT COMPUTED (YET)
CGR,1T,2,24.0,0.9,0.5,I: G_6 x T_b (T_b in mass^4),5.17051036765,0.00483511263345,report-only (stage NC FAIL: critical stage failed; no stage-NC value is used); axisymmetric critical point; stability NOT COMPUTED (YET)
CGR,1T,2,24.0,0.9,1.0,II: G v^2 (dimensionless G mu),6.28318530718,0.0039788735773,critical stage FAIL
CGR,1T,2,24.0,0.9,1.0,I: G_6 x T_b (T_b in mass^4),6.28318530718,0.0039788735773,critical stage FAIL
CGR,1T,2,24.0,0.9,2.0,II: G v^2 (dimensionless G mu),7.66170331786,0.00326298199797,report-only (stage NC FAIL: critical stage failed; no stage-NC value is used); report-only row; axisymmetric critical point; stability NOT COMPUTED (YET)
CGR,1T,2,24.0,0.9,2.0,I: G_6 x T_b (T_b in mass^4),7.66170331786,0.00326298199797,report-only (stage NC FAIL: critical stage failed; no stage-NC value is used); report-only row; axisymmetric critical point; stability NOT COMPUTED (YET)
CGR,1T,2,24.0,0.9,4.0,II: G v^2 (dimensionless G mu),9.3591241357,0.00267119012821,report-only (stage NC FAIL: critical stage failed; no stage-NC value is used); report-only row; axisymmetric critical point; stability NOT COMPUTED (YET)
CGR,1T,2,24.0,0.9,4.0,I: G_6 x T_b (T_b in mass^4),9.3591241357,0.00267119012821,report-only (stage NC FAIL: critical stage failed; no stage-NC value is used); report-only row; axisymmetric critical point; stability NOT COMPUTED (YET)
CGR,1T,2,24.0,1,0.25,II: G v^2 (dimensionless G mu),4.32246368435,0,report-only (stage NC FAIL: critical stage failed; no stage-NC value is used); axisymmetric critical point; stability NOT COMPUTED (YET)
CGR,1T,2,24.0,1,0.25,I: G_6 x T_b (T_b in mass^4),4.32246368435,0,report-only (stage NC FAIL: critical stage failed; no stage-NC value is used); axisymmetric critical point; stability NOT COMPUTED (YET)
CGR,1T,2,24.0,1,0.5,II: G v^2 (dimensionless G mu),5.20241404156,0,report-only (stage NC FAIL: critical stage failed; no stage-NC value is used); axisymmetric critical point; stability NOT COMPUTED (YET)
CGR,1T,2,24.0,1,0.5,I: G_6 x T_b (T_b in mass^4),5.20241404156,0,report-only (stage NC FAIL: critical stage failed; no stage-NC value is used); axisymmetric critical point; stability NOT COMPUTED (YET)
CGR,1T,2,24.0,1,1.0,II: G v^2 (dimensionless G mu),6.28318530718,0,critical stage FAIL
CGR,1T,2,24.0,1,1.0,I: G_6 x T_b (T_b in mass^4),6.28318530718,0,critical stage FAIL
CGR,1T,2,24.0,1,2.0,II: G v^2 (dimensionless G mu),7.61328244676,0,report-only (stage NC FAIL: critical stage failed; no stage-NC value is used); report-only row; axisymmetric critical point; stability NOT COMPUTED (YET)
CGR,1T,2,24.0,1,2.0,I: G_6 x T_b (T_b in mass^4),7.61328244676,0,report-only (stage NC FAIL: critical stage failed; no stage-NC value is used); report-only row; axisymmetric critical point; stability NOT COMPUTED (YET)
CGR,1T,2,24.0,1,4.0,II: G v^2 (dimensionless G mu),9.24002891738,0,report-only (stage NC FAIL: critical stage failed; no stage-NC value is used); report-only row; axisymmetric critical point; stability NOT COMPUTED (YET)
CGR,1T,2,24.0,1,4.0,I: G_6 x T_b (T_b in mass^4),9.24002891738,0,report-only (stage NC FAIL: critical stage failed; no stage-NC value is used); report-only row; axisymmetric critical point; stability NOT COMPUTED (YET)
CGR,1T,2,4.0,0.5,0.25,II: G v^2 (dimensionless G mu),3.83089163757,0.0326294794596,report-only (stage NC FAIL: critical stage failed; no stage-NC value is used); axisymmetric critical point; stability NOT COMPUTED (YET)
CGR,1T,2,4.0,0.5,0.25,I: G_6 x T_b (T_b in mass^4),3.83089163757,0.0326294794596,report-only (stage NC FAIL: critical stage failed; no stage-NC value is used); axisymmetric critical point; stability NOT COMPUTED (YET)
CGR,1T,2,4.0,0.5,0.5,II: G v^2 (dimensionless G mu),4.94102920783,0.0252983730195,report-only (stage NC FAIL: critical stage failed; no stage-NC value is used); axisymmetric critical point; stability NOT COMPUTED (YET)
CGR,1T,2,4.0,0.5,0.5,I: G_6 x T_b (T_b in mass^4),4.94102920783,0.0252983730195,report-only (stage NC FAIL: critical stage failed; no stage-NC value is used); axisymmetric critical point; stability NOT COMPUTED (YET)
CGR,1T,2,4.0,0.5,1.0,II: G v^2 (dimensionless G mu),6.28318530718,0.0198943678865,critical stage FAIL
CGR,1T,2,4.0,0.5,1.0,I: G_6 x T_b (T_b in mass^4),6.28318530718,0.0198943678865,critical stage FAIL
CGR,1T,2,4.0,0.5,2.0,II: G v^2 (dimensionless G mu),7.96032326787,0.0157028798698,report-only (stage NC FAIL: critical stage failed; no stage-NC value is used); report-only row; axisymmetric critical point; stability NOT COMPUTED (YET)
CGR,1T,2,4.0,0.5,2.0,I: G_6 x T_b (T_b in mass^4),7.96032326787,0.0157028798698,report-only (stage NC FAIL: critical stage failed; no stage-NC value is used); report-only row; axisymmetric critical point; stability NOT COMPUTED (YET)
CGR,1T,2,4.0,0.5,4.0,II: G v^2 (dimensionless G mu),10.0705248408,0.0124124613142,report-only (stage NC FAIL: critical stage failed; no stage-NC value is used); report-only row; axisymmetric critical point; stability NOT COMPUTED (YET)
CGR,1T,2,4.0,0.5,4.0,I: G_6 x T_b (T_b in mass^4),10.0705248408,0.0124124613142,report-only (stage NC FAIL: critical stage failed; no stage-NC value is used); report-only row; axisymmetric critical point; stability NOT COMPUTED (YET)
CGR,1T,2,4.0,0.6,0.25,II: G v^2 (dimensionless G mu),3.88525925225,0.0257383081817,report-only (stage NC FAIL: critical stage failed; no stage-NC value is used); axisymmetric critical point; stability NOT COMPUTED (YET)
CGR,1T,2,4.0,0.6,0.25,I: G_6 x T_b (T_b in mass^4),3.88525925225,0.0257383081817,report-only (stage NC FAIL: critical stage failed; no stage-NC value is used); axisymmetric critical point; stability NOT COMPUTED (YET)
CGR,1T,2,4.0,0.6,0.5,II: G v^2 (dimensionless G mu),4.9822726491,0.0200711617053,report-only (stage NC FAIL: critical stage failed; no stage-NC value is used); axisymmetric critical point; stability NOT COMPUTED (YET)
CGR,1T,2,4.0,0.6,0.5,I: G_6 x T_b (T_b in mass^4),4.9822726491,0.0200711617053,report-only (stage NC FAIL: critical stage failed; no stage-NC value is used); axisymmetric critical point; stability NOT COMPUTED (YET)
CGR,1T,2,4.0,0.6,1.0,II: G v^2 (dimensionless G mu),6.28318530718,0.0159154943092,critical stage FAIL
CGR,1T,2,4.0,0.6,1.0,I: G_6 x T_b (T_b in mass^4),6.28318530718,0.0159154943092,critical stage FAIL
CGR,1T,2,4.0,0.6,2.0,II: G v^2 (dimensionless G mu),7.88843998526,0.0126767776882,report-only (stage NC FAIL: critical stage failed; no stage-NC value is used); report-only row; axisymmetric critical point; stability NOT COMPUTED (YET)
CGR,1T,2,4.0,0.6,2.0,I: G_6 x T_b (T_b in mass^4),7.88843998526,0.0126767776882,report-only (stage NC FAIL: critical stage failed; no stage-NC value is used); report-only row; axisymmetric critical point; stability NOT COMPUTED (YET)
CGR,1T,2,4.0,0.6,4.0,II: G v^2 (dimensionless G mu),9.88580619389,0.0101155128918,report-only (stage NC FAIL: critical stage failed; no stage-NC value is used); report-only row; axisymmetric critical point; stability NOT COMPUTED (YET)
CGR,1T,2,4.0,0.6,4.0,I: G_6 x T_b (T_b in mass^4),9.88580619389,0.0101155128918,report-only (stage NC FAIL: critical stage failed; no stage-NC value is used); report-only row; axisymmetric critical point; stability NOT COMPUTED (YET)
CGR,1T,2,4.0,0.7,0.25,II: G v^2 (dimensionless G mu),3.93244003133,0.0190721280941,report-only (stage NC FAIL: critical stage failed; no stage-NC value is used); axisymmetric critical point; stability NOT COMPUTED (YET)
CGR,1T,2,4.0,0.7,0.25,I: G_6 x T_b (T_b in mass^4),3.93244003133,0.0190721280941,report-only (stage NC FAIL: critical stage failed; no stage-NC value is used); axisymmetric critical point; stability NOT COMPUTED (YET)
CGR,1T,2,4.0,0.7,0.5,II: G v^2 (dimensionless G mu),5.0189150268,0.0149434687775,report-only (stage NC FAIL: critical stage failed; no stage-NC value is used); axisymmetric critical point; stability NOT COMPUTED (YET)
CGR,1T,2,4.0,0.7,0.5,I: G_6 x T_b (T_b in mass^4),5.0189150268,0.0149434687775,report-only (stage NC FAIL: critical stage failed; no stage-NC value is used); axisymmetric critical point; stability NOT COMPUTED (YET)
CGR,1T,2,4.0,0.7,1.0,II: G v^2 (dimensionless G mu),6.28318530718,0.0119366207319,critical stage FAIL
CGR,1T,2,4.0,0.7,1.0,I: G_6 x T_b (T_b in mass^4),6.28318530718,0.0119366207319,critical stage FAIL
CGR,1T,2,4.0,0.7,2.0,II: G v^2 (dimensionless G mu),7.82505992369,0.00958459113814,report-only (stage NC FAIL: critical stage failed; no stage-NC value is used); report-only row; axisymmetric critical point; stability NOT COMPUTED (YET)
CGR,1T,2,4.0,0.7,2.0,I: G_6 x T_b (T_b in mass^4),7.82505992369,0.00958459113814,report-only (stage NC FAIL: critical stage failed; no stage-NC value is used); report-only row; axisymmetric critical point; stability NOT COMPUTED (YET)
CGR,1T,2,4.0,0.7,4.0,II: G v^2 (dimensionless G mu),9.72417526024,0.00771273634965,report-only (stage NC FAIL: critical stage failed; no stage-NC value is used); report-only row; axisymmetric critical point; stability NOT COMPUTED (YET)
CGR,1T,2,4.0,0.7,4.0,I: G_6 x T_b (T_b in mass^4),9.72417526024,0.00771273634965,report-only (stage NC FAIL: critical stage failed; no stage-NC value is used); report-only row; axisymmetric critical point; stability NOT COMPUTED (YET)
CGR,1T,2,4.0,0.8,0.25,II: G v^2 (dimensionless G mu),3.97378046367,0.0125824766761,report-only (stage NC FAIL: critical stage failed; no stage-NC value is used); axisymmetric critical point; stability NOT COMPUTED (YET)
CGR,1T,2,4.0,0.8,0.25,I: G_6 x T_b (T_b in mass^4),3.97378046367,0.0125824766761,report-only (stage NC FAIL: critical stage failed; no stage-NC value is used); axisymmetric critical point; stability NOT COMPUTED (YET)
CGR,1T,2,4.0,0.8,0.5,II: G v^2 (dimensionless G mu),5.05187268066,0.00989731989711,report-only (stage NC FAIL: critical stage failed; no stage-NC value is used); axisymmetric critical point; stability NOT COMPUTED (YET)
CGR,1T,2,4.0,0.8,0.5,I: G_6 x T_b (T_b in mass^4),5.05187268066,0.00989731989711,report-only (stage NC FAIL: critical stage failed; no stage-NC value is used); axisymmetric critical point; stability NOT COMPUTED (YET)
CGR,1T,2,4.0,0.8,1.0,II: G v^2 (dimensionless G mu),6.28318530718,0.00795774715459,critical stage FAIL
CGR,1T,2,4.0,0.8,1.0,I: G_6 x T_b (T_b in mass^4),6.28318530718,0.00795774715459,critical stage FAIL
CGR,1T,2,4.0,0.8,2.0,II: G v^2 (dimensionless G mu),7.76840004195,0.00643633177102,report-only (stage NC FAIL: critical stage failed; no stage-NC value is used); report-only row; axisymmetric critical point; stability NOT COMPUTED (YET)
CGR,1T,2,4.0,0.8,2.0,I: G_6 x T_b (T_b in mass^4),7.76840004195,0.00643633177102,report-only (stage NC FAIL: critical stage failed; no stage-NC value is used); report-only row; axisymmetric critical point; stability NOT COMPUTED (YET)
CGR,1T,2,4.0,0.8,4.0,II: G v^2 (dimensionless G mu),9.58068061752,0.00521883590489,report-only (stage NC FAIL: critical stage failed; no stage-NC value is used); report-only row; axisymmetric critical point; stability NOT COMPUTED (YET)
CGR,1T,2,4.0,0.8,4.0,I: G_6 x T_b (T_b in mass^4),9.58068061752,0.00521883590489,report-only (stage NC FAIL: critical stage failed; no stage-NC value is used); report-only row; axisymmetric critical point; stability NOT COMPUTED (YET)
CGR,1T,2,4.0,0.9,0.25,II: G v^2 (dimensionless G mu),4.01025735553,0.00623401387583,report-only (stage NC FAIL: critical stage failed; no stage-NC value is used); axisymmetric critical point; stability NOT COMPUTED (YET)
CGR,1T,2,4.0,0.9,0.25,I: G_6 x T_b (T_b in mass^4),4.01025735553,0.00623401387583,report-only (stage NC FAIL: critical stage failed; no stage-NC value is used); axisymmetric critical point; stability NOT COMPUTED (YET)
CGR,1T,2,4.0,0.9,0.5,II: G v^2 (dimensionless G mu),5.08178930123,0.00491952706381,report-only (stage NC FAIL: critical stage failed; no stage-NC value is used); axisymmetric critical point; stability NOT COMPUTED (YET)
CGR,1T,2,4.0,0.9,0.5,I: G_6 x T_b (T_b in mass^4),5.08178930123,0.00491952706381,report-only (stage NC FAIL: critical stage failed; no stage-NC value is used); axisymmetric critical point; stability NOT COMPUTED (YET)
CGR,1T,2,4.0,0.9,1.0,II: G v^2 (dimensionless G mu),6.28318530718,0.0039788735773,critical stage FAIL
CGR,1T,2,4.0,0.9,1.0,I: G_6 x T_b (T_b in mass^4),6.28318530718,0.0039788735773,critical stage FAIL
CGR,1T,2,4.0,0.9,2.0,II: G v^2 (dimensionless G mu),7.71721361463,0.00323951120811,report-only (stage NC FAIL: critical stage failed; no stage-NC value is used); report-only row; axisymmetric critical point; stability NOT COMPUTED (YET)
CGR,1T,2,4.0,0.9,2.0,I: G_6 x T_b (T_b in mass^4),7.71721361463,0.00323951120811,report-only (stage NC FAIL: critical stage failed; no stage-NC value is used); report-only row; axisymmetric critical point; stability NOT COMPUTED (YET)
CGR,1T,2,4.0,0.9,4.0,II: G v^2 (dimensionless G mu),9.45186933779,0.0026449794328,report-only (stage NC FAIL: critical stage failed; no stage-NC value is used); report-only row; axisymmetric critical point; stability NOT COMPUTED (YET)
CGR,1T,2,4.0,0.9,4.0,I: G_6 x T_b (T_b in mass^4),9.45186933779,0.0026449794328,report-only (stage NC FAIL: critical stage failed; no stage-NC value is used); report-only row; axisymmetric critical point; stability NOT COMPUTED (YET)
CGR,1T,2,4.0,1,0.25,II: G v^2 (dimensionless G mu),4.04261471899,0,report-only (stage NC FAIL: critical stage failed; no stage-NC value is used); axisymmetric critical point; stability NOT COMPUTED (YET)
CGR,1T,2,4.0,1,0.25,I: G_6 x T_b (T_b in mass^4),4.04261471899,0,report-only (stage NC FAIL: critical stage failed; no stage-NC value is used); axisymmetric critical point; stability NOT COMPUTED (YET)
CGR,1T,2,4.0,1,0.5,II: G v^2 (dimensionless G mu),5.10913916064,0,report-only (stage NC FAIL: critical stage failed; no stage-NC value is used); axisymmetric critical point; stability NOT COMPUTED (YET)
CGR,1T,2,4.0,1,0.5,I: G_6 x T_b (T_b in mass^4),5.10913916064,0,report-only (stage NC FAIL: critical stage failed; no stage-NC value is used); axisymmetric critical point; stability NOT COMPUTED (YET)
CGR,1T,2,4.0,1,1.0,II: G v^2 (dimensionless G mu),6.28318530718,0,critical stage FAIL
CGR,1T,2,4.0,1,1.0,I: G_6 x T_b (T_b in mass^4),6.28318530718,0,critical stage FAIL
CGR,1T,2,4.0,1,2.0,II: G v^2 (dimensionless G mu),7.67058762509,0,report-only (stage NC FAIL: critical stage failed; no stage-NC value is used); report-only row; axisymmetric critical point; stability NOT COMPUTED (YET)
CGR,1T,2,4.0,1,2.0,I: G_6 x T_b (T_b in mass^4),7.67058762509,0,report-only (stage NC FAIL: critical stage failed; no stage-NC value is used); report-only row; axisymmetric critical point; stability NOT COMPUTED (YET)
CGR,1T,2,4.0,1,4.0,II: G v^2 (dimensionless G mu),9.33522011869,0,report-only (stage NC FAIL: critical stage failed; no stage-NC value is used); report-only row; axisymmetric critical point; stability NOT COMPUTED (YET)
CGR,1T,2,4.0,1,4.0,I: G_6 x T_b (T_b in mass^4),9.33522011869,0,report-only (stage NC FAIL: critical stage failed; no stage-NC value is used); report-only row; axisymmetric critical point; stability NOT COMPUTED (YET)
CGR,1T,2,99.0,0.5,0.25,II: G v^2 (dimensionless G mu),4.03892265601,0.0309488471669,report-only (stage NC FAIL: critical stage failed; no stage-NC value is used); axisymmetric critical point; stability NOT COMPUTED (YET)
CGR,1T,2,99.0,0.5,0.25,I: G_6 x T_b (T_b in mass^4),4.03892265601,0.0309488471669,report-only (stage NC FAIL: critical stage failed; no stage-NC value is used); axisymmetric critical point; stability NOT COMPUTED (YET)
CGR,1T,2,99.0,0.5,0.5,II: G v^2 (dimensionless G mu),5.01991277262,0.0249008310825,report-only (stage NC FAIL: critical stage failed; no stage-NC value is used); axisymmetric critical point; stability NOT COMPUTED (YET)
CGR,1T,2,99.0,0.5,0.5,I: G_6 x T_b (T_b in mass^4),5.01991277262,0.0249008310825,report-only (stage NC FAIL: critical stage failed; no stage-NC value is used); axisymmetric critical point; stability NOT COMPUTED (YET)
CGR,1T,2,99.0,0.5,1.0,II: G v^2 (dimensionless G mu),6.28318530718,0.0198943678865,critical stage FAIL
CGR,1T,2,99.0,0.5,1.0,I: G_6 x T_b (T_b in mass^4),6.28318530718,0.0198943678865,critical stage FAIL
CGR,1T,2,99.0,0.5,2.0,II: G v^2 (dimensionless G mu),7.90610696289,0.015810562719,report-only (stage NC FAIL: critical stage failed; no stage-NC value is used); report-only row; axisymmetric critical point; stability NOT COMPUTED (YET)
CGR,1T,2,99.0,0.5,2.0,I: G_6 x T_b (T_b in mass^4),7.90610696289,0.015810562719,report-only (stage NC FAIL: critical stage failed; no stage-NC value is used); report-only row; axisymmetric critical point; stability NOT COMPUTED (YET)
CGR,1T,2,99.0,0.5,4.0,II: G v^2 (dimensionless G mu),9.97701603347,0.0125287961431,report-only (stage NC FAIL: critical stage failed; no stage-NC value is used); report-only row; axisymmetric critical point; stability NOT COMPUTED (YET)
CGR,1T,2,99.0,0.5,4.0,I: G_6 x T_b (T_b in mass^4),9.97701603347,0.0125287961431,report-only (stage NC FAIL: critical stage failed; no stage-NC value is used); report-only row; axisymmetric critical point; stability NOT COMPUTED (YET)
CGR,1T,2,99.0,0.6,0.25,II: G v^2 (dimensionless G mu),4.11607559458,0.0242949862562,report-only (stage NC FAIL: critical stage failed; no stage-NC value is used); axisymmetric critical point; stability NOT COMPUTED (YET)
CGR,1T,2,99.0,0.6,0.25,I: G_6 x T_b (T_b in mass^4),4.11607559458,0.0242949862562,report-only (stage NC FAIL: critical stage failed; no stage-NC value is used); axisymmetric critical point; stability NOT COMPUTED (YET)
CGR,1T,2,99.0,0.6,0.5,II: G v^2 (dimensionless G mu),5.06783783446,0.0197322809582,report-only (stage NC FAIL: critical stage failed; no stage-NC value is used); axisymmetric critical point; stability NOT COMPUTED (YET)
CGR,1T,2,99.0,0.6,0.5,I: G_6 x T_b (T_b in mass^4),5.06783783446,0.0197322809582,report-only (stage NC FAIL: critical stage failed; no stage-NC value is used); axisymmetric critical point; stability NOT COMPUTED (YET)
CGR,1T,2,99.0,0.6,1.0,II: G v^2 (dimensionless G mu),6.28318530718,0.0159154943092,critical stage FAIL
CGR,1T,2,99.0,0.6,1.0,I: G_6 x T_b (T_b in mass^4),6.28318530718,0.0159154943092,critical stage FAIL
CGR,1T,2,99.0,0.6,2.0,II: G v^2 (dimensionless G mu),7.83091052073,0.0127699071181,report-only (stage NC FAIL: critical stage failed; no stage-NC value is used); report-only row; axisymmetric critical point; stability NOT COMPUTED (YET)
CGR,1T,2,99.0,0.6,2.0,I: G_6 x T_b (T_b in mass^4),7.83091052073,0.0127699071181,report-only (stage NC FAIL: critical stage failed; no stage-NC value is used); report-only row; axisymmetric critical point; stability NOT COMPUTED (YET)
CGR,1T,2,99.0,0.6,4.0,II: G v^2 (dimensionless G mu),9.78741602386,0.0102172013283,report-only (stage NC FAIL: critical stage failed; no stage-NC value is used); report-only row; axisymmetric critical point; stability NOT COMPUTED (YET)
CGR,1T,2,99.0,0.6,4.0,I: G_6 x T_b (T_b in mass^4),9.78741602386,0.0102172013283,report-only (stage NC FAIL: critical stage failed; no stage-NC value is used); report-only row; axisymmetric critical point; stability NOT COMPUTED (YET)
CGR,1T,2,99.0,0.7,0.25,II: G v^2 (dimensionless G mu),4.18529201743,0.0179198965538,report-only (stage NC FAIL: critical stage failed; no stage-NC value is used); axisymmetric critical point; stability NOT COMPUTED (YET)
CGR,1T,2,99.0,0.7,0.25,I: G_6 x T_b (T_b in mass^4),4.18529201743,0.0179198965538,report-only (stage NC FAIL: critical stage failed; no stage-NC value is used); axisymmetric critical point; stability NOT COMPUTED (YET)
CGR,1T,2,99.0,0.7,0.5,II: G v^2 (dimensionless G mu),5.11060269275,0.0146753728491,report-only (stage NC FAIL: critical stage failed; no stage-NC value is used); axisymmetric critical point; stability NOT COMPUTED (YET)
CGR,1T,2,99.0,0.7,0.5,I: G_6 x T_b (T_b in mass^4),5.11060269275,0.0146753728491,report-only (stage NC FAIL: critical stage failed; no stage-NC value is used); axisymmetric critical point; stability NOT COMPUTED (YET)
CGR,1T,2,99.0,0.7,1.0,II: G v^2 (dimensionless G mu),6.28318530718,0.0119366207319,critical stage FAIL
CGR,1T,2,99.0,0.7,1.0,I: G_6 x T_b (T_b in mass^4),6.28318530718,0.0119366207319,critical stage FAIL
CGR,1T,2,99.0,0.7,2.0,II: G v^2 (dimensionless G mu),7.76465732874,0.00965915130889,report-only (stage NC FAIL: critical stage failed; no stage-NC value is used); report-only row; axisymmetric critical point; stability NOT COMPUTED (YET)
CGR,1T,2,99.0,0.7,2.0,I: G_6 x T_b (T_b in mass^4),7.76465732874,0.00965915130889,report-only (stage NC FAIL: critical stage failed; no stage-NC value is used); report-only row; axisymmetric critical point; stability NOT COMPUTED (YET)
CGR,1T,2,99.0,0.7,4.0,II: G v^2 (dimensionless G mu),9.62164306279,0.00779492644973,report-only (stage NC FAIL: critical stage failed; no stage-NC value is used); report-only row; axisymmetric critical point; stability NOT COMPUTED (YET)
CGR,1T,2,99.0,0.7,4.0,I: G_6 x T_b (T_b in mass^4),9.62164306279,0.00779492644973,report-only (stage NC FAIL: critical stage failed; no stage-NC value is used); report-only row; axisymmetric critical point; stability NOT COMPUTED (YET)
CGR,1T,2,99.0,0.8,0.25,II: G v^2 (dimensionless G mu),4.24817633958,0.0117697562444,report-only (stage NC FAIL: critical stage failed; no stage-NC value is used); axisymmetric critical point; stability NOT COMPUTED (YET)
CGR,1T,2,99.0,0.8,0.25,I: G_6 x T_b (T_b in mass^4),4.24817633958,0.0117697562444,report-only (stage NC FAIL: critical stage failed; no stage-NC value is used); axisymmetric critical point; stability NOT COMPUTED (YET)
CGR,1T,2,99.0,0.8,0.5,II: G v^2 (dimensionless G mu),5.14926449848,0.00971012462359,report-only (stage NC FAIL: critical stage failed; no stage-NC value is used); axisymmetric critical point; stability NOT COMPUTED (YET)
CGR,1T,2,99.0,0.8,0.5,I: G_6 x T_b (T_b in mass^4),5.14926449848,0.00971012462359,report-only (stage NC FAIL: critical stage failed; no stage-NC value is used); axisymmetric critical point; stability NOT COMPUTED (YET)
CGR,1T,2,99.0,0.8,1.0,II: G v^2 (dimensionless G mu),6.28318530718,0.00795774715459,critical stage FAIL
CGR,1T,2,99.0,0.8,1.0,I: G_6 x T_b (T_b in mass^4),6.28318530718,0.00795774715459,critical stage FAIL
CGR,1T,2,99.0,0.8,2.0,II: G v^2 (dimensionless G mu),7.70545624249,0.00648890843404,report-only (stage NC FAIL: critical stage failed; no stage-NC value is used); report-only row; axisymmetric critical point; stability NOT COMPUTED (YET)
CGR,1T,2,99.0,0.8,2.0,I: G_6 x T_b (T_b in mass^4),7.70545624249,0.00648890843404,report-only (stage NC FAIL: critical stage failed; no stage-NC value is used); report-only row; axisymmetric critical point; stability NOT COMPUTED (YET)
CGR,1T,2,99.0,0.8,4.0,II: G v^2 (dimensionless G mu),9.47455529301,0.00527729254342,report-only (stage NC FAIL: critical stage failed; no stage-NC value is used); report-only row; axisymmetric critical point; stability NOT COMPUTED (YET)
CGR,1T,2,99.0,0.8,4.0,I: G_6 x T_b (T_b in mass^4),9.47455529301,0.00527729254342,report-only (stage NC FAIL: critical stage failed; no stage-NC value is used); report-only row; axisymmetric critical point; stability NOT COMPUTED (YET)
CGR,1T,2,99.0,0.9,0.25,II: G v^2 (dimensionless G mu),4.30585311797,0.00580605034939,report-only (stage NC FAIL: critical stage failed; no stage-NC value is used); axisymmetric critical point; stability NOT COMPUTED (YET)
CGR,1T,2,99.0,0.9,0.25,I: G_6 x T_b (T_b in mass^4),4.30585311797,0.00580605034939,report-only (stage NC FAIL: critical stage failed; no stage-NC value is used); axisymmetric critical point; stability NOT COMPUTED (YET)
CGR,1T,2,99.0,0.9,0.5,II: G v^2 (dimensionless G mu),5.18456327846,0.00482200691886,report-only (stage NC FAIL: critical stage failed; no stage-NC value is used); axisymmetric critical point; stability NOT COMPUTED (YET)
CGR,1T,2,99.0,0.9,0.5,I: G_6 x T_b (T_b in mass^4),5.18456327846,0.00482200691886,report-only (stage NC FAIL: critical stage failed; no stage-NC value is used); axisymmetric critical point; stability NOT COMPUTED (YET)
CGR,1T,2,99.0,0.9,1.0,II: G v^2 (dimensionless G mu),6.28318530718,0.0039788735773,critical stage FAIL
CGR,1T,2,99.0,0.9,1.0,I: G_6 x T_b (T_b in mass^4),6.28318530718,0.0039788735773,critical stage FAIL
CGR,1T,2,99.0,0.9,2.0,II: G v^2 (dimensionless G mu),7.65198749531,0.00326712504631,report-only (stage NC FAIL: critical stage failed; no stage-NC value is used); report-only row; axisymmetric critical point; stability NOT COMPUTED (YET)
CGR,1T,2,99.0,0.9,2.0,I: G_6 x T_b (T_b in mass^4),7.65198749531,0.00326712504631,report-only (stage NC FAIL: critical stage failed; no stage-NC value is used); report-only row; axisymmetric critical point; stability NOT COMPUTED (YET)
CGR,1T,2,99.0,0.9,4.0,II: G v^2 (dimensionless G mu),9.34257280415,0.0026759224171,report-only (stage NC FAIL: critical stage failed; no stage-NC value is used); report-only row; axisymmetric critical point; stability NOT COMPUTED (YET)
CGR,1T,2,99.0,0.9,4.0,I: G_6 x T_b (T_b in mass^4),9.34257280415,0.0026759224171,report-only (stage NC FAIL: critical stage failed; no stage-NC value is used); report-only row; axisymmetric critical point; stability NOT COMPUTED (YET)
CGR,1T,2,99.0,1,0.25,II: G v^2 (dimensionless G mu),4.3591483593,0,report-only (stage NC FAIL: critical stage failed; no stage-NC value is used); axisymmetric critical point; stability NOT COMPUTED (YET)
CGR,1T,2,99.0,1,0.25,I: G_6 x T_b (T_b in mass^4),4.3591483593,0,report-only (stage NC FAIL: critical stage failed; no stage-NC value is used); axisymmetric critical point; stability NOT COMPUTED (YET)
CGR,1T,2,99.0,1,0.5,II: G v^2 (dimensionless G mu),5.21704186558,0,report-only (stage NC FAIL: critical stage failed; no stage-NC value is used); axisymmetric critical point; stability NOT COMPUTED (YET)
CGR,1T,2,99.0,1,0.5,I: G_6 x T_b (T_b in mass^4),5.21704186558,0,report-only (stage NC FAIL: critical stage failed; no stage-NC value is used); axisymmetric critical point; stability NOT COMPUTED (YET)
CGR,1T,2,99.0,1,1.0,II: G v^2 (dimensionless G mu),6.28318530718,0,critical stage FAIL
CGR,1T,2,99.0,1,1.0,I: G_6 x T_b (T_b in mass^4),6.28318530718,0,critical stage FAIL
CGR,1T,2,99.0,1,2.0,II: G v^2 (dimensionless G mu),7.60328629496,0,report-only (stage NC FAIL: critical stage failed; no stage-NC value is used); report-only row; axisymmetric critical point; stability NOT COMPUTED (YET)
CGR,1T,2,99.0,1,2.0,I: G_6 x T_b (T_b in mass^4),7.60328629496,0,report-only (stage NC FAIL: critical stage failed; no stage-NC value is used); report-only row; axisymmetric critical point; stability NOT COMPUTED (YET)
CGR,1T,2,99.0,1,4.0,II: G v^2 (dimensionless G mu),9.2230854375,0,report-only (stage NC FAIL: critical stage failed; no stage-NC value is used); report-only row; axisymmetric critical point; stability NOT COMPUTED (YET)
CGR,1T,2,99.0,1,4.0,I: G_6 x T_b (T_b in mass^4),9.2230854375,0,report-only (stage NC FAIL: critical stage failed; no stage-NC value is used); report-only row; axisymmetric critical point; stability NOT COMPUTED (YET)
CGR,1T,3,1.0,0.5,0.25,II: G v^2 (dimensionless G mu),4.71238898038,0.0265258238486,report-only (stage NC FAIL: critical stage failed; no stage-NC value is used); axisymmetric critical point; stability NOT COMPUTED (YET)
CGR,1T,3,1.0,0.5,0.25,I: G_6 x T_b (T_b in mass^4),4.71238898038,0.0265258238486,report-only (stage NC FAIL: critical stage failed; no stage-NC value is used); axisymmetric critical point; stability NOT COMPUTED (YET)
CGR,1T,3,1.0,0.5,0.5,II: G v^2 (dimensionless G mu),7.02243643971,0.017800089908,report-only (stage NC FAIL: critical stage failed; no stage-NC value is used); axisymmetric critical point; stability NOT COMPUTED (YET)
CGR,1T,3,1.0,0.5,0.5,I: G_6 x T_b (T_b in mass^4),7.02243643971,0.017800089908,report-only (stage NC FAIL: critical stage failed; no stage-NC value is used); axisymmetric critical point; stability NOT COMPUTED (YET)
CGR,1T,3,1.0,0.5,1.0,II: G v^2 (dimensionless G mu),9.42477796077,0.0132629119243,critical stage FAIL
CGR,1T,3,1.0,0.5,1.0,I: G_6 x T_b (T_b in mass^4),9.42477796077,0.0132629119243,critical stage FAIL
CGR,1T,3,1.0,0.5,2.0,II: G v^2 (dimensionless G mu),12.2899778805,0.0101708889321,report-only (stage NC FAIL: critical stage failed; no stage-NC value is used); report-only row; axisymmetric critical point; stability NOT COMPUTED (YET)
CGR,1T,3,1.0,0.5,2.0,I: G_6 x T_b (T_b in mass^4),12.2899778805,0.0101708889321,report-only (stage NC FAIL: critical stage failed; no stage-NC value is used); report-only row; axisymmetric critical point; stability NOT COMPUTED (YET)
CGR,1T,3,1.0,0.5,4.0,II: G v^2 (dimensionless G mu),15.8946245768,0.00786429395648,report-only (stage NC FAIL: critical stage failed; no stage-NC value is used); report-only row; axisymmetric critical point; stability NOT COMPUTED (YET)
CGR,1T,3,1.0,0.5,4.0,I: G_6 x T_b (T_b in mass^4),15.8946245768,0.00786429395648,report-only (stage NC FAIL: critical stage failed; no stage-NC value is used); report-only row; axisymmetric critical point; stability NOT COMPUTED (YET)
CGR,1T,3,1.0,0.6,0.25,II: G v^2 (dimensionless G mu),4.71238898038,0.0212206590789,report-only (stage NC FAIL: critical stage failed; no stage-NC value is used); axisymmetric critical point; stability NOT COMPUTED (YET)
CGR,1T,3,1.0,0.6,0.25,I: G_6 x T_b (T_b in mass^4),4.71238898038,0.0212206590789,report-only (stage NC FAIL: critical stage failed; no stage-NC value is used); axisymmetric critical point; stability NOT COMPUTED (YET)
CGR,1T,3,1.0,0.6,0.5,II: G v^2 (dimensionless G mu),7.03990261055,0.0142047419591,report-only (stage NC FAIL: critical stage failed; no stage-NC value is used); axisymmetric critical point; stability NOT COMPUTED (YET)
CGR,1T,3,1.0,0.6,0.5,I: G_6 x T_b (T_b in mass^4),7.03990261055,0.0142047419591,report-only (stage NC FAIL: critical stage failed; no stage-NC value is used); axisymmetric critical point; stability NOT COMPUTED (YET)
CGR,1T,3,1.0,0.6,1.0,II: G v^2 (dimensionless G mu),9.42477796077,0.0106103295395,critical stage FAIL
CGR,1T,3,1.0,0.6,1.0,I: G_6 x T_b (T_b in mass^4),9.42477796077,0.0106103295395,critical stage FAIL
CGR,1T,3,1.0,0.6,2.0,II: G v^2 (dimensionless G mu),12.2037778481,0.0081941839031,report-only (stage NC FAIL: critical stage failed; no stage-NC value is used); report-only row; axisymmetric critical point; stability NOT COMPUTED (YET)
CGR,1T,3,1.0,0.6,2.0,I: G_6 x T_b (T_b in mass^4),12.2037778481,0.0081941839031,report-only (stage NC FAIL: critical stage failed; no stage-NC value is used); report-only row; axisymmetric critical point; stability NOT COMPUTED (YET)
CGR,1T,3,1.0,0.6,4.0,II: G v^2 (dimensionless G mu),15.6584540803,0.00638632648456,report-only (stage NC FAIL: critical stage failed; no stage-NC value is used); report-only row; axisymmetric critical point; stability NOT COMPUTED (YET)
CGR,1T,3,1.0,0.6,4.0,I: G_6 x T_b (T_b in mass^4),15.6584540803,0.00638632648456,report-only (stage NC FAIL: critical stage failed; no stage-NC value is used); report-only row; axisymmetric critical point; stability NOT COMPUTED (YET)
CGR,1T,3,1.0,0.7,0.25,II: G v^2 (dimensionless G mu),4.71238898038,0.0159154943092,report-only (stage NC FAIL: critical stage failed; no stage-NC value is used); axisymmetric critical point; stability NOT COMPUTED (YET)
CGR,1T,3,1.0,0.7,0.25,I: G_6 x T_b (T_b in mass^4),4.71238898038,0.0159154943092,report-only (stage NC FAIL: critical stage failed; no stage-NC value is used); axisymmetric critical point; stability NOT COMPUTED (YET)
CGR,1T,3,1.0,0.7,0.5,II: G v^2 (dimensionless G mu),7.05195616137,0.0106353468859,report-only (stage NC FAIL: critical stage failed; no stage-NC value is used); axisymmetric critical point; stability NOT COMPUTED (YET)
CGR,1T,3,1.0,0.7,0.5,I: G_6 x T_b (T_b in mass^4),7.05195616137,0.0106353468859,report-only (stage NC FAIL: critical stage failed; no stage-NC value is used); axisymmetric critical point; stability NOT COMPUTED (YET)
CGR,1T,3,1.0,0.7,1.0,II: G v^2 (dimensionless G mu),9.42477796077,0.00795774715459,critical stage FAIL
CGR,1T,3,1.0,0.7,1.0,I: G_6 x T_b (T_b in mass^4),9.42477796077,0.00795774715459,critical stage FAIL
CGR,1T,3,1.0,0.7,2.0,II: G v^2 (dimensionless G mu),12.127011755,0.00618454088402,report-only (stage NC FAIL: critical stage failed; no stage-NC value is used); report-only row; axisymmetric critical point; stability NOT COMPUTED (YET)
CGR,1T,3,1.0,0.7,2.0,I: G_6 x T_b (T_b in mass^4),12.127011755,0.00618454088402,report-only (stage NC FAIL: critical stage failed; no stage-NC value is used); report-only row; axisymmetric critical point; stability NOT COMPUTED (YET)
CGR,1T,3,1.0,0.7,4.0,II: G v^2 (dimensionless G mu),15.4491577791,0.00485463357112,report-only (stage NC FAIL: critical stage failed; no stage-NC value is used); report-only row; axisymmetric critical point; stability NOT COMPUTED (YET)
CGR,1T,3,1.0,0.7,4.0,I: G_6 x T_b (T_b in mass^4),15.4491577791,0.00485463357112,report-only (stage NC FAIL: critical stage failed; no stage-NC value is used); report-only row; axisymmetric critical point; stability NOT COMPUTED (YET)
CGR,1T,3,1.0,0.8,0.25,II: G v^2 (dimensionless G mu),4.71238898038,0.0106103295395,report-only (stage NC FAIL: critical stage failed; no stage-NC value is used); axisymmetric critical point; stability NOT COMPUTED (YET)
CGR,1T,3,1.0,0.8,0.25,I: G_6 x T_b (T_b in mass^4),4.71238898038,0.0106103295395,report-only (stage NC FAIL: critical stage failed; no stage-NC value is used); axisymmetric critical point; stability NOT COMPUTED (YET)
CGR,1T,3,1.0,0.8,0.5,II: G v^2 (dimensionless G mu),7.05986657536,0.00708228682034,report-only (stage NC FAIL: critical stage failed; no stage-NC value is used); axisymmetric critical point; stability NOT COMPUTED (YET)
CGR,1T,3,1.0,0.8,0.5,I: G_6 x T_b (T_b in mass^4),7.05986657536,0.00708228682034,report-only (stage NC FAIL: critical stage failed; no stage-NC value is used); axisymmetric critical point; stability NOT COMPUTED (YET)
CGR,1T,3,1.0,0.8,1.0,II: G v^2 (dimensionless G mu),9.42477796077,0.00530516476973,critical stage FAIL
CGR,1T,3,1.0,0.8,1.0,I: G_6 x T_b (T_b in mass^4),9.42477796077,0.00530516476973,critical stage FAIL
CGR,1T,3,1.0,0.8,2.0,II: G v^2 (dimensionless G mu),12.0577778278,0.00414670105171,report-only (stage NC FAIL: critical stage failed; no stage-NC value is used); report-only row; axisymmetric critical point; stability NOT COMPUTED (YET)
CGR,1T,3,1.0,0.8,2.0,I: G_6 x T_b (T_b in mass^4),12.0577778278,0.00414670105171,report-only (stage NC FAIL: critical stage failed; no stage-NC value is used); report-only row; axisymmetric critical point; stability NOT COMPUTED (YET)
CGR,1T,3,1.0,0.8,4.0,II: G v^2 (dimensionless G mu),15.261172681,0.00327628820177,report-only (stage NC FAIL: critical stage failed; no stage-NC value is used); report-only row; axisymmetric critical point; stability NOT COMPUTED (YET)
CGR,1T,3,1.0,0.8,4.0,I: G_6 x T_b (T_b in mass^4),15.261172681,0.00327628820177,report-only (stage NC FAIL: critical stage failed; no stage-NC value is used); report-only row; axisymmetric critical point; stability NOT COMPUTED (YET)
CGR,1T,3,1.0,0.9,0.25,II: G v^2 (dimensionless G mu),4.71238898038,0.00530516476973,report-only (stage NC FAIL: critical stage failed; no stage-NC value is used); axisymmetric critical point; stability NOT COMPUTED (YET)
CGR,1T,3,1.0,0.9,0.25,I: G_6 x T_b (T_b in mass^4),4.71238898038,0.00530516476973,report-only (stage NC FAIL: critical stage failed; no stage-NC value is used); axisymmetric critical point; stability NOT COMPUTED (YET)
CGR,1T,3,1.0,0.9,0.5,II: G v^2 (dimensionless G mu),7.06466863639,0.00353873639186,report-only (stage NC FAIL: critical stage failed; no stage-NC value is used); axisymmetric critical point; stability NOT COMPUTED (YET)
CGR,1T,3,1.0,0.9,0.5,I: G_6 x T_b (T_b in mass^4),7.06466863639,0.00353873639186,report-only (stage NC FAIL: critical stage failed; no stage-NC value is used); axisymmetric critical point; stability NOT COMPUTED (YET)
CGR,1T,3,1.0,0.9,1.0,II: G v^2 (dimensionless G mu),9.42477796077,0.00265258238486,critical stage FAIL
CGR,1T,3,1.0,0.9,1.0,I: G_6 x T_b (T_b in mass^4),9.42477796077,0.00265258238486,critical stage FAIL
CGR,1T,3,1.0,0.9,2.0,II: G v^2 (dimensionless G mu),11.9947429264,0.00208424641973,report-only (stage NC FAIL: critical stage failed; no stage-NC value is used); report-only row; axisymmetric critical point; stability NOT COMPUTED (YET)
CGR,1T,3,1.0,0.9,2.0,I: G_6 x T_b (T_b in mass^4),11.9947429264,0.00208424641973,report-only (stage NC FAIL: critical stage failed; no stage-NC value is used); report-only row; axisymmetric critical point; stability NOT COMPUTED (YET)
CGR,1T,3,1.0,0.9,4.0,II: G v^2 (dimensionless G mu),15.0906088261,0.00165665946869,report-only (stage NC FAIL: critical stage failed; no stage-NC value is used); report-only row; axisymmetric critical point; stability NOT COMPUTED (YET)
CGR,1T,3,1.0,0.9,4.0,I: G_6 x T_b (T_b in mass^4),15.0906088261,0.00165665946869,report-only (stage NC FAIL: critical stage failed; no stage-NC value is used); report-only row; axisymmetric critical point; stability NOT COMPUTED (YET)
CGR,1T,3,1.0,1,0.25,II: G v^2 (dimensionless G mu),NOT COMPUTED (YET),NOT COMPUTED (YET),"n/a (normal state) [normal state: exact solution, linearly stable for B > κ/2, marginal at B = κ/2; whether a vortex branch coexists (κ < 1, subcritical) is NOT COMPUTED (YET)] [by construction; not a test] [Venus 20:44]; normal-state energy (not a vortex value) = 4.71238898038"
CGR,1T,3,1.0,1,0.25,I: G_6 x T_b (T_b in mass^4),NOT COMPUTED (YET),NOT COMPUTED (YET),"n/a (normal state) [normal state: exact solution, linearly stable for B > κ/2, marginal at B = κ/2; whether a vortex branch coexists (κ < 1, subcritical) is NOT COMPUTED (YET)] [by construction; not a test] [Venus 20:44]; normal-state energy (not a vortex value) = 4.71238898038"
CGR,1T,3,1.0,1,0.5,II: G v^2 (dimensionless G mu),NOT COMPUTED (YET),NOT COMPUTED (YET),"n/a (normal state) [normal state: exact solution, linearly stable for B > κ/2, marginal at B = κ/2; whether a vortex branch coexists (κ < 1, subcritical) is NOT COMPUTED (YET)] [by construction; not a test] [Venus 20:44]; normal-state energy (not a vortex value) = 7.06858347058"
CGR,1T,3,1.0,1,0.5,I: G_6 x T_b (T_b in mass^4),NOT COMPUTED (YET),NOT COMPUTED (YET),"n/a (normal state) [normal state: exact solution, linearly stable for B > κ/2, marginal at B = κ/2; whether a vortex branch coexists (κ < 1, subcritical) is NOT COMPUTED (YET)] [by construction; not a test] [Venus 20:44]; normal-state energy (not a vortex value) = 7.06858347058"
CGR,1T,3,1.0,1,1.0,II: G v^2 (dimensionless G mu),9.42477796077,0,critical stage FAIL
CGR,1T,3,1.0,1,1.0,I: G_6 x T_b (T_b in mass^4),9.42477796077,0,critical stage FAIL
CGR,1T,3,1.0,1,2.0,II: G v^2 (dimensionless G mu),11.9369272232,0,report-only (stage NC FAIL: critical stage failed; no stage-NC value is used); report-only row; axisymmetric critical point; stability NOT COMPUTED (YET)
CGR,1T,3,1.0,1,2.0,I: G_6 x T_b (T_b in mass^4),11.9369272232,0,report-only (stage NC FAIL: critical stage failed; no stage-NC value is used); report-only row; axisymmetric critical point; stability NOT COMPUTED (YET)
CGR,1T,3,1.0,1,4.0,II: G v^2 (dimensionless G mu),14.9346162733,0,report-only (stage NC FAIL: critical stage failed; no stage-NC value is used); report-only row; axisymmetric critical point; stability NOT COMPUTED (YET)
CGR,1T,3,1.0,1,4.0,I: G_6 x T_b (T_b in mass^4),14.9346162733,0,report-only (stage NC FAIL: critical stage failed; no stage-NC value is used); report-only row; axisymmetric critical point; stability NOT COMPUTED (YET)
CGR,1T,3,24.0,0.5,0.25,II: G v^2 (dimensionless G mu),5.79475190433,0.0215712427492,report-only (stage NC FAIL: critical stage failed; no stage-NC value is used); axisymmetric critical point; stability NOT COMPUTED (YET)
CGR,1T,3,24.0,0.5,0.25,I: G_6 x T_b (T_b in mass^4),5.79475190433,0.0215712427492,report-only (stage NC FAIL: critical stage failed; no stage-NC value is used); axisymmetric critical point; stability NOT COMPUTED (YET)
CGR,1T,3,24.0,0.5,0.5,II: G v^2 (dimensionless G mu),7.37148273058,0.0169572397533,report-only (stage NC FAIL: critical stage failed; no stage-NC value is used); axisymmetric critical point; stability NOT COMPUTED (YET)
CGR,1T,3,24.0,0.5,0.5,I: G_6 x T_b (T_b in mass^4),7.37148273058,0.0169572397533,report-only (stage NC FAIL: critical stage failed; no stage-NC value is used); axisymmetric critical point; stability NOT COMPUTED (YET)
CGR,1T,3,24.0,0.5,1.0,II: G v^2 (dimensionless G mu),9.42477796077,0.0132629119243,critical stage FAIL
CGR,1T,3,24.0,0.5,1.0,I: G_6 x T_b (T_b in mass^4),9.42477796077,0.0132629119243,critical stage FAIL
CGR,1T,3,24.0,0.5,2.0,II: G v^2 (dimensionless G mu),12.1006774055,0.0103300001985,report-only (stage NC FAIL: critical stage failed; no stage-NC value is used); report-only row; axisymmetric critical point; stability NOT COMPUTED (YET)
CGR,1T,3,24.0,0.5,2.0,I: G_6 x T_b (T_b in mass^4),12.1006774055,0.0103300001985,report-only (stage NC FAIL: critical stage failed; no stage-NC value is used); report-only row; axisymmetric critical point; stability NOT COMPUTED (YET)
CGR,1T,3,24.0,0.5,4.0,II: G v^2 (dimensionless G mu),15.5734174701,0.0080264977318,report-only (stage NC FAIL: critical stage failed; no stage-NC value is used); report-only row; axisymmetric critical point; stability NOT COMPUTED (YET)
CGR,1T,3,24.0,0.5,4.0,I: G_6 x T_b (T_b in mass^4),15.5734174701,0.0080264977318,report-only (stage NC FAIL: critical stage failed; no stage-NC value is used); report-only row; axisymmetric critical point; stability NOT COMPUTED (YET)
CGR,1T,3,24.0,0.6,0.25,II: G v^2 (dimensionless G mu),5.89083250391,0.0169755293388,report-only (stage NC FAIL: critical stage failed; no stage-NC value is used); axisymmetric critical point; stability NOT COMPUTED (YET)
CGR,1T,3,24.0,0.6,0.25,I: G_6 x T_b (T_b in mass^4),5.89083250391,0.0169755293388,report-only (stage NC FAIL: critical stage failed; no stage-NC value is used); axisymmetric critical point; stability NOT COMPUTED (YET)
CGR,1T,3,24.0,0.6,0.5,II: G v^2 (dimensionless G mu),7.43257807443,0.0134542818116,report-only (stage NC FAIL: critical stage failed; no stage-NC value is used); axisymmetric critical point; stability NOT COMPUTED (YET)
CGR,1T,3,24.0,0.6,0.5,I: G_6 x T_b (T_b in mass^4),7.43257807443,0.0134542818116,report-only (stage NC FAIL: critical stage failed; no stage-NC value is used); axisymmetric critical point; stability NOT COMPUTED (YET)
CGR,1T,3,24.0,0.6,1.0,II: G v^2 (dimensionless G mu),9.42477796077,0.0106103295395,critical stage FAIL
CGR,1T,3,24.0,0.6,1.0,I: G_6 x T_b (T_b in mass^4),9.42477796077,0.0106103295395,critical stage FAIL
CGR,1T,3,24.0,0.6,2.0,II: G v^2 (dimensionless G mu),12.0010971324,0.00833257150548,report-only (stage NC FAIL: critical stage failed; no stage-NC value is used); report-only row; axisymmetric critical point; stability NOT COMPUTED (YET)
CGR,1T,3,24.0,0.6,2.0,I: G_6 x T_b (T_b in mass^4),12.0010971324,0.00833257150548,report-only (stage NC FAIL: critical stage failed; no stage-NC value is used); report-only row; axisymmetric critical point; stability NOT COMPUTED (YET)
CGR,1T,3,24.0,0.6,4.0,II: G v^2 (dimensionless G mu),15.3175739181,0.00652844899166,report-only (stage NC FAIL: critical stage failed; no stage-NC value is used); report-only row; axisymmetric critical point; stability NOT COMPUTED (YET)
CGR,1T,3,24.0,0.6,4.0,I: G_6 x T_b (T_b in mass^4),15.3175739181,0.00652844899166,report-only (stage NC FAIL: critical stage failed; no stage-NC value is used); report-only row; axisymmetric critical point; stability NOT COMPUTED (YET)
CGR,1T,3,24.0,0.7,0.25,II: G v^2 (dimensionless G mu),5.97765339887,0.0125467294598,report-only (stage NC FAIL: critical stage failed; no stage-NC value is used); axisymmetric critical point; stability NOT COMPUTED (YET)
CGR,1T,3,24.0,0.7,0.25,I: G_6 x T_b (T_b in mass^4),5.97765339887,0.0125467294598,report-only (stage NC FAIL: critical stage failed; no stage-NC value is used); axisymmetric critical point; stability NOT COMPUTED (YET)
CGR,1T,3,24.0,0.7,0.5,II: G v^2 (dimensionless G mu),7.48755577355,0.0100166198781,report-only (stage NC FAIL: critical stage failed; no stage-NC value is used); axisymmetric critical point; stability NOT COMPUTED (YET)
CGR,1T,3,24.0,0.7,0.5,I: G_6 x T_b (T_b in mass^4),7.48755577355,0.0100166198781,report-only (stage NC FAIL: critical stage failed; no stage-NC value is used); axisymmetric critical point; stability NOT COMPUTED (YET)
CGR,1T,3,24.0,0.7,1.0,II: G v^2 (dimensionless G mu),9.42477796077,0.00795774715459,critical stage FAIL
CGR,1T,3,24.0,0.7,1.0,I: G_6 x T_b (T_b in mass^4),9.42477796077,0.00795774715459,critical stage FAIL
CGR,1T,3,24.0,0.7,2.0,II: G v^2 (dimensionless G mu),11.9124097662,0.0062959553501,report-only (stage NC FAIL: critical stage failed; no stage-NC value is used); report-only row; axisymmetric critical point; stability NOT COMPUTED (YET)
CGR,1T,3,24.0,0.7,2.0,I: G_6 x T_b (T_b in mass^4),11.9124097662,0.0062959553501,report-only (stage NC FAIL: critical stage failed; no stage-NC value is used); report-only row; axisymmetric critical point; stability NOT COMPUTED (YET)
CGR,1T,3,24.0,0.7,4.0,II: G v^2 (dimensionless G mu),15.0911518477,0.00496979957242,report-only (stage NC FAIL: critical stage failed; no stage-NC value is used); report-only row; axisymmetric critical point; stability NOT COMPUTED (YET)
CGR,1T,3,24.0,0.7,4.0,I: G_6 x T_b (T_b in mass^4),15.0911518477,0.00496979957242,report-only (stage NC FAIL: critical stage failed; no stage-NC value is used); report-only row; axisymmetric critical point; stability NOT COMPUTED (YET)
CGR,1T,3,24.0,0.8,0.25,II: G v^2 (dimensionless G mu),6.05708472119,0.00825479620998,report-only (stage NC FAIL: critical stage failed; no stage-NC value is used); axisymmetric critical point; stability NOT COMPUTED (YET)
CGR,1T,3,24.0,0.8,0.25,I: G_6 x T_b (T_b in mass^4),6.05708472119,0.00825479620998,report-only (stage NC FAIL: critical stage failed; no stage-NC value is used); axisymmetric critical point; stability NOT COMPUTED (YET)
CGR,1T,3,24.0,0.8,0.5,II: G v^2 (dimensionless G mu),7.53766276254,0.00663335593209,report-only (stage NC FAIL: critical stage failed; no stage-NC value is used); axisymmetric critical point; stability NOT COMPUTED (YET)
CGR,1T,3,24.0,0.8,0.5,I: G_6 x T_b (T_b in mass^4),7.53766276254,0.00663335593209,report-only (stage NC FAIL: critical stage failed; no stage-NC value is used); axisymmetric critical point; stability NOT COMPUTED (YET)
CGR,1T,3,24.0,0.8,1.0,II: G v^2 (dimensionless G mu),9.42477796077,0.00530516476973,critical stage FAIL
CGR,1T,3,24.0,0.8,1.0,I: G_6 x T_b (T_b in mass^4),9.42477796077,0.00530516476973,critical stage FAIL
CGR,1T,3,24.0,0.8,2.0,II: G v^2 (dimensionless G mu),11.8323477286,0.00422570407385,report-only (stage NC FAIL: critical stage failed; no stage-NC value is used); report-only row; axisymmetric critical point; stability NOT COMPUTED (YET)
CGR,1T,3,24.0,0.8,2.0,I: G_6 x T_b (T_b in mass^4),11.8323477286,0.00422570407385,report-only (stage NC FAIL: critical stage failed; no stage-NC value is used); report-only row; axisymmetric critical point; stability NOT COMPUTED (YET)
CGR,1T,3,24.0,0.8,4.0,II: G v^2 (dimensionless G mu),14.8879425359,0.00335842241999,report-only (stage NC FAIL: critical stage failed; no stage-NC value is used); report-only row; axisymmetric critical point; stability NOT COMPUTED (YET)
CGR,1T,3,24.0,0.8,4.0,I: G_6 x T_b (T_b in mass^4),14.8879425359,0.00335842241999,report-only (stage NC FAIL: critical stage failed; no stage-NC value is used); report-only row; axisymmetric critical point; stability NOT COMPUTED (YET)
CGR,1T,3,24.0,0.9,0.25,II: G v^2 (dimensionless G mu),6.13043401874,0.00407801469253,report-only (stage NC FAIL: critical stage failed; no stage-NC value is used); axisymmetric critical point; stability NOT COMPUTED (YET)
CGR,1T,3,24.0,0.9,0.25,I: G_6 x T_b (T_b in mass^4),6.13043401874,0.00407801469253,report-only (stage NC FAIL: critical stage failed; no stage-NC value is used); axisymmetric critical point; stability NOT COMPUTED (YET)
CGR,1T,3,24.0,0.9,0.5,II: G v^2 (dimensionless G mu),7.58377016,0.00329651340594,report-only (stage NC FAIL: critical stage failed; no stage-NC value is used); axisymmetric critical point; stability NOT COMPUTED (YET)
CGR,1T,3,24.0,0.9,0.5,I: G_6 x T_b (T_b in mass^4),7.58377016,0.00329651340594,report-only (stage NC FAIL: critical stage failed; no stage-NC value is used); axisymmetric critical point; stability NOT COMPUTED (YET)
CGR,1T,3,24.0,0.9,1.0,II: G v^2 (dimensionless G mu),9.42477796077,0.00265258238486,critical stage FAIL
CGR,1T,3,24.0,0.9,1.0,I: G_6 x T_b (T_b in mass^4),9.42477796077,0.00265258238486,critical stage FAIL
CGR,1T,3,24.0,0.9,2.0,II: G v^2 (dimensionless G mu),11.7593293521,0.0021259715798,report-only (stage NC FAIL: critical stage failed; no stage-NC value is used); report-only row; axisymmetric critical point; stability NOT COMPUTED (YET)
CGR,1T,3,24.0,0.9,2.0,I: G_6 x T_b (T_b in mass^4),11.7593293521,0.0021259715798,report-only (stage NC FAIL: critical stage failed; no stage-NC value is used); report-only row; axisymmetric critical point; stability NOT COMPUTED (YET)
CGR,1T,3,24.0,0.9,4.0,II: G v^2 (dimensionless G mu),14.7036199219,0.00170026157728,report-only (stage NC FAIL: critical stage failed; no stage-NC value is used); report-only row; axisymmetric critical point; stability NOT COMPUTED (YET)
CGR,1T,3,24.0,0.9,4.0,I: G_6 x T_b (T_b in mass^4),14.7036199219,0.00170026157728,report-only (stage NC FAIL: critical stage failed; no stage-NC value is used); report-only row; axisymmetric critical point; stability NOT COMPUTED (YET)
CGR,1T,3,24.0,1,0.25,II: G v^2 (dimensionless G mu),6.19865949078,0,report-only (stage NC FAIL: critical stage failed; no stage-NC value is used); axisymmetric critical point; stability NOT COMPUTED (YET)
CGR,1T,3,24.0,1,0.25,I: G_6 x T_b (T_b in mass^4),6.19865949078,0,report-only (stage NC FAIL: critical stage failed; no stage-NC value is used); axisymmetric critical point; stability NOT COMPUTED (YET)
CGR,1T,3,24.0,1,0.5,II: G v^2 (dimensionless G mu),7.62651581903,0,report-only (stage NC FAIL: critical stage failed; no stage-NC value is used); axisymmetric critical point; stability NOT COMPUTED (YET)
CGR,1T,3,24.0,1,0.5,I: G_6 x T_b (T_b in mass^4),7.62651581903,0,report-only (stage NC FAIL: critical stage failed; no stage-NC value is used); axisymmetric critical point; stability NOT COMPUTED (YET)
CGR,1T,3,24.0,1,1.0,II: G v^2 (dimensionless G mu),9.42477796077,0,critical stage FAIL
CGR,1T,3,24.0,1,1.0,I: G_6 x T_b (T_b in mass^4),9.42477796077,0,critical stage FAIL
CGR,1T,3,24.0,1,2.0,II: G v^2 (dimensionless G mu),11.6921984827,0,report-only (stage NC FAIL: critical stage failed; no stage-NC value is used); report-only row; axisymmetric critical point; stability NOT COMPUTED (YET)
CGR,1T,3,24.0,1,2.0,I: G_6 x T_b (T_b in mass^4),11.6921984827,0,report-only (stage NC FAIL: critical stage failed; no stage-NC value is used); report-only row; axisymmetric critical point; stability NOT COMPUTED (YET)
CGR,1T,3,24.0,1,4.0,II: G v^2 (dimensionless G mu),14.5350256537,0,report-only (stage NC FAIL: critical stage failed; no stage-NC value is used); report-only row; axisymmetric critical point; stability NOT COMPUTED (YET)
CGR,1T,3,24.0,1,4.0,I: G_6 x T_b (T_b in mass^4),14.5350256537,0,report-only (stage NC FAIL: critical stage failed; no stage-NC value is used); report-only row; axisymmetric critical point; stability NOT COMPUTED (YET)
CGR,1T,3,4.0,0.5,0.25,II: G v^2 (dimensionless G mu),5.57756662921,0.0224112069492,report-only (stage NC FAIL: critical stage failed; no stage-NC value is used); axisymmetric critical point; stability NOT COMPUTED (YET)
CGR,1T,3,4.0,0.5,0.25,I: G_6 x T_b (T_b in mass^4),5.57756662921,0.0224112069492,report-only (stage NC FAIL: critical stage failed; no stage-NC value is used); axisymmetric critical point; stability NOT COMPUTED (YET)
CGR,1T,3,4.0,0.5,0.5,II: G v^2 (dimensionless G mu),7.28684079083,0.0171542103894,report-only (stage NC FAIL: critical stage failed; no stage-NC value is used); axisymmetric critical point; stability NOT COMPUTED (YET)
CGR,1T,3,4.0,0.5,0.5,I: G_6 x T_b (T_b in mass^4),7.28684079083,0.0171542103894,report-only (stage NC FAIL: critical stage failed; no stage-NC value is used); axisymmetric critical point; stability NOT COMPUTED (YET)
CGR,1T,3,4.0,0.5,1.0,II: G v^2 (dimensionless G mu),9.42477796077,0.0132629119243,critical stage FAIL
CGR,1T,3,4.0,0.5,1.0,I: G_6 x T_b (T_b in mass^4),9.42477796077,0.0132629119243,critical stage FAIL
CGR,1T,3,4.0,0.5,2.0,II: G v^2 (dimensionless G mu),12.160761597,0.0102789614781,report-only (stage NC FAIL: critical stage failed; no stage-NC value is used); report-only row; axisymmetric critical point; stability NOT COMPUTED (YET)
CGR,1T,3,4.0,0.5,2.0,I: G_6 x T_b (T_b in mass^4),12.160761597,0.0102789614781,report-only (stage NC FAIL: critical stage failed; no stage-NC value is used); report-only row; axisymmetric critical point; stability NOT COMPUTED (YET)
CGR,1T,3,4.0,0.5,4.0,II: G v^2 (dimensionless G mu),15.6785846842,0.00797265840749,report-only (stage NC FAIL: critical stage failed; no stage-NC value is used); report-only row; axisymmetric critical point; stability NOT COMPUTED (YET)
CGR,1T,3,4.0,0.5,4.0,I: G_6 x T_b (T_b in mass^4),15.6785846842,0.00797265840749,report-only (stage NC FAIL: critical stage failed; no stage-NC value is used); report-only row; axisymmetric critical point; stability NOT COMPUTED (YET)
CGR,1T,3,4.0,0.6,0.25,II: G v^2 (dimensionless G mu),5.65102429403,0.017695906936,report-only (stage NC FAIL: critical stage failed; no stage-NC value is used); axisymmetric critical point; stability NOT COMPUTED (YET)
CGR,1T,3,4.0,0.6,0.25,I: G_6 x T_b (T_b in mass^4),5.65102429403,0.017695906936,report-only (stage NC FAIL: critical stage failed; no stage-NC value is used); axisymmetric critical point; stability NOT COMPUTED (YET)
CGR,1T,3,4.0,0.6,0.5,II: G v^2 (dimensionless G mu),7.34069006726,0.013622697469,report-only (stage NC FAIL: critical stage failed; no stage-NC value is used); axisymmetric critical point; stability NOT COMPUTED (YET)
CGR,1T,3,4.0,0.6,0.5,I: G_6 x T_b (T_b in mass^4),7.34069006726,0.013622697469,report-only (stage NC FAIL: critical stage failed; no stage-NC value is used); axisymmetric critical point; stability NOT COMPUTED (YET)
CGR,1T,3,4.0,0.6,1.0,II: G v^2 (dimensionless G mu),9.42477796077,0.0106103295395,critical stage FAIL
CGR,1T,3,4.0,0.6,1.0,I: G_6 x T_b (T_b in mass^4),9.42477796077,0.0106103295395,critical stage FAIL
CGR,1T,3,4.0,0.6,2.0,II: G v^2 (dimensionless G mu),12.065139303,0.00828834193198,report-only (stage NC FAIL: critical stage failed; no stage-NC value is used); report-only row; axisymmetric critical point; stability NOT COMPUTED (YET)
CGR,1T,3,4.0,0.6,2.0,I: G_6 x T_b (T_b in mass^4),12.065139303,0.00828834193198,report-only (stage NC FAIL: critical stage failed; no stage-NC value is used); report-only row; axisymmetric critical point; stability NOT COMPUTED (YET)
CGR,1T,3,4.0,0.6,4.0,II: G v^2 (dimensionless G mu),15.4288383517,0.00648136935009,report-only (stage NC FAIL: critical stage failed; no stage-NC value is used); report-only row; axisymmetric critical point; stability NOT COMPUTED (YET)
CGR,1T,3,4.0,0.6,4.0,I: G_6 x T_b (T_b in mass^4),15.4288383517,0.00648136935009,report-only (stage NC FAIL: critical stage failed; no stage-NC value is used); report-only row; axisymmetric critical point; stability NOT COMPUTED (YET)
CGR,1T,3,4.0,0.7,0.25,II: G v^2 (dimensionless G mu),5.71628341732,0.0131204131294,report-only (stage NC FAIL: critical stage failed; no stage-NC value is used); axisymmetric critical point; stability NOT COMPUTED (YET)
CGR,1T,3,4.0,0.7,0.25,I: G_6 x T_b (T_b in mass^4),5.71628341732,0.0131204131294,report-only (stage NC FAIL: critical stage failed; no stage-NC value is used); axisymmetric critical point; stability NOT COMPUTED (YET)
CGR,1T,3,4.0,0.7,0.5,II: G v^2 (dimensionless G mu),7.38905781679,0.010150143883,report-only (stage NC FAIL: critical stage failed; no stage-NC value is used); axisymmetric critical point; stability NOT COMPUTED (YET)
CGR,1T,3,4.0,0.7,0.5,I: G_6 x T_b (T_b in mass^4),7.38905781679,0.010150143883,report-only (stage NC FAIL: critical stage failed; no stage-NC value is used); axisymmetric critical point; stability NOT COMPUTED (YET)
CGR,1T,3,4.0,0.7,1.0,II: G v^2 (dimensionless G mu),9.42477796077,0.00795774715459,critical stage FAIL
CGR,1T,3,4.0,0.7,1.0,I: G_6 x T_b (T_b in mass^4),9.42477796077,0.00795774715459,critical stage FAIL
CGR,1T,3,4.0,0.7,2.0,II: G v^2 (dimensionless G mu),11.9799060252,0.0062604831659,report-only (stage NC FAIL: critical stage failed; no stage-NC value is used); report-only row; axisymmetric critical point; stability NOT COMPUTED (YET)
CGR,1T,3,4.0,0.7,2.0,I: G_6 x T_b (T_b in mass^4),11.9799060252,0.0062604831659,report-only (stage NC FAIL: critical stage failed; no stage-NC value is used); report-only row; axisymmetric critical point; stability NOT COMPUTED (YET)
CGR,1T,3,4.0,0.7,4.0,II: G v^2 (dimensionless G mu),15.2076372366,0.00493173257837,report-only (stage NC FAIL: critical stage failed; no stage-NC value is used); report-only row; axisymmetric critical point; stability NOT COMPUTED (YET)
CGR,1T,3,4.0,0.7,4.0,I: G_6 x T_b (T_b in mass^4),15.2076372366,0.00493173257837,report-only (stage NC FAIL: critical stage failed; no stage-NC value is used); report-only row; axisymmetric critical point; stability NOT COMPUTED (YET)
CGR,1T,3,4.0,0.8,0.25,II: G v^2 (dimensionless G mu),5.77487659555,0.00865819367266,report-only (stage NC FAIL: critical stage failed; no stage-NC value is used); axisymmetric critical point; stability NOT COMPUTED (YET)
CGR,1T,3,4.0,0.8,0.25,I: G_6 x T_b (T_b in mass^4),5.77487659555,0.00865819367266,report-only (stage NC FAIL: critical stage failed; no stage-NC value is used); axisymmetric critical point; stability NOT COMPUTED (YET)
CGR,1T,3,4.0,0.8,0.5,II: G v^2 (dimensionless G mu),7.43304156168,0.00672672143498,report-only (stage NC FAIL: critical stage failed; no stage-NC value is used); axisymmetric critical point; stability NOT COMPUTED (YET)
CGR,1T,3,4.0,0.8,0.5,I: G_6 x T_b (T_b in mass^4),7.43304156168,0.00672672143498,report-only (stage NC FAIL: critical stage failed; no stage-NC value is used); axisymmetric critical point; stability NOT COMPUTED (YET)
CGR,1T,3,4.0,0.8,1.0,II: G v^2 (dimensionless G mu),9.42477796077,0.00530516476973,critical stage FAIL
CGR,1T,3,4.0,0.8,1.0,I: G_6 x T_b (T_b in mass^4),9.42477796077,0.00530516476973,critical stage FAIL
CGR,1T,3,4.0,0.8,2.0,II: G v^2 (dimensionless G mu),11.9029131213,0.00420065235213,report-only (stage NC FAIL: critical stage failed; no stage-NC value is used); report-only row; axisymmetric critical point; stability NOT COMPUTED (YET)
CGR,1T,3,4.0,0.8,2.0,I: G_6 x T_b (T_b in mass^4),11.9029131213,0.00420065235213,report-only (stage NC FAIL: critical stage failed; no stage-NC value is used); report-only row; axisymmetric critical point; stability NOT COMPUTED (YET)
CGR,1T,3,4.0,0.8,4.0,II: G v^2 (dimensionless G mu),15.0089877944,0.00333133724172,report-only (stage NC FAIL: critical stage failed; no stage-NC value is used); report-only row; axisymmetric critical point; stability NOT COMPUTED (YET)
CGR,1T,3,4.0,0.8,4.0,I: G_6 x T_b (T_b in mass^4),15.0089877944,0.00333133724172,report-only (stage NC FAIL: critical stage failed; no stage-NC value is used); report-only row; axisymmetric critical point; stability NOT COMPUTED (YET)
CGR,1T,3,4.0,0.9,0.25,II: G v^2 (dimensionless G mu),5.82788887837,0.00428971803028,report-only (stage NC FAIL: critical stage failed; no stage-NC value is used); axisymmetric critical point; stability NOT COMPUTED (YET)
CGR,1T,3,4.0,0.9,0.25,I: G_6 x T_b (T_b in mass^4),5.82788887837,0.00428971803028,report-only (stage NC FAIL: critical stage failed; no stage-NC value is used); axisymmetric critical point; stability NOT COMPUTED (YET)
CGR,1T,3,4.0,0.9,0.5,II: G v^2 (dimensionless G mu),7.47340897365,0.00334519361755,report-only (stage NC FAIL: critical stage failed; no stage-NC value is used); axisymmetric critical point; stability NOT COMPUTED (YET)
CGR,1T,3,4.0,0.9,0.5,I: G_6 x T_b (T_b in mass^4),7.47340897365,0.00334519361755,report-only (stage NC FAIL: critical stage failed; no stage-NC value is used); axisymmetric critical point; stability NOT COMPUTED (YET)
CGR,1T,3,4.0,0.9,1.0,II: G v^2 (dimensionless G mu),9.42477796077,0.00265258238486,critical stage FAIL
CGR,1T,3,4.0,0.9,1.0,I: G_6 x T_b (T_b in mass^4),9.42477796077,0.00265258238486,critical stage FAIL
CGR,1T,3,4.0,0.9,2.0,II: G v^2 (dimensionless G mu),11.8326599779,0.00211279628137,report-only (stage NC FAIL: critical stage failed; no stage-NC value is used); report-only row; axisymmetric critical point; stability NOT COMPUTED (YET)
CGR,1T,3,4.0,0.9,2.0,I: G_6 x T_b (T_b in mass^4),11.8326599779,0.00211279628137,report-only (stage NC FAIL: critical stage failed; no stage-NC value is used); report-only row; axisymmetric critical point; stability NOT COMPUTED (YET)
CGR,1T,3,4.0,0.9,4.0,II: G v^2 (dimensionless G mu),14.8287092908,0.0016859188153,report-only (stage NC FAIL: critical stage failed; no stage-NC value is used); report-only row; axisymmetric critical point; stability NOT COMPUTED (YET)
CGR,1T,3,4.0,0.9,4.0,I: G_6 x T_b (T_b in mass^4),14.8287092908,0.0016859188153,report-only (stage NC FAIL: critical stage failed; no stage-NC value is used); report-only row; axisymmetric critical point; stability NOT COMPUTED (YET)
CGR,1T,3,4.0,1,0.25,II: G v^2 (dimensionless G mu),5.87612867331,0,report-only (stage NC FAIL: critical stage failed; no stage-NC value is used); axisymmetric critical point; stability NOT COMPUTED (YET)
CGR,1T,3,4.0,1,0.25,I: G_6 x T_b (T_b in mass^4),5.87612867331,0,report-only (stage NC FAIL: critical stage failed; no stage-NC value is used); axisymmetric critical point; stability NOT COMPUTED (YET)
CGR,1T,3,4.0,1,0.5,II: G v^2 (dimensionless G mu),7.51072290259,0,report-only (stage NC FAIL: critical stage failed; no stage-NC value is used); axisymmetric critical point; stability NOT COMPUTED (YET)
CGR,1T,3,4.0,1,0.5,I: G_6 x T_b (T_b in mass^4),7.51072290259,0,report-only (stage NC FAIL: critical stage failed; no stage-NC value is used); axisymmetric critical point; stability NOT COMPUTED (YET)
CGR,1T,3,4.0,1,1.0,II: G v^2 (dimensionless G mu),9.42477796077,0,critical stage FAIL
CGR,1T,3,4.0,1,1.0,I: G_6 x T_b (T_b in mass^4),9.42477796077,0,critical stage FAIL
CGR,1T,3,4.0,1,2.0,II: G v^2 (dimensionless G mu),11.7680483478,0,report-only (stage NC FAIL: critical stage failed; no stage-NC value is used); report-only row; axisymmetric critical point; stability NOT COMPUTED (YET)
CGR,1T,3,4.0,1,2.0,I: G_6 x T_b (T_b in mass^4),11.7680483478,0,report-only (stage NC FAIL: critical stage failed; no stage-NC value is used); report-only row; axisymmetric critical point; stability NOT COMPUTED (YET)
CGR,1T,3,4.0,1,4.0,II: G v^2 (dimensionless G mu),14.663746272,0,report-only (stage NC FAIL: critical stage failed; no stage-NC value is used); report-only row; axisymmetric critical point; stability NOT COMPUTED (YET)
CGR,1T,3,4.0,1,4.0,I: G_6 x T_b (T_b in mass^4),14.663746272,0,report-only (stage NC FAIL: critical stage failed; no stage-NC value is used); report-only row; axisymmetric critical point; stability NOT COMPUTED (YET)
CGR,1T,3,99.0,0.5,0.25,II: G v^2 (dimensionless G mu),5.8280711555,0.0214479193313,report-only (stage NC FAIL: critical stage failed; no stage-NC value is used); axisymmetric critical point; stability NOT COMPUTED (YET)
CGR,1T,3,99.0,0.5,0.25,I: G_6 x T_b (T_b in mass^4),5.8280711555,0.0214479193313,report-only (stage NC FAIL: critical stage failed; no stage-NC value is used); axisymmetric critical point; stability NOT COMPUTED (YET)
CGR,1T,3,99.0,0.5,0.5,II: G v^2 (dimensionless G mu),7.38561326993,0.0169247962805,report-only (stage NC FAIL: critical stage failed; no stage-NC value is used); axisymmetric critical point; stability NOT COMPUTED (YET)
CGR,1T,3,99.0,0.5,0.5,I: G_6 x T_b (T_b in mass^4),7.38561326993,0.0169247962805,report-only (stage NC FAIL: critical stage failed; no stage-NC value is used); axisymmetric critical point; stability NOT COMPUTED (YET)
CGR,1T,3,99.0,0.5,1.0,II: G v^2 (dimensionless G mu),9.42477796077,0.0132629119243,critical stage FAIL
CGR,1T,3,99.0,0.5,1.0,I: G_6 x T_b (T_b in mass^4),9.42477796077,0.0132629119243,critical stage FAIL
CGR,1T,3,99.0,0.5,2.0,II: G v^2 (dimensionless G mu),12.0899615502,0.010339156124,report-only (stage NC FAIL: critical stage failed; no stage-NC value is used); report-only row; axisymmetric critical point; stability NOT COMPUTED (YET)
CGR,1T,3,99.0,0.5,2.0,I: G_6 x T_b (T_b in mass^4),12.0899615502,0.010339156124,report-only (stage NC FAIL: critical stage failed; no stage-NC value is used); report-only row; axisymmetric critical point; stability NOT COMPUTED (YET)
CGR,1T,3,99.0,0.5,4.0,II: G v^2 (dimensionless G mu),15.5543770994,0.00803632310063,report-only (stage NC FAIL: critical stage failed; no stage-NC value is used); report-only row; axisymmetric critical point; stability NOT COMPUTED (YET)
CGR,1T,3,99.0,0.5,4.0,I: G_6 x T_b (T_b in mass^4),15.5543770994,0.00803632310063,report-only (stage NC FAIL: critical stage failed; no stage-NC value is used); report-only row; axisymmetric critical point; stability NOT COMPUTED (YET)
CGR,1T,3,99.0,0.6,0.25,II: G v^2 (dimensionless G mu),5.92709026923,0.0168716850019,report-only (stage NC FAIL: critical stage failed; no stage-NC value is used); axisymmetric critical point; stability NOT COMPUTED (YET)
CGR,1T,3,99.0,0.6,0.25,I: G_6 x T_b (T_b in mass^4),5.92709026923,0.0168716850019,report-only (stage NC FAIL: critical stage failed; no stage-NC value is used); axisymmetric critical point; stability NOT COMPUTED (YET)
CGR,1T,3,99.0,0.6,0.5,II: G v^2 (dimensionless G mu),7.44782704091,0.0134267349994,report-only (stage NC FAIL: critical stage failed; no stage-NC value is used); axisymmetric critical point; stability NOT COMPUTED (YET)
CGR,1T,3,99.0,0.6,0.5,I: G_6 x T_b (T_b in mass^4),7.44782704091,0.0134267349994,report-only (stage NC FAIL: critical stage failed; no stage-NC value is used); axisymmetric critical point; stability NOT COMPUTED (YET)
CGR,1T,3,99.0,0.6,1.0,II: G v^2 (dimensionless G mu),9.42477796077,0.0106103295395,critical stage FAIL
CGR,1T,3,99.0,0.6,1.0,I: G_6 x T_b (T_b in mass^4),9.42477796077,0.0106103295395,critical stage FAIL
CGR,1T,3,99.0,0.6,2.0,II: G v^2 (dimensionless G mu),11.9897006593,0.00834049179722,report-only (stage NC FAIL: critical stage failed; no stage-NC value is used); report-only row; axisymmetric critical point; stability NOT COMPUTED (YET)
CGR,1T,3,99.0,0.6,2.0,I: G_6 x T_b (T_b in mass^4),11.9897006593,0.00834049179722,report-only (stage NC FAIL: critical stage failed; no stage-NC value is used); report-only row; axisymmetric critical point; stability NOT COMPUTED (YET)
CGR,1T,3,99.0,0.6,4.0,II: G v^2 (dimensionless G mu),15.2974633213,0.00653703152606,report-only (stage NC FAIL: critical stage failed; no stage-NC value is used); report-only row; axisymmetric critical point; stability NOT COMPUTED (YET)
CGR,1T,3,99.0,0.6,4.0,I: G_6 x T_b (T_b in mass^4),15.2974633213,0.00653703152606,report-only (stage NC FAIL: critical stage failed; no stage-NC value is used); report-only row; axisymmetric critical point; stability NOT COMPUTED (YET)
CGR,1T,3,99.0,0.7,0.25,II: G v^2 (dimensionless G mu),6.01658246613,0.012465548411,report-only (stage NC FAIL: critical stage failed; no stage-NC value is used); axisymmetric critical point; stability NOT COMPUTED (YET)
CGR,1T,3,99.0,0.7,0.25,I: G_6 x T_b (T_b in mass^4),6.01658246613,0.012465548411,report-only (stage NC FAIL: critical stage failed; no stage-NC value is used); axisymmetric critical point; stability NOT COMPUTED (YET)
CGR,1T,3,99.0,0.7,0.5,II: G v^2 (dimensionless G mu),7.50380432532,0.00999493013789,report-only (stage NC FAIL: critical stage failed; no stage-NC value is used); axisymmetric critical point; stability NOT COMPUTED (YET)
CGR,1T,3,99.0,0.7,0.5,I: G_6 x T_b (T_b in mass^4),7.50380432532,0.00999493013789,report-only (stage NC FAIL: critical stage failed; no stage-NC value is used); axisymmetric critical point; stability NOT COMPUTED (YET)
CGR,1T,3,99.0,0.7,1.0,II: G v^2 (dimensionless G mu),9.42477796077,0.00795774715459,critical stage FAIL
CGR,1T,3,99.0,0.7,1.0,I: G_6 x T_b (T_b in mass^4),9.42477796077,0.00795774715459,critical stage FAIL
CGR,1T,3,99.0,0.7,2.0,II: G v^2 (dimensionless G mu),11.9004250517,0.00630229589902,report-only (stage NC FAIL: critical stage failed; no stage-NC value is used); report-only row; axisymmetric critical point; stability NOT COMPUTED (YET)
CGR,1T,3,99.0,0.7,2.0,I: G_6 x T_b (T_b in mass^4),11.9004250517,0.00630229589902,report-only (stage NC FAIL: critical stage failed; no stage-NC value is used); report-only row; axisymmetric critical point; stability NOT COMPUTED (YET)
CGR,1T,3,99.0,0.7,4.0,II: G v^2 (dimensionless G mu),15.0701327731,0.00497673120264,report-only (stage NC FAIL: critical stage failed; no stage-NC value is used); report-only row; axisymmetric critical point; stability NOT COMPUTED (YET)
CGR,1T,3,99.0,0.7,4.0,I: G_6 x T_b (T_b in mass^4),15.0701327731,0.00497673120264,report-only (stage NC FAIL: critical stage failed; no stage-NC value is used); report-only row; axisymmetric critical point; stability NOT COMPUTED (YET)
CGR,1T,3,99.0,0.8,0.25,II: G v^2 (dimensionless G mu),6.0984745708,0.00819877158124,report-only (stage NC FAIL: critical stage failed; no stage-NC value is used); axisymmetric critical point; stability NOT COMPUTED (YET)
CGR,1T,3,99.0,0.8,0.25,I: G_6 x T_b (T_b in mass^4),6.0984745708,0.00819877158124,report-only (stage NC FAIL: critical stage failed; no stage-NC value is used); axisymmetric critical point; stability NOT COMPUTED (YET)
CGR,1T,3,99.0,0.8,0.5,II: G v^2 (dimensionless G mu),7.55481790922,0.00661829320055,report-only (stage NC FAIL: critical stage failed; no stage-NC value is used); axisymmetric critical point; stability NOT COMPUTED (YET)
CGR,1T,3,99.0,0.8,0.5,I: G_6 x T_b (T_b in mass^4),7.55481790922,0.00661829320055,report-only (stage NC FAIL: critical stage failed; no stage-NC value is used); axisymmetric critical point; stability NOT COMPUTED (YET)
CGR,1T,3,99.0,0.8,1.0,II: G v^2 (dimensionless G mu),9.42477796077,0.00530516476973,critical stage FAIL
CGR,1T,3,99.0,0.8,1.0,I: G_6 x T_b (T_b in mass^4),9.42477796077,0.00530516476973,critical stage FAIL
CGR,1T,3,99.0,0.8,2.0,II: G v^2 (dimensionless G mu),11.8198455563,0.00423017371604,report-only (stage NC FAIL: critical stage failed; no stage-NC value is used); report-only row; axisymmetric critical point; stability NOT COMPUTED (YET)
CGR,1T,3,99.0,0.8,2.0,I: G_6 x T_b (T_b in mass^4),11.8198455563,0.00423017371604,report-only (stage NC FAIL: critical stage failed; no stage-NC value is used); report-only row; axisymmetric critical point; stability NOT COMPUTED (YET)
CGR,1T,3,99.0,0.8,4.0,II: G v^2 (dimensionless G mu),14.8661372567,0.0033633484702,report-only (stage NC FAIL: critical stage failed; no stage-NC value is used); report-only row; axisymmetric critical point; stability NOT COMPUTED (YET)
CGR,1T,3,99.0,0.8,4.0,I: G_6 x T_b (T_b in mass^4),14.8661372567,0.0033633484702,report-only (stage NC FAIL: critical stage failed; no stage-NC value is used); report-only row; axisymmetric critical point; stability NOT COMPUTED (YET)
CGR,1T,3,99.0,0.9,0.25,II: G v^2 (dimensionless G mu),6.17411339187,0.00404916437604,report-only (stage NC FAIL: critical stage failed; no stage-NC value is used); axisymmetric critical point; stability NOT COMPUTED (YET)
CGR,1T,3,99.0,0.9,0.25,I: G_6 x T_b (T_b in mass^4),6.17411339187,0.00404916437604,report-only (stage NC FAIL: critical stage failed; no stage-NC value is used); axisymmetric critical point; stability NOT COMPUTED (YET)
CGR,1T,3,99.0,0.9,0.5,II: G v^2 (dimensionless G mu),7.6017567517,0.00328871349302,report-only (stage NC FAIL: critical stage failed; no stage-NC value is used); axisymmetric critical point; stability NOT COMPUTED (YET)
CGR,1T,3,99.0,0.9,0.5,I: G_6 x T_b (T_b in mass^4),7.6017567517,0.00328871349302,report-only (stage NC FAIL: critical stage failed; no stage-NC value is used); axisymmetric critical point; stability NOT COMPUTED (YET)
CGR,1T,3,99.0,0.9,1.0,II: G v^2 (dimensionless G mu),9.42477796077,0.00265258238486,critical stage FAIL
CGR,1T,3,99.0,0.9,1.0,I: G_6 x T_b (T_b in mass^4),9.42477796077,0.00265258238486,critical stage FAIL
CGR,1T,3,99.0,0.9,2.0,II: G v^2 (dimensionless G mu),11.7463657811,0.00212831785302,report-only (stage NC FAIL: critical stage failed; no stage-NC value is used); report-only row; axisymmetric critical point; stability NOT COMPUTED (YET)
CGR,1T,3,99.0,0.9,2.0,I: G_6 x T_b (T_b in mass^4),11.7463657811,0.00212831785302,report-only (stage NC FAIL: critical stage failed; no stage-NC value is used); report-only row; axisymmetric critical point; stability NOT COMPUTED (YET)
CGR,1T,3,99.0,0.9,4.0,II: G v^2 (dimensionless G mu),14.6811240358,0.00170286688806,report-only (stage NC FAIL: critical stage failed; no stage-NC value is used); report-only row; axisymmetric critical point; stability NOT COMPUTED (YET)
CGR,1T,3,99.0,0.9,4.0,I: G_6 x T_b (T_b in mass^4),14.6811240358,0.00170286688806,report-only (stage NC FAIL: critical stage failed; no stage-NC value is used); report-only row; axisymmetric critical point; stability NOT COMPUTED (YET)
CGR,1T,3,99.0,1,0.25,II: G v^2 (dimensionless G mu),6.24448563283,0,report-only (stage NC FAIL: critical stage failed; no stage-NC value is used); axisymmetric critical point; stability NOT COMPUTED (YET)
CGR,1T,3,99.0,1,0.25,I: G_6 x T_b (T_b in mass^4),6.24448563283,0,report-only (stage NC FAIL: critical stage failed; no stage-NC value is used); axisymmetric critical point; stability NOT COMPUTED (YET)
CGR,1T,3,99.0,1,0.5,II: G v^2 (dimensionless G mu),7.64527161177,0,report-only (stage NC FAIL: critical stage failed; no stage-NC value is used); axisymmetric critical point; stability NOT COMPUTED (YET)
CGR,1T,3,99.0,1,0.5,I: G_6 x T_b (T_b in mass^4),7.64527161177,0,report-only (stage NC FAIL: critical stage failed; no stage-NC value is used); axisymmetric critical point; stability NOT COMPUTED (YET)
CGR,1T,3,99.0,1,1.0,II: G v^2 (dimensionless G mu),9.42477796077,0,critical stage FAIL
CGR,1T,3,99.0,1,1.0,I: G_6 x T_b (T_b in mass^4),9.42477796077,0,critical stage FAIL
CGR,1T,3,99.0,1,2.0,II: G v^2 (dimensionless G mu),11.6788190477,0,report-only (stage NC FAIL: critical stage failed; no stage-NC value is used); report-only row; axisymmetric critical point; stability NOT COMPUTED (YET)
CGR,1T,3,99.0,1,2.0,I: G_6 x T_b (T_b in mass^4),11.6788190477,0,report-only (stage NC FAIL: critical stage failed; no stage-NC value is used); report-only row; axisymmetric critical point; stability NOT COMPUTED (YET)
CGR,1T,3,99.0,1,4.0,II: G v^2 (dimensionless G mu),14.5119158619,0,report-only (stage NC FAIL: critical stage failed; no stage-NC value is used); report-only row; axisymmetric critical point; stability NOT COMPUTED (YET)
CGR,1T,3,99.0,1,4.0,I: G_6 x T_b (T_b in mass^4),14.5119158619,0,report-only (stage NC FAIL: critical stage failed; no stage-NC value is used); report-only row; axisymmetric critical point; stability NOT COMPUTED (YET)
CGR,1T,4,1.0,0.5,0.25,II: G v^2 (dimensionless G mu),6.28318530718,0.0198943678865,report-only (stage NC FAIL: critical stage failed; no stage-NC value is used); axisymmetric critical point; stability NOT COMPUTED (YET)
CGR,1T,4,1.0,0.5,0.25,I: G_6 x T_b (T_b in mass^4),6.28318530718,0.0198943678865,report-only (stage NC FAIL: critical stage failed; no stage-NC value is used); axisymmetric critical point; stability NOT COMPUTED (YET)
CGR,1T,4,1.0,0.5,0.5,II: G v^2 (dimensionless G mu),9.32058151876,0.0134111803806,report-only (stage NC FAIL: critical stage failed; no stage-NC value is used); axisymmetric critical point; stability NOT COMPUTED (YET)
CGR,1T,4,1.0,0.5,0.5,I: G_6 x T_b (T_b in mass^4),9.32058151876,0.0134111803806,report-only (stage NC FAIL: critical stage failed; no stage-NC value is used); axisymmetric critical point; stability NOT COMPUTED (YET)
CGR,1T,4,1.0,0.5,1.0,II: G v^2 (dimensionless G mu),12.5663706144,0.00994718394324,critical stage FAIL
CGR,1T,4,1.0,0.5,1.0,I: G_6 x T_b (T_b in mass^4),12.5663706144,0.00994718394324,critical stage FAIL
CGR,1T,4,1.0,0.5,2.0,II: G v^2 (dimensionless G mu),16.5540815354,0.00755100787277,report-only (stage NC FAIL: critical stage failed; no stage-NC value is used); report-only row; axisymmetric critical point; stability NOT COMPUTED (YET)
CGR,1T,4,1.0,0.5,2.0,I: G_6 x T_b (T_b in mass^4),16.5540815354,0.00755100787277,report-only (stage NC FAIL: critical stage failed; no stage-NC value is used); report-only row; axisymmetric critical point; stability NOT COMPUTED (YET)
CGR,1T,4,1.0,0.5,4.0,II: G v^2 (dimensionless G mu),21.6546857333,0.00577242272364,report-only (stage NC FAIL: critical stage failed; no stage-NC value is used); report-only row; axisymmetric critical point; stability NOT COMPUTED (YET)
CGR,1T,4,1.0,0.5,4.0,I: G_6 x T_b (T_b in mass^4),21.6546857333,0.00577242272364,report-only (stage NC FAIL: critical stage failed; no stage-NC value is used); report-only row; axisymmetric critical point; stability NOT COMPUTED (YET)
CGR,1T,4,1.0,0.6,0.25,II: G v^2 (dimensionless G mu),6.28318530718,0.0159154943092,report-only (stage NC FAIL: critical stage failed; no stage-NC value is used); axisymmetric critical point; stability NOT COMPUTED (YET)
CGR,1T,4,1.0,0.6,0.25,I: G_6 x T_b (T_b in mass^4),6.28318530718,0.0159154943092,report-only (stage NC FAIL: critical stage failed; no stage-NC value is used); axisymmetric critical point; stability NOT COMPUTED (YET)
CGR,1T,4,1.0,0.6,0.5,II: G v^2 (dimensionless G mu),9.34824218168,0.01069719826,report-only (stage NC FAIL: critical stage failed; no stage-NC value is used); axisymmetric critical point; stability NOT COMPUTED (YET)
CGR,1T,4,1.0,0.6,0.5,I: G_6 x T_b (T_b in mass^4),9.34824218168,0.01069719826,report-only (stage NC FAIL: critical stage failed; no stage-NC value is used); axisymmetric critical point; stability NOT COMPUTED (YET)
CGR,1T,4,1.0,0.6,1.0,II: G v^2 (dimensionless G mu),12.5663706144,0.00795774715459,critical stage FAIL
CGR,1T,4,1.0,0.6,1.0,I: G_6 x T_b (T_b in mass^4),12.5663706144,0.00795774715459,critical stage FAIL
CGR,1T,4,1.0,0.6,2.0,II: G v^2 (dimensionless G mu),16.4499484458,0.0060790464073,report-only (stage NC FAIL: critical stage failed; no stage-NC value is used); report-only row; axisymmetric critical point; stability NOT COMPUTED (YET)
CGR,1T,4,1.0,0.6,2.0,I: G_6 x T_b (T_b in mass^4),16.4499484458,0.0060790464073,report-only (stage NC FAIL: critical stage failed; no stage-NC value is used); report-only row; axisymmetric critical point; stability NOT COMPUTED (YET)
CGR,1T,4,1.0,0.6,4.0,II: G v^2 (dimensionless G mu),21.3670206455,0.0046801096727,report-only (stage NC FAIL: critical stage failed; no stage-NC value is used); report-only row; axisymmetric critical point; stability NOT COMPUTED (YET)
CGR,1T,4,1.0,0.6,4.0,I: G_6 x T_b (T_b in mass^4),21.3670206455,0.0046801096727,report-only (stage NC FAIL: critical stage failed; no stage-NC value is used); report-only row; axisymmetric critical point; stability NOT COMPUTED (YET)
CGR,1T,4,1.0,0.7,0.25,II: G v^2 (dimensionless G mu),6.28318530718,0.0119366207319,report-only (stage NC FAIL: critical stage failed; no stage-NC value is used); axisymmetric critical point; stability NOT COMPUTED (YET)
CGR,1T,4,1.0,0.7,0.25,I: G_6 x T_b (T_b in mass^4),6.28318530718,0.0119366207319,report-only (stage NC FAIL: critical stage failed; no stage-NC value is used); axisymmetric critical point; stability NOT COMPUTED (YET)
CGR,1T,4,1.0,0.7,0.5,II: G v^2 (dimensionless G mu),9.36985583461,0.00800439209779,report-only (stage NC FAIL: critical stage failed; no stage-NC value is used); axisymmetric critical point; stability NOT COMPUTED (YET)
CGR,1T,4,1.0,0.7,0.5,I: G_6 x T_b (T_b in mass^4),9.36985583461,0.00800439209779,report-only (stage NC FAIL: critical stage failed; no stage-NC value is used); axisymmetric critical point; stability NOT COMPUTED (YET)
CGR,1T,4,1.0,0.7,1.0,II: G v^2 (dimensionless G mu),12.5663706144,0.00596831036595,critical stage FAIL
CGR,1T,4,1.0,0.7,1.0,I: G_6 x T_b (T_b in mass^4),12.5663706144,0.00596831036595,critical stage FAIL
CGR,1T,4,1.0,0.7,2.0,II: G v^2 (dimensionless G mu),16.3565442528,0.00458532064236,report-only (stage NC FAIL: critical stage failed; no stage-NC value is used); report-only row; axisymmetric critical point; stability NOT COMPUTED (YET)
CGR,1T,4,1.0,0.7,2.0,I: G_6 x T_b (T_b in mass^4),16.3565442528,0.00458532064236,report-only (stage NC FAIL: critical stage failed; no stage-NC value is used); report-only row; axisymmetric critical point; stability NOT COMPUTED (YET)
CGR,1T,4,1.0,0.7,4.0,II: G v^2 (dimensionless G mu),21.1102218178,0.0035527812378,report-only (stage NC FAIL: critical stage failed; no stage-NC value is used); report-only row; axisymmetric critical point; stability NOT COMPUTED (YET)
CGR,1T,4,1.0,0.7,4.0,I: G_6 x T_b (T_b in mass^4),21.1102218178,0.0035527812378,report-only (stage NC FAIL: critical stage failed; no stage-NC value is used); report-only row; axisymmetric critical point; stability NOT COMPUTED (YET)
CGR,1T,4,1.0,0.8,0.25,II: G v^2 (dimensionless G mu),6.28318530718,0.00795774715459,report-only (stage NC FAIL: critical stage failed; no stage-NC value is used); axisymmetric critical point; stability NOT COMPUTED (YET)
CGR,1T,4,1.0,0.8,0.25,I: G_6 x T_b (T_b in mass^4),6.28318530718,0.00795774715459,report-only (stage NC FAIL: critical stage failed; no stage-NC value is used); axisymmetric critical point; stability NOT COMPUTED (YET)
CGR,1T,4,1.0,0.8,0.5,II: G v^2 (dimensionless G mu),9.38653681407,0.00532677823466,report-only (stage NC FAIL: critical stage failed; no stage-NC value is used); axisymmetric critical point; stability NOT COMPUTED (YET)
CGR,1T,4,1.0,0.8,0.5,I: G_6 x T_b (T_b in mass^4),9.38653681407,0.00532677823466,report-only (stage NC FAIL: critical stage failed; no stage-NC value is used); axisymmetric critical point; stability NOT COMPUTED (YET)
CGR,1T,4,1.0,0.8,1.0,II: G v^2 (dimensionless G mu),12.5663706144,0.0039788735773,critical stage FAIL
CGR,1T,4,1.0,0.8,1.0,I: G_6 x T_b (T_b in mass^4),12.5663706144,0.0039788735773,critical stage FAIL
CGR,1T,4,1.0,0.8,2.0,II: G v^2 (dimensionless G mu),16.2717037975,0.00307281896366,report-only (stage NC FAIL: critical stage failed; no stage-NC value is used); report-only row; axisymmetric critical point; stability NOT COMPUTED (YET)
CGR,1T,4,1.0,0.8,2.0,I: G_6 x T_b (T_b in mass^4),16.2717037975,0.00307281896366,report-only (stage NC FAIL: critical stage failed; no stage-NC value is used); report-only row; axisymmetric critical point; stability NOT COMPUTED (YET)
CGR,1T,4,1.0,0.8,4.0,II: G v^2 (dimensionless G mu),20.8779387737,0.00239487243171,report-only (stage NC FAIL: critical stage failed; no stage-NC value is used); report-only row; axisymmetric critical point; stability NOT COMPUTED (YET)
CGR,1T,4,1.0,0.8,4.0,I: G_6 x T_b (T_b in mass^4),20.8779387737,0.00239487243171,report-only (stage NC FAIL: critical stage failed; no stage-NC value is used); report-only row; axisymmetric critical point; stability NOT COMPUTED (YET)
CGR,1T,4,1.0,0.9,0.25,II: G v^2 (dimensionless G mu),6.28318530718,0.0039788735773,report-only (stage NC FAIL: critical stage failed; no stage-NC value is used); axisymmetric critical point; stability NOT COMPUTED (YET)
CGR,1T,4,1.0,0.9,0.25,I: G_6 x T_b (T_b in mass^4),6.28318530718,0.0039788735773,report-only (stage NC FAIL: critical stage failed; no stage-NC value is used); axisymmetric critical point; stability NOT COMPUTED (YET)
CGR,1T,4,1.0,0.9,0.5,II: G v^2 (dimensionless G mu),9.39916804632,0.00265980987645,report-only (stage NC FAIL: critical stage failed; no stage-NC value is used); axisymmetric critical point; stability NOT COMPUTED (YET)
CGR,1T,4,1.0,0.9,0.5,I: G_6 x T_b (T_b in mass^4),9.39916804632,0.00265980987645,report-only (stage NC FAIL: critical stage failed; no stage-NC value is used); axisymmetric critical point; stability NOT COMPUTED (YET)
CGR,1T,4,1.0,0.9,1.0,II: G v^2 (dimensionless G mu),12.5663706144,0.00198943678865,critical stage FAIL
CGR,1T,4,1.0,0.9,1.0,I: G_6 x T_b (T_b in mass^4),12.5663706144,0.00198943678865,critical stage FAIL
CGR,1T,4,1.0,0.9,2.0,II: G v^2 (dimensionless G mu),16.193913079,0.00154378993379,report-only (stage NC FAIL: critical stage failed; no stage-NC value is used); report-only row; axisymmetric critical point; stability NOT COMPUTED (YET)
CGR,1T,4,1.0,0.9,2.0,I: G_6 x T_b (T_b in mass^4),16.193913079,0.00154378993379,report-only (stage NC FAIL: critical stage failed; no stage-NC value is used); report-only row; axisymmetric critical point; stability NOT COMPUTED (YET)
CGR,1T,4,1.0,0.9,4.0,II: G v^2 (dimensionless G mu),20.6657357407,0.00120973191149,report-only (stage NC FAIL: critical stage failed; no stage-NC value is used); report-only row; axisymmetric critical point; stability NOT COMPUTED (YET)
CGR,1T,4,1.0,0.9,4.0,I: G_6 x T_b (T_b in mass^4),20.6657357407,0.00120973191149,report-only (stage NC FAIL: critical stage failed; no stage-NC value is used); report-only row; axisymmetric critical point; stability NOT COMPUTED (YET)
CGR,1T,4,1.0,1,0.25,II: G v^2 (dimensionless G mu),NOT COMPUTED (YET),NOT COMPUTED (YET),"n/a (normal state) [normal state: exact solution, linearly stable for B > κ/2, marginal at B = κ/2; whether a vortex branch coexists (κ < 1, subcritical) is NOT COMPUTED (YET)] [by construction; not a test] [Venus 20:44]; normal-state energy (not a vortex value) = 6.28318530718"
CGR,1T,4,1.0,1,0.25,I: G_6 x T_b (T_b in mass^4),NOT COMPUTED (YET),NOT COMPUTED (YET),"n/a (normal state) [normal state: exact solution, linearly stable for B > κ/2, marginal at B = κ/2; whether a vortex branch coexists (κ < 1, subcritical) is NOT COMPUTED (YET)] [by construction; not a test] [Venus 20:44]; normal-state energy (not a vortex value) = 6.28318530718"
CGR,1T,4,1.0,1,0.5,II: G v^2 (dimensionless G mu),NOT COMPUTED (YET),NOT COMPUTED (YET),"n/a (normal state) [normal state: exact solution, linearly stable for B > κ/2, marginal at B = κ/2; whether a vortex branch coexists (κ < 1, subcritical) is NOT COMPUTED (YET)] [by construction; not a test] [Venus 20:44]; normal-state energy (not a vortex value) = 9.42477796077"
CGR,1T,4,1.0,1,0.5,I: G_6 x T_b (T_b in mass^4),NOT COMPUTED (YET),NOT COMPUTED (YET),"n/a (normal state) [normal state: exact solution, linearly stable for B > κ/2, marginal at B = κ/2; whether a vortex branch coexists (κ < 1, subcritical) is NOT COMPUTED (YET)] [by construction; not a test] [Venus 20:44]; normal-state energy (not a vortex value) = 9.42477796077"
CGR,1T,4,1.0,1,1.0,II: G v^2 (dimensionless G mu),12.5663706144,0,critical stage FAIL
CGR,1T,4,1.0,1,1.0,I: G_6 x T_b (T_b in mass^4),12.5663706144,0,critical stage FAIL
CGR,1T,4,1.0,1,2.0,II: G v^2 (dimensionless G mu),16.1220623515,0,report-only (stage NC FAIL: critical stage failed; no stage-NC value is used); report-only row; axisymmetric critical point; stability NOT COMPUTED (YET)
CGR,1T,4,1.0,1,2.0,I: G_6 x T_b (T_b in mass^4),16.1220623515,0,report-only (stage NC FAIL: critical stage failed; no stage-NC value is used); report-only row; axisymmetric critical point; stability NOT COMPUTED (YET)
CGR,1T,4,1.0,1,4.0,II: G v^2 (dimensionless G mu),20.4703658506,0,report-only (stage NC FAIL: critical stage failed; no stage-NC value is used); report-only row; axisymmetric critical point; stability NOT COMPUTED (YET)
CGR,1T,4,1.0,1,4.0,I: G_6 x T_b (T_b in mass^4),20.4703658506,0,report-only (stage NC FAIL: critical stage failed; no stage-NC value is used); report-only row; axisymmetric critical point; stability NOT COMPUTED (YET)
CGR,1T,4,24.0,0.5,0.25,II: G v^2 (dimensionless G mu),7.54283660923,0.0165720148103,report-only (stage NC FAIL: critical stage failed; no stage-NC value is used); axisymmetric critical point; stability NOT COMPUTED (YET)
CGR,1T,4,24.0,0.5,0.25,I: G_6 x T_b (T_b in mass^4),7.54283660923,0.0165720148103,report-only (stage NC FAIL: critical stage failed; no stage-NC value is used); axisymmetric critical point; stability NOT COMPUTED (YET)
CGR,1T,4,24.0,0.5,0.5,II: G v^2 (dimensionless G mu),9.71134138909,0.012871548326,report-only (stage NC FAIL: critical stage failed; no stage-NC value is used); axisymmetric critical point; stability NOT COMPUTED (YET)
CGR,1T,4,24.0,0.5,0.5,I: G_6 x T_b (T_b in mass^4),9.71134138909,0.012871548326,report-only (stage NC FAIL: critical stage failed; no stage-NC value is used); axisymmetric critical point; stability NOT COMPUTED (YET)
CGR,1T,4,24.0,0.5,1.0,II: G v^2 (dimensionless G mu),12.5663706144,0.00994718394324,critical stage FAIL
CGR,1T,4,24.0,0.5,1.0,I: G_6 x T_b (T_b in mass^4),12.5663706144,0.00994718394324,critical stage FAIL
CGR,1T,4,24.0,0.5,2.0,II: G v^2 (dimensionless G mu),16.3279243211,0.00765559648255,report-only (stage NC FAIL: critical stage failed; no stage-NC value is used); report-only row; axisymmetric critical point; stability NOT COMPUTED (YET)
CGR,1T,4,24.0,0.5,2.0,I: G_6 x T_b (T_b in mass^4),16.3279243211,0.00765559648255,report-only (stage NC FAIL: critical stage failed; no stage-NC value is used); report-only row; axisymmetric critical point; stability NOT COMPUTED (YET)
CGR,1T,4,24.0,0.5,4.0,II: G v^2 (dimensionless G mu),21.2661251232,0.00587789262387,report-only (stage NC FAIL: critical stage failed; no stage-NC value is used); report-only row; axisymmetric critical point; stability NOT COMPUTED (YET)
CGR,1T,4,24.0,0.5,4.0,I: G_6 x T_b (T_b in mass^4),21.2661251232,0.00587789262387,report-only (stage NC FAIL: critical stage failed; no stage-NC value is used); report-only row; axisymmetric critical point; stability NOT COMPUTED (YET)
CGR,1T,4,24.0,0.6,0.25,II: G v^2 (dimensionless G mu),7.65654120722,0.013060727722,report-only (stage NC FAIL: critical stage failed; no stage-NC value is used); axisymmetric critical point; stability NOT COMPUTED (YET)
CGR,1T,4,24.0,0.6,0.25,I: G_6 x T_b (T_b in mass^4),7.65654120722,0.013060727722,report-only (stage NC FAIL: critical stage failed; no stage-NC value is used); axisymmetric critical point; stability NOT COMPUTED (YET)
CGR,1T,4,24.0,0.6,0.5,II: G v^2 (dimensionless G mu),9.78411325522,0.0102206502921,report-only (stage NC FAIL: critical stage failed; no stage-NC value is used); axisymmetric critical point; stability NOT COMPUTED (YET)
CGR,1T,4,24.0,0.6,0.5,I: G_6 x T_b (T_b in mass^4),9.78411325522,0.0102206502921,report-only (stage NC FAIL: critical stage failed; no stage-NC value is used); axisymmetric critical point; stability NOT COMPUTED (YET)
CGR,1T,4,24.0,0.6,1.0,II: G v^2 (dimensionless G mu),12.5663706144,0.00795774715459,critical stage FAIL
CGR,1T,4,24.0,0.6,1.0,I: G_6 x T_b (T_b in mass^4),12.5663706144,0.00795774715459,critical stage FAIL
CGR,1T,4,24.0,0.6,2.0,II: G v^2 (dimensionless G mu),16.2074196257,0.00617001363013,report-only (stage NC FAIL: critical stage failed; no stage-NC value is used); report-only row; axisymmetric critical point; stability NOT COMPUTED (YET)
CGR,1T,4,24.0,0.6,2.0,I: G_6 x T_b (T_b in mass^4),16.2074196257,0.00617001363013,report-only (stage NC FAIL: critical stage failed; no stage-NC value is used); report-only row; axisymmetric critical point; stability NOT COMPUTED (YET)
CGR,1T,4,24.0,0.6,4.0,II: G v^2 (dimensionless G mu),20.9535283698,0.00477246591768,report-only (stage NC FAIL: critical stage failed; no stage-NC value is used); report-only row; axisymmetric critical point; stability NOT COMPUTED (YET)
CGR,1T,4,24.0,0.6,4.0,I: G_6 x T_b (T_b in mass^4),20.9535283698,0.00477246591768,report-only (stage NC FAIL: critical stage failed; no stage-NC value is used); report-only row; axisymmetric critical point; stability NOT COMPUTED (YET)
CGR,1T,4,24.0,0.7,0.25,II: G v^2 (dimensionless G mu),7.75969780593,0.00966532484586,report-only (stage NC FAIL: critical stage failed; no stage-NC value is used); axisymmetric critical point; stability NOT COMPUTED (YET)
CGR,1T,4,24.0,0.7,0.25,I: G_6 x T_b (T_b in mass^4),7.75969780593,0.00966532484586,report-only (stage NC FAIL: critical stage failed; no stage-NC value is used); axisymmetric critical point; stability NOT COMPUTED (YET)
CGR,1T,4,24.0,0.7,0.5,II: G v^2 (dimensionless G mu),9.84989194115,0.00761429673017,report-only (stage NC FAIL: critical stage failed; no stage-NC value is used); axisymmetric critical point; stability NOT COMPUTED (YET)
CGR,1T,4,24.0,0.7,0.5,I: G_6 x T_b (T_b in mass^4),9.84989194115,0.00761429673017,report-only (stage NC FAIL: critical stage failed; no stage-NC value is used); axisymmetric critical point; stability NOT COMPUTED (YET)
CGR,1T,4,24.0,0.7,1.0,II: G v^2 (dimensionless G mu),12.5663706144,0.00596831036595,critical stage FAIL
CGR,1T,4,24.0,0.7,1.0,I: G_6 x T_b (T_b in mass^4),12.5663706144,0.00596831036595,critical stage FAIL
CGR,1T,4,24.0,0.7,2.0,II: G v^2 (dimensionless G mu),16.0994658441,0.00465853965134,report-only (stage NC FAIL: critical stage failed; no stage-NC value is used); report-only row; axisymmetric critical point; stability NOT COMPUTED (YET)
CGR,1T,4,24.0,0.7,2.0,I: G_6 x T_b (T_b in mass^4),16.0994658441,0.00465853965134,report-only (stage NC FAIL: critical stage failed; no stage-NC value is used); report-only row; axisymmetric critical point; stability NOT COMPUTED (YET)
CGR,1T,4,24.0,0.7,4.0,II: G v^2 (dimensionless G mu),20.6750069214,0.003627568314,report-only (stage NC FAIL: critical stage failed; no stage-NC value is used); report-only row; axisymmetric critical point; stability NOT COMPUTED (YET)
CGR,1T,4,24.0,0.7,4.0,I: G_6 x T_b (T_b in mass^4),20.6750069214,0.003627568314,report-only (stage NC FAIL: critical stage failed; no stage-NC value is used); report-only row; axisymmetric critical point; stability NOT COMPUTED (YET)
CGR,1T,4,24.0,0.8,0.25,II: G v^2 (dimensionless G mu),7.85444333855,0.00636582350205,report-only (stage NC FAIL: critical stage failed; no stage-NC value is used); axisymmetric critical point; stability NOT COMPUTED (YET)
CGR,1T,4,24.0,0.8,0.25,I: G_6 x T_b (T_b in mass^4),7.85444333855,0.00636582350205,report-only (stage NC FAIL: critical stage failed; no stage-NC value is used); axisymmetric critical point; stability NOT COMPUTED (YET)
CGR,1T,4,24.0,0.8,0.5,II: G v^2 (dimensionless G mu),9.91010409924,0.00504535567935,report-only (stage NC FAIL: critical stage failed; no stage-NC value is used); axisymmetric critical point; stability NOT COMPUTED (YET)
CGR,1T,4,24.0,0.8,0.5,I: G_6 x T_b (T_b in mass^4),9.91010409924,0.00504535567935,report-only (stage NC FAIL: critical stage failed; no stage-NC value is used); axisymmetric critical point; stability NOT COMPUTED (YET)
CGR,1T,4,24.0,0.8,1.0,II: G v^2 (dimensionless G mu),12.5663706144,0.0039788735773,critical stage FAIL
CGR,1T,4,24.0,0.8,1.0,I: G_6 x T_b (T_b in mass^4),12.5663706144,0.0039788735773,critical stage FAIL
CGR,1T,4,24.0,0.8,2.0,II: G v^2 (dimensionless G mu),16.0014628432,0.00312471431456,report-only (stage NC FAIL: critical stage failed; no stage-NC value is used); report-only row; axisymmetric critical point; stability NOT COMPUTED (YET)
CGR,1T,4,24.0,0.8,2.0,I: G_6 x T_b (T_b in mass^4),16.0014628432,0.00312471431456,report-only (stage NC FAIL: critical stage failed; no stage-NC value is used); report-only row; axisymmetric critical point; stability NOT COMPUTED (YET)
CGR,1T,4,24.0,0.8,4.0,II: G v^2 (dimensionless G mu),20.4234318907,0.00244816837187,report-only (stage NC FAIL: critical stage failed; no stage-NC value is used); report-only row; axisymmetric critical point; stability NOT COMPUTED (YET)
CGR,1T,4,24.0,0.8,4.0,I: G_6 x T_b (T_b in mass^4),20.4234318907,0.00244816837187,report-only (stage NC FAIL: critical stage failed; no stage-NC value is used); report-only row; axisymmetric critical point; stability NOT COMPUTED (YET)
CGR,1T,4,24.0,0.9,0.25,II: G v^2 (dimensionless G mu),7.94226955273,0.00314771487344,report-only (stage NC FAIL: critical stage failed; no stage-NC value is used); axisymmetric critical point; stability NOT COMPUTED (YET)
CGR,1T,4,24.0,0.9,0.25,I: G_6 x T_b (T_b in mass^4),7.94226955273,0.00314771487344,report-only (stage NC FAIL: critical stage failed; no stage-NC value is used); axisymmetric critical point; stability NOT COMPUTED (YET)
CGR,1T,4,24.0,0.9,0.5,II: G v^2 (dimensionless G mu),9.9657450385,0.00250859317627,report-only (stage NC FAIL: critical stage failed; no stage-NC value is used); axisymmetric critical point; stability NOT COMPUTED (YET)
CGR,1T,4,24.0,0.9,0.5,I: G_6 x T_b (T_b in mass^4),9.9657450385,0.00250859317627,report-only (stage NC FAIL: critical stage failed; no stage-NC value is used); axisymmetric critical point; stability NOT COMPUTED (YET)
CGR,1T,4,24.0,0.9,1.0,II: G v^2 (dimensionless G mu),12.5663706144,0.00198943678865,critical stage FAIL
CGR,1T,4,24.0,0.9,1.0,I: G_6 x T_b (T_b in mass^4),12.5663706144,0.00198943678865,critical stage FAIL
CGR,1T,4,24.0,0.9,2.0,II: G v^2 (dimensionless G mu),15.9115984541,0.00157118092642,report-only (stage NC FAIL: critical stage failed; no stage-NC value is used); report-only row; axisymmetric critical point; stability NOT COMPUTED (YET)
CGR,1T,4,24.0,0.9,2.0,I: G_6 x T_b (T_b in mass^4),15.9115984541,0.00157118092642,report-only (stage NC FAIL: critical stage failed; no stage-NC value is used); report-only row; axisymmetric critical point; stability NOT COMPUTED (YET)
CGR,1T,4,24.0,0.9,4.0,II: G v^2 (dimensionless G mu),20.1938376842,0.00123800143345,report-only (stage NC FAIL: critical stage failed; no stage-NC value is used); report-only row; axisymmetric critical point; stability NOT COMPUTED (YET)
CGR,1T,4,24.0,0.9,4.0,I: G_6 x T_b (T_b in mass^4),20.1938376842,0.00123800143345,report-only (stage NC FAIL: critical stage failed; no stage-NC value is used); report-only row; axisymmetric critical point; stability NOT COMPUTED (YET)
CGR,1T,4,24.0,1,0.25,II: G v^2 (dimensionless G mu),8.02426796669,0,report-only (stage NC FAIL: critical stage failed; no stage-NC value is used); axisymmetric critical point; stability NOT COMPUTED (YET)
CGR,1T,4,24.0,1,0.25,I: G_6 x T_b (T_b in mass^4),8.02426796669,0,report-only (stage NC FAIL: critical stage failed; no stage-NC value is used); axisymmetric critical point; stability NOT COMPUTED (YET)
CGR,1T,4,24.0,1,0.5,II: G v^2 (dimensionless G mu),10.0175425914,0,report-only (stage NC FAIL: critical stage failed; no stage-NC value is used); axisymmetric critical point; stability NOT COMPUTED (YET)
CGR,1T,4,24.0,1,0.5,I: G_6 x T_b (T_b in mass^4),10.0175425914,0,report-only (stage NC FAIL: critical stage failed; no stage-NC value is used); axisymmetric critical point; stability NOT COMPUTED (YET)
CGR,1T,4,24.0,1,1.0,II: G v^2 (dimensionless G mu),12.5663706144,0,critical stage FAIL
CGR,1T,4,24.0,1,1.0,I: G_6 x T_b (T_b in mass^4),12.5663706144,0,critical stage FAIL
CGR,1T,4,24.0,1,2.0,II: G v^2 (dimensionless G mu),15.8285489249,0,report-only (stage NC FAIL: critical stage failed; no stage-NC value is used); report-only row; axisymmetric critical point; stability NOT COMPUTED (YET)
CGR,1T,4,24.0,1,2.0,I: G_6 x T_b (T_b in mass^4),15.8285489249,0,report-only (stage NC FAIL: critical stage failed; no stage-NC value is used); report-only row; axisymmetric critical point; stability NOT COMPUTED (YET)
CGR,1T,4,24.0,1,4.0,II: G v^2 (dimensionless G mu),19.9825994906,0,report-only (stage NC FAIL: critical stage failed; no stage-NC value is used); report-only row; axisymmetric critical point; stability NOT COMPUTED (YET)
CGR,1T,4,24.0,1,4.0,I: G_6 x T_b (T_b in mass^4),19.9825994906,0,report-only (stage NC FAIL: critical stage failed; no stage-NC value is used); report-only row; axisymmetric critical point; stability NOT COMPUTED (YET)
CGR,1T,4,4.0,0.5,0.25,II: G v^2 (dimensionless G mu),7.29407507577,0.0171371967935,report-only (stage NC FAIL: critical stage failed; no stage-NC value is used); axisymmetric critical point; stability NOT COMPUTED (YET)
CGR,1T,4,4.0,0.5,0.25,I: G_6 x T_b (T_b in mass^4),7.29407507577,0.0171371967935,report-only (stage NC FAIL: critical stage failed; no stage-NC value is used); axisymmetric critical point; stability NOT COMPUTED (YET)
CGR,1T,4,4.0,0.5,0.5,II: G v^2 (dimensionless G mu),9.61223978778,0.013004253198,report-only (stage NC FAIL: critical stage failed; no stage-NC value is used); axisymmetric critical point; stability NOT COMPUTED (YET)
CGR,1T,4,4.0,0.5,0.5,I: G_6 x T_b (T_b in mass^4),9.61223978778,0.013004253198,report-only (stage NC FAIL: critical stage failed; no stage-NC value is used); axisymmetric critical point; stability NOT COMPUTED (YET)
CGR,1T,4,4.0,0.5,1.0,II: G v^2 (dimensionless G mu),12.5663706144,0.00994718394324,critical stage FAIL
CGR,1T,4,4.0,0.5,1.0,I: G_6 x T_b (T_b in mass^4),12.5663706144,0.00994718394324,critical stage FAIL
CGR,1T,4,4.0,0.5,2.0,II: G v^2 (dimensionless G mu),16.4001026224,0.00762190352573,report-only (stage NC FAIL: critical stage failed; no stage-NC value is used); report-only row; axisymmetric critical point; stability NOT COMPUTED (YET)
CGR,1T,4,4.0,0.5,2.0,I: G_6 x T_b (T_b in mass^4),16.4001026224,0.00762190352573,report-only (stage NC FAIL: critical stage failed; no stage-NC value is used); report-only row; axisymmetric critical point; stability NOT COMPUTED (YET)
CGR,1T,4,4.0,0.5,4.0,II: G v^2 (dimensionless G mu),21.3938258619,0.00584280721022,report-only (stage NC FAIL: critical stage failed; no stage-NC value is used); report-only row; axisymmetric critical point; stability NOT COMPUTED (YET)
CGR,1T,4,4.0,0.5,4.0,I: G_6 x T_b (T_b in mass^4),21.3938258619,0.00584280721022,report-only (stage NC FAIL: critical stage failed; no stage-NC value is used); report-only row; axisymmetric critical point; stability NOT COMPUTED (YET)
CGR,1T,4,4.0,0.6,0.25,II: G v^2 (dimensionless G mu),7.3827804438,0.0135450323575,report-only (stage NC FAIL: critical stage failed; no stage-NC value is used); axisymmetric critical point; stability NOT COMPUTED (YET)
CGR,1T,4,4.0,0.6,0.25,I: G_6 x T_b (T_b in mass^4),7.3827804438,0.0135450323575,report-only (stage NC FAIL: critical stage failed; no stage-NC value is used); axisymmetric critical point; stability NOT COMPUTED (YET)
CGR,1T,4,4.0,0.6,0.5,II: G v^2 (dimensionless G mu),9.67649561437,0.010334319777,report-only (stage NC FAIL: critical stage failed; no stage-NC value is used); axisymmetric critical point; stability NOT COMPUTED (YET)
CGR,1T,4,4.0,0.6,0.5,I: G_6 x T_b (T_b in mass^4),9.67649561437,0.010334319777,report-only (stage NC FAIL: critical stage failed; no stage-NC value is used); axisymmetric critical point; stability NOT COMPUTED (YET)
CGR,1T,4,4.0,0.6,1.0,II: G v^2 (dimensionless G mu),12.5663706144,0.00795774715459,critical stage FAIL
CGR,1T,4,4.0,0.6,1.0,I: G_6 x T_b (T_b in mass^4),12.5663706144,0.00795774715459,critical stage FAIL
CGR,1T,4,4.0,0.6,2.0,II: G v^2 (dimensionless G mu),16.2845690772,0.00614078269592,report-only (stage NC FAIL: critical stage failed; no stage-NC value is used); report-only row; axisymmetric critical point; stability NOT COMPUTED (YET)
CGR,1T,4,4.0,0.6,2.0,I: G_6 x T_b (T_b in mass^4),16.2845690772,0.00614078269592,report-only (stage NC FAIL: critical stage failed; no stage-NC value is used); report-only row; axisymmetric critical point; stability NOT COMPUTED (YET)
CGR,1T,4,4.0,0.6,4.0,II: G v^2 (dimensionless G mu),21.0891167411,0.00474178227697,report-only (stage NC FAIL: critical stage failed; no stage-NC value is used); report-only row; axisymmetric critical point; stability NOT COMPUTED (YET)
CGR,1T,4,4.0,0.6,4.0,I: G_6 x T_b (T_b in mass^4),21.0891167411,0.00474178227697,report-only (stage NC FAIL: critical stage failed; no stage-NC value is used); report-only row; axisymmetric critical point; stability NOT COMPUTED (YET)
CGR,1T,4,4.0,0.7,0.25,II: G v^2 (dimensionless G mu),7.46241090664,0.0100503712457,report-only (stage NC FAIL: critical stage failed; no stage-NC value is used); axisymmetric critical point; stability NOT COMPUTED (YET)
CGR,1T,4,4.0,0.7,0.25,I: G_6 x T_b (T_b in mass^4),7.46241090664,0.0100503712457,report-only (stage NC FAIL: critical stage failed; no stage-NC value is used); axisymmetric critical point; stability NOT COMPUTED (YET)
CGR,1T,4,4.0,0.7,0.5,II: G v^2 (dimensionless G mu),9.73452687413,0.00770453469077,report-only (stage NC FAIL: critical stage failed; no stage-NC value is used); axisymmetric critical point; stability NOT COMPUTED (YET)
CGR,1T,4,4.0,0.7,0.5,I: G_6 x T_b (T_b in mass^4),9.73452687413,0.00770453469077,report-only (stage NC FAIL: critical stage failed; no stage-NC value is used); axisymmetric critical point; stability NOT COMPUTED (YET)
CGR,1T,4,4.0,0.7,1.0,II: G v^2 (dimensionless G mu),12.5663706144,0.00596831036595,critical stage FAIL
CGR,1T,4,4.0,0.7,1.0,I: G_6 x T_b (T_b in mass^4),12.5663706144,0.00596831036595,critical stage FAIL
CGR,1T,4,4.0,0.7,2.0,II: G v^2 (dimensionless G mu),16.180971891,0.0046350738698,report-only (stage NC FAIL: critical stage failed; no stage-NC value is used); report-only row; axisymmetric critical point; stability NOT COMPUTED (YET)
CGR,1T,4,4.0,0.7,2.0,I: G_6 x T_b (T_b in mass^4),16.180971891,0.0046350738698,report-only (stage NC FAIL: critical stage failed; no stage-NC value is used); report-only row; axisymmetric critical point; stability NOT COMPUTED (YET)
CGR,1T,4,4.0,0.7,4.0,II: G v^2 (dimensionless G mu),20.8173926991,0.00360275665085,report-only (stage NC FAIL: critical stage failed; no stage-NC value is used); report-only row; axisymmetric critical point; stability NOT COMPUTED (YET)
CGR,1T,4,4.0,0.7,4.0,I: G_6 x T_b (T_b in mass^4),20.8173926991,0.00360275665085,report-only (stage NC FAIL: critical stage failed; no stage-NC value is used); report-only row; axisymmetric critical point; stability NOT COMPUTED (YET)
CGR,1T,4,4.0,0.8,0.25,II: G v^2 (dimensionless G mu),7.53469905871,0.00663596510098,report-only (stage NC FAIL: critical stage failed; no stage-NC value is used); axisymmetric critical point; stability NOT COMPUTED (YET)
CGR,1T,4,4.0,0.8,0.25,I: G_6 x T_b (T_b in mass^4),7.53469905871,0.00663596510098,report-only (stage NC FAIL: critical stage failed; no stage-NC value is used); axisymmetric critical point; stability NOT COMPUTED (YET)
CGR,1T,4,4.0,0.8,0.5,II: G v^2 (dimensionless G mu),9.78758675635,0.00510851155087,report-only (stage NC FAIL: critical stage failed; no stage-NC value is used); axisymmetric critical point; stability NOT COMPUTED (YET)
CGR,1T,4,4.0,0.8,0.5,I: G_6 x T_b (T_b in mass^4),9.78758675635,0.00510851155087,report-only (stage NC FAIL: critical stage failed; no stage-NC value is used); axisymmetric critical point; stability NOT COMPUTED (YET)
CGR,1T,4,4.0,0.8,1.0,II: G v^2 (dimensionless G mu),12.5663706144,0.0039788735773,critical stage FAIL
CGR,1T,4,4.0,0.8,1.0,I: G_6 x T_b (T_b in mass^4),12.5663706144,0.0039788735773,critical stage FAIL
CGR,1T,4,4.0,0.8,2.0,II: G v^2 (dimensionless G mu),16.086852404,0.00310812822449,report-only (stage NC FAIL: critical stage failed; no stage-NC value is used); report-only row; axisymmetric critical point; stability NOT COMPUTED (YET)
CGR,1T,4,4.0,0.8,2.0,I: G_6 x T_b (T_b in mass^4),16.086852404,0.00310812822449,report-only (stage NC FAIL: critical stage failed; no stage-NC value is used); report-only row; axisymmetric critical point; stability NOT COMPUTED (YET)
CGR,1T,4,4.0,0.8,4.0,II: G v^2 (dimensionless G mu),20.5717844689,0.00243051350628,report-only (stage NC FAIL: critical stage failed; no stage-NC value is used); report-only row; axisymmetric critical point; stability NOT COMPUTED (YET)
CGR,1T,4,4.0,0.8,4.0,I: G_6 x T_b (T_b in mass^4),20.5717844689,0.00243051350628,report-only (stage NC FAIL: critical stage failed; no stage-NC value is used); report-only row; axisymmetric critical point; stability NOT COMPUTED (YET)
CGR,1T,4,4.0,0.9,0.25,II: G v^2 (dimensionless G mu),7.60085866845,0.00328910207261,report-only (stage NC FAIL: critical stage failed; no stage-NC value is used); axisymmetric critical point; stability NOT COMPUTED (YET)
CGR,1T,4,4.0,0.9,0.25,I: G_6 x T_b (T_b in mass^4),7.60085866845,0.00328910207261,report-only (stage NC FAIL: critical stage failed; no stage-NC value is used); axisymmetric critical point; stability NOT COMPUTED (YET)
CGR,1T,4,4.0,0.9,0.5,II: G v^2 (dimensionless G mu),9.83655041752,0.00254154138787,report-only (stage NC FAIL: critical stage failed; no stage-NC value is used); axisymmetric critical point; stability NOT COMPUTED (YET)
CGR,1T,4,4.0,0.9,0.5,I: G_6 x T_b (T_b in mass^4),9.83655041752,0.00254154138787,report-only (stage NC FAIL: critical stage failed; no stage-NC value is used); axisymmetric critical point; stability NOT COMPUTED (YET)
CGR,1T,4,4.0,0.9,1.0,II: G v^2 (dimensionless G mu),12.5663706144,0.00198943678865,critical stage FAIL
CGR,1T,4,4.0,0.9,1.0,I: G_6 x T_b (T_b in mass^4),12.5663706144,0.00198943678865,critical stage FAIL
CGR,1T,4,4.0,0.9,2.0,II: G v^2 (dimensionless G mu),16.0004953486,0.00156245162761,report-only (stage NC FAIL: critical stage failed; no stage-NC value is used); report-only row; axisymmetric critical point; stability NOT COMPUTED (YET)
CGR,1T,4,4.0,0.9,2.0,I: G_6 x T_b (T_b in mass^4),16.0004953486,0.00156245162761,report-only (stage NC FAIL: critical stage failed; no stage-NC value is used); report-only row; axisymmetric critical point; stability NOT COMPUTED (YET)
CGR,1T,4,4.0,0.9,4.0,II: G v^2 (dimensionless G mu),20.3475030858,0.00122865198224,report-only (stage NC FAIL: critical stage failed; no stage-NC value is used); report-only row; axisymmetric critical point; stability NOT COMPUTED (YET)
CGR,1T,4,4.0,0.9,4.0,I: G_6 x T_b (T_b in mass^4),20.3475030858,0.00122865198224,report-only (stage NC FAIL: critical stage failed; no stage-NC value is used); report-only row; axisymmetric critical point; stability NOT COMPUTED (YET)
CGR,1T,4,4.0,1,0.25,II: G v^2 (dimensionless G mu),7.66178327514,0,report-only (stage NC FAIL: critical stage failed; no stage-NC value is used); axisymmetric critical point; stability NOT COMPUTED (YET)
CGR,1T,4,4.0,1,0.25,I: G_6 x T_b (T_b in mass^4),7.66178327514,0,report-only (stage NC FAIL: critical stage failed; no stage-NC value is used); axisymmetric critical point; stability NOT COMPUTED (YET)
CGR,1T,4,4.0,1,0.5,II: G v^2 (dimensionless G mu),9.88205841567,0,report-only (stage NC FAIL: critical stage failed; no stage-NC value is used); axisymmetric critical point; stability NOT COMPUTED (YET)
CGR,1T,4,4.0,1,0.5,I: G_6 x T_b (T_b in mass^4),9.88205841567,0,report-only (stage NC FAIL: critical stage failed; no stage-NC value is used); axisymmetric critical point; stability NOT COMPUTED (YET)
CGR,1T,4,4.0,1,1.0,II: G v^2 (dimensionless G mu),12.5663706144,0,critical stage FAIL
CGR,1T,4,4.0,1,1.0,I: G_6 x T_b (T_b in mass^4),12.5663706144,0,critical stage FAIL
CGR,1T,4,4.0,1,2.0,II: G v^2 (dimensionless G mu),15.9206465357,0,report-only (stage NC FAIL: critical stage failed; no stage-NC value is used); report-only row; axisymmetric critical point; stability NOT COMPUTED (YET)
CGR,1T,4,4.0,1,2.0,I: G_6 x T_b (T_b in mass^4),15.9206465357,0,report-only (stage NC FAIL: critical stage failed; no stage-NC value is used); report-only row; axisymmetric critical point; stability NOT COMPUTED (YET)
CGR,1T,4,4.0,1,4.0,II: G v^2 (dimensionless G mu),20.1410496816,0,report-only (stage NC FAIL: critical stage failed; no stage-NC value is used); report-only row; axisymmetric critical point; stability NOT COMPUTED (YET)
CGR,1T,4,4.0,1,4.0,I: G_6 x T_b (T_b in mass^4),20.1410496816,0,report-only (stage NC FAIL: critical stage failed; no stage-NC value is used); report-only row; axisymmetric critical point; stability NOT COMPUTED (YET)
CGR,1T,4,99.0,0.5,0.25,II: G v^2 (dimensionless G mu),7.58167982242,0.0164871114223,report-only (stage NC FAIL: critical stage failed; no stage-NC value is used); axisymmetric critical point; stability NOT COMPUTED (YET)
CGR,1T,4,99.0,0.5,0.25,I: G_6 x T_b (T_b in mass^4),7.58167982242,0.0164871114223,report-only (stage NC FAIL: critical stage failed; no stage-NC value is used); axisymmetric critical point; stability NOT COMPUTED (YET)
CGR,1T,4,99.0,0.5,0.5,II: G v^2 (dimensionless G mu),9.7280110684,0.012849491959,report-only (stage NC FAIL: critical stage failed; no stage-NC value is used); axisymmetric critical point; stability NOT COMPUTED (YET)
CGR,1T,4,99.0,0.5,0.5,I: G_6 x T_b (T_b in mass^4),9.7280110684,0.012849491959,report-only (stage NC FAIL: critical stage failed; no stage-NC value is used); axisymmetric critical point; stability NOT COMPUTED (YET)
CGR,1T,4,99.0,0.5,1.0,II: G v^2 (dimensionless G mu),12.5663706144,0.00994718394324,critical stage FAIL
CGR,1T,4,99.0,0.5,1.0,I: G_6 x T_b (T_b in mass^4),12.5663706144,0.00994718394324,critical stage FAIL
CGR,1T,4,99.0,0.5,2.0,II: G v^2 (dimensionless G mu),16.3150152952,0.00766165386535,report-only (stage NC FAIL: critical stage failed; no stage-NC value is used); report-only row; axisymmetric critical point; stability NOT COMPUTED (YET)
CGR,1T,4,99.0,0.5,2.0,I: G_6 x T_b (T_b in mass^4),16.3150152952,0.00766165386535,report-only (stage NC FAIL: critical stage failed; no stage-NC value is used); report-only row; axisymmetric critical point; stability NOT COMPUTED (YET)
CGR,1T,4,99.0,0.5,4.0,II: G v^2 (dimensionless G mu),21.2429564369,0.00588430336291,report-only (stage NC FAIL: critical stage failed; no stage-NC value is used); report-only row; axisymmetric critical point; stability NOT COMPUTED (YET)
CGR,1T,4,99.0,0.5,4.0,I: G_6 x T_b (T_b in mass^4),21.2429564369,0.00588430336291,report-only (stage NC FAIL: critical stage failed; no stage-NC value is used); report-only row; axisymmetric critical point; stability NOT COMPUTED (YET)
CGR,1T,4,99.0,0.6,0.25,II: G v^2 (dimensionless G mu),7.69884030059,0.0129889692597,report-only (stage NC FAIL: critical stage failed; no stage-NC value is used); axisymmetric critical point; stability NOT COMPUTED (YET)
CGR,1T,4,99.0,0.6,0.25,I: G_6 x T_b (T_b in mass^4),7.69884030059,0.0129889692597,report-only (stage NC FAIL: critical stage failed; no stage-NC value is used); axisymmetric critical point; stability NOT COMPUTED (YET)
CGR,1T,4,99.0,0.6,0.5,II: G v^2 (dimensionless G mu),9.80213340604,0.0102018607437,report-only (stage NC FAIL: critical stage failed; no stage-NC value is used); axisymmetric critical point; stability NOT COMPUTED (YET)
CGR,1T,4,99.0,0.6,0.5,I: G_6 x T_b (T_b in mass^4),9.80213340604,0.0102018607437,report-only (stage NC FAIL: critical stage failed; no stage-NC value is used); axisymmetric critical point; stability NOT COMPUTED (YET)
CGR,1T,4,99.0,0.6,1.0,II: G v^2 (dimensionless G mu),12.5663706144,0.00795774715459,critical stage FAIL
CGR,1T,4,99.0,0.6,1.0,I: G_6 x T_b (T_b in mass^4),12.5663706144,0.00795774715459,critical stage FAIL
CGR,1T,4,99.0,0.6,2.0,II: G v^2 (dimensionless G mu),16.1936448538,0.00617526201807,report-only (stage NC FAIL: critical stage failed; no stage-NC value is used); report-only row; axisymmetric critical point; stability NOT COMPUTED (YET)
CGR,1T,4,99.0,0.6,2.0,I: G_6 x T_b (T_b in mass^4),16.1936448538,0.00617526201807,report-only (stage NC FAIL: critical stage failed; no stage-NC value is used); report-only row; axisymmetric critical point; stability NOT COMPUTED (YET)
CGR,1T,4,99.0,0.6,4.0,II: G v^2 (dimensionless G mu),20.9289597043,0.00477806835185,report-only (stage NC FAIL: critical stage failed; no stage-NC value is used); report-only row; axisymmetric critical point; stability NOT COMPUTED (YET)
CGR,1T,4,99.0,0.6,4.0,I: G_6 x T_b (T_b in mass^4),20.9289597043,0.00477806835185,report-only (stage NC FAIL: critical stage failed; no stage-NC value is used); report-only row; axisymmetric critical point; stability NOT COMPUTED (YET)
CGR,1T,4,99.0,0.7,0.25,II: G v^2 (dimensionless G mu),7.80514179741,0.00960905028335,report-only (stage NC FAIL: critical stage failed; no stage-NC value is used); axisymmetric critical point; stability NOT COMPUTED (YET)
CGR,1T,4,99.0,0.7,0.25,I: G_6 x T_b (T_b in mass^4),7.80514179741,0.00960905028335,report-only (stage NC FAIL: critical stage failed; no stage-NC value is used); axisymmetric critical point; stability NOT COMPUTED (YET)
CGR,1T,4,99.0,0.7,0.5,II: G v^2 (dimensionless G mu),9.86912279996,0.00759945959942,report-only (stage NC FAIL: critical stage failed; no stage-NC value is used); axisymmetric critical point; stability NOT COMPUTED (YET)
CGR,1T,4,99.0,0.7,0.5,I: G_6 x T_b (T_b in mass^4),9.86912279996,0.00759945959942,report-only (stage NC FAIL: critical stage failed; no stage-NC value is used); axisymmetric critical point; stability NOT COMPUTED (YET)
CGR,1T,4,99.0,0.7,1.0,II: G v^2 (dimensionless G mu),12.5663706144,0.00596831036595,critical stage FAIL
CGR,1T,4,99.0,0.7,1.0,I: G_6 x T_b (T_b in mass^4),12.5663706144,0.00596831036595,critical stage FAIL
CGR,1T,4,99.0,0.7,2.0,II: G v^2 (dimensionless G mu),16.0849375342,0.00466274735855,report-only (stage NC FAIL: critical stage failed; no stage-NC value is used); report-only row; axisymmetric critical point; stability NOT COMPUTED (YET)
CGR,1T,4,99.0,0.7,2.0,I: G_6 x T_b (T_b in mass^4),16.0849375342,0.00466274735855,report-only (stage NC FAIL: critical stage failed; no stage-NC value is used); report-only row; axisymmetric critical point; stability NOT COMPUTED (YET)
CGR,1T,4,99.0,0.7,4.0,II: G v^2 (dimensionless G mu),20.6492389698,0.00363209511546,report-only (stage NC FAIL: critical stage failed; no stage-NC value is used); report-only row; axisymmetric critical point; stability NOT COMPUTED (YET)
CGR,1T,4,99.0,0.7,4.0,I: G_6 x T_b (T_b in mass^4),20.6492389698,0.00363209511546,report-only (stage NC FAIL: critical stage failed; no stage-NC value is used); report-only row; axisymmetric critical point; stability NOT COMPUTED (YET)
CGR,1T,4,99.0,0.8,0.25,II: G v^2 (dimensionless G mu),7.90278702564,0.0063268818757,report-only (stage NC FAIL: critical stage failed; no stage-NC value is used); axisymmetric critical point; stability NOT COMPUTED (YET)
CGR,1T,4,99.0,0.8,0.25,I: G_6 x T_b (T_b in mass^4),7.90278702564,0.0063268818757,report-only (stage NC FAIL: critical stage failed; no stage-NC value is used); axisymmetric critical point; stability NOT COMPUTED (YET)
CGR,1T,4,99.0,0.8,0.5,II: G v^2 (dimensionless G mu),9.93043605455,0.00503502562479,report-only (stage NC FAIL: critical stage failed; no stage-NC value is used); axisymmetric critical point; stability NOT COMPUTED (YET)
CGR,1T,4,99.0,0.8,0.5,I: G_6 x T_b (T_b in mass^4),9.93043605455,0.00503502562479,report-only (stage NC FAIL: critical stage failed; no stage-NC value is used); axisymmetric critical point; stability NOT COMPUTED (YET)
CGR,1T,4,99.0,0.8,1.0,II: G v^2 (dimensionless G mu),12.5663706144,0.0039788735773,critical stage FAIL
CGR,1T,4,99.0,0.8,1.0,I: G_6 x T_b (T_b in mass^4),12.5663706144,0.0039788735773,critical stage FAIL
CGR,1T,4,99.0,0.8,2.0,II: G v^2 (dimensionless G mu),15.9862675457,0.00312768442396,report-only (stage NC FAIL: critical stage failed; no stage-NC value is used); report-only row; axisymmetric critical point; stability NOT COMPUTED (YET)
CGR,1T,4,99.0,0.8,2.0,I: G_6 x T_b (T_b in mass^4),15.9862675457,0.00312768442396,report-only (stage NC FAIL: critical stage failed; no stage-NC value is used); report-only row; axisymmetric critical point; stability NOT COMPUTED (YET)
CGR,1T,4,99.0,0.8,4.0,II: G v^2 (dimensionless G mu),20.3966177617,0.00245138682227,report-only (stage NC FAIL: critical stage failed; no stage-NC value is used); report-only row; axisymmetric critical point; stability NOT COMPUTED (YET)
CGR,1T,4,99.0,0.8,4.0,I: G_6 x T_b (T_b in mass^4),20.3966177617,0.00245138682227,report-only (stage NC FAIL: critical stage failed; no stage-NC value is used); report-only row; axisymmetric critical point; stability NOT COMPUTED (YET)
CGR,1T,4,99.0,0.9,0.25,II: G v^2 (dimensionless G mu),7.99331331939,0.00312761416963,report-only (stage NC FAIL: critical stage failed; no stage-NC value is used); axisymmetric critical point; stability NOT COMPUTED (YET)
CGR,1T,4,99.0,0.9,0.25,I: G_6 x T_b (T_b in mass^4),7.99331331939,0.00312761416963,report-only (stage NC FAIL: critical stage failed; no stage-NC value is used); axisymmetric critical point; stability NOT COMPUTED (YET)
CGR,1T,4,99.0,0.9,0.5,II: G v^2 (dimensionless G mu),9.98708932397,0.00250323184153,report-only (stage NC FAIL: critical stage failed; no stage-NC value is used); axisymmetric critical point; stability NOT COMPUTED (YET)
CGR,1T,4,99.0,0.9,0.5,I: G_6 x T_b (T_b in mass^4),9.98708932397,0.00250323184153,report-only (stage NC FAIL: critical stage failed; no stage-NC value is used); axisymmetric critical point; stability NOT COMPUTED (YET)
CGR,1T,4,99.0,0.9,1.0,II: G v^2 (dimensionless G mu),12.5663706144,0.00198943678865,critical stage FAIL
CGR,1T,4,99.0,0.9,1.0,I: G_6 x T_b (T_b in mass^4),12.5663706144,0.00198943678865,critical stage FAIL
CGR,1T,4,99.0,0.9,2.0,II: G v^2 (dimensionless G mu),15.8958051364,0.00157274197724,report-only (stage NC FAIL: critical stage failed; no stage-NC value is used); report-only row; axisymmetric critical point; stability NOT COMPUTED (YET)
CGR,1T,4,99.0,0.9,2.0,I: G_6 x T_b (T_b in mass^4),15.8958051364,0.00157274197724,report-only (stage NC FAIL: critical stage failed; no stage-NC value is used); report-only row; axisymmetric critical point; stability NOT COMPUTED (YET)
CGR,1T,4,99.0,0.9,4.0,II: G v^2 (dimensionless G mu),20.1660980991,0.00123970437301,report-only (stage NC FAIL: critical stage failed; no stage-NC value is used); report-only row; axisymmetric critical point; stability NOT COMPUTED (YET)
CGR,1T,4,99.0,0.9,4.0,I: G_6 x T_b (T_b in mass^4),20.1660980991,0.00123970437301,report-only (stage NC FAIL: critical stage failed; no stage-NC value is used); report-only row; axisymmetric critical point; stability NOT COMPUTED (YET)
CGR,1T,4,99.0,1,0.25,II: G v^2 (dimensionless G mu),8.07784531202,0,report-only (stage NC FAIL: critical stage failed; no stage-NC value is used); axisymmetric critical point; stability NOT COMPUTED (YET)
CGR,1T,4,99.0,1,0.25,I: G_6 x T_b (T_b in mass^4),8.07784531202,0,report-only (stage NC FAIL: critical stage failed; no stage-NC value is used); axisymmetric critical point; stability NOT COMPUTED (YET)
CGR,1T,4,99.0,1,0.5,II: G v^2 (dimensionless G mu),10.0398255452,0,report-only (stage NC FAIL: critical stage failed; no stage-NC value is used); axisymmetric critical point; stability NOT COMPUTED (YET)
CGR,1T,4,99.0,1,0.5,I: G_6 x T_b (T_b in mass^4),10.0398255452,0,report-only (stage NC FAIL: critical stage failed; no stage-NC value is used); axisymmetric critical point; stability NOT COMPUTED (YET)
CGR,1T,4,99.0,1,1.0,II: G v^2 (dimensionless G mu),12.5663706144,0,critical stage FAIL
CGR,1T,4,99.0,1,1.0,I: G_6 x T_b (T_b in mass^4),12.5663706144,0,critical stage FAIL
CGR,1T,4,99.0,1,2.0,II: G v^2 (dimensionless G mu),15.8122139258,0,report-only (stage NC FAIL: critical stage failed; no stage-NC value is used); report-only row; axisymmetric critical point; stability NOT COMPUTED (YET)
CGR,1T,4,99.0,1,2.0,I: G_6 x T_b (T_b in mass^4),15.8122139258,0,report-only (stage NC FAIL: critical stage failed; no stage-NC value is used); report-only row; axisymmetric critical point; stability NOT COMPUTED (YET)
CGR,1T,4,99.0,1,4.0,II: G v^2 (dimensionless G mu),19.9540320669,0,report-only (stage NC FAIL: critical stage failed; no stage-NC value is used); report-only row; axisymmetric critical point; stability NOT COMPUTED (YET)
CGR,1T,4,99.0,1,4.0,I: G_6 x T_b (T_b in mass^4),19.9540320669,0,report-only (stage NC FAIL: critical stage failed; no stage-NC value is used); report-only row; axisymmetric critical point; stability NOT COMPUTED (YET)
CGR,2T,2,1.0,0.5,0.25,II: G v^2 (dimensionless G mu),NOT COMPUTED (YET),NOT COMPUTED (YET),"FAILED: failed upstream (row CGR 2T n=2 eps=1 alpha=0.5 stage NC kappa=0.5): not converged (cap hit) at NC kappa=0.5 alpha=0.5 [node cap MAX_NODES = 100000 reached; status 1, max|phi|^2 = 4.174e-07, iterations 5, nodes 59033]"
CGR,2T,2,1.0,0.5,0.25,I: G_6 x T_b (T_b in mass^4),NOT COMPUTED (YET),NOT COMPUTED (YET),"FAILED: failed upstream (row CGR 2T n=2 eps=1 alpha=0.5 stage NC kappa=0.5): not converged (cap hit) at NC kappa=0.5 alpha=0.5 [node cap MAX_NODES = 100000 reached; status 1, max|phi|^2 = 4.174e-07, iterations 5, nodes 59033]"
CGR,2T,2,1.0,0.5,0.5,II: G v^2 (dimensionless G mu),NOT COMPUTED (YET),NOT COMPUTED (YET),"FAILED: failed directly: not converged (cap hit) at NC kappa=0.5 alpha=0.5 [node cap MAX_NODES = 100000 reached; status 1, max|phi|^2 = 4.174e-07, iterations 5, nodes 59033]"
CGR,2T,2,1.0,0.5,0.5,I: G_6 x T_b (T_b in mass^4),NOT COMPUTED (YET),NOT COMPUTED (YET),"FAILED: failed directly: not converged (cap hit) at NC kappa=0.5 alpha=0.5 [node cap MAX_NODES = 100000 reached; status 1, max|phi|^2 = 4.174e-07, iterations 5, nodes 59033]"
CGR,2T,2,1.0,0.5,1.0,II: G v^2 (dimensionless G mu),6.28318530718,0.0198943678865,critical stage FAIL
CGR,2T,2,1.0,0.5,1.0,I: G_6 x T_b (T_b in mass^4),6.28318530718,0.0198943678865,critical stage FAIL
CGR,2T,2,1.0,0.5,2.0,II: G v^2 (dimensionless G mu),7.71359577532,0.0162051530364,report-only (stage NC FAIL: critical stage failed; no stage-NC value is used); axisymmetric critical point; stability NOT COMPUTED (YET)
CGR,2T,2,1.0,0.5,2.0,I: G_6 x T_b (T_b in mass^4),7.71359577532,0.0162051530364,report-only (stage NC FAIL: critical stage failed; no stage-NC value is used); axisymmetric critical point; stability NOT COMPUTED (YET)
CGR,2T,2,1.0,0.5,4.0,II: G v^2 (dimensionless G mu),9.38321642867,0.0133216579784,report-only (stage NC FAIL: critical stage failed; no stage-NC value is used); axisymmetric critical point; stability NOT COMPUTED (YET)
CGR,2T,2,1.0,0.5,4.0,I: G_6 x T_b (T_b in mass^4),9.38321642867,0.0133216579784,report-only (stage NC FAIL: critical stage failed; no stage-NC value is used); axisymmetric critical point; stability NOT COMPUTED (YET)
CGR,2T,2,1.0,0.6,0.25,II: G v^2 (dimensionless G mu),NOT COMPUTED (YET),NOT COMPUTED (YET),"FAILED: failed upstream (row CGR 2T n=2 eps=1 alpha=0.6 stage NC kappa=0.5): not converged (cap hit) at NC kappa=0.5 alpha=0.6 [node cap MAX_NODES = 100000 reached; status 1, max|phi|^2 = 2.437e-07, iterations 5, nodes 65669]"
CGR,2T,2,1.0,0.6,0.25,I: G_6 x T_b (T_b in mass^4),NOT COMPUTED (YET),NOT COMPUTED (YET),"FAILED: failed upstream (row CGR 2T n=2 eps=1 alpha=0.6 stage NC kappa=0.5): not converged (cap hit) at NC kappa=0.5 alpha=0.6 [node cap MAX_NODES = 100000 reached; status 1, max|phi|^2 = 2.437e-07, iterations 5, nodes 65669]"
CGR,2T,2,1.0,0.6,0.5,II: G v^2 (dimensionless G mu),NOT COMPUTED (YET),NOT COMPUTED (YET),"FAILED: failed directly: not converged (cap hit) at NC kappa=0.5 alpha=0.6 [node cap MAX_NODES = 100000 reached; status 1, max|phi|^2 = 2.437e-07, iterations 5, nodes 65669]"
CGR,2T,2,1.0,0.6,0.5,I: G_6 x T_b (T_b in mass^4),NOT COMPUTED (YET),NOT COMPUTED (YET),"FAILED: failed directly: not converged (cap hit) at NC kappa=0.5 alpha=0.6 [node cap MAX_NODES = 100000 reached; status 1, max|phi|^2 = 2.437e-07, iterations 5, nodes 65669]"
CGR,2T,2,1.0,0.6,1.0,II: G v^2 (dimensionless G mu),6.28318530718,0.0159154943092,critical stage FAIL
CGR,2T,2,1.0,0.6,1.0,I: G_6 x T_b (T_b in mass^4),6.28318530718,0.0159154943092,critical stage FAIL
CGR,2T,2,1.0,0.6,2.0,II: G v^2 (dimensionless G mu),7.64303525558,0.0130838072384,report-only (stage NC FAIL: critical stage failed; no stage-NC value is used); axisymmetric critical point; stability NOT COMPUTED (YET)
CGR,2T,2,1.0,0.6,2.0,I: G_6 x T_b (T_b in mass^4),7.64303525558,0.0130838072384,report-only (stage NC FAIL: critical stage failed; no stage-NC value is used); axisymmetric critical point; stability NOT COMPUTED (YET)
CGR,2T,2,1.0,0.6,4.0,II: G v^2 (dimensionless G mu),9.19001664948,0.0108813731046,report-only (stage NC FAIL: critical stage failed; no stage-NC value is used); axisymmetric critical point; stability NOT COMPUTED (YET)
CGR,2T,2,1.0,0.6,4.0,I: G_6 x T_b (T_b in mass^4),9.19001664948,0.0108813731046,report-only (stage NC FAIL: critical stage failed; no stage-NC value is used); axisymmetric critical point; stability NOT COMPUTED (YET)
CGR,2T,2,1.0,0.7,0.25,II: G v^2 (dimensionless G mu),NOT COMPUTED (YET),NOT COMPUTED (YET),"FAILED: failed upstream (row CGR 2T n=2 eps=1 alpha=0.7 stage NC kappa=0.5): not converged (cap hit) at NC kappa=0.5 alpha=0.7 [node cap MAX_NODES = 100000 reached; status 1, max|phi|^2 = 1.747e-07, iterations 5, nodes 72309]"
CGR,2T,2,1.0,0.7,0.25,I: G_6 x T_b (T_b in mass^4),NOT COMPUTED (YET),NOT COMPUTED (YET),"FAILED: failed upstream (row CGR 2T n=2 eps=1 alpha=0.7 stage NC kappa=0.5): not converged (cap hit) at NC kappa=0.5 alpha=0.7 [node cap MAX_NODES = 100000 reached; status 1, max|phi|^2 = 1.747e-07, iterations 5, nodes 72309]"
CGR,2T,2,1.0,0.7,0.5,II: G v^2 (dimensionless G mu),NOT COMPUTED (YET),NOT COMPUTED (YET),"FAILED: failed directly: not converged (cap hit) at NC kappa=0.5 alpha=0.7 [node cap MAX_NODES = 100000 reached; status 1, max|phi|^2 = 1.747e-07, iterations 5, nodes 72309]"
CGR,2T,2,1.0,0.7,0.5,I: G_6 x T_b (T_b in mass^4),NOT COMPUTED (YET),NOT COMPUTED (YET),"FAILED: failed directly: not converged (cap hit) at NC kappa=0.5 alpha=0.7 [node cap MAX_NODES = 100000 reached; status 1, max|phi|^2 = 1.747e-07, iterations 5, nodes 72309]"
CGR,2T,2,1.0,0.7,1.0,II: G v^2 (dimensionless G mu),6.28318530718,0.0119366207319,critical stage FAIL
CGR,2T,2,1.0,0.7,1.0,I: G_6 x T_b (T_b in mass^4),6.28318530718,0.0119366207319,critical stage FAIL
CGR,2T,2,1.0,0.7,2.0,II: G v^2 (dimensionless G mu),7.58464836756,0.00988839513257,report-only (stage NC FAIL: critical stage failed; no stage-NC value is used); axisymmetric critical point; stability NOT COMPUTED (YET)
CGR,2T,2,1.0,0.7,2.0,I: G_6 x T_b (T_b in mass^4),7.58464836756,0.00988839513257,report-only (stage NC FAIL: critical stage failed; no stage-NC value is used); axisymmetric critical point; stability NOT COMPUTED (YET)
CGR,2T,2,1.0,0.7,4.0,II: G v^2 (dimensionless G mu),9.02850666897,0.00830702160943,report-only (stage NC FAIL: critical stage failed; no stage-NC value is used); axisymmetric critical point; stability NOT COMPUTED (YET)
CGR,2T,2,1.0,0.7,4.0,I: G_6 x T_b (T_b in mass^4),9.02850666897,0.00830702160943,report-only (stage NC FAIL: critical stage failed; no stage-NC value is used); axisymmetric critical point; stability NOT COMPUTED (YET)
CGR,2T,2,1.0,0.8,0.25,II: G v^2 (dimensionless G mu),NOT COMPUTED (YET),NOT COMPUTED (YET),"FAILED: failed upstream (row CGR 2T n=2 eps=1 alpha=0.8 stage NC kappa=0.5): not converged (cap hit) at NC kappa=0.5 alpha=0.8 [node cap MAX_NODES = 100000 reached; status 1, max|phi|^2 = 1.340e-07, iterations 5, nodes 78799]"
CGR,2T,2,1.0,0.8,0.25,I: G_6 x T_b (T_b in mass^4),NOT COMPUTED (YET),NOT COMPUTED (YET),"FAILED: failed upstream (row CGR 2T n=2 eps=1 alpha=0.8 stage NC kappa=0.5): not converged (cap hit) at NC kappa=0.5 alpha=0.8 [node cap MAX_NODES = 100000 reached; status 1, max|phi|^2 = 1.340e-07, iterations 5, nodes 78799]"
CGR,2T,2,1.0,0.8,0.5,II: G v^2 (dimensionless G mu),NOT COMPUTED (YET),NOT COMPUTED (YET),"FAILED: failed directly: not converged (cap hit) at NC kappa=0.5 alpha=0.8 [node cap MAX_NODES = 100000 reached; status 1, max|phi|^2 = 1.340e-07, iterations 5, nodes 78799]"
CGR,2T,2,1.0,0.8,0.5,I: G_6 x T_b (T_b in mass^4),NOT COMPUTED (YET),NOT COMPUTED (YET),"FAILED: failed directly: not converged (cap hit) at NC kappa=0.5 alpha=0.8 [node cap MAX_NODES = 100000 reached; status 1, max|phi|^2 = 1.340e-07, iterations 5, nodes 78799]"
CGR,2T,2,1.0,0.8,1.0,II: G v^2 (dimensionless G mu),6.28318530718,0.0079577471546,critical stage FAIL
CGR,2T,2,1.0,0.8,1.0,I: G_6 x T_b (T_b in mass^4),6.28318530718,0.0079577471546,critical stage FAIL
CGR,2T,2,1.0,0.8,2.0,II: G v^2 (dimensionless G mu),7.53552873744,0.00663523446624,report-only (stage NC FAIL: critical stage failed; no stage-NC value is used); axisymmetric critical point; stability NOT COMPUTED (YET)
CGR,2T,2,1.0,0.8,2.0,I: G_6 x T_b (T_b in mass^4),7.53552873744,0.00663523446624,report-only (stage NC FAIL: critical stage failed; no stage-NC value is used); axisymmetric critical point; stability NOT COMPUTED (YET)
CGR,2T,2,1.0,0.8,4.0,II: G v^2 (dimensionless G mu),8.89130485149,0.00562347156409,report-only (stage NC FAIL: critical stage failed; no stage-NC value is used); axisymmetric critical point; stability NOT COMPUTED (YET)
CGR,2T,2,1.0,0.8,4.0,I: G_6 x T_b (T_b in mass^4),8.89130485149,0.00562347156409,report-only (stage NC FAIL: critical stage failed; no stage-NC value is used); axisymmetric critical point; stability NOT COMPUTED (YET)
CGR,2T,2,1.0,0.9,0.25,II: G v^2 (dimensionless G mu),NOT COMPUTED (YET),NOT COMPUTED (YET),"FAILED: failed upstream (row CGR 2T n=2 eps=1 alpha=0.9 stage NC kappa=0.5): not converged (cap hit) at NC kappa=0.5 alpha=0.9 [node cap MAX_NODES = 100000 reached; status 1, max|phi|^2 = 1.087e-07, iterations 5, nodes 85243]"
CGR,2T,2,1.0,0.9,0.25,I: G_6 x T_b (T_b in mass^4),NOT COMPUTED (YET),NOT COMPUTED (YET),"FAILED: failed upstream (row CGR 2T n=2 eps=1 alpha=0.9 stage NC kappa=0.5): not converged (cap hit) at NC kappa=0.5 alpha=0.9 [node cap MAX_NODES = 100000 reached; status 1, max|phi|^2 = 1.087e-07, iterations 5, nodes 85243]"
CGR,2T,2,1.0,0.9,0.5,II: G v^2 (dimensionless G mu),NOT COMPUTED (YET),NOT COMPUTED (YET),"FAILED: failed directly: not converged (cap hit) at NC kappa=0.5 alpha=0.9 [node cap MAX_NODES = 100000 reached; status 1, max|phi|^2 = 1.087e-07, iterations 5, nodes 85243]"
CGR,2T,2,1.0,0.9,0.5,I: G_6 x T_b (T_b in mass^4),NOT COMPUTED (YET),NOT COMPUTED (YET),"FAILED: failed directly: not converged (cap hit) at NC kappa=0.5 alpha=0.9 [node cap MAX_NODES = 100000 reached; status 1, max|phi|^2 = 1.087e-07, iterations 5, nodes 85243]"
CGR,2T,2,1.0,0.9,1.0,II: G v^2 (dimensionless G mu),6.28318530718,0.0039788735773,critical stage FAIL
CGR,2T,2,1.0,0.9,1.0,I: G_6 x T_b (T_b in mass^4),6.28318530718,0.0039788735773,critical stage FAIL
CGR,2T,2,1.0,0.9,2.0,II: G v^2 (dimensionless G mu),7.49365428165,0.00333615604088,report-only (stage NC FAIL: critical stage failed; no stage-NC value is used); axisymmetric critical point; stability NOT COMPUTED (YET)
CGR,2T,2,1.0,0.9,2.0,I: G_6 x T_b (T_b in mass^4),7.49365428165,0.00333615604088,report-only (stage NC FAIL: critical stage failed; no stage-NC value is used); axisymmetric critical point; stability NOT COMPUTED (YET)
CGR,2T,2,1.0,0.9,4.0,II: G v^2 (dimensionless G mu),8.7732644841,0.00284956643508,report-only (stage NC FAIL: critical stage failed; no stage-NC value is used); axisymmetric critical point; stability NOT COMPUTED (YET)
CGR,2T,2,1.0,0.9,4.0,I: G_6 x T_b (T_b in mass^4),8.7732644841,0.00284956643508,report-only (stage NC FAIL: critical stage failed; no stage-NC value is used); axisymmetric critical point; stability NOT COMPUTED (YET)
CGR,2T,2,1.0,1,0.25,II: G v^2 (dimensionless G mu),NOT COMPUTED (YET),NOT COMPUTED (YET),"n/a (normal state) [normal state: exact solution, linearly stable for B > κ/2, marginal at B = κ/2; whether a vortex branch coexists (κ < 1, subcritical) is NOT COMPUTED (YET)] [by construction; not a test] [Venus 20:44]; normal-state energy (not a vortex value) = 3.14159265359"
CGR,2T,2,1.0,1,0.25,I: G_6 x T_b (T_b in mass^4),NOT COMPUTED (YET),NOT COMPUTED (YET),"n/a (normal state) [normal state: exact solution, linearly stable for B > κ/2, marginal at B = κ/2; whether a vortex branch coexists (κ < 1, subcritical) is NOT COMPUTED (YET)] [by construction; not a test] [Venus 20:44]; normal-state energy (not a vortex value) = 3.14159265359"
CGR,2T,2,1.0,1,0.5,II: G v^2 (dimensionless G mu),NOT COMPUTED (YET),NOT COMPUTED (YET),"n/a (normal state) [normal state: exact solution, linearly stable for B > κ/2, marginal at B = κ/2; whether a vortex branch coexists (κ < 1, subcritical) is NOT COMPUTED (YET)] [by construction; not a test] [Venus 20:44]; normal-state energy (not a vortex value) = 4.71238898038"
CGR,2T,2,1.0,1,0.5,I: G_6 x T_b (T_b in mass^4),NOT COMPUTED (YET),NOT COMPUTED (YET),"n/a (normal state) [normal state: exact solution, linearly stable for B > κ/2, marginal at B = κ/2; whether a vortex branch coexists (κ < 1, subcritical) is NOT COMPUTED (YET)] [by construction; not a test] [Venus 20:44]; normal-state energy (not a vortex value) = 4.71238898038"
CGR,2T,2,1.0,1,1.0,II: G v^2 (dimensionless G mu),6.28318530717,0,critical stage FAIL
CGR,2T,2,1.0,1,1.0,I: G_6 x T_b (T_b in mass^4),6.28318530717,0,critical stage FAIL
CGR,2T,2,1.0,1,2.0,II: G v^2 (dimensionless G mu),7.45756369995,0,report-only (stage NC FAIL: critical stage failed; no stage-NC value is used); axisymmetric critical point; stability NOT COMPUTED (YET)
CGR,2T,2,1.0,1,2.0,I: G_6 x T_b (T_b in mass^4),7.45756369995,0,report-only (stage NC FAIL: critical stage failed; no stage-NC value is used); axisymmetric critical point; stability NOT COMPUTED (YET)
CGR,2T,2,1.0,1,4.0,II: G v^2 (dimensionless G mu),8.67064856176,0,report-only (stage NC FAIL: critical stage failed; no stage-NC value is used); axisymmetric critical point; stability NOT COMPUTED (YET)
CGR,2T,2,1.0,1,4.0,I: G_6 x T_b (T_b in mass^4),8.67064856176,0,report-only (stage NC FAIL: critical stage failed; no stage-NC value is used); axisymmetric critical point; stability NOT COMPUTED (YET)
CGR,2T,2,24.0,0.5,0.25,II: G v^2 (dimensionless G mu),4.34721291643,0.028754055162,report-only (stage NC FAIL: critical stage failed; no stage-NC value is used); axisymmetric critical point; stability NOT COMPUTED (YET)
CGR,2T,2,24.0,0.5,0.25,I: G_6 x T_b (T_b in mass^4),4.34721291643,0.028754055162,report-only (stage NC FAIL: critical stage failed; no stage-NC value is used); axisymmetric critical point; stability NOT COMPUTED (YET)
CGR,2T,2,24.0,0.5,0.5,II: G v^2 (dimensionless G mu),5.21224142389,0.0239820050213,report-only (stage NC FAIL: critical stage failed; no stage-NC value is used); axisymmetric critical point; stability NOT COMPUTED (YET)
CGR,2T,2,24.0,0.5,0.5,I: G_6 x T_b (T_b in mass^4),5.21224142389,0.0239820050213,report-only (stage NC FAIL: critical stage failed; no stage-NC value is used); axisymmetric critical point; stability NOT COMPUTED (YET)
CGR,2T,2,24.0,0.5,1.0,II: G v^2 (dimensionless G mu),6.28318530718,0.0198943678865,critical stage FAIL
CGR,2T,2,24.0,0.5,1.0,I: G_6 x T_b (T_b in mass^4),6.28318530718,0.0198943678865,critical stage FAIL
CGR,2T,2,24.0,0.5,2.0,II: G v^2 (dimensionless G mu),7.60659449926,0.0164331094568,report-only (stage NC FAIL: critical stage failed; no stage-NC value is used); axisymmetric critical point; stability NOT COMPUTED (YET)
CGR,2T,2,24.0,0.5,2.0,I: G_6 x T_b (T_b in mass^4),7.60659449926,0.0164331094568,report-only (stage NC FAIL: critical stage failed; no stage-NC value is used); axisymmetric critical point; stability NOT COMPUTED (YET)
CGR,2T,2,24.0,0.5,4.0,II: G v^2 (dimensionless G mu),9.22870359743,0.0135446976577,report-only (stage NC FAIL: critical stage failed; no stage-NC value is used); axisymmetric critical point; stability NOT COMPUTED (YET)
CGR,2T,2,24.0,0.5,4.0,I: G_6 x T_b (T_b in mass^4),9.22870359743,0.0135446976577,report-only (stage NC FAIL: critical stage failed; no stage-NC value is used); axisymmetric critical point; stability NOT COMPUTED (YET)
CGR,2T,2,24.0,0.6,0.25,II: G v^2 (dimensionless G mu),4.4420387931,0.0225121852054,report-only (stage NC FAIL: critical stage failed; no stage-NC value is used); axisymmetric critical point; stability NOT COMPUTED (YET)
CGR,2T,2,24.0,0.6,0.25,I: G_6 x T_b (T_b in mass^4),4.4420387931,0.0225121852054,report-only (stage NC FAIL: critical stage failed; no stage-NC value is used); axisymmetric critical point; stability NOT COMPUTED (YET)
CGR,2T,2,24.0,0.6,0.5,II: G v^2 (dimensionless G mu),5.26996710901,0.0189754504974,report-only (stage NC FAIL: critical stage failed; no stage-NC value is used); axisymmetric critical point; stability NOT COMPUTED (YET)
CGR,2T,2,24.0,0.6,0.5,I: G_6 x T_b (T_b in mass^4),5.26996710901,0.0189754504974,report-only (stage NC FAIL: critical stage failed; no stage-NC value is used); axisymmetric critical point; stability NOT COMPUTED (YET)
CGR,2T,2,24.0,0.6,1.0,II: G v^2 (dimensionless G mu),6.28318530718,0.0159154943092,critical stage FAIL
CGR,2T,2,24.0,0.6,1.0,I: G_6 x T_b (T_b in mass^4),6.28318530718,0.0159154943092,critical stage FAIL
CGR,2T,2,24.0,0.6,2.0,II: G v^2 (dimensionless G mu),7.52089111959,0.01329629673,report-only (stage NC FAIL: critical stage failed; no stage-NC value is used); axisymmetric critical point; stability NOT COMPUTED (YET)
CGR,2T,2,24.0,0.6,2.0,I: G_6 x T_b (T_b in mass^4),7.52089111959,0.01329629673,report-only (stage NC FAIL: critical stage failed; no stage-NC value is used); axisymmetric critical point; stability NOT COMPUTED (YET)
CGR,2T,2,24.0,0.6,4.0,II: G v^2 (dimensionless G mu),9.01998615406,0.0110864915192,report-only (stage NC FAIL: critical stage failed; no stage-NC value is used); axisymmetric critical point; stability NOT COMPUTED (YET)
CGR,2T,2,24.0,0.6,4.0,I: G_6 x T_b (T_b in mass^4),9.01998615406,0.0110864915192,report-only (stage NC FAIL: critical stage failed; no stage-NC value is used); axisymmetric critical point; stability NOT COMPUTED (YET)
CGR,2T,2,24.0,0.7,0.25,II: G v^2 (dimensionless G mu),4.52541126675,0.0165730793466,report-only (stage NC FAIL: critical stage failed; no stage-NC value is used); axisymmetric critical point; stability NOT COMPUTED (YET)
CGR,2T,2,24.0,0.7,0.25,I: G_6 x T_b (T_b in mass^4),4.52541126675,0.0165730793466,report-only (stage NC FAIL: critical stage failed; no stage-NC value is used); axisymmetric critical point; stability NOT COMPUTED (YET)
CGR,2T,2,24.0,0.7,0.5,II: G v^2 (dimensionless G mu),5.32038024254,0.0140967368085,report-only (stage NC FAIL: critical stage failed; no stage-NC value is used); axisymmetric critical point; stability NOT COMPUTED (YET)
CGR,2T,2,24.0,0.7,0.5,I: G_6 x T_b (T_b in mass^4),5.32038024254,0.0140967368085,report-only (stage NC FAIL: critical stage failed; no stage-NC value is used); axisymmetric critical point; stability NOT COMPUTED (YET)
CGR,2T,2,24.0,0.7,1.0,II: G v^2 (dimensionless G mu),6.28318530718,0.0119366207319,critical stage FAIL
CGR,2T,2,24.0,0.7,1.0,I: G_6 x T_b (T_b in mass^4),6.28318530718,0.0119366207319,critical stage FAIL
CGR,2T,2,24.0,0.7,2.0,II: G v^2 (dimensionless G mu),7.44730299344,0.0100707598531,report-only (stage NC FAIL: critical stage failed; no stage-NC value is used); axisymmetric critical point; stability NOT COMPUTED (YET)
CGR,2T,2,24.0,0.7,2.0,I: G_6 x T_b (T_b in mass^4),7.44730299344,0.0100707598531,report-only (stage NC FAIL: critical stage failed; no stage-NC value is used); axisymmetric critical point; stability NOT COMPUTED (YET)
CGR,2T,2,24.0,0.7,4.0,II: G v^2 (dimensionless G mu),8.84256836494,0.00848169863152,report-only (stage NC FAIL: critical stage failed; no stage-NC value is used); axisymmetric critical point; stability NOT COMPUTED (YET)
CGR,2T,2,24.0,0.7,4.0,I: G_6 x T_b (T_b in mass^4),8.84256836494,0.00848169863152,report-only (stage NC FAIL: critical stage failed; no stage-NC value is used); axisymmetric critical point; stability NOT COMPUTED (YET)
CGR,2T,2,24.0,0.8,0.25,II: G v^2 (dimensionless G mu),4.59969162179,0.0108702939482,report-only (stage NC FAIL: critical stage failed; no stage-NC value is used); axisymmetric critical point; stability NOT COMPUTED (YET)
CGR,2T,2,24.0,0.8,0.25,I: G_6 x T_b (T_b in mass^4),4.59969162179,0.0108702939482,report-only (stage NC FAIL: critical stage failed; no stage-NC value is used); axisymmetric critical point; stability NOT COMPUTED (YET)
CGR,2T,2,24.0,0.8,0.5,II: G v^2 (dimensionless G mu),5.36503168986,0.00931960944321,report-only (stage NC FAIL: critical stage failed; no stage-NC value is used); axisymmetric critical point; stability NOT COMPUTED (YET)
CGR,2T,2,24.0,0.8,0.5,I: G_6 x T_b (T_b in mass^4),5.36503168986,0.00931960944321,report-only (stage NC FAIL: critical stage failed; no stage-NC value is used); axisymmetric critical point; stability NOT COMPUTED (YET)
CGR,2T,2,24.0,0.8,1.0,II: G v^2 (dimensionless G mu),6.28318530718,0.00795774715459,critical stage FAIL
CGR,2T,2,24.0,0.8,1.0,I: G_6 x T_b (T_b in mass^4),6.28318530718,0.00795774715459,critical stage FAIL
CGR,2T,2,24.0,0.8,2.0,II: G v^2 (dimensionless G mu),7.38311359105,0.00677221058343,report-only (stage NC FAIL: critical stage failed; no stage-NC value is used); axisymmetric critical point; stability NOT COMPUTED (YET)
CGR,2T,2,24.0,0.8,2.0,I: G_6 x T_b (T_b in mass^4),7.38311359105,0.00677221058343,report-only (stage NC FAIL: critical stage failed; no stage-NC value is used); axisymmetric critical point; stability NOT COMPUTED (YET)
CGR,2T,2,24.0,0.8,4.0,II: G v^2 (dimensionless G mu),8.68919461453,0.00575427323453,report-only (stage NC FAIL: critical stage failed; no stage-NC value is used); axisymmetric critical point; stability NOT COMPUTED (YET)
CGR,2T,2,24.0,0.8,4.0,I: G_6 x T_b (T_b in mass^4),8.68919461453,0.00575427323453,report-only (stage NC FAIL: critical stage failed; no stage-NC value is used); axisymmetric critical point; stability NOT COMPUTED (YET)
CGR,2T,2,24.0,0.9,0.25,II: G v^2 (dimensionless G mu),4.66654080206,0.00535728734847,report-only (stage NC FAIL: critical stage failed; no stage-NC value is used); axisymmetric critical point; stability NOT COMPUTED (YET)
CGR,2T,2,24.0,0.9,0.25,I: G_6 x T_b (T_b in mass^4),4.66654080206,0.00535728734847,report-only (stage NC FAIL: critical stage failed; no stage-NC value is used); axisymmetric critical point; stability NOT COMPUTED (YET)
CGR,2T,2,24.0,0.9,0.5,II: G v^2 (dimensionless G mu),5.40500940113,0.00462533885598,report-only (stage NC FAIL: critical stage failed; no stage-NC value is used); axisymmetric critical point; stability NOT COMPUTED (YET)
CGR,2T,2,24.0,0.9,0.5,I: G_6 x T_b (T_b in mass^4),5.40500940113,0.00462533885598,report-only (stage NC FAIL: critical stage failed; no stage-NC value is used); axisymmetric critical point; stability NOT COMPUTED (YET)
CGR,2T,2,24.0,0.9,1.0,II: G v^2 (dimensionless G mu),6.28318530718,0.0039788735773,critical stage FAIL
CGR,2T,2,24.0,0.9,1.0,I: G_6 x T_b (T_b in mass^4),6.28318530718,0.0039788735773,critical stage FAIL
CGR,2T,2,24.0,0.9,2.0,II: G v^2 (dimensionless G mu),7.32643540489,0.00341230060983,report-only (stage NC FAIL: critical stage failed; no stage-NC value is used); axisymmetric critical point; stability NOT COMPUTED (YET)
CGR,2T,2,24.0,0.9,2.0,I: G_6 x T_b (T_b in mass^4),7.32643540489,0.00341230060983,report-only (stage NC FAIL: critical stage failed; no stage-NC value is used); axisymmetric critical point; stability NOT COMPUTED (YET)
CGR,2T,2,24.0,0.9,4.0,II: G v^2 (dimensionless G mu),8.55485917685,0.00292231578372,report-only (stage NC FAIL: critical stage failed; no stage-NC value is used); axisymmetric critical point; stability NOT COMPUTED (YET)
CGR,2T,2,24.0,0.9,4.0,I: G_6 x T_b (T_b in mass^4),8.55485917685,0.00292231578372,report-only (stage NC FAIL: critical stage failed; no stage-NC value is used); axisymmetric critical point; stability NOT COMPUTED (YET)
CGR,2T,2,24.0,1,0.25,II: G v^2 (dimensionless G mu),4.72718173098,0,report-only (stage NC FAIL: critical stage failed; no stage-NC value is used); axisymmetric critical point; stability NOT COMPUTED (YET)
CGR,2T,2,24.0,1,0.25,I: G_6 x T_b (T_b in mass^4),4.72718173098,0,report-only (stage NC FAIL: critical stage failed; no stage-NC value is used); axisymmetric critical point; stability NOT COMPUTED (YET)
CGR,2T,2,24.0,1,0.5,II: G v^2 (dimensionless G mu),5.4411117687,0,report-only (stage NC FAIL: critical stage failed; no stage-NC value is used); axisymmetric critical point; stability NOT COMPUTED (YET)
CGR,2T,2,24.0,1,0.5,I: G_6 x T_b (T_b in mass^4),5.4411117687,0,report-only (stage NC FAIL: critical stage failed; no stage-NC value is used); axisymmetric critical point; stability NOT COMPUTED (YET)
CGR,2T,2,24.0,1,1.0,II: G v^2 (dimensionless G mu),6.28318530717,0,critical stage FAIL
CGR,2T,2,24.0,1,1.0,I: G_6 x T_b (T_b in mass^4),6.28318530717,0,critical stage FAIL
CGR,2T,2,24.0,1,2.0,II: G v^2 (dimensionless G mu),7.27589705903,0,report-only (stage NC FAIL: critical stage failed; no stage-NC value is used); axisymmetric critical point; stability NOT COMPUTED (YET)
CGR,2T,2,24.0,1,2.0,I: G_6 x T_b (T_b in mass^4),7.27589705903,0,report-only (stage NC FAIL: critical stage failed; no stage-NC value is used); axisymmetric critical point; stability NOT COMPUTED (YET)
CGR,2T,2,24.0,1,4.0,II: G v^2 (dimensionless G mu),8.43595136014,0,report-only (stage NC FAIL: critical stage failed; no stage-NC value is used); axisymmetric critical point; stability NOT COMPUTED (YET)
CGR,2T,2,24.0,1,4.0,I: G_6 x T_b (T_b in mass^4),8.43595136014,0,report-only (stage NC FAIL: critical stage failed; no stage-NC value is used); axisymmetric critical point; stability NOT COMPUTED (YET)
CGR,2T,2,4.0,0.5,0.25,II: G v^2 (dimensionless G mu),4.13745726284,0.0302117924268,report-only (stage NC FAIL: critical stage failed; no stage-NC value is used); axisymmetric critical point; stability NOT COMPUTED (YET)
CGR,2T,2,4.0,0.5,0.25,I: G_6 x T_b (T_b in mass^4),4.13745726284,0.0302117924268,report-only (stage NC FAIL: critical stage failed; no stage-NC value is used); axisymmetric critical point; stability NOT COMPUTED (YET)
CGR,2T,2,4.0,0.5,0.5,II: G v^2 (dimensionless G mu),5.16321765444,0.024209709597,report-only (stage NC FAIL: critical stage failed; no stage-NC value is used); axisymmetric critical point; stability NOT COMPUTED (YET)
CGR,2T,2,4.0,0.5,0.5,I: G_6 x T_b (T_b in mass^4),5.16321765444,0.024209709597,report-only (stage NC FAIL: critical stage failed; no stage-NC value is used); axisymmetric critical point; stability NOT COMPUTED (YET)
CGR,2T,2,4.0,0.5,1.0,II: G v^2 (dimensionless G mu),6.28318530718,0.0198943678865,critical stage FAIL
CGR,2T,2,4.0,0.5,1.0,I: G_6 x T_b (T_b in mass^4),6.28318530718,0.0198943678865,critical stage FAIL
CGR,2T,2,4.0,0.5,2.0,II: G v^2 (dimensionless G mu),7.63408200947,0.0163739398981,report-only (stage NC FAIL: critical stage failed; no stage-NC value is used); axisymmetric critical point; stability NOT COMPUTED (YET)
CGR,2T,2,4.0,0.5,2.0,I: G_6 x T_b (T_b in mass^4),7.63408200947,0.0163739398981,report-only (stage NC FAIL: critical stage failed; no stage-NC value is used); axisymmetric critical point; stability NOT COMPUTED (YET)
CGR,2T,2,4.0,0.5,4.0,II: G v^2 (dimensionless G mu),9.27482817934,0.0134773386183,report-only (stage NC FAIL: critical stage failed; no stage-NC value is used); axisymmetric critical point; stability NOT COMPUTED (YET)
CGR,2T,2,4.0,0.5,4.0,I: G_6 x T_b (T_b in mass^4),9.27482817934,0.0134773386183,report-only (stage NC FAIL: critical stage failed; no stage-NC value is used); axisymmetric critical point; stability NOT COMPUTED (YET)
CGR,2T,2,4.0,0.6,0.25,II: G v^2 (dimensionless G mu),4.1845257329,0.023897570808,report-only (stage NC FAIL: critical stage failed; no stage-NC value is used); axisymmetric critical point; stability NOT COMPUTED (YET)
CGR,2T,2,4.0,0.6,0.25,I: G_6 x T_b (T_b in mass^4),4.1845257329,0.023897570808,report-only (stage NC FAIL: critical stage failed; no stage-NC value is used); axisymmetric critical point; stability NOT COMPUTED (YET)
CGR,2T,2,4.0,0.6,0.5,II: G v^2 (dimensionless G mu),5.21313997854,0.0191822971207,report-only (stage NC FAIL: critical stage failed; no stage-NC value is used); axisymmetric critical point; stability NOT COMPUTED (YET)
CGR,2T,2,4.0,0.6,0.5,I: G_6 x T_b (T_b in mass^4),5.21313997854,0.0191822971207,report-only (stage NC FAIL: critical stage failed; no stage-NC value is used); axisymmetric critical point; stability NOT COMPUTED (YET)
CGR,2T,2,4.0,0.6,1.0,II: G v^2 (dimensionless G mu),6.28318530718,0.0159154943092,critical stage FAIL
CGR,2T,2,4.0,0.6,1.0,I: G_6 x T_b (T_b in mass^4),6.28318530718,0.0159154943092,critical stage FAIL
CGR,2T,2,4.0,0.6,2.0,II: G v^2 (dimensionless G mu),7.54994660161,0.0132451267905,report-only (stage NC FAIL: critical stage failed; no stage-NC value is used); axisymmetric critical point; stability NOT COMPUTED (YET)
CGR,2T,2,4.0,0.6,2.0,I: G_6 x T_b (T_b in mass^4),7.54994660161,0.0132451267905,report-only (stage NC FAIL: critical stage failed; no stage-NC value is used); axisymmetric critical point; stability NOT COMPUTED (YET)
CGR,2T,2,4.0,0.6,4.0,II: G v^2 (dimensionless G mu),9.06812911659,0.0110276330116,report-only (stage NC FAIL: critical stage failed; no stage-NC value is used); axisymmetric critical point; stability NOT COMPUTED (YET)
CGR,2T,2,4.0,0.6,4.0,I: G_6 x T_b (T_b in mass^4),9.06812911659,0.0110276330116,report-only (stage NC FAIL: critical stage failed; no stage-NC value is used); axisymmetric critical point; stability NOT COMPUTED (YET)
CGR,2T,2,4.0,0.7,0.25,II: G v^2 (dimensionless G mu),4.22020662904,0.0177716416736,report-only (stage NC FAIL: critical stage failed; no stage-NC value is used); axisymmetric critical point; stability NOT COMPUTED (YET)
CGR,2T,2,4.0,0.7,0.25,I: G_6 x T_b (T_b in mass^4),4.22020662904,0.0177716416736,report-only (stage NC FAIL: critical stage failed; no stage-NC value is used); axisymmetric critical point; stability NOT COMPUTED (YET)
CGR,2T,2,4.0,0.7,0.5,II: G v^2 (dimensionless G mu),5.25527914411,0.014271363698,report-only (stage NC FAIL: critical stage failed; no stage-NC value is used); axisymmetric critical point; stability NOT COMPUTED (YET)
CGR,2T,2,4.0,0.7,0.5,I: G_6 x T_b (T_b in mass^4),5.25527914411,0.014271363698,report-only (stage NC FAIL: critical stage failed; no stage-NC value is used); axisymmetric critical point; stability NOT COMPUTED (YET)
CGR,2T,2,4.0,0.7,1.0,II: G v^2 (dimensionless G mu),6.28318530718,0.0119366207319,critical stage FAIL
CGR,2T,2,4.0,0.7,1.0,I: G_6 x T_b (T_b in mass^4),6.28318530718,0.0119366207319,critical stage FAIL
CGR,2T,2,4.0,0.7,2.0,II: G v^2 (dimensionless G mu),7.47782585578,0.0100296531969,report-only (stage NC FAIL: critical stage failed; no stage-NC value is used); axisymmetric critical point; stability NOT COMPUTED (YET)
CGR,2T,2,4.0,0.7,2.0,I: G_6 x T_b (T_b in mass^4),7.47782585578,0.0100296531969,report-only (stage NC FAIL: critical stage failed; no stage-NC value is used); axisymmetric critical point; stability NOT COMPUTED (YET)
CGR,2T,2,4.0,0.7,4.0,II: G v^2 (dimensionless G mu),8.89249991331,0.00843407373979,report-only (stage NC FAIL: critical stage failed; no stage-NC value is used); axisymmetric critical point; stability NOT COMPUTED (YET)
CGR,2T,2,4.0,0.7,4.0,I: G_6 x T_b (T_b in mass^4),8.89249991331,0.00843407373979,report-only (stage NC FAIL: critical stage failed; no stage-NC value is used); axisymmetric critical point; stability NOT COMPUTED (YET)
CGR,2T,2,4.0,0.8,0.25,II: G v^2 (dimensionless G mu),4.24774650916,0.0117709472287,report-only (stage NC FAIL: critical stage failed; no stage-NC value is used); axisymmetric critical point; stability NOT COMPUTED (YET)
CGR,2T,2,4.0,0.8,0.25,I: G_6 x T_b (T_b in mass^4),4.24774650916,0.0117709472287,report-only (stage NC FAIL: critical stage failed; no stage-NC value is used); axisymmetric critical point; stability NOT COMPUTED (YET)
CGR,2T,2,4.0,0.8,0.5,II: G v^2 (dimensionless G mu),5.29130729031,0.00944946064493,report-only (stage NC FAIL: critical stage failed; no stage-NC value is used); axisymmetric critical point; stability NOT COMPUTED (YET)
CGR,2T,2,4.0,0.8,0.5,I: G_6 x T_b (T_b in mass^4),5.29130729031,0.00944946064493,report-only (stage NC FAIL: critical stage failed; no stage-NC value is used); axisymmetric critical point; stability NOT COMPUTED (YET)
CGR,2T,2,4.0,0.8,1.0,II: G v^2 (dimensionless G mu),6.28318530718,0.0079577471546,critical stage FAIL
CGR,2T,2,4.0,0.8,1.0,I: G_6 x T_b (T_b in mass^4),6.28318530718,0.0079577471546,critical stage FAIL
CGR,2T,2,4.0,0.8,2.0,II: G v^2 (dimensionless G mu),7.4150698068,0.00674302485381,report-only (stage NC FAIL: critical stage failed; no stage-NC value is used); axisymmetric critical point; stability NOT COMPUTED (YET)
CGR,2T,2,4.0,0.8,2.0,I: G_6 x T_b (T_b in mass^4),7.4150698068,0.00674302485381,report-only (stage NC FAIL: critical stage failed; no stage-NC value is used); axisymmetric critical point; stability NOT COMPUTED (YET)
CGR,2T,2,4.0,0.8,4.0,II: G v^2 (dimensionless G mu),8.74078989258,0.00572030681603,report-only (stage NC FAIL: critical stage failed; no stage-NC value is used); axisymmetric critical point; stability NOT COMPUTED (YET)
CGR,2T,2,4.0,0.8,4.0,I: G_6 x T_b (T_b in mass^4),8.74078989258,0.00572030681603,report-only (stage NC FAIL: critical stage failed; no stage-NC value is used); axisymmetric critical point; stability NOT COMPUTED (YET)
CGR,2T,2,4.0,0.9,0.25,II: G v^2 (dimensionless G mu),4.26935809556,0.00585568121494,report-only (stage NC FAIL: critical stage failed; no stage-NC value is used); axisymmetric critical point; stability NOT COMPUTED (YET)
CGR,2T,2,4.0,0.9,0.25,I: G_6 x T_b (T_b in mass^4),4.26935809556,0.00585568121494,report-only (stage NC FAIL: critical stage failed; no stage-NC value is used); axisymmetric critical point; stability NOT COMPUTED (YET)
CGR,2T,2,4.0,0.9,0.5,II: G v^2 (dimensionless G mu),5.3224295112,0.00469710307058,report-only (stage NC FAIL: critical stage failed; no stage-NC value is used); axisymmetric critical point; stability NOT COMPUTED (YET)
CGR,2T,2,4.0,0.9,0.5,I: G_6 x T_b (T_b in mass^4),5.3224295112,0.00469710307058,report-only (stage NC FAIL: critical stage failed; no stage-NC value is used); axisymmetric critical point; stability NOT COMPUTED (YET)
CGR,2T,2,4.0,0.9,1.0,II: G v^2 (dimensionless G mu),6.28318530718,0.0039788735773,critical stage FAIL
CGR,2T,2,4.0,0.9,1.0,I: G_6 x T_b (T_b in mass^4),6.28318530718,0.0039788735773,critical stage FAIL
CGR,2T,2,4.0,0.9,2.0,II: G v^2 (dimensionless G mu),7.35983226171,0.00339681654568,report-only (stage NC FAIL: critical stage failed; no stage-NC value is used); axisymmetric critical point; stability NOT COMPUTED (YET)
CGR,2T,2,4.0,0.9,2.0,I: G_6 x T_b (T_b in mass^4),7.35983226171,0.00339681654568,report-only (stage NC FAIL: critical stage failed; no stage-NC value is used); axisymmetric critical point; stability NOT COMPUTED (YET)
CGR,2T,2,4.0,0.9,4.0,II: G v^2 (dimensionless G mu),8.60806143063,0.00290425436685,report-only (stage NC FAIL: critical stage failed; no stage-NC value is used); axisymmetric critical point; stability NOT COMPUTED (YET)
CGR,2T,2,4.0,0.9,4.0,I: G_6 x T_b (T_b in mass^4),8.60806143063,0.00290425436685,report-only (stage NC FAIL: critical stage failed; no stage-NC value is used); axisymmetric critical point; stability NOT COMPUTED (YET)
CGR,2T,2,4.0,1,0.25,II: G v^2 (dimensionless G mu),4.28658096154,0,report-only (stage NC FAIL: critical stage failed; no stage-NC value is used); axisymmetric critical point; stability NOT COMPUTED (YET)
CGR,2T,2,4.0,1,0.25,I: G_6 x T_b (T_b in mass^4),4.28658096154,0,report-only (stage NC FAIL: critical stage failed; no stage-NC value is used); axisymmetric critical point; stability NOT COMPUTED (YET)
CGR,2T,2,4.0,1,0.5,II: G v^2 (dimensionless G mu),5.34954609042,0,report-only (stage NC FAIL: critical stage failed; no stage-NC value is used); axisymmetric critical point; stability NOT COMPUTED (YET)
CGR,2T,2,4.0,1,0.5,I: G_6 x T_b (T_b in mass^4),5.34954609042,0,report-only (stage NC FAIL: critical stage failed; no stage-NC value is used); axisymmetric critical point; stability NOT COMPUTED (YET)
CGR,2T,2,4.0,1,1.0,II: G v^2 (dimensionless G mu),6.28318530717,0,critical stage FAIL
CGR,2T,2,4.0,1,1.0,I: G_6 x T_b (T_b in mass^4),6.28318530717,0,critical stage FAIL
CGR,2T,2,4.0,1,2.0,II: G v^2 (dimensionless G mu),7.31076675682,0,report-only (stage NC FAIL: critical stage failed; no stage-NC value is used); axisymmetric critical point; stability NOT COMPUTED (YET)
CGR,2T,2,4.0,1,2.0,I: G_6 x T_b (T_b in mass^4),7.31076675682,0,report-only (stage NC FAIL: critical stage failed; no stage-NC value is used); axisymmetric critical point; stability NOT COMPUTED (YET)
CGR,2T,2,4.0,1,4.0,II: G v^2 (dimensionless G mu),8.49074852102,0,report-only (stage NC FAIL: critical stage failed; no stage-NC value is used); axisymmetric critical point; stability NOT COMPUTED (YET)
CGR,2T,2,4.0,1,4.0,I: G_6 x T_b (T_b in mass^4),8.49074852102,0,report-only (stage NC FAIL: critical stage failed; no stage-NC value is used); axisymmetric critical point; stability NOT COMPUTED (YET)
CGR,2T,2,99.0,0.5,0.25,II: G v^2 (dimensionless G mu),4.36500428689,0.0286368561826,report-only (stage NC FAIL: critical stage failed; no stage-NC value is used); axisymmetric critical point; stability NOT COMPUTED (YET)
CGR,2T,2,99.0,0.5,0.25,I: G_6 x T_b (T_b in mass^4),4.36500428689,0.0286368561826,report-only (stage NC FAIL: critical stage failed; no stage-NC value is used); axisymmetric critical point; stability NOT COMPUTED (YET)
CGR,2T,2,99.0,0.5,0.5,II: G v^2 (dimensionless G mu),5.21941491866,0.0239490444711,report-only (stage NC FAIL: critical stage failed; no stage-NC value is used); axisymmetric critical point; stability NOT COMPUTED (YET)
CGR,2T,2,99.0,0.5,0.5,I: G_6 x T_b (T_b in mass^4),5.21941491866,0.0239490444711,report-only (stage NC FAIL: critical stage failed; no stage-NC value is used); axisymmetric critical point; stability NOT COMPUTED (YET)
CGR,2T,2,99.0,0.5,1.0,II: G v^2 (dimensionless G mu),6.28318530718,0.0198943678865,critical stage FAIL
CGR,2T,2,99.0,0.5,1.0,I: G_6 x T_b (T_b in mass^4),6.28318530718,0.0198943678865,critical stage FAIL
CGR,2T,2,99.0,0.5,2.0,II: G v^2 (dimensionless G mu),7.60164098265,0.0164438178921,report-only (stage NC FAIL: critical stage failed; no stage-NC value is used); axisymmetric critical point; stability NOT COMPUTED (YET)
CGR,2T,2,99.0,0.5,2.0,I: G_6 x T_b (T_b in mass^4),7.60164098265,0.0164438178921,report-only (stage NC FAIL: critical stage failed; no stage-NC value is used); axisymmetric critical point; stability NOT COMPUTED (YET)
CGR,2T,2,99.0,0.5,4.0,II: G v^2 (dimensionless G mu),9.22028734625,0.0135570612179,report-only (stage NC FAIL: critical stage failed; no stage-NC value is used); axisymmetric critical point; stability NOT COMPUTED (YET)
CGR,2T,2,99.0,0.5,4.0,I: G_6 x T_b (T_b in mass^4),9.22028734625,0.0135570612179,report-only (stage NC FAIL: critical stage failed; no stage-NC value is used); axisymmetric critical point; stability NOT COMPUTED (YET)
CGR,2T,2,99.0,0.6,0.25,II: G v^2 (dimensionless G mu),4.46129840028,0.0224149991836,report-only (stage NC FAIL: critical stage failed; no stage-NC value is used); axisymmetric critical point; stability NOT COMPUTED (YET)
CGR,2T,2,99.0,0.6,0.25,I: G_6 x T_b (T_b in mass^4),4.46129840028,0.0224149991836,report-only (stage NC FAIL: critical stage failed; no stage-NC value is used); axisymmetric critical point; stability NOT COMPUTED (YET)
CGR,2T,2,99.0,0.6,0.5,II: G v^2 (dimensionless G mu),5.27763382458,0.0189478852311,report-only (stage NC FAIL: critical stage failed; no stage-NC value is used); axisymmetric critical point; stability NOT COMPUTED (YET)
CGR,2T,2,99.0,0.6,0.5,I: G_6 x T_b (T_b in mass^4),5.27763382458,0.0189478852311,report-only (stage NC FAIL: critical stage failed; no stage-NC value is used); axisymmetric critical point; stability NOT COMPUTED (YET)
CGR,2T,2,99.0,0.6,1.0,II: G v^2 (dimensionless G mu),6.28318530718,0.0159154943092,critical stage FAIL
CGR,2T,2,99.0,0.6,1.0,I: G_6 x T_b (T_b in mass^4),6.28318530718,0.0159154943092,critical stage FAIL
CGR,2T,2,99.0,0.6,2.0,II: G v^2 (dimensionless G mu),7.51570185418,0.0133054772449,report-only (stage NC FAIL: critical stage failed; no stage-NC value is used); axisymmetric critical point; stability NOT COMPUTED (YET)
CGR,2T,2,99.0,0.6,2.0,I: G_6 x T_b (T_b in mass^4),7.51570185418,0.0133054772449,report-only (stage NC FAIL: critical stage failed; no stage-NC value is used); axisymmetric critical point; stability NOT COMPUTED (YET)
CGR,2T,2,99.0,0.6,4.0,II: G v^2 (dimensionless G mu),9.01124580255,0.0110972447308,report-only (stage NC FAIL: critical stage failed; no stage-NC value is used); axisymmetric critical point; stability NOT COMPUTED (YET)
CGR,2T,2,99.0,0.6,4.0,I: G_6 x T_b (T_b in mass^4),9.01124580255,0.0110972447308,report-only (stage NC FAIL: critical stage failed; no stage-NC value is used); axisymmetric critical point; stability NOT COMPUTED (YET)
CGR,2T,2,99.0,0.7,0.25,II: G v^2 (dimensionless G mu),4.54600820631,0.0164979904559,report-only (stage NC FAIL: critical stage failed; no stage-NC value is used); axisymmetric critical point; stability NOT COMPUTED (YET)
CGR,2T,2,99.0,0.7,0.25,I: G_6 x T_b (T_b in mass^4),4.54600820631,0.0164979904559,report-only (stage NC FAIL: critical stage failed; no stage-NC value is used); axisymmetric critical point; stability NOT COMPUTED (YET)
CGR,2T,2,99.0,0.7,0.5,II: G v^2 (dimensionless G mu),5.32847883389,0.0140753116111,report-only (stage NC FAIL: critical stage failed; no stage-NC value is used); axisymmetric critical point; stability NOT COMPUTED (YET)
CGR,2T,2,99.0,0.7,0.5,I: G_6 x T_b (T_b in mass^4),5.32847883389,0.0140753116111,report-only (stage NC FAIL: critical stage failed; no stage-NC value is used); axisymmetric critical point; stability NOT COMPUTED (YET)
CGR,2T,2,99.0,0.7,1.0,II: G v^2 (dimensionless G mu),6.28318530718,0.0119366207319,critical stage FAIL
CGR,2T,2,99.0,0.7,1.0,I: G_6 x T_b (T_b in mass^4),6.28318530718,0.0119366207319,critical stage FAIL
CGR,2T,2,99.0,0.7,2.0,II: G v^2 (dimensionless G mu),7.44191661958,0.0100780489535,report-only (stage NC FAIL: critical stage failed; no stage-NC value is used); axisymmetric critical point; stability NOT COMPUTED (YET)
CGR,2T,2,99.0,0.7,2.0,I: G_6 x T_b (T_b in mass^4),7.44191661958,0.0100780489535,report-only (stage NC FAIL: critical stage failed; no stage-NC value is used); axisymmetric critical point; stability NOT COMPUTED (YET)
CGR,2T,2,99.0,0.7,4.0,II: G v^2 (dimensionless G mu),8.83356347456,0.00849034483264,report-only (stage NC FAIL: critical stage failed; no stage-NC value is used); axisymmetric critical point; stability NOT COMPUTED (YET)
CGR,2T,2,99.0,0.7,4.0,I: G_6 x T_b (T_b in mass^4),8.83356347456,0.00849034483264,report-only (stage NC FAIL: critical stage failed; no stage-NC value is used); axisymmetric critical point; stability NOT COMPUTED (YET)
CGR,2T,2,99.0,0.8,0.25,II: G v^2 (dimensionless G mu),4.62153469945,0.0108189169295,report-only (stage NC FAIL: critical stage failed; no stage-NC value is used); axisymmetric critical point; stability NOT COMPUTED (YET)
CGR,2T,2,99.0,0.8,0.25,I: G_6 x T_b (T_b in mass^4),4.62153469945,0.0108189169295,report-only (stage NC FAIL: critical stage failed; no stage-NC value is used); axisymmetric critical point; stability NOT COMPUTED (YET)
CGR,2T,2,99.0,0.8,0.5,II: G v^2 (dimensionless G mu),5.37351489037,0.00930489651933,report-only (stage NC FAIL: critical stage failed; no stage-NC value is used); axisymmetric critical point; stability NOT COMPUTED (YET)
CGR,2T,2,99.0,0.8,0.5,I: G_6 x T_b (T_b in mass^4),5.37351489037,0.00930489651933,report-only (stage NC FAIL: critical stage failed; no stage-NC value is used); axisymmetric critical point; stability NOT COMPUTED (YET)
CGR,2T,2,99.0,0.8,1.0,II: G v^2 (dimensionless G mu),6.28318530718,0.0079577471546,critical stage FAIL
CGR,2T,2,99.0,0.8,1.0,I: G_6 x T_b (T_b in mass^4),6.28318530718,0.0079577471546,critical stage FAIL
CGR,2T,2,99.0,0.8,2.0,II: G v^2 (dimensionless G mu),7.37755878953,0.0067773095988,report-only (stage NC FAIL: critical stage failed; no stage-NC value is used); axisymmetric critical point; stability NOT COMPUTED (YET)
CGR,2T,2,99.0,0.8,2.0,I: G_6 x T_b (T_b in mass^4),7.37755878953,0.0067773095988,report-only (stage NC FAIL: critical stage failed; no stage-NC value is used); axisymmetric critical point; stability NOT COMPUTED (YET)
CGR,2T,2,99.0,0.8,4.0,II: G v^2 (dimensionless G mu),8.67996832435,0.0057603896848,report-only (stage NC FAIL: critical stage failed; no stage-NC value is used); axisymmetric critical point; stability NOT COMPUTED (YET)
CGR,2T,2,99.0,0.8,4.0,I: G_6 x T_b (T_b in mass^4),8.67996832435,0.0057603896848,report-only (stage NC FAIL: critical stage failed; no stage-NC value is used); axisymmetric critical point; stability NOT COMPUTED (YET)
CGR,2T,2,99.0,0.9,0.25,II: G v^2 (dimensionless G mu),4.68956814107,0.00533098128611,report-only (stage NC FAIL: critical stage failed; no stage-NC value is used); axisymmetric critical point; stability NOT COMPUTED (YET)
CGR,2T,2,99.0,0.9,0.25,I: G_6 x T_b (T_b in mass^4),4.68956814107,0.00533098128611,report-only (stage NC FAIL: critical stage failed; no stage-NC value is used); axisymmetric critical point; stability NOT COMPUTED (YET)
CGR,2T,2,99.0,0.9,0.5,II: G v^2 (dimensionless G mu),5.41383978055,0.00461779458081,report-only (stage NC FAIL: critical stage failed; no stage-NC value is used); axisymmetric critical point; stability NOT COMPUTED (YET)
CGR,2T,2,99.0,0.9,0.5,I: G_6 x T_b (T_b in mass^4),5.41383978055,0.00461779458081,report-only (stage NC FAIL: critical stage failed; no stage-NC value is used); axisymmetric critical point; stability NOT COMPUTED (YET)
CGR,2T,2,99.0,0.9,1.0,II: G v^2 (dimensionless G mu),6.28318530718,0.0039788735773,critical stage FAIL
CGR,2T,2,99.0,0.9,1.0,I: G_6 x T_b (T_b in mass^4),6.28318530718,0.0039788735773,critical stage FAIL
CGR,2T,2,99.0,0.9,2.0,II: G v^2 (dimensionless G mu),7.32073425074,0.00341495800062,report-only (stage NC FAIL: critical stage failed; no stage-NC value is used); axisymmetric critical point; stability NOT COMPUTED (YET)
CGR,2T,2,99.0,0.9,2.0,I: G_6 x T_b (T_b in mass^4),7.32073425074,0.00341495800062,report-only (stage NC FAIL: critical stage failed; no stage-NC value is used); axisymmetric critical point; stability NOT COMPUTED (YET)
CGR,2T,2,99.0,0.9,4.0,II: G v^2 (dimensionless G mu),8.54544396325,0.00292553553771,report-only (stage NC FAIL: critical stage failed; no stage-NC value is used); axisymmetric critical point; stability NOT COMPUTED (YET)
CGR,2T,2,99.0,0.9,4.0,I: G_6 x T_b (T_b in mass^4),8.54544396325,0.00292553553771,report-only (stage NC FAIL: critical stage failed; no stage-NC value is used); axisymmetric critical point; stability NOT COMPUTED (YET)
CGR,2T,2,99.0,1,0.25,II: G v^2 (dimensionless G mu),4.75135367295,0,report-only (stage NC FAIL: critical stage failed; no stage-NC value is used); axisymmetric critical point; stability NOT COMPUTED (YET)
CGR,2T,2,99.0,1,0.25,I: G_6 x T_b (T_b in mass^4),4.75135367295,0,report-only (stage NC FAIL: critical stage failed; no stage-NC value is used); axisymmetric critical point; stability NOT COMPUTED (YET)
CGR,2T,2,99.0,1,0.5,II: G v^2 (dimensionless G mu),5.4502591642,0,report-only (stage NC FAIL: critical stage failed; no stage-NC value is used); axisymmetric critical point; stability NOT COMPUTED (YET)
CGR,2T,2,99.0,1,0.5,I: G_6 x T_b (T_b in mass^4),5.4502591642,0,report-only (stage NC FAIL: critical stage failed; no stage-NC value is used); axisymmetric critical point; stability NOT COMPUTED (YET)
CGR,2T,2,99.0,1,1.0,II: G v^2 (dimensionless G mu),6.28318530717,0,critical stage FAIL
CGR,2T,2,99.0,1,1.0,I: G_6 x T_b (T_b in mass^4),6.28318530717,0,critical stage FAIL
CGR,2T,2,99.0,1,2.0,II: G v^2 (dimensionless G mu),7.27006702182,0,report-only (stage NC FAIL: critical stage failed; no stage-NC value is used); axisymmetric critical point; stability NOT COMPUTED (YET)
CGR,2T,2,99.0,1,2.0,I: G_6 x T_b (T_b in mass^4),7.27006702182,0,report-only (stage NC FAIL: critical stage failed; no stage-NC value is used); axisymmetric critical point; stability NOT COMPUTED (YET)
CGR,2T,2,99.0,1,4.0,II: G v^2 (dimensionless G mu),8.42637241292,0,report-only (stage NC FAIL: critical stage failed; no stage-NC value is used); axisymmetric critical point; stability NOT COMPUTED (YET)
CGR,2T,2,99.0,1,4.0,I: G_6 x T_b (T_b in mass^4),8.42637241292,0,report-only (stage NC FAIL: critical stage failed; no stage-NC value is used); axisymmetric critical point; stability NOT COMPUTED (YET)
CGR,2T,4,1.0,0.5,0.25,II: G v^2 (dimensionless G mu),NOT COMPUTED (YET),NOT COMPUTED (YET),"FAILED: failed upstream (row CGR 2T n=4 eps=1 alpha=0.5 stage NC kappa=0.5): not converged (cap hit) at NC kappa=0.5 alpha=0.5 [node cap MAX_NODES = 100000 reached; status 1, max|phi|^2 = 4.679e-06, iterations 5, nodes 44809]"
CGR,2T,4,1.0,0.5,0.25,I: G_6 x T_b (T_b in mass^4),NOT COMPUTED (YET),NOT COMPUTED (YET),"FAILED: failed upstream (row CGR 2T n=4 eps=1 alpha=0.5 stage NC kappa=0.5): not converged (cap hit) at NC kappa=0.5 alpha=0.5 [node cap MAX_NODES = 100000 reached; status 1, max|phi|^2 = 4.679e-06, iterations 5, nodes 44809]"
CGR,2T,4,1.0,0.5,0.5,II: G v^2 (dimensionless G mu),NOT COMPUTED (YET),NOT COMPUTED (YET),"FAILED: failed directly: not converged (cap hit) at NC kappa=0.5 alpha=0.5 [node cap MAX_NODES = 100000 reached; status 1, max|phi|^2 = 4.679e-06, iterations 5, nodes 44809]"
CGR,2T,4,1.0,0.5,0.5,I: G_6 x T_b (T_b in mass^4),NOT COMPUTED (YET),NOT COMPUTED (YET),"FAILED: failed directly: not converged (cap hit) at NC kappa=0.5 alpha=0.5 [node cap MAX_NODES = 100000 reached; status 1, max|phi|^2 = 4.679e-06, iterations 5, nodes 44809]"
CGR,2T,4,1.0,0.5,1.0,II: G v^2 (dimensionless G mu),12.5663706144,0.00994718394324,critical stage FAIL
CGR,2T,4,1.0,0.5,1.0,I: G_6 x T_b (T_b in mass^4),12.5663706144,0.00994718394324,critical stage FAIL
CGR,2T,4,1.0,0.5,2.0,II: G v^2 (dimensionless G mu),15.9593712817,0.00783238874474,report-only (stage NC FAIL: critical stage failed; no stage-NC value is used); report-only row; axisymmetric critical point; stability NOT COMPUTED (YET)
CGR,2T,4,1.0,0.5,2.0,I: G_6 x T_b (T_b in mass^4),15.9593712817,0.00783238874474,report-only (stage NC FAIL: critical stage failed; no stage-NC value is used); report-only row; axisymmetric critical point; stability NOT COMPUTED (YET)
CGR,2T,4,1.0,0.5,4.0,II: G v^2 (dimensionless G mu),20.1966907645,0.00618913273752,report-only (stage NC FAIL: critical stage failed; no stage-NC value is used); report-only row; axisymmetric critical point; stability NOT COMPUTED (YET)
CGR,2T,4,1.0,0.5,4.0,I: G_6 x T_b (T_b in mass^4),20.1966907645,0.00618913273752,report-only (stage NC FAIL: critical stage failed; no stage-NC value is used); report-only row; axisymmetric critical point; stability NOT COMPUTED (YET)
CGR,2T,4,1.0,0.6,0.25,II: G v^2 (dimensionless G mu),NOT COMPUTED (YET),NOT COMPUTED (YET),"FAILED: failed upstream (row CGR 2T n=4 eps=1 alpha=0.6 stage NC kappa=0.5): not converged (cap hit) at NC kappa=0.5 alpha=0.6 [node cap MAX_NODES = 100000 reached; status 1, max|phi|^2 = 5.887e-06, iterations 5, nodes 50477]"
CGR,2T,4,1.0,0.6,0.25,I: G_6 x T_b (T_b in mass^4),NOT COMPUTED (YET),NOT COMPUTED (YET),"FAILED: failed upstream (row CGR 2T n=4 eps=1 alpha=0.6 stage NC kappa=0.5): not converged (cap hit) at NC kappa=0.5 alpha=0.6 [node cap MAX_NODES = 100000 reached; status 1, max|phi|^2 = 5.887e-06, iterations 5, nodes 50477]"
CGR,2T,4,1.0,0.6,0.5,II: G v^2 (dimensionless G mu),NOT COMPUTED (YET),NOT COMPUTED (YET),"FAILED: failed directly: not converged (cap hit) at NC kappa=0.5 alpha=0.6 [node cap MAX_NODES = 100000 reached; status 1, max|phi|^2 = 5.887e-06, iterations 5, nodes 50477]"
CGR,2T,4,1.0,0.6,0.5,I: G_6 x T_b (T_b in mass^4),NOT COMPUTED (YET),NOT COMPUTED (YET),"FAILED: failed directly: not converged (cap hit) at NC kappa=0.5 alpha=0.6 [node cap MAX_NODES = 100000 reached; status 1, max|phi|^2 = 5.887e-06, iterations 5, nodes 50477]"
CGR,2T,4,1.0,0.6,1.0,II: G v^2 (dimensionless G mu),12.5663706144,0.00795774715459,critical stage FAIL
CGR,2T,4,1.0,0.6,1.0,I: G_6 x T_b (T_b in mass^4),12.5663706144,0.00795774715459,critical stage FAIL
CGR,2T,4,1.0,0.6,2.0,II: G v^2 (dimensionless G mu),15.8232272136,0.00631982329837,report-only (stage NC FAIL: critical stage failed; no stage-NC value is used); report-only row; axisymmetric critical point; stability NOT COMPUTED (YET)
CGR,2T,4,1.0,0.6,2.0,I: G_6 x T_b (T_b in mass^4),15.8232272136,0.00631982329837,report-only (stage NC FAIL: critical stage failed; no stage-NC value is used); report-only row; axisymmetric critical point; stability NOT COMPUTED (YET)
CGR,2T,4,1.0,0.6,4.0,II: G v^2 (dimensionless G mu),19.8335916705,0.00504195113327,report-only (stage NC FAIL: critical stage failed; no stage-NC value is used); report-only row; axisymmetric critical point; stability NOT COMPUTED (YET)
CGR,2T,4,1.0,0.6,4.0,I: G_6 x T_b (T_b in mass^4),19.8335916705,0.00504195113327,report-only (stage NC FAIL: critical stage failed; no stage-NC value is used); report-only row; axisymmetric critical point; stability NOT COMPUTED (YET)
CGR,2T,4,1.0,0.7,0.25,II: G v^2 (dimensionless G mu),NOT COMPUTED (YET),NOT COMPUTED (YET),"FAILED: failed upstream (row CGR 2T n=4 eps=1 alpha=0.7 stage NC kappa=0.5): not converged (cap hit) at NC kappa=0.5 alpha=0.7 [node cap MAX_NODES = 100000 reached; status 1, max|phi|^2 = 1.559e-06, iterations 5, nodes 52307]"
CGR,2T,4,1.0,0.7,0.25,I: G_6 x T_b (T_b in mass^4),NOT COMPUTED (YET),NOT COMPUTED (YET),"FAILED: failed upstream (row CGR 2T n=4 eps=1 alpha=0.7 stage NC kappa=0.5): not converged (cap hit) at NC kappa=0.5 alpha=0.7 [node cap MAX_NODES = 100000 reached; status 1, max|phi|^2 = 1.559e-06, iterations 5, nodes 52307]"
CGR,2T,4,1.0,0.7,0.5,II: G v^2 (dimensionless G mu),NOT COMPUTED (YET),NOT COMPUTED (YET),"FAILED: failed directly: not converged (cap hit) at NC kappa=0.5 alpha=0.7 [node cap MAX_NODES = 100000 reached; status 1, max|phi|^2 = 1.559e-06, iterations 5, nodes 52307]"
CGR,2T,4,1.0,0.7,0.5,I: G_6 x T_b (T_b in mass^4),NOT COMPUTED (YET),NOT COMPUTED (YET),"FAILED: failed directly: not converged (cap hit) at NC kappa=0.5 alpha=0.7 [node cap MAX_NODES = 100000 reached; status 1, max|phi|^2 = 1.559e-06, iterations 5, nodes 52307]"
CGR,2T,4,1.0,0.7,1.0,II: G v^2 (dimensionless G mu),12.5663706144,0.00596831036595,critical stage FAIL
CGR,2T,4,1.0,0.7,1.0,I: G_6 x T_b (T_b in mass^4),12.5663706144,0.00596831036595,critical stage FAIL
CGR,2T,4,1.0,0.7,2.0,II: G v^2 (dimensionless G mu),15.7051606763,0.00477550033048,report-only (stage NC FAIL: critical stage failed; no stage-NC value is used); report-only row; axisymmetric critical point; stability NOT COMPUTED (YET)
CGR,2T,4,1.0,0.7,2.0,I: G_6 x T_b (T_b in mass^4),15.7051606763,0.00477550033048,report-only (stage NC FAIL: critical stage failed; no stage-NC value is used); report-only row; axisymmetric critical point; stability NOT COMPUTED (YET)
CGR,2T,4,1.0,0.7,4.0,II: G v^2 (dimensionless G mu),19.5175175649,0.00384270180624,report-only (stage NC FAIL: critical stage failed; no stage-NC value is used); report-only row; axisymmetric critical point; stability NOT COMPUTED (YET)
CGR,2T,4,1.0,0.7,4.0,I: G_6 x T_b (T_b in mass^4),19.5175175649,0.00384270180624,report-only (stage NC FAIL: critical stage failed; no stage-NC value is used); report-only row; axisymmetric critical point; stability NOT COMPUTED (YET)
CGR,2T,4,1.0,0.8,0.25,II: G v^2 (dimensionless G mu),NOT COMPUTED (YET),NOT COMPUTED (YET),"FAILED: failed upstream (row CGR 2T n=4 eps=1 alpha=0.8 stage NC kappa=0.5): not converged (cap hit) at NC kappa=0.5 alpha=0.8 [node cap MAX_NODES = 100000 reached; status 1, max|phi|^2 = 8.940e-07, iterations 5, nodes 55773]"
CGR,2T,4,1.0,0.8,0.25,I: G_6 x T_b (T_b in mass^4),NOT COMPUTED (YET),NOT COMPUTED (YET),"FAILED: failed upstream (row CGR 2T n=4 eps=1 alpha=0.8 stage NC kappa=0.5): not converged (cap hit) at NC kappa=0.5 alpha=0.8 [node cap MAX_NODES = 100000 reached; status 1, max|phi|^2 = 8.940e-07, iterations 5, nodes 55773]"
CGR,2T,4,1.0,0.8,0.5,II: G v^2 (dimensionless G mu),NOT COMPUTED (YET),NOT COMPUTED (YET),"FAILED: failed directly: not converged (cap hit) at NC kappa=0.5 alpha=0.8 [node cap MAX_NODES = 100000 reached; status 1, max|phi|^2 = 8.940e-07, iterations 5, nodes 55773]"
CGR,2T,4,1.0,0.8,0.5,I: G_6 x T_b (T_b in mass^4),NOT COMPUTED (YET),NOT COMPUTED (YET),"FAILED: failed directly: not converged (cap hit) at NC kappa=0.5 alpha=0.8 [node cap MAX_NODES = 100000 reached; status 1, max|phi|^2 = 8.940e-07, iterations 5, nodes 55773]"
CGR,2T,4,1.0,0.8,1.0,II: G v^2 (dimensionless G mu),12.5663706144,0.0039788735773,critical stage FAIL
CGR,2T,4,1.0,0.8,1.0,I: G_6 x T_b (T_b in mass^4),12.5663706144,0.0039788735773,critical stage FAIL
CGR,2T,4,1.0,0.8,2.0,II: G v^2 (dimensionless G mu),15.6014567544,0.00320482893278,report-only (stage NC FAIL: critical stage failed; no stage-NC value is used); report-only row; axisymmetric critical point; stability NOT COMPUTED (YET)
CGR,2T,4,1.0,0.8,2.0,I: G_6 x T_b (T_b in mass^4),15.6014567544,0.00320482893278,report-only (stage NC FAIL: critical stage failed; no stage-NC value is used); report-only row; axisymmetric critical point; stability NOT COMPUTED (YET)
CGR,2T,4,1.0,0.8,4.0,II: G v^2 (dimensionless G mu),19.2386167656,0.00259893944607,report-only (stage NC FAIL: critical stage failed; no stage-NC value is used); report-only row; axisymmetric critical point; stability NOT COMPUTED (YET)
CGR,2T,4,1.0,0.8,4.0,I: G_6 x T_b (T_b in mass^4),19.2386167656,0.00259893944607,report-only (stage NC FAIL: critical stage failed; no stage-NC value is used); report-only row; axisymmetric critical point; stability NOT COMPUTED (YET)
CGR,2T,4,1.0,0.9,0.25,II: G v^2 (dimensionless G mu),NOT COMPUTED (YET),NOT COMPUTED (YET),"FAILED: failed upstream (row CGR 2T n=4 eps=1 alpha=0.9 stage NC kappa=0.5): not converged (cap hit) at NC kappa=0.5 alpha=0.9 [node cap MAX_NODES = 100000 reached; status 1, max|phi|^2 = 5.919e-07, iterations 5, nodes 59371]"
CGR,2T,4,1.0,0.9,0.25,I: G_6 x T_b (T_b in mass^4),NOT COMPUTED (YET),NOT COMPUTED (YET),"FAILED: failed upstream (row CGR 2T n=4 eps=1 alpha=0.9 stage NC kappa=0.5): not converged (cap hit) at NC kappa=0.5 alpha=0.9 [node cap MAX_NODES = 100000 reached; status 1, max|phi|^2 = 5.919e-07, iterations 5, nodes 59371]"
CGR,2T,4,1.0,0.9,0.5,II: G v^2 (dimensionless G mu),NOT COMPUTED (YET),NOT COMPUTED (YET),"FAILED: failed directly: not converged (cap hit) at NC kappa=0.5 alpha=0.9 [node cap MAX_NODES = 100000 reached; status 1, max|phi|^2 = 5.919e-07, iterations 5, nodes 59371]"
CGR,2T,4,1.0,0.9,0.5,I: G_6 x T_b (T_b in mass^4),NOT COMPUTED (YET),NOT COMPUTED (YET),"FAILED: failed directly: not converged (cap hit) at NC kappa=0.5 alpha=0.9 [node cap MAX_NODES = 100000 reached; status 1, max|phi|^2 = 5.919e-07, iterations 5, nodes 59371]"
CGR,2T,4,1.0,0.9,1.0,II: G v^2 (dimensionless G mu),12.5663706144,0.00198943678865,critical stage FAIL
CGR,2T,4,1.0,0.9,1.0,I: G_6 x T_b (T_b in mass^4),12.5663706144,0.00198943678865,critical stage FAIL
CGR,2T,4,1.0,0.9,2.0,II: G v^2 (dimensionless G mu),15.5094602344,0.00161191941062,report-only (stage NC FAIL: critical stage failed; no stage-NC value is used); report-only row; axisymmetric critical point; stability NOT COMPUTED (YET)
CGR,2T,4,1.0,0.9,2.0,I: G_6 x T_b (T_b in mass^4),15.5094602344,0.00161191941062,report-only (stage NC FAIL: critical stage failed; no stage-NC value is used); report-only row; axisymmetric critical point; stability NOT COMPUTED (YET)
CGR,2T,4,1.0,0.9,4.0,II: G v^2 (dimensionless G mu),18.9899579538,0.001316485274,report-only (stage NC FAIL: critical stage failed; no stage-NC value is used); report-only row; axisymmetric critical point; stability NOT COMPUTED (YET)
CGR,2T,4,1.0,0.9,4.0,I: G_6 x T_b (T_b in mass^4),18.9899579538,0.001316485274,report-only (stage NC FAIL: critical stage failed; no stage-NC value is used); report-only row; axisymmetric critical point; stability NOT COMPUTED (YET)
CGR,2T,4,1.0,1,0.25,II: G v^2 (dimensionless G mu),NOT COMPUTED (YET),NOT COMPUTED (YET),"n/a (normal state) [normal state: exact solution, linearly stable for B > κ/2, marginal at B = κ/2; whether a vortex branch coexists (κ < 1, subcritical) is NOT COMPUTED (YET)] [by construction; not a test] [Venus 20:44]; normal-state energy (not a vortex value) = 6.28318530718"
CGR,2T,4,1.0,1,0.25,I: G_6 x T_b (T_b in mass^4),NOT COMPUTED (YET),NOT COMPUTED (YET),"n/a (normal state) [normal state: exact solution, linearly stable for B > κ/2, marginal at B = κ/2; whether a vortex branch coexists (κ < 1, subcritical) is NOT COMPUTED (YET)] [by construction; not a test] [Venus 20:44]; normal-state energy (not a vortex value) = 6.28318530718"
CGR,2T,4,1.0,1,0.5,II: G v^2 (dimensionless G mu),NOT COMPUTED (YET),NOT COMPUTED (YET),"n/a (normal state) [normal state: exact solution, linearly stable for B > κ/2, marginal at B = κ/2; whether a vortex branch coexists (κ < 1, subcritical) is NOT COMPUTED (YET)] [by construction; not a test] [Venus 20:44]; normal-state energy (not a vortex value) = 9.42477796077"
CGR,2T,4,1.0,1,0.5,I: G_6 x T_b (T_b in mass^4),NOT COMPUTED (YET),NOT COMPUTED (YET),"n/a (normal state) [normal state: exact solution, linearly stable for B > κ/2, marginal at B = κ/2; whether a vortex branch coexists (κ < 1, subcritical) is NOT COMPUTED (YET)] [by construction; not a test] [Venus 20:44]; normal-state energy (not a vortex value) = 9.42477796077"
CGR,2T,4,1.0,1,1.0,II: G v^2 (dimensionless G mu),12.5663706144,0,critical stage FAIL
CGR,2T,4,1.0,1,1.0,I: G_6 x T_b (T_b in mass^4),12.5663706144,0,critical stage FAIL
CGR,2T,4,1.0,1,2.0,II: G v^2 (dimensionless G mu),15.4271915506,0,report-only (stage NC FAIL: critical stage failed; no stage-NC value is used); report-only row; axisymmetric critical point; stability NOT COMPUTED (YET)
CGR,2T,4,1.0,1,2.0,I: G_6 x T_b (T_b in mass^4),15.4271915506,0,report-only (stage NC FAIL: critical stage failed; no stage-NC value is used); report-only row; axisymmetric critical point; stability NOT COMPUTED (YET)
CGR,2T,4,1.0,1,4.0,II: G v^2 (dimensionless G mu),18.7664328573,0,report-only (stage NC FAIL: critical stage failed; no stage-NC value is used); report-only row; axisymmetric critical point; stability NOT COMPUTED (YET)
CGR,2T,4,1.0,1,4.0,I: G_6 x T_b (T_b in mass^4),18.7664328573,0,report-only (stage NC FAIL: critical stage failed; no stage-NC value is used); report-only row; axisymmetric critical point; stability NOT COMPUTED (YET)
CGR,2T,4,24.0,0.5,0.25,II: G v^2 (dimensionless G mu),8.06031803326,0.0155080729426,report-only (stage NC FAIL: critical stage failed; no stage-NC value is used); axisymmetric critical point; stability NOT COMPUTED (YET)
CGR,2T,4,24.0,0.5,0.25,I: G_6 x T_b (T_b in mass^4),8.06031803326,0.0155080729426,report-only (stage NC FAIL: critical stage failed; no stage-NC value is used); axisymmetric critical point; stability NOT COMPUTED (YET)
CGR,2T,4,24.0,0.5,0.5,II: G v^2 (dimensionless G mu),10.0324868031,0.012459522993,report-only (stage NC FAIL: critical stage failed; no stage-NC value is used); axisymmetric critical point; stability NOT COMPUTED (YET)
CGR,2T,4,24.0,0.5,0.5,I: G_6 x T_b (T_b in mass^4),10.0324868031,0.012459522993,report-only (stage NC FAIL: critical stage failed; no stage-NC value is used); axisymmetric critical point; stability NOT COMPUTED (YET)
CGR,2T,4,24.0,0.5,1.0,II: G v^2 (dimensionless G mu),12.5663706144,0.00994718394324,critical stage FAIL
CGR,2T,4,24.0,0.5,1.0,I: G_6 x T_b (T_b in mass^4),12.5663706144,0.00994718394324,critical stage FAIL
CGR,2T,4,24.0,0.5,2.0,II: G v^2 (dimensionless G mu),15.8176285781,0.00790257524273,report-only (stage NC FAIL: critical stage failed; no stage-NC value is used); report-only row; axisymmetric critical point; stability NOT COMPUTED (YET)
CGR,2T,4,24.0,0.5,2.0,I: G_6 x T_b (T_b in mass^4),15.8176285781,0.00790257524273,report-only (stage NC FAIL: critical stage failed; no stage-NC value is used); report-only row; axisymmetric critical point; stability NOT COMPUTED (YET)
CGR,2T,4,24.0,0.5,4.0,II: G v^2 (dimensionless G mu),19.9635164653,0.00626142194024,report-only (stage NC FAIL: critical stage failed; no stage-NC value is used); report-only row; axisymmetric critical point; stability NOT COMPUTED (YET)
CGR,2T,4,24.0,0.5,4.0,I: G_6 x T_b (T_b in mass^4),19.9635164653,0.00626142194024,report-only (stage NC FAIL: critical stage failed; no stage-NC value is used); report-only row; axisymmetric critical point; stability NOT COMPUTED (YET)
CGR,2T,4,24.0,0.6,0.25,II: G v^2 (dimensionless G mu),8.21312297294,0.0121756365185,report-only (stage NC FAIL: critical stage failed; no stage-NC value is used); axisymmetric critical point; stability NOT COMPUTED (YET)
CGR,2T,4,24.0,0.6,0.25,I: G_6 x T_b (T_b in mass^4),8.21312297294,0.0121756365185,report-only (stage NC FAIL: critical stage failed; no stage-NC value is used); axisymmetric critical point; stability NOT COMPUTED (YET)
CGR,2T,4,24.0,0.6,0.5,II: G v^2 (dimensionless G mu),10.1277830404,0.00987382920835,report-only (stage NC FAIL: critical stage failed; no stage-NC value is used); axisymmetric critical point; stability NOT COMPUTED (YET)
CGR,2T,4,24.0,0.6,0.5,I: G_6 x T_b (T_b in mass^4),10.1277830404,0.00987382920835,report-only (stage NC FAIL: critical stage failed; no stage-NC value is used); axisymmetric critical point; stability NOT COMPUTED (YET)
CGR,2T,4,24.0,0.6,1.0,II: G v^2 (dimensionless G mu),12.5663706144,0.00795774715459,critical stage FAIL
CGR,2T,4,24.0,0.6,1.0,I: G_6 x T_b (T_b in mass^4),12.5663706144,0.00795774715459,critical stage FAIL
CGR,2T,4,24.0,0.6,2.0,II: G v^2 (dimensionless G mu),15.6675486767,0.00638261939141,report-only (stage NC FAIL: critical stage failed; no stage-NC value is used); report-only row; axisymmetric critical point; stability NOT COMPUTED (YET)
CGR,2T,4,24.0,0.6,2.0,I: G_6 x T_b (T_b in mass^4),15.6675486767,0.00638261939141,report-only (stage NC FAIL: critical stage failed; no stage-NC value is used); report-only row; axisymmetric critical point; stability NOT COMPUTED (YET)
CGR,2T,4,24.0,0.6,4.0,II: G v^2 (dimensionless G mu),19.5847877371,0.00510600376897,report-only (stage NC FAIL: critical stage failed; no stage-NC value is used); report-only row; axisymmetric critical point; stability NOT COMPUTED (YET)
CGR,2T,4,24.0,0.6,4.0,I: G_6 x T_b (T_b in mass^4),19.5847877371,0.00510600376897,report-only (stage NC FAIL: critical stage failed; no stage-NC value is used); report-only row; axisymmetric critical point; stability NOT COMPUTED (YET)
CGR,2T,4,24.0,0.7,0.25,II: G v^2 (dimensionless G mu),8.35019812296,0.00898182281373,report-only (stage NC FAIL: critical stage failed; no stage-NC value is used); axisymmetric critical point; stability NOT COMPUTED (YET)
CGR,2T,4,24.0,0.7,0.25,I: G_6 x T_b (T_b in mass^4),8.35019812296,0.00898182281373,report-only (stage NC FAIL: critical stage failed; no stage-NC value is used); axisymmetric critical point; stability NOT COMPUTED (YET)
CGR,2T,4,24.0,0.7,0.5,II: G v^2 (dimensionless G mu),10.2128213465,0.00734371017128,report-only (stage NC FAIL: critical stage failed; no stage-NC value is used); axisymmetric critical point; stability NOT COMPUTED (YET)
CGR,2T,4,24.0,0.7,0.5,I: G_6 x T_b (T_b in mass^4),10.2128213465,0.00734371017128,report-only (stage NC FAIL: critical stage failed; no stage-NC value is used); axisymmetric critical point; stability NOT COMPUTED (YET)
CGR,2T,4,24.0,0.7,1.0,II: G v^2 (dimensionless G mu),12.5663706144,0.00596831036595,critical stage FAIL
CGR,2T,4,24.0,0.7,1.0,I: G_6 x T_b (T_b in mass^4),12.5663706144,0.00596831036595,critical stage FAIL
CGR,2T,4,24.0,0.7,2.0,II: G v^2 (dimensionless G mu),15.5353095554,0.00482771197655,report-only (stage NC FAIL: critical stage failed; no stage-NC value is used); report-only row; axisymmetric critical point; stability NOT COMPUTED (YET)
CGR,2T,4,24.0,0.7,2.0,I: G_6 x T_b (T_b in mass^4),15.5353095554,0.00482771197655,report-only (stage NC FAIL: critical stage failed; no stage-NC value is used); report-only row; axisymmetric critical point; stability NOT COMPUTED (YET)
CGR,2T,4,24.0,0.7,4.0,II: G v^2 (dimensionless G mu),19.2536359988,0.00389536812707,report-only (stage NC FAIL: critical stage failed; no stage-NC value is used); report-only row; axisymmetric critical point; stability NOT COMPUTED (YET)
CGR,2T,4,24.0,0.7,4.0,I: G_6 x T_b (T_b in mass^4),19.2536359988,0.00389536812707,report-only (stage NC FAIL: critical stage failed; no stage-NC value is used); report-only row; axisymmetric critical point; stability NOT COMPUTED (YET)
CGR,2T,4,24.0,0.8,0.25,II: G v^2 (dimensionless G mu),8.47472103415,0.00589989921774,report-only (stage NC FAIL: critical stage failed; no stage-NC value is used); axisymmetric critical point; stability NOT COMPUTED (YET)
CGR,2T,4,24.0,0.8,0.25,I: G_6 x T_b (T_b in mass^4),8.47472103415,0.00589989921774,report-only (stage NC FAIL: critical stage failed; no stage-NC value is used); axisymmetric critical point; stability NOT COMPUTED (YET)
CGR,2T,4,24.0,0.8,0.5,II: G v^2 (dimensionless G mu),10.2897023069,0.00485922707079,report-only (stage NC FAIL: critical stage failed; no stage-NC value is used); axisymmetric critical point; stability NOT COMPUTED (YET)
CGR,2T,4,24.0,0.8,0.5,I: G_6 x T_b (T_b in mass^4),10.2897023069,0.00485922707079,report-only (stage NC FAIL: critical stage failed; no stage-NC value is used); axisymmetric critical point; stability NOT COMPUTED (YET)
CGR,2T,4,24.0,0.8,1.0,II: G v^2 (dimensionless G mu),12.5663706144,0.0039788735773,critical stage FAIL
CGR,2T,4,24.0,0.8,1.0,I: G_6 x T_b (T_b in mass^4),12.5663706144,0.0039788735773,critical stage FAIL
CGR,2T,4,24.0,0.8,2.0,II: G v^2 (dimensionless G mu),15.4171399806,0.00324314367404,report-only (stage NC FAIL: critical stage failed; no stage-NC value is used); report-only row; axisymmetric critical point; stability NOT COMPUTED (YET)
CGR,2T,4,24.0,0.8,2.0,I: G_6 x T_b (T_b in mass^4),15.4171399806,0.00324314367404,report-only (stage NC FAIL: critical stage failed; no stage-NC value is used); report-only row; axisymmetric critical point; stability NOT COMPUTED (YET)
CGR,2T,4,24.0,0.8,4.0,II: G v^2 (dimensionless G mu),18.9597972022,0.00263715900897,report-only (stage NC FAIL: critical stage failed; no stage-NC value is used); report-only row; axisymmetric critical point; stability NOT COMPUTED (YET)
CGR,2T,4,24.0,0.8,4.0,I: G_6 x T_b (T_b in mass^4),18.9597972022,0.00263715900897,report-only (stage NC FAIL: critical stage failed; no stage-NC value is used); report-only row; axisymmetric critical point; stability NOT COMPUTED (YET)
CGR,2T,4,24.0,0.9,0.25,II: G v^2 (dimensionless G mu),8.58891853928,0.00291072733845,report-only (stage NC FAIL: critical stage failed; no stage-NC value is used); axisymmetric critical point; stability NOT COMPUTED (YET)
CGR,2T,4,24.0,0.9,0.25,I: G_6 x T_b (T_b in mass^4),8.58891853928,0.00291072733845,report-only (stage NC FAIL: critical stage failed; no stage-NC value is used); axisymmetric critical point; stability NOT COMPUTED (YET)
CGR,2T,4,24.0,0.9,0.5,II: G v^2 (dimensionless G mu),10.3598965279,0.00241315151486,report-only (stage NC FAIL: critical stage failed; no stage-NC value is used); axisymmetric critical point; stability NOT COMPUTED (YET)
CGR,2T,4,24.0,0.9,0.5,I: G_6 x T_b (T_b in mass^4),10.3598965279,0.00241315151486,report-only (stage NC FAIL: critical stage failed; no stage-NC value is used); axisymmetric critical point; stability NOT COMPUTED (YET)
CGR,2T,4,24.0,0.9,1.0,II: G v^2 (dimensionless G mu),12.5663706144,0.00198943678865,critical stage FAIL
CGR,2T,4,24.0,0.9,1.0,I: G_6 x T_b (T_b in mass^4),12.5663706144,0.00198943678865,critical stage FAIL
CGR,2T,4,24.0,0.9,2.0,II: G v^2 (dimensionless G mu),15.310407891,0.00163287615705,report-only (stage NC FAIL: critical stage failed; no stage-NC value is used); report-only row; axisymmetric critical point; stability NOT COMPUTED (YET)
CGR,2T,4,24.0,0.9,2.0,I: G_6 x T_b (T_b in mass^4),15.310407891,0.00163287615705,report-only (stage NC FAIL: critical stage failed; no stage-NC value is used); report-only row; axisymmetric critical point; stability NOT COMPUTED (YET)
CGR,2T,4,24.0,0.9,4.0,II: G v^2 (dimensionless G mu),18.6961246458,0.00133717550955,report-only (stage NC FAIL: critical stage failed; no stage-NC value is used); report-only row; axisymmetric critical point; stability NOT COMPUTED (YET)
CGR,2T,4,24.0,0.9,4.0,I: G_6 x T_b (T_b in mass^4),18.6961246458,0.00133717550955,report-only (stage NC FAIL: critical stage failed; no stage-NC value is used); report-only row; axisymmetric critical point; stability NOT COMPUTED (YET)
CGR,2T,4,24.0,1,0.25,II: G v^2 (dimensionless G mu),8.69442583285,0,report-only (stage NC FAIL: critical stage failed; no stage-NC value is used); axisymmetric critical point; stability NOT COMPUTED (YET)
CGR,2T,4,24.0,1,0.25,I: G_6 x T_b (T_b in mass^4),8.69442583285,0,report-only (stage NC FAIL: critical stage failed; no stage-NC value is used); axisymmetric critical point; stability NOT COMPUTED (YET)
CGR,2T,4,24.0,1,0.5,II: G v^2 (dimensionless G mu),10.4244828478,0,report-only (stage NC FAIL: critical stage failed; no stage-NC value is used); axisymmetric critical point; stability NOT COMPUTED (YET)
CGR,2T,4,24.0,1,0.5,I: G_6 x T_b (T_b in mass^4),10.4244828478,0,report-only (stage NC FAIL: critical stage failed; no stage-NC value is used); axisymmetric critical point; stability NOT COMPUTED (YET)
CGR,2T,4,24.0,1,1.0,II: G v^2 (dimensionless G mu),12.5663706144,0,critical stage FAIL
CGR,2T,4,24.0,1,1.0,I: G_6 x T_b (T_b in mass^4),12.5663706144,0,critical stage FAIL
CGR,2T,4,24.0,1,2.0,II: G v^2 (dimensionless G mu),15.2131889985,0,report-only (stage NC FAIL: critical stage failed; no stage-NC value is used); report-only row; axisymmetric critical point; stability NOT COMPUTED (YET)
CGR,2T,4,24.0,1,2.0,I: G_6 x T_b (T_b in mass^4),15.2131889985,0,report-only (stage NC FAIL: critical stage failed; no stage-NC value is used); report-only row; axisymmetric critical point; stability NOT COMPUTED (YET)
CGR,2T,4,24.0,1,4.0,II: G v^2 (dimensionless G mu),18.4574071949,0,report-only (stage NC FAIL: critical stage failed; no stage-NC value is used); report-only row; axisymmetric critical point; stability NOT COMPUTED (YET)
CGR,2T,4,24.0,1,4.0,I: G_6 x T_b (T_b in mass^4),18.4574071949,0,report-only (stage NC FAIL: critical stage failed; no stage-NC value is used); report-only row; axisymmetric critical point; stability NOT COMPUTED (YET)
CGR,2T,4,4.0,0.5,0.25,II: G v^2 (dimensionless G mu),7.860011051,0.0159032855283,report-only (stage NC FAIL: critical stage failed; no stage-NC value is used); axisymmetric critical point; stability NOT COMPUTED (YET)
CGR,2T,4,4.0,0.5,0.25,I: G_6 x T_b (T_b in mass^4),7.860011051,0.0159032855283,report-only (stage NC FAIL: critical stage failed; no stage-NC value is used); axisymmetric critical point; stability NOT COMPUTED (YET)
CGR,2T,4,4.0,0.5,0.5,II: G v^2 (dimensionless G mu),9.96877057616,0.0125391590713,report-only (stage NC FAIL: critical stage failed; no stage-NC value is used); axisymmetric critical point; stability NOT COMPUTED (YET)
CGR,2T,4,4.0,0.5,0.5,I: G_6 x T_b (T_b in mass^4),9.96877057616,0.0125391590713,report-only (stage NC FAIL: critical stage failed; no stage-NC value is used); axisymmetric critical point; stability NOT COMPUTED (YET)
CGR,2T,4,4.0,0.5,1.0,II: G v^2 (dimensionless G mu),12.5663706144,0.00994718394324,critical stage FAIL
CGR,2T,4,4.0,0.5,1.0,I: G_6 x T_b (T_b in mass^4),12.5663706144,0.00994718394324,critical stage FAIL
CGR,2T,4,4.0,0.5,2.0,II: G v^2 (dimensionless G mu),15.8620706777,0.007880433932,report-only (stage NC FAIL: critical stage failed; no stage-NC value is used); report-only row; axisymmetric critical point; stability NOT COMPUTED (YET)
CGR,2T,4,4.0,0.5,2.0,I: G_6 x T_b (T_b in mass^4),15.8620706777,0.007880433932,report-only (stage NC FAIL: critical stage failed; no stage-NC value is used); report-only row; axisymmetric critical point; stability NOT COMPUTED (YET)
CGR,2T,4,4.0,0.5,4.0,II: G v^2 (dimensionless G mu),20.0407878737,0.0062372797311,report-only (stage NC FAIL: critical stage failed; no stage-NC value is used); report-only row; axisymmetric critical point; stability NOT COMPUTED (YET)
CGR,2T,4,4.0,0.5,4.0,I: G_6 x T_b (T_b in mass^4),20.0407878737,0.0062372797311,report-only (stage NC FAIL: critical stage failed; no stage-NC value is used); report-only row; axisymmetric critical point; stability NOT COMPUTED (YET)
CGR,2T,4,4.0,0.6,0.25,II: G v^2 (dimensionless G mu),7.97327330342,0.012541900446,report-only (stage NC FAIL: critical stage failed; no stage-NC value is used); axisymmetric critical point; stability NOT COMPUTED (YET)
CGR,2T,4,4.0,0.6,0.25,I: G_6 x T_b (T_b in mass^4),7.97327330342,0.012541900446,report-only (stage NC FAIL: critical stage failed; no stage-NC value is used); axisymmetric critical point; stability NOT COMPUTED (YET)
CGR,2T,4,4.0,0.6,0.5,II: G v^2 (dimensionless G mu),10.0576069968,0.00994272295906,report-only (stage NC FAIL: critical stage failed; no stage-NC value is used); axisymmetric critical point; stability NOT COMPUTED (YET)
CGR,2T,4,4.0,0.6,0.5,I: G_6 x T_b (T_b in mass^4),10.0576069968,0.00994272295906,report-only (stage NC FAIL: critical stage failed; no stage-NC value is used); axisymmetric critical point; stability NOT COMPUTED (YET)
CGR,2T,4,4.0,0.6,1.0,II: G v^2 (dimensionless G mu),12.5663706144,0.00795774715459,critical stage FAIL
CGR,2T,4,4.0,0.6,1.0,I: G_6 x T_b (T_b in mass^4),12.5663706144,0.00795774715459,critical stage FAIL
CGR,2T,4,4.0,0.6,2.0,II: G v^2 (dimensionless G mu),15.7146406353,0.00636349263852,report-only (stage NC FAIL: critical stage failed; no stage-NC value is used); report-only row; axisymmetric critical point; stability NOT COMPUTED (YET)
CGR,2T,4,4.0,0.6,2.0,I: G_6 x T_b (T_b in mass^4),15.7146406353,0.00636349263852,report-only (stage NC FAIL: critical stage failed; no stage-NC value is used); report-only row; axisymmetric critical point; stability NOT COMPUTED (YET)
CGR,2T,4,4.0,0.6,4.0,II: G v^2 (dimensionless G mu),19.6659984206,0.00508491854121,report-only (stage NC FAIL: critical stage failed; no stage-NC value is used); report-only row; axisymmetric critical point; stability NOT COMPUTED (YET)
CGR,2T,4,4.0,0.6,4.0,I: G_6 x T_b (T_b in mass^4),19.6659984206,0.00508491854121,report-only (stage NC FAIL: critical stage failed; no stage-NC value is used); report-only row; axisymmetric critical point; stability NOT COMPUTED (YET)
CGR,2T,4,4.0,0.7,0.25,II: G v^2 (dimensionless G mu),8.06807061486,0.00929590277282,report-only (stage NC FAIL: critical stage failed; no stage-NC value is used); axisymmetric critical point; stability NOT COMPUTED (YET)
CGR,2T,4,4.0,0.7,0.25,I: G_6 x T_b (T_b in mass^4),8.06807061486,0.00929590277282,report-only (stage NC FAIL: critical stage failed; no stage-NC value is used); axisymmetric critical point; stability NOT COMPUTED (YET)
CGR,2T,4,4.0,0.7,0.5,II: G v^2 (dimensionless G mu),10.1360650141,0.00739932112665,report-only (stage NC FAIL: critical stage failed; no stage-NC value is used); axisymmetric critical point; stability NOT COMPUTED (YET)
CGR,2T,4,4.0,0.7,0.5,I: G_6 x T_b (T_b in mass^4),10.1360650141,0.00739932112665,report-only (stage NC FAIL: critical stage failed; no stage-NC value is used); axisymmetric critical point; stability NOT COMPUTED (YET)
CGR,2T,4,4.0,0.7,1.0,II: G v^2 (dimensionless G mu),12.5663706144,0.00596831036595,critical stage FAIL
CGR,2T,4,4.0,0.7,1.0,I: G_6 x T_b (T_b in mass^4),12.5663706144,0.00596831036595,critical stage FAIL
CGR,2T,4,4.0,0.7,2.0,II: G v^2 (dimensionless G mu),15.5846961776,0.00481241335381,report-only (stage NC FAIL: critical stage failed; no stage-NC value is used); report-only row; axisymmetric critical point; stability NOT COMPUTED (YET)
CGR,2T,4,4.0,0.7,2.0,I: G_6 x T_b (T_b in mass^4),15.5846961776,0.00481241335381,report-only (stage NC FAIL: critical stage failed; no stage-NC value is used); report-only row; axisymmetric critical point; stability NOT COMPUTED (YET)
CGR,2T,4,4.0,0.7,4.0,II: G v^2 (dimensionless G mu),19.3381739412,0.0038783393007,report-only (stage NC FAIL: critical stage failed; no stage-NC value is used); report-only row; axisymmetric critical point; stability NOT COMPUTED (YET)
CGR,2T,4,4.0,0.7,4.0,I: G_6 x T_b (T_b in mass^4),19.3381739412,0.0038783393007,report-only (stage NC FAIL: critical stage failed; no stage-NC value is used); report-only row; axisymmetric critical point; stability NOT COMPUTED (YET)
CGR,2T,4,4.0,0.8,0.25,II: G v^2 (dimensionless G mu),8.14818715631,0.00613633425949,report-only (stage NC FAIL: critical stage failed; no stage-NC value is used); axisymmetric critical point; stability NOT COMPUTED (YET)
CGR,2T,4,4.0,0.8,0.25,I: G_6 x T_b (T_b in mass^4),8.14818715631,0.00613633425949,report-only (stage NC FAIL: critical stage failed; no stage-NC value is used); axisymmetric critical point; stability NOT COMPUTED (YET)
CGR,2T,4,4.0,0.8,0.5,II: G v^2 (dimensionless G mu),10.2061341932,0.00489901455863,report-only (stage NC FAIL: critical stage failed; no stage-NC value is used); axisymmetric critical point; stability NOT COMPUTED (YET)
CGR,2T,4,4.0,0.8,0.5,I: G_6 x T_b (T_b in mass^4),10.2061341932,0.00489901455863,report-only (stage NC FAIL: critical stage failed; no stage-NC value is used); axisymmetric critical point; stability NOT COMPUTED (YET)
CGR,2T,4,4.0,0.8,1.0,II: G v^2 (dimensionless G mu),12.5663706144,0.0039788735773,critical stage FAIL
CGR,2T,4,4.0,0.8,1.0,I: G_6 x T_b (T_b in mass^4),12.5663706144,0.0039788735773,critical stage FAIL
CGR,2T,4,4.0,0.8,2.0,II: G v^2 (dimensionless G mu),15.468562919,0.00323236232492,report-only (stage NC FAIL: critical stage failed; no stage-NC value is used); report-only row; axisymmetric critical point; stability NOT COMPUTED (YET)
CGR,2T,4,4.0,0.8,2.0,I: G_6 x T_b (T_b in mass^4),15.468562919,0.00323236232492,report-only (stage NC FAIL: critical stage failed; no stage-NC value is used); report-only row; axisymmetric critical point; stability NOT COMPUTED (YET)
CGR,2T,4,4.0,0.8,4.0,II: G v^2 (dimensionless G mu),19.0472145557,0.00262505574523,report-only (stage NC FAIL: critical stage failed; no stage-NC value is used); report-only row; axisymmetric critical point; stability NOT COMPUTED (YET)
CGR,2T,4,4.0,0.8,4.0,I: G_6 x T_b (T_b in mass^4),19.0472145557,0.00262505574523,report-only (stage NC FAIL: critical stage failed; no stage-NC value is used); report-only row; axisymmetric critical point; stability NOT COMPUTED (YET)
CGR,2T,4,4.0,0.9,0.25,II: G v^2 (dimensionless G mu),8.21642129456,0.00304268721183,report-only (stage NC FAIL: critical stage failed; no stage-NC value is used); axisymmetric critical point; stability NOT COMPUTED (YET)
CGR,2T,4,4.0,0.9,0.25,I: G_6 x T_b (T_b in mass^4),8.21642129456,0.00304268721183,report-only (stage NC FAIL: critical stage failed; no stage-NC value is used); axisymmetric critical point; stability NOT COMPUTED (YET)
CGR,2T,4,4.0,0.9,0.5,II: G v^2 (dimensionless G mu),10.2692356037,0.00243445578277,report-only (stage NC FAIL: critical stage failed; no stage-NC value is used); axisymmetric critical point; stability NOT COMPUTED (YET)
CGR,2T,4,4.0,0.9,0.5,I: G_6 x T_b (T_b in mass^4),10.2692356037,0.00243445578277,report-only (stage NC FAIL: critical stage failed; no stage-NC value is used); axisymmetric critical point; stability NOT COMPUTED (YET)
CGR,2T,4,4.0,0.9,1.0,II: G v^2 (dimensionless G mu),12.5663706144,0.00198943678865,critical stage FAIL
CGR,2T,4,4.0,0.9,1.0,I: G_6 x T_b (T_b in mass^4),12.5663706144,0.00198943678865,critical stage FAIL
CGR,2T,4,4.0,0.9,2.0,II: G v^2 (dimensionless G mu),15.3636768981,0.00162721464177,report-only (stage NC FAIL: critical stage failed; no stage-NC value is used); report-only row; axisymmetric critical point; stability NOT COMPUTED (YET)
CGR,2T,4,4.0,0.9,2.0,I: G_6 x T_b (T_b in mass^4),15.3636768981,0.00162721464177,report-only (stage NC FAIL: critical stage failed; no stage-NC value is used); report-only row; axisymmetric critical point; stability NOT COMPUTED (YET)
CGR,2T,4,4.0,0.9,4.0,II: G v^2 (dimensionless G mu),18.7860855781,0.00133077217689,report-only (stage NC FAIL: critical stage failed; no stage-NC value is used); report-only row; axisymmetric critical point; stability NOT COMPUTED (YET)
CGR,2T,4,4.0,0.9,4.0,I: G_6 x T_b (T_b in mass^4),18.7860855781,0.00133077217689,report-only (stage NC FAIL: critical stage failed; no stage-NC value is used); report-only row; axisymmetric critical point; stability NOT COMPUTED (YET)
CGR,2T,4,4.0,1,0.25,II: G v^2 (dimensionless G mu),8.27491452569,0,report-only (stage NC FAIL: critical stage failed; no stage-NC value is used); axisymmetric critical point; stability NOT COMPUTED (YET)
CGR,2T,4,4.0,1,0.25,I: G_6 x T_b (T_b in mass^4),8.27491452569,0,report-only (stage NC FAIL: critical stage failed; no stage-NC value is used); axisymmetric critical point; stability NOT COMPUTED (YET)
CGR,2T,4,4.0,1,0.5,II: G v^2 (dimensionless G mu),10.3264353089,0,report-only (stage NC FAIL: critical stage failed; no stage-NC value is used); axisymmetric critical point; stability NOT COMPUTED (YET)
CGR,2T,4,4.0,1,0.5,I: G_6 x T_b (T_b in mass^4),10.3264353089,0,report-only (stage NC FAIL: critical stage failed; no stage-NC value is used); axisymmetric critical point; stability NOT COMPUTED (YET)
CGR,2T,4,4.0,1,1.0,II: G v^2 (dimensionless G mu),12.5663706144,0,critical stage FAIL
CGR,2T,4,4.0,1,1.0,I: G_6 x T_b (T_b in mass^4),12.5663706144,0,critical stage FAIL
CGR,2T,4,4.0,1,2.0,II: G v^2 (dimensionless G mu),15.2681640189,0,report-only (stage NC FAIL: critical stage failed; no stage-NC value is used); report-only row; axisymmetric critical point; stability NOT COMPUTED (YET)
CGR,2T,4,4.0,1,2.0,I: G_6 x T_b (T_b in mass^4),15.2681640189,0,report-only (stage NC FAIL: critical stage failed; no stage-NC value is used); report-only row; axisymmetric critical point; stability NOT COMPUTED (YET)
CGR,2T,4,4.0,1,4.0,II: G v^2 (dimensionless G mu),18.5496563587,0,report-only (stage NC FAIL: critical stage failed; no stage-NC value is used); report-only row; axisymmetric critical point; stability NOT COMPUTED (YET)
CGR,2T,4,4.0,1,4.0,I: G_6 x T_b (T_b in mass^4),18.5496563587,0,report-only (stage NC FAIL: critical stage failed; no stage-NC value is used); report-only row; axisymmetric critical point; stability NOT COMPUTED (YET)
CGR,2T,4,99.0,0.5,0.25,II: G v^2 (dimensionless G mu),8.08649119492,0.0154578787,report-only (stage NC FAIL: critical stage failed; no stage-NC value is used); axisymmetric critical point; stability NOT COMPUTED (YET)
CGR,2T,4,99.0,0.5,0.25,I: G_6 x T_b (T_b in mass^4),8.08649119492,0.0154578787,report-only (stage NC FAIL: critical stage failed; no stage-NC value is used); axisymmetric critical point; stability NOT COMPUTED (YET)
CGR,2T,4,99.0,0.5,0.5,II: G v^2 (dimensionless G mu),10.0434626884,0.0124459067433,report-only (stage NC FAIL: critical stage failed; no stage-NC value is used); axisymmetric critical point; stability NOT COMPUTED (YET)
CGR,2T,4,99.0,0.5,0.5,I: G_6 x T_b (T_b in mass^4),10.0434626884,0.0124459067433,report-only (stage NC FAIL: critical stage failed; no stage-NC value is used); axisymmetric critical point; stability NOT COMPUTED (YET)
CGR,2T,4,99.0,0.5,1.0,II: G v^2 (dimensionless G mu),12.5663706144,0.00994718394324,critical stage FAIL
CGR,2T,4,99.0,0.5,1.0,I: G_6 x T_b (T_b in mass^4),12.5663706144,0.00994718394324,critical stage FAIL
CGR,2T,4,99.0,0.5,2.0,II: G v^2 (dimensionless G mu),15.8095178221,0.00790662950044,report-only (stage NC FAIL: critical stage failed; no stage-NC value is used); report-only row; axisymmetric critical point; stability NOT COMPUTED (YET)
CGR,2T,4,99.0,0.5,2.0,I: G_6 x T_b (T_b in mass^4),15.8095178221,0.00790662950044,report-only (stage NC FAIL: critical stage failed; no stage-NC value is used); report-only row; axisymmetric critical point; stability NOT COMPUTED (YET)
CGR,2T,4,99.0,0.5,4.0,II: G v^2 (dimensionless G mu),19.9493040108,0.00626588275622,report-only (stage NC FAIL: critical stage failed; no stage-NC value is used); report-only row; axisymmetric critical point; stability NOT COMPUTED (YET)
CGR,2T,4,99.0,0.5,4.0,I: G_6 x T_b (T_b in mass^4),19.9493040108,0.00626588275622,report-only (stage NC FAIL: critical stage failed; no stage-NC value is used); report-only row; axisymmetric critical point; stability NOT COMPUTED (YET)
CGR,2T,4,99.0,0.6,0.25,II: G v^2 (dimensionless G mu),8.2415287673,0.0121336711699,report-only (stage NC FAIL: critical stage failed; no stage-NC value is used); axisymmetric critical point; stability NOT COMPUTED (YET)
CGR,2T,4,99.0,0.6,0.25,I: G_6 x T_b (T_b in mass^4),8.2415287673,0.0121336711699,report-only (stage NC FAIL: critical stage failed; no stage-NC value is used); axisymmetric critical point; stability NOT COMPUTED (YET)
CGR,2T,4,99.0,0.6,0.5,II: G v^2 (dimensionless G mu),10.1395852818,0.00986233630087,report-only (stage NC FAIL: critical stage failed; no stage-NC value is used); axisymmetric critical point; stability NOT COMPUTED (YET)
CGR,2T,4,99.0,0.6,0.5,I: G_6 x T_b (T_b in mass^4),10.1395852818,0.00986233630087,report-only (stage NC FAIL: critical stage failed; no stage-NC value is used); axisymmetric critical point; stability NOT COMPUTED (YET)
CGR,2T,4,99.0,0.6,1.0,II: G v^2 (dimensionless G mu),12.5663706144,0.0079577471546,critical stage FAIL
CGR,2T,4,99.0,0.6,1.0,I: G_6 x T_b (T_b in mass^4),12.5663706144,0.0079577471546,critical stage FAIL
CGR,2T,4,99.0,0.6,2.0,II: G v^2 (dimensionless G mu),15.6589697719,0.00638611616581,report-only (stage NC FAIL: critical stage failed; no stage-NC value is used); report-only row; axisymmetric critical point; stability NOT COMPUTED (YET)
CGR,2T,4,99.0,0.6,2.0,I: G_6 x T_b (T_b in mass^4),15.6589697719,0.00638611616581,report-only (stage NC FAIL: critical stage failed; no stage-NC value is used); report-only row; axisymmetric critical point; stability NOT COMPUTED (YET)
CGR,2T,4,99.0,0.6,4.0,II: G v^2 (dimensionless G mu),19.5698699748,0.00510989598443,report-only (stage NC FAIL: critical stage failed; no stage-NC value is used); report-only row; axisymmetric critical point; stability NOT COMPUTED (YET)
CGR,2T,4,99.0,0.6,4.0,I: G_6 x T_b (T_b in mass^4),19.5698699748,0.00510989598443,report-only (stage NC FAIL: critical stage failed; no stage-NC value is used); report-only row; axisymmetric critical point; stability NOT COMPUTED (YET)
CGR,2T,4,99.0,0.7,0.25,II: G v^2 (dimensionless G mu),8.38062108718,0.0089492173933,report-only (stage NC FAIL: critical stage failed; no stage-NC value is used); axisymmetric critical point; stability NOT COMPUTED (YET)
CGR,2T,4,99.0,0.7,0.25,I: G_6 x T_b (T_b in mass^4),8.38062108718,0.0089492173933,report-only (stage NC FAIL: critical stage failed; no stage-NC value is used); axisymmetric critical point; stability NOT COMPUTED (YET)
CGR,2T,4,99.0,0.7,0.5,II: G v^2 (dimensionless G mu),10.2253562808,0.00733470775401,report-only (stage NC FAIL: critical stage failed; no stage-NC value is used); axisymmetric critical point; stability NOT COMPUTED (YET)
CGR,2T,4,99.0,0.7,0.5,I: G_6 x T_b (T_b in mass^4),10.2253562808,0.00733470775401,report-only (stage NC FAIL: critical stage failed; no stage-NC value is used); axisymmetric critical point; stability NOT COMPUTED (YET)
CGR,2T,4,99.0,0.7,1.0,II: G v^2 (dimensionless G mu),12.5663706144,0.00596831036595,critical stage FAIL
CGR,2T,4,99.0,0.7,1.0,I: G_6 x T_b (T_b in mass^4),12.5663706144,0.00596831036595,critical stage FAIL
CGR,2T,4,99.0,0.7,2.0,II: G v^2 (dimensionless G mu),15.526331045,0.00483050372831,report-only (stage NC FAIL: critical stage failed; no stage-NC value is used); report-only row; axisymmetric critical point; stability NOT COMPUTED (YET)
CGR,2T,4,99.0,0.7,2.0,I: G_6 x T_b (T_b in mass^4),15.526331045,0.00483050372831,report-only (stage NC FAIL: critical stage failed; no stage-NC value is used); report-only row; axisymmetric critical point; stability NOT COMPUTED (YET)
CGR,2T,4,99.0,0.7,4.0,II: G v^2 (dimensionless G mu),19.2381285464,0.00389850810171,report-only (stage NC FAIL: critical stage failed; no stage-NC value is used); report-only row; axisymmetric critical point; stability NOT COMPUTED (YET)
CGR,2T,4,99.0,0.7,4.0,I: G_6 x T_b (T_b in mass^4),19.2381285464,0.00389850810171,report-only (stage NC FAIL: critical stage failed; no stage-NC value is used); report-only row; axisymmetric critical point; stability NOT COMPUTED (YET)
CGR,2T,4,99.0,0.8,0.25,II: G v^2 (dimensionless G mu),8.50699209779,0.00587751809632,report-only (stage NC FAIL: critical stage failed; no stage-NC value is used); axisymmetric critical point; stability NOT COMPUTED (YET)
CGR,2T,4,99.0,0.8,0.25,I: G_6 x T_b (T_b in mass^4),8.50699209779,0.00587751809632,report-only (stage NC FAIL: critical stage failed; no stage-NC value is used); axisymmetric critical point; stability NOT COMPUTED (YET)
CGR,2T,4,99.0,0.8,0.5,II: G v^2 (dimensionless G mu),10.3028968175,0.00485300405175,report-only (stage NC FAIL: critical stage failed; no stage-NC value is used); axisymmetric critical point; stability NOT COMPUTED (YET)
CGR,2T,4,99.0,0.8,0.5,I: G_6 x T_b (T_b in mass^4),10.3028968175,0.00485300405175,report-only (stage NC FAIL: critical stage failed; no stage-NC value is used); axisymmetric critical point; stability NOT COMPUTED (YET)
CGR,2T,4,99.0,0.8,1.0,II: G v^2 (dimensionless G mu),12.5663706144,0.0039788735773,critical stage FAIL
CGR,2T,4,99.0,0.8,1.0,I: G_6 x T_b (T_b in mass^4),12.5663706144,0.0039788735773,critical stage FAIL
CGR,2T,4,99.0,0.8,2.0,II: G v^2 (dimensionless G mu),15.4078138371,0.00324510670551,report-only (stage NC FAIL: critical stage failed; no stage-NC value is used); report-only row; axisymmetric critical point; stability NOT COMPUTED (YET)
CGR,2T,4,99.0,0.8,2.0,I: G_6 x T_b (T_b in mass^4),15.4078138371,0.00324510670551,report-only (stage NC FAIL: critical stage failed; no stage-NC value is used); report-only row; axisymmetric critical point; stability NOT COMPUTED (YET)
CGR,2T,4,99.0,0.8,4.0,II: G v^2 (dimensionless G mu),18.9437861927,0.00263938789699,report-only (stage NC FAIL: critical stage failed; no stage-NC value is used); report-only row; axisymmetric critical point; stability NOT COMPUTED (YET)
CGR,2T,4,99.0,0.8,4.0,I: G_6 x T_b (T_b in mass^4),18.9437861927,0.00263938789699,report-only (stage NC FAIL: critical stage failed; no stage-NC value is used); report-only row; axisymmetric critical point; stability NOT COMPUTED (YET)
CGR,2T,4,99.0,0.9,0.25,II: G v^2 (dimensionless G mu),8.62290138527,0.00289925616483,report-only (stage NC FAIL: critical stage failed; no stage-NC value is used); axisymmetric critical point; stability NOT COMPUTED (YET)
CGR,2T,4,99.0,0.9,0.25,I: G_6 x T_b (T_b in mass^4),8.62290138527,0.00289925616483,report-only (stage NC FAIL: critical stage failed; no stage-NC value is used); axisymmetric critical point; stability NOT COMPUTED (YET)
CGR,2T,4,99.0,0.9,0.5,II: G v^2 (dimensionless G mu),10.373691649,0.00240994246272,report-only (stage NC FAIL: critical stage failed; no stage-NC value is used); axisymmetric critical point; stability NOT COMPUTED (YET)
CGR,2T,4,99.0,0.9,0.5,I: G_6 x T_b (T_b in mass^4),10.373691649,0.00240994246272,report-only (stage NC FAIL: critical stage failed; no stage-NC value is used); axisymmetric critical point; stability NOT COMPUTED (YET)
CGR,2T,4,99.0,0.9,1.0,II: G v^2 (dimensionless G mu),12.5663706144,0.00198943678865,critical stage FAIL
CGR,2T,4,99.0,0.9,1.0,I: G_6 x T_b (T_b in mass^4),12.5663706144,0.00198943678865,critical stage FAIL
CGR,2T,4,99.0,0.9,2.0,II: G v^2 (dimensionless G mu),15.3007748863,0.00163390417712,report-only (stage NC FAIL: critical stage failed; no stage-NC value is used); report-only row; axisymmetric critical point; stability NOT COMPUTED (YET)
CGR,2T,4,99.0,0.9,2.0,I: G_6 x T_b (T_b in mass^4),15.3007748863,0.00163390417712,report-only (stage NC FAIL: critical stage failed; no stage-NC value is used); report-only row; axisymmetric critical point; stability NOT COMPUTED (YET)
CGR,2T,4,99.0,0.9,4.0,II: G v^2 (dimensionless G mu),18.6796765422,0.00133835293901,report-only (stage NC FAIL: critical stage failed; no stage-NC value is used); report-only row; axisymmetric critical point; stability NOT COMPUTED (YET)
CGR,2T,4,99.0,0.9,4.0,I: G_6 x T_b (T_b in mass^4),18.6796765422,0.00133835293901,report-only (stage NC FAIL: critical stage failed; no stage-NC value is used); report-only row; axisymmetric critical point; stability NOT COMPUTED (YET)
CGR,2T,4,99.0,1,0.25,II: G v^2 (dimensionless G mu),8.73000857379,0,report-only (stage NC FAIL: critical stage failed; no stage-NC value is used); axisymmetric critical point; stability NOT COMPUTED (YET)
CGR,2T,4,99.0,1,0.25,I: G_6 x T_b (T_b in mass^4),8.73000857379,0,report-only (stage NC FAIL: critical stage failed; no stage-NC value is used); axisymmetric critical point; stability NOT COMPUTED (YET)
CGR,2T,4,99.0,1,0.5,II: G v^2 (dimensionless G mu),10.4388298373,0,report-only (stage NC FAIL: critical stage failed; no stage-NC value is used); axisymmetric critical point; stability NOT COMPUTED (YET)
CGR,2T,4,99.0,1,0.5,I: G_6 x T_b (T_b in mass^4),10.4388298373,0,report-only (stage NC FAIL: critical stage failed; no stage-NC value is used); axisymmetric critical point; stability NOT COMPUTED (YET)
CGR,2T,4,99.0,1,1.0,II: G v^2 (dimensionless G mu),12.5663706144,0,critical stage FAIL
CGR,2T,4,99.0,1,1.0,I: G_6 x T_b (T_b in mass^4),12.5663706144,0,critical stage FAIL
CGR,2T,4,99.0,1,2.0,II: G v^2 (dimensionless G mu),15.2032819653,0,report-only (stage NC FAIL: critical stage failed; no stage-NC value is used); report-only row; axisymmetric critical point; stability NOT COMPUTED (YET)
CGR,2T,4,99.0,1,2.0,I: G_6 x T_b (T_b in mass^4),15.2032819653,0,report-only (stage NC FAIL: critical stage failed; no stage-NC value is used); report-only row; axisymmetric critical point; stability NOT COMPUTED (YET)
CGR,2T,4,99.0,1,4.0,II: G v^2 (dimensionless G mu),18.4405746925,0,report-only (stage NC FAIL: critical stage failed; no stage-NC value is used); report-only row; axisymmetric critical point; stability NOT COMPUTED (YET)
CGR,2T,4,99.0,1,4.0,I: G_6 x T_b (T_b in mass^4),18.4405746925,0,report-only (stage NC FAIL: critical stage failed; no stage-NC value is used); report-only row; axisymmetric critical point; stability NOT COMPUTED (YET)
P0,1T,1,1.0,1,0.25,II: G v^2 (dimensionless G mu),NOT COMPUTED (YET),NOT COMPUTED (YET),"n/a (normal state) [normal state: exact solution, linearly stable for B > κ/2, marginal at B = κ/2; whether a vortex branch coexists (κ < 1, subcritical) is NOT COMPUTED (YET)] [by construction; not a test] [Venus 20:44]; normal-state energy (not a vortex value) = 1.57079632679"
P0,1T,1,1.0,1,0.25,I: G_6 x T_b (T_b in mass^4),NOT COMPUTED (YET),NOT COMPUTED (YET),"n/a (normal state) [normal state: exact solution, linearly stable for B > κ/2, marginal at B = κ/2; whether a vortex branch coexists (κ < 1, subcritical) is NOT COMPUTED (YET)] [by construction; not a test] [Venus 20:44]; normal-state energy (not a vortex value) = 1.57079632679"
P0,1T,1,1.0,1,0.5,II: G v^2 (dimensionless G mu),NOT COMPUTED (YET),NOT COMPUTED (YET),"n/a (normal state) [normal state: exact solution, linearly stable for B > κ/2, marginal at B = κ/2; whether a vortex branch coexists (κ < 1, subcritical) is NOT COMPUTED (YET)] [by construction; not a test] [Venus 20:44]; normal-state energy (not a vortex value) = 2.35619449019"
P0,1T,1,1.0,1,0.5,I: G_6 x T_b (T_b in mass^4),NOT COMPUTED (YET),NOT COMPUTED (YET),"n/a (normal state) [normal state: exact solution, linearly stable for B > κ/2, marginal at B = κ/2; whether a vortex branch coexists (κ < 1, subcritical) is NOT COMPUTED (YET)] [by construction; not a test] [Venus 20:44]; normal-state energy (not a vortex value) = 2.35619449019"
P0,1T,1,1.0,1,1.0,II: G v^2 (dimensionless G mu),3.14159265359,0,critical stage FAIL
P0,1T,1,1.0,1,1.0,I: G_6 x T_b (T_b in mass^4),3.14159265359,0,critical stage FAIL
P0,1T,1,1.0,1,2.0,II: G v^2 (dimensionless G mu),3.7678668359,0,report-only (stage NC FAIL: critical stage failed; no stage-NC value is used); axisymmetric critical point; stability NOT COMPUTED (YET)
P0,1T,1,1.0,1,2.0,I: G_6 x T_b (T_b in mass^4),3.7678668359,0,report-only (stage NC FAIL: critical stage failed; no stage-NC value is used); axisymmetric critical point; stability NOT COMPUTED (YET)
P0,1T,1,1.0,1,4.0,II: G v^2 (dimensionless G mu),4.41217882453,0,report-only (stage NC FAIL: critical stage failed; no stage-NC value is used); axisymmetric critical point; stability NOT COMPUTED (YET)
P0,1T,1,1.0,1,4.0,I: G_6 x T_b (T_b in mass^4),4.41217882453,0,report-only (stage NC FAIL: critical stage failed; no stage-NC value is used); axisymmetric critical point; stability NOT COMPUTED (YET)
P0,1T,1,24.0,1,0.25,II: G v^2 (dimensionless G mu),2.34685704955,0,report-only (stage NC FAIL: critical stage failed; no stage-NC value is used); axisymmetric critical point; stability NOT COMPUTED (YET)
P0,1T,1,24.0,1,0.25,I: G_6 x T_b (T_b in mass^4),2.34685704955,0,report-only (stage NC FAIL: critical stage failed; no stage-NC value is used); axisymmetric critical point; stability NOT COMPUTED (YET)
P0,1T,1,24.0,1,0.5,II: G v^2 (dimensionless G mu),2.71422001746,0,report-only (stage NC FAIL: critical stage failed; no stage-NC value is used); axisymmetric critical point; stability NOT COMPUTED (YET)
P0,1T,1,24.0,1,0.5,I: G_6 x T_b (T_b in mass^4),2.71422001746,0,report-only (stage NC FAIL: critical stage failed; no stage-NC value is used); axisymmetric critical point; stability NOT COMPUTED (YET)
P0,1T,1,24.0,1,1.0,II: G v^2 (dimensionless G mu),3.14159265359,0,critical stage FAIL
P0,1T,1,24.0,1,1.0,I: G_6 x T_b (T_b in mass^4),3.14159265359,0,critical stage FAIL
P0,1T,1,24.0,1,2.0,II: G v^2 (dimensionless G mu),3.64190603373,0,report-only (stage NC FAIL: critical stage failed; no stage-NC value is used); axisymmetric critical point; stability NOT COMPUTED (YET)
P0,1T,1,24.0,1,2.0,I: G_6 x T_b (T_b in mass^4),3.64190603373,0,report-only (stage NC FAIL: critical stage failed; no stage-NC value is used); axisymmetric critical point; stability NOT COMPUTED (YET)
P0,1T,1,24.0,1,4.0,II: G v^2 (dimensionless G mu),4.2244494541,0,report-only (stage NC FAIL: critical stage failed; no stage-NC value is used); axisymmetric critical point; stability NOT COMPUTED (YET)
P0,1T,1,24.0,1,4.0,I: G_6 x T_b (T_b in mass^4),4.2244494541,0,report-only (stage NC FAIL: critical stage failed; no stage-NC value is used); axisymmetric critical point; stability NOT COMPUTED (YET)
P0,1T,1,4.0,1,0.25,II: G v^2 (dimensionless G mu),2.11499229788,0,report-only (stage NC FAIL: critical stage failed; no stage-NC value is used); axisymmetric critical point; stability NOT COMPUTED (YET)
P0,1T,1,4.0,1,0.25,I: G_6 x T_b (T_b in mass^4),2.11499229788,0,report-only (stage NC FAIL: critical stage failed; no stage-NC value is used); axisymmetric critical point; stability NOT COMPUTED (YET)
P0,1T,1,4.0,1,0.5,II: G v^2 (dimensionless G mu),2.64760886137,0,report-only (stage NC FAIL: critical stage failed; no stage-NC value is used); axisymmetric critical point; stability NOT COMPUTED (YET)
P0,1T,1,4.0,1,0.5,I: G_6 x T_b (T_b in mass^4),2.64760886137,0,report-only (stage NC FAIL: critical stage failed; no stage-NC value is used); axisymmetric critical point; stability NOT COMPUTED (YET)
P0,1T,1,4.0,1,1.0,II: G v^2 (dimensionless G mu),3.14159265359,0,critical stage FAIL
P0,1T,1,4.0,1,1.0,I: G_6 x T_b (T_b in mass^4),3.14159265359,0,critical stage FAIL
P0,1T,1,4.0,1,2.0,II: G v^2 (dimensionless G mu),3.67700284727,0,report-only (stage NC FAIL: critical stage failed; no stage-NC value is used); axisymmetric critical point; stability NOT COMPUTED (YET)
P0,1T,1,4.0,1,2.0,I: G_6 x T_b (T_b in mass^4),3.67700284727,0,report-only (stage NC FAIL: critical stage failed; no stage-NC value is used); axisymmetric critical point; stability NOT COMPUTED (YET)
P0,1T,1,4.0,1,4.0,II: G v^2 (dimensionless G mu),4.28032915677,0,report-only (stage NC FAIL: critical stage failed; no stage-NC value is used); axisymmetric critical point; stability NOT COMPUTED (YET)
P0,1T,1,4.0,1,4.0,I: G_6 x T_b (T_b in mass^4),4.28032915677,0,report-only (stage NC FAIL: critical stage failed; no stage-NC value is used); axisymmetric critical point; stability NOT COMPUTED (YET)
P0,1T,1,99.0,1,0.25,II: G v^2 (dimensionless G mu),2.371785211,0,report-only (stage NC FAIL: critical stage failed; no stage-NC value is used); axisymmetric critical point; stability NOT COMPUTED (YET)
P0,1T,1,99.0,1,0.25,I: G_6 x T_b (T_b in mass^4),2.371785211,0,report-only (stage NC FAIL: critical stage failed; no stage-NC value is used); axisymmetric critical point; stability NOT COMPUTED (YET)
P0,1T,1,99.0,1,0.5,II: G v^2 (dimensionless G mu),2.72362254471,0,report-only (stage NC FAIL: critical stage failed; no stage-NC value is used); axisymmetric critical point; stability NOT COMPUTED (YET)
P0,1T,1,99.0,1,0.5,I: G_6 x T_b (T_b in mass^4),2.72362254471,0,report-only (stage NC FAIL: critical stage failed; no stage-NC value is used); axisymmetric critical point; stability NOT COMPUTED (YET)
P0,1T,1,99.0,1,1.0,II: G v^2 (dimensionless G mu),3.14159265359,0,critical stage FAIL
P0,1T,1,99.0,1,1.0,I: G_6 x T_b (T_b in mass^4),3.14159265359,0,critical stage FAIL
P0,1T,1,99.0,1,2.0,II: G v^2 (dimensionless G mu),3.63600023022,0,report-only (stage NC FAIL: critical stage failed; no stage-NC value is used); axisymmetric critical point; stability NOT COMPUTED (YET)
P0,1T,1,99.0,1,2.0,I: G_6 x T_b (T_b in mass^4),3.63600023022,0,report-only (stage NC FAIL: critical stage failed; no stage-NC value is used); axisymmetric critical point; stability NOT COMPUTED (YET)
P0,1T,1,99.0,1,4.0,II: G v^2 (dimensionless G mu),4.21477652552,0,report-only (stage NC FAIL: critical stage failed; no stage-NC value is used); axisymmetric critical point; stability NOT COMPUTED (YET)
P0,1T,1,99.0,1,4.0,I: G_6 x T_b (T_b in mass^4),4.21477652552,0,report-only (stage NC FAIL: critical stage failed; no stage-NC value is used); axisymmetric critical point; stability NOT COMPUTED (YET)
P0,1T,2,1.0,1,0.25,II: G v^2 (dimensionless G mu),NOT COMPUTED (YET),NOT COMPUTED (YET),"n/a (normal state) [normal state: exact solution, linearly stable for B > κ/2, marginal at B = κ/2; whether a vortex branch coexists (κ < 1, subcritical) is NOT COMPUTED (YET)] [by construction; not a test] [Venus 20:44]; normal-state energy (not a vortex value) = 3.14159265359"
P0,1T,2,1.0,1,0.25,I: G_6 x T_b (T_b in mass^4),NOT COMPUTED (YET),NOT COMPUTED (YET),"n/a (normal state) [normal state: exact solution, linearly stable for B > κ/2, marginal at B = κ/2; whether a vortex branch coexists (κ < 1, subcritical) is NOT COMPUTED (YET)] [by construction; not a test] [Venus 20:44]; normal-state energy (not a vortex value) = 3.14159265359"
P0,1T,2,1.0,1,0.5,II: G v^2 (dimensionless G mu),NOT COMPUTED (YET),NOT COMPUTED (YET),"n/a (normal state) [normal state: exact solution, linearly stable for B > κ/2, marginal at B = κ/2; whether a vortex branch coexists (κ < 1, subcritical) is NOT COMPUTED (YET)] [by construction; not a test] [Venus 20:44]; normal-state energy (not a vortex value) = 4.71238898038"
P0,1T,2,1.0,1,0.5,I: G_6 x T_b (T_b in mass^4),NOT COMPUTED (YET),NOT COMPUTED (YET),"n/a (normal state) [normal state: exact solution, linearly stable for B > κ/2, marginal at B = κ/2; whether a vortex branch coexists (κ < 1, subcritical) is NOT COMPUTED (YET)] [by construction; not a test] [Venus 20:44]; normal-state energy (not a vortex value) = 4.71238898038"
P0,1T,2,1.0,1,1.0,II: G v^2 (dimensionless G mu),6.28318530718,0,critical stage FAIL
P0,1T,2,1.0,1,1.0,I: G_6 x T_b (T_b in mass^4),6.28318530718,0,critical stage FAIL
P0,1T,2,1.0,1,2.0,II: G v^2 (dimensionless G mu),7.80318222981,0,report-only (stage NC FAIL: critical stage failed; no stage-NC value is used); report-only row; axisymmetric critical point; stability NOT COMPUTED (YET)
P0,1T,2,1.0,1,2.0,I: G_6 x T_b (T_b in mass^4),7.80318222981,0,report-only (stage NC FAIL: critical stage failed; no stage-NC value is used); report-only row; axisymmetric critical point; stability NOT COMPUTED (YET)
P0,1T,2,1.0,1,4.0,II: G v^2 (dimensionless G mu),9.54102901925,0,report-only (stage NC FAIL: critical stage failed; no stage-NC value is used); report-only row; axisymmetric critical point; stability NOT COMPUTED (YET)
P0,1T,2,1.0,1,4.0,I: G_6 x T_b (T_b in mass^4),9.54102901925,0,report-only (stage NC FAIL: critical stage failed; no stage-NC value is used); report-only row; axisymmetric critical point; stability NOT COMPUTED (YET)
P0,1T,2,24.0,1,0.25,II: G v^2 (dimensionless G mu),4.32246368435,0,report-only (stage NC FAIL: critical stage failed; no stage-NC value is used); axisymmetric critical point; stability NOT COMPUTED (YET)
P0,1T,2,24.0,1,0.25,I: G_6 x T_b (T_b in mass^4),4.32246368435,0,report-only (stage NC FAIL: critical stage failed; no stage-NC value is used); axisymmetric critical point; stability NOT COMPUTED (YET)
P0,1T,2,24.0,1,0.5,II: G v^2 (dimensionless G mu),5.20241404156,0,report-only (stage NC FAIL: critical stage failed; no stage-NC value is used); axisymmetric critical point; stability NOT COMPUTED (YET)
P0,1T,2,24.0,1,0.5,I: G_6 x T_b (T_b in mass^4),5.20241404156,0,report-only (stage NC FAIL: critical stage failed; no stage-NC value is used); axisymmetric critical point; stability NOT COMPUTED (YET)
P0,1T,2,24.0,1,1.0,II: G v^2 (dimensionless G mu),6.28318530718,0,critical stage FAIL
P0,1T,2,24.0,1,1.0,I: G_6 x T_b (T_b in mass^4),6.28318530718,0,critical stage FAIL
P0,1T,2,24.0,1,2.0,II: G v^2 (dimensionless G mu),7.61328244676,0,report-only (stage NC FAIL: critical stage failed; no stage-NC value is used); report-only row; axisymmetric critical point; stability NOT COMPUTED (YET)
P0,1T,2,24.0,1,2.0,I: G_6 x T_b (T_b in mass^4),7.61328244676,0,report-only (stage NC FAIL: critical stage failed; no stage-NC value is used); report-only row; axisymmetric critical point; stability NOT COMPUTED (YET)
P0,1T,2,24.0,1,4.0,II: G v^2 (dimensionless G mu),9.24002891738,0,report-only (stage NC FAIL: critical stage failed; no stage-NC value is used); report-only row; axisymmetric critical point; stability NOT COMPUTED (YET)
P0,1T,2,24.0,1,4.0,I: G_6 x T_b (T_b in mass^4),9.24002891738,0,report-only (stage NC FAIL: critical stage failed; no stage-NC value is used); report-only row; axisymmetric critical point; stability NOT COMPUTED (YET)
P0,1T,2,4.0,1,0.25,II: G v^2 (dimensionless G mu),4.04261471899,0,report-only (stage NC FAIL: critical stage failed; no stage-NC value is used); axisymmetric critical point; stability NOT COMPUTED (YET)
P0,1T,2,4.0,1,0.25,I: G_6 x T_b (T_b in mass^4),4.04261471899,0,report-only (stage NC FAIL: critical stage failed; no stage-NC value is used); axisymmetric critical point; stability NOT COMPUTED (YET)
P0,1T,2,4.0,1,0.5,II: G v^2 (dimensionless G mu),5.10913916064,0,report-only (stage NC FAIL: critical stage failed; no stage-NC value is used); axisymmetric critical point; stability NOT COMPUTED (YET)
P0,1T,2,4.0,1,0.5,I: G_6 x T_b (T_b in mass^4),5.10913916064,0,report-only (stage NC FAIL: critical stage failed; no stage-NC value is used); axisymmetric critical point; stability NOT COMPUTED (YET)
P0,1T,2,4.0,1,1.0,II: G v^2 (dimensionless G mu),6.28318530718,0,critical stage FAIL
P0,1T,2,4.0,1,1.0,I: G_6 x T_b (T_b in mass^4),6.28318530718,0,critical stage FAIL
P0,1T,2,4.0,1,2.0,II: G v^2 (dimensionless G mu),7.67058762509,0,report-only (stage NC FAIL: critical stage failed; no stage-NC value is used); report-only row; axisymmetric critical point; stability NOT COMPUTED (YET)
P0,1T,2,4.0,1,2.0,I: G_6 x T_b (T_b in mass^4),7.67058762509,0,report-only (stage NC FAIL: critical stage failed; no stage-NC value is used); report-only row; axisymmetric critical point; stability NOT COMPUTED (YET)
P0,1T,2,4.0,1,4.0,II: G v^2 (dimensionless G mu),9.33522011869,0,report-only (stage NC FAIL: critical stage failed; no stage-NC value is used); report-only row; axisymmetric critical point; stability NOT COMPUTED (YET)
P0,1T,2,4.0,1,4.0,I: G_6 x T_b (T_b in mass^4),9.33522011869,0,report-only (stage NC FAIL: critical stage failed; no stage-NC value is used); report-only row; axisymmetric critical point; stability NOT COMPUTED (YET)
P0,1T,2,99.0,1,0.25,II: G v^2 (dimensionless G mu),4.3591483593,0,report-only (stage NC FAIL: critical stage failed; no stage-NC value is used); axisymmetric critical point; stability NOT COMPUTED (YET)
P0,1T,2,99.0,1,0.25,I: G_6 x T_b (T_b in mass^4),4.3591483593,0,report-only (stage NC FAIL: critical stage failed; no stage-NC value is used); axisymmetric critical point; stability NOT COMPUTED (YET)
P0,1T,2,99.0,1,0.5,II: G v^2 (dimensionless G mu),5.21704186558,0,report-only (stage NC FAIL: critical stage failed; no stage-NC value is used); axisymmetric critical point; stability NOT COMPUTED (YET)
P0,1T,2,99.0,1,0.5,I: G_6 x T_b (T_b in mass^4),5.21704186558,0,report-only (stage NC FAIL: critical stage failed; no stage-NC value is used); axisymmetric critical point; stability NOT COMPUTED (YET)
P0,1T,2,99.0,1,1.0,II: G v^2 (dimensionless G mu),6.28318530718,0,critical stage FAIL
P0,1T,2,99.0,1,1.0,I: G_6 x T_b (T_b in mass^4),6.28318530718,0,critical stage FAIL
P0,1T,2,99.0,1,2.0,II: G v^2 (dimensionless G mu),7.60328629496,0,report-only (stage NC FAIL: critical stage failed; no stage-NC value is used); report-only row; axisymmetric critical point; stability NOT COMPUTED (YET)
P0,1T,2,99.0,1,2.0,I: G_6 x T_b (T_b in mass^4),7.60328629496,0,report-only (stage NC FAIL: critical stage failed; no stage-NC value is used); report-only row; axisymmetric critical point; stability NOT COMPUTED (YET)
P0,1T,2,99.0,1,4.0,II: G v^2 (dimensionless G mu),9.2230854375,0,report-only (stage NC FAIL: critical stage failed; no stage-NC value is used); report-only row; axisymmetric critical point; stability NOT COMPUTED (YET)
P0,1T,2,99.0,1,4.0,I: G_6 x T_b (T_b in mass^4),9.2230854375,0,report-only (stage NC FAIL: critical stage failed; no stage-NC value is used); report-only row; axisymmetric critical point; stability NOT COMPUTED (YET)
P0,1T,3,1.0,1,0.25,II: G v^2 (dimensionless G mu),NOT COMPUTED (YET),NOT COMPUTED (YET),"n/a (normal state) [normal state: exact solution, linearly stable for B > κ/2, marginal at B = κ/2; whether a vortex branch coexists (κ < 1, subcritical) is NOT COMPUTED (YET)] [by construction; not a test] [Venus 20:44]; normal-state energy (not a vortex value) = 4.71238898038"
P0,1T,3,1.0,1,0.25,I: G_6 x T_b (T_b in mass^4),NOT COMPUTED (YET),NOT COMPUTED (YET),"n/a (normal state) [normal state: exact solution, linearly stable for B > κ/2, marginal at B = κ/2; whether a vortex branch coexists (κ < 1, subcritical) is NOT COMPUTED (YET)] [by construction; not a test] [Venus 20:44]; normal-state energy (not a vortex value) = 4.71238898038"
P0,1T,3,1.0,1,0.5,II: G v^2 (dimensionless G mu),NOT COMPUTED (YET),NOT COMPUTED (YET),"n/a (normal state) [normal state: exact solution, linearly stable for B > κ/2, marginal at B = κ/2; whether a vortex branch coexists (κ < 1, subcritical) is NOT COMPUTED (YET)] [by construction; not a test] [Venus 20:44]; normal-state energy (not a vortex value) = 7.06858347058"
P0,1T,3,1.0,1,0.5,I: G_6 x T_b (T_b in mass^4),NOT COMPUTED (YET),NOT COMPUTED (YET),"n/a (normal state) [normal state: exact solution, linearly stable for B > κ/2, marginal at B = κ/2; whether a vortex branch coexists (κ < 1, subcritical) is NOT COMPUTED (YET)] [by construction; not a test] [Venus 20:44]; normal-state energy (not a vortex value) = 7.06858347058"
P0,1T,3,1.0,1,1.0,II: G v^2 (dimensionless G mu),9.42477796077,0,critical stage FAIL
P0,1T,3,1.0,1,1.0,I: G_6 x T_b (T_b in mass^4),9.42477796077,0,critical stage FAIL
P0,1T,3,1.0,1,2.0,II: G v^2 (dimensionless G mu),11.9369272232,0,report-only (stage NC FAIL: critical stage failed; no stage-NC value is used); report-only row; axisymmetric critical point; stability NOT COMPUTED (YET)
P0,1T,3,1.0,1,2.0,I: G_6 x T_b (T_b in mass^4),11.9369272232,0,report-only (stage NC FAIL: critical stage failed; no stage-NC value is used); report-only row; axisymmetric critical point; stability NOT COMPUTED (YET)
P0,1T,3,1.0,1,4.0,II: G v^2 (dimensionless G mu),14.9346162733,0,report-only (stage NC FAIL: critical stage failed; no stage-NC value is used); report-only row; axisymmetric critical point; stability NOT COMPUTED (YET)
P0,1T,3,1.0,1,4.0,I: G_6 x T_b (T_b in mass^4),14.9346162733,0,report-only (stage NC FAIL: critical stage failed; no stage-NC value is used); report-only row; axisymmetric critical point; stability NOT COMPUTED (YET)
P0,1T,3,24.0,1,0.25,II: G v^2 (dimensionless G mu),6.19865949078,0,report-only (stage NC FAIL: critical stage failed; no stage-NC value is used); axisymmetric critical point; stability NOT COMPUTED (YET)
P0,1T,3,24.0,1,0.25,I: G_6 x T_b (T_b in mass^4),6.19865949078,0,report-only (stage NC FAIL: critical stage failed; no stage-NC value is used); axisymmetric critical point; stability NOT COMPUTED (YET)
P0,1T,3,24.0,1,0.5,II: G v^2 (dimensionless G mu),7.62651581903,0,report-only (stage NC FAIL: critical stage failed; no stage-NC value is used); axisymmetric critical point; stability NOT COMPUTED (YET)
P0,1T,3,24.0,1,0.5,I: G_6 x T_b (T_b in mass^4),7.62651581903,0,report-only (stage NC FAIL: critical stage failed; no stage-NC value is used); axisymmetric critical point; stability NOT COMPUTED (YET)
P0,1T,3,24.0,1,1.0,II: G v^2 (dimensionless G mu),9.42477796077,0,critical stage FAIL
P0,1T,3,24.0,1,1.0,I: G_6 x T_b (T_b in mass^4),9.42477796077,0,critical stage FAIL
P0,1T,3,24.0,1,2.0,II: G v^2 (dimensionless G mu),11.6921984827,0,report-only (stage NC FAIL: critical stage failed; no stage-NC value is used); report-only row; axisymmetric critical point; stability NOT COMPUTED (YET)
P0,1T,3,24.0,1,2.0,I: G_6 x T_b (T_b in mass^4),11.6921984827,0,report-only (stage NC FAIL: critical stage failed; no stage-NC value is used); report-only row; axisymmetric critical point; stability NOT COMPUTED (YET)
P0,1T,3,24.0,1,4.0,II: G v^2 (dimensionless G mu),14.5350256537,0,report-only (stage NC FAIL: critical stage failed; no stage-NC value is used); report-only row; axisymmetric critical point; stability NOT COMPUTED (YET)
P0,1T,3,24.0,1,4.0,I: G_6 x T_b (T_b in mass^4),14.5350256537,0,report-only (stage NC FAIL: critical stage failed; no stage-NC value is used); report-only row; axisymmetric critical point; stability NOT COMPUTED (YET)
P0,1T,3,4.0,1,0.25,II: G v^2 (dimensionless G mu),5.87612867331,0,report-only (stage NC FAIL: critical stage failed; no stage-NC value is used); axisymmetric critical point; stability NOT COMPUTED (YET)
P0,1T,3,4.0,1,0.25,I: G_6 x T_b (T_b in mass^4),5.87612867331,0,report-only (stage NC FAIL: critical stage failed; no stage-NC value is used); axisymmetric critical point; stability NOT COMPUTED (YET)
P0,1T,3,4.0,1,0.5,II: G v^2 (dimensionless G mu),7.51072290259,0,report-only (stage NC FAIL: critical stage failed; no stage-NC value is used); axisymmetric critical point; stability NOT COMPUTED (YET)
P0,1T,3,4.0,1,0.5,I: G_6 x T_b (T_b in mass^4),7.51072290259,0,report-only (stage NC FAIL: critical stage failed; no stage-NC value is used); axisymmetric critical point; stability NOT COMPUTED (YET)
P0,1T,3,4.0,1,1.0,II: G v^2 (dimensionless G mu),9.42477796077,0,critical stage FAIL
P0,1T,3,4.0,1,1.0,I: G_6 x T_b (T_b in mass^4),9.42477796077,0,critical stage FAIL
P0,1T,3,4.0,1,2.0,II: G v^2 (dimensionless G mu),11.7680483478,0,report-only (stage NC FAIL: critical stage failed; no stage-NC value is used); report-only row; axisymmetric critical point; stability NOT COMPUTED (YET)
P0,1T,3,4.0,1,2.0,I: G_6 x T_b (T_b in mass^4),11.7680483478,0,report-only (stage NC FAIL: critical stage failed; no stage-NC value is used); report-only row; axisymmetric critical point; stability NOT COMPUTED (YET)
P0,1T,3,4.0,1,4.0,II: G v^2 (dimensionless G mu),14.663746272,0,report-only (stage NC FAIL: critical stage failed; no stage-NC value is used); report-only row; axisymmetric critical point; stability NOT COMPUTED (YET)
P0,1T,3,4.0,1,4.0,I: G_6 x T_b (T_b in mass^4),14.663746272,0,report-only (stage NC FAIL: critical stage failed; no stage-NC value is used); report-only row; axisymmetric critical point; stability NOT COMPUTED (YET)
P0,1T,3,99.0,1,0.25,II: G v^2 (dimensionless G mu),6.24448563283,0,report-only (stage NC FAIL: critical stage failed; no stage-NC value is used); axisymmetric critical point; stability NOT COMPUTED (YET)
P0,1T,3,99.0,1,0.25,I: G_6 x T_b (T_b in mass^4),6.24448563283,0,report-only (stage NC FAIL: critical stage failed; no stage-NC value is used); axisymmetric critical point; stability NOT COMPUTED (YET)
P0,1T,3,99.0,1,0.5,II: G v^2 (dimensionless G mu),7.64527161177,0,report-only (stage NC FAIL: critical stage failed; no stage-NC value is used); axisymmetric critical point; stability NOT COMPUTED (YET)
P0,1T,3,99.0,1,0.5,I: G_6 x T_b (T_b in mass^4),7.64527161177,0,report-only (stage NC FAIL: critical stage failed; no stage-NC value is used); axisymmetric critical point; stability NOT COMPUTED (YET)
P0,1T,3,99.0,1,1.0,II: G v^2 (dimensionless G mu),9.42477796077,0,critical stage FAIL
P0,1T,3,99.0,1,1.0,I: G_6 x T_b (T_b in mass^4),9.42477796077,0,critical stage FAIL
P0,1T,3,99.0,1,2.0,II: G v^2 (dimensionless G mu),11.6788190477,0,report-only (stage NC FAIL: critical stage failed; no stage-NC value is used); report-only row; axisymmetric critical point; stability NOT COMPUTED (YET)
P0,1T,3,99.0,1,2.0,I: G_6 x T_b (T_b in mass^4),11.6788190477,0,report-only (stage NC FAIL: critical stage failed; no stage-NC value is used); report-only row; axisymmetric critical point; stability NOT COMPUTED (YET)
P0,1T,3,99.0,1,4.0,II: G v^2 (dimensionless G mu),14.5119158619,0,report-only (stage NC FAIL: critical stage failed; no stage-NC value is used); report-only row; axisymmetric critical point; stability NOT COMPUTED (YET)
P0,1T,3,99.0,1,4.0,I: G_6 x T_b (T_b in mass^4),14.5119158619,0,report-only (stage NC FAIL: critical stage failed; no stage-NC value is used); report-only row; axisymmetric critical point; stability NOT COMPUTED (YET)
P0,1T,4,1.0,1,0.25,II: G v^2 (dimensionless G mu),NOT COMPUTED (YET),NOT COMPUTED (YET),"n/a (normal state) [normal state: exact solution, linearly stable for B > κ/2, marginal at B = κ/2; whether a vortex branch coexists (κ < 1, subcritical) is NOT COMPUTED (YET)] [by construction; not a test] [Venus 20:44]; normal-state energy (not a vortex value) = 6.28318530718"
P0,1T,4,1.0,1,0.25,I: G_6 x T_b (T_b in mass^4),NOT COMPUTED (YET),NOT COMPUTED (YET),"n/a (normal state) [normal state: exact solution, linearly stable for B > κ/2, marginal at B = κ/2; whether a vortex branch coexists (κ < 1, subcritical) is NOT COMPUTED (YET)] [by construction; not a test] [Venus 20:44]; normal-state energy (not a vortex value) = 6.28318530718"
P0,1T,4,1.0,1,0.5,II: G v^2 (dimensionless G mu),NOT COMPUTED (YET),NOT COMPUTED (YET),"n/a (normal state) [normal state: exact solution, linearly stable for B > κ/2, marginal at B = κ/2; whether a vortex branch coexists (κ < 1, subcritical) is NOT COMPUTED (YET)] [by construction; not a test] [Venus 20:44]; normal-state energy (not a vortex value) = 9.42477796077"
P0,1T,4,1.0,1,0.5,I: G_6 x T_b (T_b in mass^4),NOT COMPUTED (YET),NOT COMPUTED (YET),"n/a (normal state) [normal state: exact solution, linearly stable for B > κ/2, marginal at B = κ/2; whether a vortex branch coexists (κ < 1, subcritical) is NOT COMPUTED (YET)] [by construction; not a test] [Venus 20:44]; normal-state energy (not a vortex value) = 9.42477796077"
P0,1T,4,1.0,1,1.0,II: G v^2 (dimensionless G mu),12.5663706144,0,critical stage FAIL
P0,1T,4,1.0,1,1.0,I: G_6 x T_b (T_b in mass^4),12.5663706144,0,critical stage FAIL
P0,1T,4,1.0,1,2.0,II: G v^2 (dimensionless G mu),16.1220623515,0,report-only (stage NC FAIL: critical stage failed; no stage-NC value is used); report-only row; axisymmetric critical point; stability NOT COMPUTED (YET)
P0,1T,4,1.0,1,2.0,I: G_6 x T_b (T_b in mass^4),16.1220623515,0,report-only (stage NC FAIL: critical stage failed; no stage-NC value is used); report-only row; axisymmetric critical point; stability NOT COMPUTED (YET)
P0,1T,4,1.0,1,4.0,II: G v^2 (dimensionless G mu),20.4703658506,0,report-only (stage NC FAIL: critical stage failed; no stage-NC value is used); report-only row; axisymmetric critical point; stability NOT COMPUTED (YET)
P0,1T,4,1.0,1,4.0,I: G_6 x T_b (T_b in mass^4),20.4703658506,0,report-only (stage NC FAIL: critical stage failed; no stage-NC value is used); report-only row; axisymmetric critical point; stability NOT COMPUTED (YET)
P0,1T,4,24.0,1,0.25,II: G v^2 (dimensionless G mu),8.02426796669,0,report-only (stage NC FAIL: critical stage failed; no stage-NC value is used); axisymmetric critical point; stability NOT COMPUTED (YET)
P0,1T,4,24.0,1,0.25,I: G_6 x T_b (T_b in mass^4),8.02426796669,0,report-only (stage NC FAIL: critical stage failed; no stage-NC value is used); axisymmetric critical point; stability NOT COMPUTED (YET)
P0,1T,4,24.0,1,0.5,II: G v^2 (dimensionless G mu),10.0175425914,0,report-only (stage NC FAIL: critical stage failed; no stage-NC value is used); axisymmetric critical point; stability NOT COMPUTED (YET)
P0,1T,4,24.0,1,0.5,I: G_6 x T_b (T_b in mass^4),10.0175425914,0,report-only (stage NC FAIL: critical stage failed; no stage-NC value is used); axisymmetric critical point; stability NOT COMPUTED (YET)
P0,1T,4,24.0,1,1.0,II: G v^2 (dimensionless G mu),12.5663706144,0,critical stage FAIL
P0,1T,4,24.0,1,1.0,I: G_6 x T_b (T_b in mass^4),12.5663706144,0,critical stage FAIL
P0,1T,4,24.0,1,2.0,II: G v^2 (dimensionless G mu),15.8285489249,0,report-only (stage NC FAIL: critical stage failed; no stage-NC value is used); report-only row; axisymmetric critical point; stability NOT COMPUTED (YET)
P0,1T,4,24.0,1,2.0,I: G_6 x T_b (T_b in mass^4),15.8285489249,0,report-only (stage NC FAIL: critical stage failed; no stage-NC value is used); report-only row; axisymmetric critical point; stability NOT COMPUTED (YET)
P0,1T,4,24.0,1,4.0,II: G v^2 (dimensionless G mu),19.9825994906,0,report-only (stage NC FAIL: critical stage failed; no stage-NC value is used); report-only row; axisymmetric critical point; stability NOT COMPUTED (YET)
P0,1T,4,24.0,1,4.0,I: G_6 x T_b (T_b in mass^4),19.9825994906,0,report-only (stage NC FAIL: critical stage failed; no stage-NC value is used); report-only row; axisymmetric critical point; stability NOT COMPUTED (YET)
P0,1T,4,4.0,1,0.25,II: G v^2 (dimensionless G mu),7.66178327514,0,report-only (stage NC FAIL: critical stage failed; no stage-NC value is used); axisymmetric critical point; stability NOT COMPUTED (YET)
P0,1T,4,4.0,1,0.25,I: G_6 x T_b (T_b in mass^4),7.66178327514,0,report-only (stage NC FAIL: critical stage failed; no stage-NC value is used); axisymmetric critical point; stability NOT COMPUTED (YET)
P0,1T,4,4.0,1,0.5,II: G v^2 (dimensionless G mu),9.88205841567,0,report-only (stage NC FAIL: critical stage failed; no stage-NC value is used); axisymmetric critical point; stability NOT COMPUTED (YET)
P0,1T,4,4.0,1,0.5,I: G_6 x T_b (T_b in mass^4),9.88205841567,0,report-only (stage NC FAIL: critical stage failed; no stage-NC value is used); axisymmetric critical point; stability NOT COMPUTED (YET)
P0,1T,4,4.0,1,1.0,II: G v^2 (dimensionless G mu),12.5663706144,0,critical stage FAIL
P0,1T,4,4.0,1,1.0,I: G_6 x T_b (T_b in mass^4),12.5663706144,0,critical stage FAIL
P0,1T,4,4.0,1,2.0,II: G v^2 (dimensionless G mu),15.9206465357,0,report-only (stage NC FAIL: critical stage failed; no stage-NC value is used); report-only row; axisymmetric critical point; stability NOT COMPUTED (YET)
P0,1T,4,4.0,1,2.0,I: G_6 x T_b (T_b in mass^4),15.9206465357,0,report-only (stage NC FAIL: critical stage failed; no stage-NC value is used); report-only row; axisymmetric critical point; stability NOT COMPUTED (YET)
P0,1T,4,4.0,1,4.0,II: G v^2 (dimensionless G mu),20.1410496816,0,report-only (stage NC FAIL: critical stage failed; no stage-NC value is used); report-only row; axisymmetric critical point; stability NOT COMPUTED (YET)
P0,1T,4,4.0,1,4.0,I: G_6 x T_b (T_b in mass^4),20.1410496816,0,report-only (stage NC FAIL: critical stage failed; no stage-NC value is used); report-only row; axisymmetric critical point; stability NOT COMPUTED (YET)
P0,1T,4,99.0,1,0.25,II: G v^2 (dimensionless G mu),8.07784531202,0,report-only (stage NC FAIL: critical stage failed; no stage-NC value is used); axisymmetric critical point; stability NOT COMPUTED (YET)
P0,1T,4,99.0,1,0.25,I: G_6 x T_b (T_b in mass^4),8.07784531202,0,report-only (stage NC FAIL: critical stage failed; no stage-NC value is used); axisymmetric critical point; stability NOT COMPUTED (YET)
P0,1T,4,99.0,1,0.5,II: G v^2 (dimensionless G mu),10.0398255452,0,report-only (stage NC FAIL: critical stage failed; no stage-NC value is used); axisymmetric critical point; stability NOT COMPUTED (YET)
P0,1T,4,99.0,1,0.5,I: G_6 x T_b (T_b in mass^4),10.0398255452,0,report-only (stage NC FAIL: critical stage failed; no stage-NC value is used); axisymmetric critical point; stability NOT COMPUTED (YET)
P0,1T,4,99.0,1,1.0,II: G v^2 (dimensionless G mu),12.5663706144,0,critical stage FAIL
P0,1T,4,99.0,1,1.0,I: G_6 x T_b (T_b in mass^4),12.5663706144,0,critical stage FAIL
P0,1T,4,99.0,1,2.0,II: G v^2 (dimensionless G mu),15.8122139258,0,report-only (stage NC FAIL: critical stage failed; no stage-NC value is used); report-only row; axisymmetric critical point; stability NOT COMPUTED (YET)
P0,1T,4,99.0,1,2.0,I: G_6 x T_b (T_b in mass^4),15.8122139258,0,report-only (stage NC FAIL: critical stage failed; no stage-NC value is used); report-only row; axisymmetric critical point; stability NOT COMPUTED (YET)
P0,1T,4,99.0,1,4.0,II: G v^2 (dimensionless G mu),19.9540320669,0,report-only (stage NC FAIL: critical stage failed; no stage-NC value is used); report-only row; axisymmetric critical point; stability NOT COMPUTED (YET)
P0,1T,4,99.0,1,4.0,I: G_6 x T_b (T_b in mass^4),19.9540320669,0,report-only (stage NC FAIL: critical stage failed; no stage-NC value is used); report-only row; axisymmetric critical point; stability NOT COMPUTED (YET)
P1,1T,1,1.0,0.5,0.25,II: G v^2 (dimensionless G mu),NOT COMPUTED (YET),NOT COMPUTED (YET),"FAILED: failed upstream (row P1 1T n=1 eps=1 alpha=0.5 stage NC kappa=0.5): not converged (cap hit) at NC kappa=0.5 alpha=0.5 [node cap MAX_NODES = 100000 reached; status 1, max|phi|^2 = 5.230e-07, iterations 5, nodes 63486]"
P1,1T,1,1.0,0.5,0.25,I: G_6 x T_b (T_b in mass^4),NOT COMPUTED (YET),NOT COMPUTED (YET),"FAILED: failed upstream (row P1 1T n=1 eps=1 alpha=0.5 stage NC kappa=0.5): not converged (cap hit) at NC kappa=0.5 alpha=0.5 [node cap MAX_NODES = 100000 reached; status 1, max|phi|^2 = 5.230e-07, iterations 5, nodes 63486]"
P1,1T,1,1.0,0.5,0.5,II: G v^2 (dimensionless G mu),NOT COMPUTED (YET),NOT COMPUTED (YET),"FAILED: failed directly: not converged (cap hit) at NC kappa=0.5 alpha=0.5 [node cap MAX_NODES = 100000 reached; status 1, max|phi|^2 = 5.230e-07, iterations 5, nodes 63486]"
P1,1T,1,1.0,0.5,0.5,I: G_6 x T_b (T_b in mass^4),NOT COMPUTED (YET),NOT COMPUTED (YET),"FAILED: failed directly: not converged (cap hit) at NC kappa=0.5 alpha=0.5 [node cap MAX_NODES = 100000 reached; status 1, max|phi|^2 = 5.230e-07, iterations 5, nodes 63486]"
P1,1T,1,1.0,0.5,1.0,II: G v^2 (dimensionless G mu),3.14159265359,0.039788735773,critical stage FAIL
P1,1T,1,1.0,0.5,1.0,I: G_6 x T_b (T_b in mass^4),3.14159265359,0.039788735773,critical stage FAIL
P1,1T,1,1.0,0.5,2.0,II: G v^2 (dimensionless G mu),3.83745573633,0.0325736656235,report-only (stage NC FAIL: critical stage failed; no stage-NC value is used); axisymmetric critical point; stability NOT COMPUTED (YET)
P1,1T,1,1.0,0.5,2.0,I: G_6 x T_b (T_b in mass^4),3.83745573633,0.0325736656235,report-only (stage NC FAIL: critical stage failed; no stage-NC value is used); axisymmetric critical point; stability NOT COMPUTED (YET)
P1,1T,1,1.0,0.5,4.0,II: G v^2 (dimensionless G mu),4.6338529598,0.0269753919869,report-only (stage NC FAIL: critical stage failed; no stage-NC value is used); axisymmetric critical point; stability NOT COMPUTED (YET)
P1,1T,1,1.0,0.5,4.0,I: G_6 x T_b (T_b in mass^4),4.6338529598,0.0269753919869,report-only (stage NC FAIL: critical stage failed; no stage-NC value is used); axisymmetric critical point; stability NOT COMPUTED (YET)
P1,1T,1,1.0,0.6,0.25,II: G v^2 (dimensionless G mu),NOT COMPUTED (YET),NOT COMPUTED (YET),"FAILED: failed upstream (row P1 1T n=1 eps=1 alpha=0.6 stage NC kappa=0.5): not converged (cap hit) at NC kappa=0.5 alpha=0.6 [node cap MAX_NODES = 100000 reached; status 1, max|phi|^2 = 4.286e-07, iterations 5, nodes 69415]"
P1,1T,1,1.0,0.6,0.25,I: G_6 x T_b (T_b in mass^4),NOT COMPUTED (YET),NOT COMPUTED (YET),"FAILED: failed upstream (row P1 1T n=1 eps=1 alpha=0.6 stage NC kappa=0.5): not converged (cap hit) at NC kappa=0.5 alpha=0.6 [node cap MAX_NODES = 100000 reached; status 1, max|phi|^2 = 4.286e-07, iterations 5, nodes 69415]"
P1,1T,1,1.0,0.6,0.5,II: G v^2 (dimensionless G mu),NOT COMPUTED (YET),NOT COMPUTED (YET),"FAILED: failed directly: not converged (cap hit) at NC kappa=0.5 alpha=0.6 [node cap MAX_NODES = 100000 reached; status 1, max|phi|^2 = 4.286e-07, iterations 5, nodes 69415]"
P1,1T,1,1.0,0.6,0.5,I: G_6 x T_b (T_b in mass^4),NOT COMPUTED (YET),NOT COMPUTED (YET),"FAILED: failed directly: not converged (cap hit) at NC kappa=0.5 alpha=0.6 [node cap MAX_NODES = 100000 reached; status 1, max|phi|^2 = 4.286e-07, iterations 5, nodes 69415]"
P1,1T,1,1.0,0.6,1.0,II: G v^2 (dimensionless G mu),3.14159265359,0.0318309886184,critical stage FAIL
P1,1T,1,1.0,0.6,1.0,I: G_6 x T_b (T_b in mass^4),3.14159265359,0.0318309886184,critical stage FAIL
P1,1T,1,1.0,0.6,2.0,II: G v^2 (dimensionless G mu),3.82360476222,0.026153330749,report-only (stage NC FAIL: critical stage failed; no stage-NC value is used); axisymmetric critical point; stability NOT COMPUTED (YET)
P1,1T,1,1.0,0.6,2.0,I: G_6 x T_b (T_b in mass^4),3.82360476222,0.026153330749,report-only (stage NC FAIL: critical stage failed; no stage-NC value is used); axisymmetric critical point; stability NOT COMPUTED (YET)
P1,1T,1,1.0,0.6,4.0,II: G v^2 (dimensionless G mu),4.58662680671,0.0218025150539,report-only (stage NC FAIL: critical stage failed; no stage-NC value is used); axisymmetric critical point; stability NOT COMPUTED (YET)
P1,1T,1,1.0,0.6,4.0,I: G_6 x T_b (T_b in mass^4),4.58662680671,0.0218025150539,report-only (stage NC FAIL: critical stage failed; no stage-NC value is used); axisymmetric critical point; stability NOT COMPUTED (YET)
P1,1T,1,1.0,0.7,0.25,II: G v^2 (dimensionless G mu),NOT COMPUTED (YET),NOT COMPUTED (YET),"FAILED: failed upstream (row P1 1T n=1 eps=1 alpha=0.7 stage NC kappa=0.5): not converged (cap hit) at NC kappa=0.5 alpha=0.7 [node cap MAX_NODES = 100000 reached; status 1, max|phi|^2 = 3.850e-07, iterations 5, nodes 75574]"
P1,1T,1,1.0,0.7,0.25,I: G_6 x T_b (T_b in mass^4),NOT COMPUTED (YET),NOT COMPUTED (YET),"FAILED: failed upstream (row P1 1T n=1 eps=1 alpha=0.7 stage NC kappa=0.5): not converged (cap hit) at NC kappa=0.5 alpha=0.7 [node cap MAX_NODES = 100000 reached; status 1, max|phi|^2 = 3.850e-07, iterations 5, nodes 75574]"
P1,1T,1,1.0,0.7,0.5,II: G v^2 (dimensionless G mu),NOT COMPUTED (YET),NOT COMPUTED (YET),"FAILED: failed directly: not converged (cap hit) at NC kappa=0.5 alpha=0.7 [node cap MAX_NODES = 100000 reached; status 1, max|phi|^2 = 3.850e-07, iterations 5, nodes 75574]"
P1,1T,1,1.0,0.7,0.5,I: G_6 x T_b (T_b in mass^4),NOT COMPUTED (YET),NOT COMPUTED (YET),"FAILED: failed directly: not converged (cap hit) at NC kappa=0.5 alpha=0.7 [node cap MAX_NODES = 100000 reached; status 1, max|phi|^2 = 3.850e-07, iterations 5, nodes 75574]"
P1,1T,1,1.0,0.7,1.0,II: G v^2 (dimensionless G mu),3.14159265359,0.0238732414638,critical stage FAIL
P1,1T,1,1.0,0.7,1.0,I: G_6 x T_b (T_b in mass^4),3.14159265359,0.0238732414638,critical stage FAIL
P1,1T,1,1.0,0.7,2.0,II: G v^2 (dimensionless G mu),3.80923676962,0.019688983525,report-only (stage NC FAIL: critical stage failed; no stage-NC value is used); axisymmetric critical point; stability NOT COMPUTED (YET)
P1,1T,1,1.0,0.7,2.0,I: G_6 x T_b (T_b in mass^4),3.80923676962,0.019688983525,report-only (stage NC FAIL: critical stage failed; no stage-NC value is used); axisymmetric critical point; stability NOT COMPUTED (YET)
P1,1T,1,1.0,0.7,4.0,II: G v^2 (dimensionless G mu),4.53970986562,0.016520879576,report-only (stage NC FAIL: critical stage failed; no stage-NC value is used); axisymmetric critical point; stability NOT COMPUTED (YET)
P1,1T,1,1.0,0.7,4.0,I: G_6 x T_b (T_b in mass^4),4.53970986562,0.016520879576,report-only (stage NC FAIL: critical stage failed; no stage-NC value is used); axisymmetric critical point; stability NOT COMPUTED (YET)
P1,1T,1,1.0,0.8,0.25,II: G v^2 (dimensionless G mu),NOT COMPUTED (YET),NOT COMPUTED (YET),"FAILED: failed upstream (row P1 1T n=1 eps=1 alpha=0.8 stage NC kappa=0.5): not converged (cap hit) at NC kappa=0.5 alpha=0.8 [node cap MAX_NODES = 100000 reached; status 1, max|phi|^2 = 3.352e-07, iterations 5, nodes 80071]"
P1,1T,1,1.0,0.8,0.25,I: G_6 x T_b (T_b in mass^4),NOT COMPUTED (YET),NOT COMPUTED (YET),"FAILED: failed upstream (row P1 1T n=1 eps=1 alpha=0.8 stage NC kappa=0.5): not converged (cap hit) at NC kappa=0.5 alpha=0.8 [node cap MAX_NODES = 100000 reached; status 1, max|phi|^2 = 3.352e-07, iterations 5, nodes 80071]"
P1,1T,1,1.0,0.8,0.5,II: G v^2 (dimensionless G mu),NOT COMPUTED (YET),NOT COMPUTED (YET),"FAILED: failed directly: not converged (cap hit) at NC kappa=0.5 alpha=0.8 [node cap MAX_NODES = 100000 reached; status 1, max|phi|^2 = 3.352e-07, iterations 5, nodes 80071]"
P1,1T,1,1.0,0.8,0.5,I: G_6 x T_b (T_b in mass^4),NOT COMPUTED (YET),NOT COMPUTED (YET),"FAILED: failed directly: not converged (cap hit) at NC kappa=0.5 alpha=0.8 [node cap MAX_NODES = 100000 reached; status 1, max|phi|^2 = 3.352e-07, iterations 5, nodes 80071]"
P1,1T,1,1.0,0.8,1.0,II: G v^2 (dimensionless G mu),3.14159265359,0.0159154943092,critical stage FAIL
P1,1T,1,1.0,0.8,1.0,I: G_6 x T_b (T_b in mass^4),3.14159265359,0.0159154943092,critical stage FAIL
P1,1T,1,1.0,0.8,2.0,II: G v^2 (dimensionless G mu),3.79494954749,0.0131754057266,report-only (stage NC FAIL: critical stage failed; no stage-NC value is used); axisymmetric critical point; stability NOT COMPUTED (YET)
P1,1T,1,1.0,0.8,2.0,I: G_6 x T_b (T_b in mass^4),3.79494954749,0.0131754057266,report-only (stage NC FAIL: critical stage failed; no stage-NC value is used); axisymmetric critical point; stability NOT COMPUTED (YET)
P1,1T,1,1.0,0.8,4.0,II: G v^2 (dimensionless G mu),4.49459956947,0.0111244615293,report-only (stage NC FAIL: critical stage failed; no stage-NC value is used); axisymmetric critical point; stability NOT COMPUTED (YET)
P1,1T,1,1.0,0.8,4.0,I: G_6 x T_b (T_b in mass^4),4.49459956947,0.0111244615293,report-only (stage NC FAIL: critical stage failed; no stage-NC value is used); axisymmetric critical point; stability NOT COMPUTED (YET)
P1,1T,1,1.0,0.9,0.25,II: G v^2 (dimensionless G mu),NOT COMPUTED (YET),NOT COMPUTED (YET),"FAILED: failed upstream (row P1 1T n=1 eps=1 alpha=0.9 stage NC kappa=0.5): not converged (cap hit) at NC kappa=0.5 alpha=0.9 [node cap MAX_NODES = 100000 reached; status 1, max|phi|^2 = 2.802e-07, iterations 5, nodes 83495]"
P1,1T,1,1.0,0.9,0.25,I: G_6 x T_b (T_b in mass^4),NOT COMPUTED (YET),NOT COMPUTED (YET),"FAILED: failed upstream (row P1 1T n=1 eps=1 alpha=0.9 stage NC kappa=0.5): not converged (cap hit) at NC kappa=0.5 alpha=0.9 [node cap MAX_NODES = 100000 reached; status 1, max|phi|^2 = 2.802e-07, iterations 5, nodes 83495]"
P1,1T,1,1.0,0.9,0.5,II: G v^2 (dimensionless G mu),NOT COMPUTED (YET),NOT COMPUTED (YET),"FAILED: failed directly: not converged (cap hit) at NC kappa=0.5 alpha=0.9 [node cap MAX_NODES = 100000 reached; status 1, max|phi|^2 = 2.802e-07, iterations 5, nodes 83495]"
P1,1T,1,1.0,0.9,0.5,I: G_6 x T_b (T_b in mass^4),NOT COMPUTED (YET),NOT COMPUTED (YET),"FAILED: failed directly: not converged (cap hit) at NC kappa=0.5 alpha=0.9 [node cap MAX_NODES = 100000 reached; status 1, max|phi|^2 = 2.802e-07, iterations 5, nodes 83495]"
P1,1T,1,1.0,0.9,1.0,II: G v^2 (dimensionless G mu),3.14159265359,0.0079577471546,critical stage FAIL
P1,1T,1,1.0,0.9,1.0,I: G_6 x T_b (T_b in mass^4),3.14159265359,0.0079577471546,critical stage FAIL
P1,1T,1,1.0,0.9,2.0,II: G v^2 (dimensionless G mu),3.78109514853,0.00661184101905,report-only (stage NC FAIL: critical stage failed; no stage-NC value is used); axisymmetric critical point; stability NOT COMPUTED (YET)
P1,1T,1,1.0,0.9,2.0,I: G_6 x T_b (T_b in mass^4),3.78109514853,0.00661184101905,report-only (stage NC FAIL: critical stage failed; no stage-NC value is used); axisymmetric critical point; stability NOT COMPUTED (YET)
P1,1T,1,1.0,0.9,4.0,II: G v^2 (dimensionless G mu),4.45200170515,0.0056154515779,report-only (stage NC FAIL: critical stage failed; no stage-NC value is used); axisymmetric critical point; stability NOT COMPUTED (YET)
P1,1T,1,1.0,0.9,4.0,I: G_6 x T_b (T_b in mass^4),4.45200170515,0.0056154515779,report-only (stage NC FAIL: critical stage failed; no stage-NC value is used); axisymmetric critical point; stability NOT COMPUTED (YET)
P1,1T,1,1.0,1,0.25,II: G v^2 (dimensionless G mu),NOT COMPUTED (YET),NOT COMPUTED (YET),"n/a (normal state) [normal state: exact solution, linearly stable for B > κ/2, marginal at B = κ/2; whether a vortex branch coexists (κ < 1, subcritical) is NOT COMPUTED (YET)] [by construction; not a test] [Venus 20:44]; normal-state energy (not a vortex value) = 1.57079632679"
P1,1T,1,1.0,1,0.25,I: G_6 x T_b (T_b in mass^4),NOT COMPUTED (YET),NOT COMPUTED (YET),"n/a (normal state) [normal state: exact solution, linearly stable for B > κ/2, marginal at B = κ/2; whether a vortex branch coexists (κ < 1, subcritical) is NOT COMPUTED (YET)] [by construction; not a test] [Venus 20:44]; normal-state energy (not a vortex value) = 1.57079632679"
P1,1T,1,1.0,1,0.5,II: G v^2 (dimensionless G mu),NOT COMPUTED (YET),NOT COMPUTED (YET),"n/a (normal state) [normal state: exact solution, linearly stable for B > κ/2, marginal at B = κ/2; whether a vortex branch coexists (κ < 1, subcritical) is NOT COMPUTED (YET)] [by construction; not a test] [Venus 20:44]; normal-state energy (not a vortex value) = 2.35619449019"
P1,1T,1,1.0,1,0.5,I: G_6 x T_b (T_b in mass^4),NOT COMPUTED (YET),NOT COMPUTED (YET),"n/a (normal state) [normal state: exact solution, linearly stable for B > κ/2, marginal at B = κ/2; whether a vortex branch coexists (κ < 1, subcritical) is NOT COMPUTED (YET)] [by construction; not a test] [Venus 20:44]; normal-state energy (not a vortex value) = 2.35619449019"
P1,1T,1,1.0,1,1.0,II: G v^2 (dimensionless G mu),3.14159265359,0,critical stage FAIL
P1,1T,1,1.0,1,1.0,I: G_6 x T_b (T_b in mass^4),3.14159265359,0,critical stage FAIL
P1,1T,1,1.0,1,2.0,II: G v^2 (dimensionless G mu),3.7678668359,0,report-only (stage NC FAIL: critical stage failed; no stage-NC value is used); axisymmetric critical point; stability NOT COMPUTED (YET)
P1,1T,1,1.0,1,2.0,I: G_6 x T_b (T_b in mass^4),3.7678668359,0,report-only (stage NC FAIL: critical stage failed; no stage-NC value is used); axisymmetric critical point; stability NOT COMPUTED (YET)
P1,1T,1,1.0,1,4.0,II: G v^2 (dimensionless G mu),4.41217882453,0,report-only (stage NC FAIL: critical stage failed; no stage-NC value is used); axisymmetric critical point; stability NOT COMPUTED (YET)
P1,1T,1,1.0,1,4.0,I: G_6 x T_b (T_b in mass^4),4.41217882453,0,report-only (stage NC FAIL: critical stage failed; no stage-NC value is used); axisymmetric critical point; stability NOT COMPUTED (YET)
P1,1T,1,24.0,0.5,0.25,II: G v^2 (dimensionless G mu),2.19343421942,0.0569882601872,report-only (stage NC FAIL: critical stage failed; no stage-NC value is used); axisymmetric critical point; stability NOT COMPUTED (YET)
P1,1T,1,24.0,0.5,0.25,I: G_6 x T_b (T_b in mass^4),2.19343421942,0.0569882601872,report-only (stage NC FAIL: critical stage failed; no stage-NC value is used); axisymmetric critical point; stability NOT COMPUTED (YET)
P1,1T,1,24.0,0.5,0.5,II: G v^2 (dimensionless G mu),2.61532254205,0.0477952520158,report-only (stage NC FAIL: critical stage failed; no stage-NC value is used); axisymmetric critical point; stability NOT COMPUTED (YET)
P1,1T,1,24.0,0.5,0.5,I: G_6 x T_b (T_b in mass^4),2.61532254205,0.0477952520158,report-only (stage NC FAIL: critical stage failed; no stage-NC value is used); axisymmetric critical point; stability NOT COMPUTED (YET)
P1,1T,1,24.0,0.5,1.0,II: G v^2 (dimensionless G mu),3.14159265359,0.039788735773,critical stage FAIL
P1,1T,1,24.0,0.5,1.0,I: G_6 x T_b (T_b in mass^4),3.14159265359,0.039788735773,critical stage FAIL
P1,1T,1,24.0,0.5,2.0,II: G v^2 (dimensionless G mu),3.79601670129,0.0329292544886,report-only (stage NC FAIL: critical stage failed; no stage-NC value is used); axisymmetric critical point; stability NOT COMPUTED (YET)
P1,1T,1,24.0,0.5,2.0,I: G_6 x T_b (T_b in mass^4),3.79601670129,0.0329292544886,report-only (stage NC FAIL: critical stage failed; no stage-NC value is used); axisymmetric critical point; stability NOT COMPUTED (YET)
P1,1T,1,24.0,0.5,4.0,II: G v^2 (dimensionless G mu),4.60156583386,0.0271646662274,report-only (stage NC FAIL: critical stage failed; no stage-NC value is used); axisymmetric critical point; stability NOT COMPUTED (YET)
P1,1T,1,24.0,0.5,4.0,I: G_6 x T_b (T_b in mass^4),4.60156583386,0.0271646662274,report-only (stage NC FAIL: critical stage failed; no stage-NC value is used); axisymmetric critical point; stability NOT COMPUTED (YET)
P1,1T,1,24.0,0.6,0.25,II: G v^2 (dimensionless G mu),2.22841243637,0.0448749963732,report-only (stage NC FAIL: critical stage failed; no stage-NC value is used); axisymmetric critical point; stability NOT COMPUTED (YET)
P1,1T,1,24.0,0.6,0.25,I: G_6 x T_b (T_b in mass^4),2.22841243637,0.0448749963732,report-only (stage NC FAIL: critical stage failed; no stage-NC value is used); axisymmetric critical point; stability NOT COMPUTED (YET)
P1,1T,1,24.0,0.6,0.5,II: G v^2 (dimensionless G mu),2.6386402674,0.0378983074106,report-only (stage NC FAIL: critical stage failed; no stage-NC value is used); axisymmetric critical point; stability NOT COMPUTED (YET)
P1,1T,1,24.0,0.6,0.5,I: G_6 x T_b (T_b in mass^4),2.6386402674,0.0378983074106,report-only (stage NC FAIL: critical stage failed; no stage-NC value is used); axisymmetric critical point; stability NOT COMPUTED (YET)
P1,1T,1,24.0,0.6,1.0,II: G v^2 (dimensionless G mu),3.14159265359,0.0318309886184,critical stage FAIL
P1,1T,1,24.0,0.6,1.0,I: G_6 x T_b (T_b in mass^4),3.14159265359,0.0318309886184,critical stage FAIL
P1,1T,1,24.0,0.6,2.0,II: G v^2 (dimensionless G mu),3.75747544491,0.0266136137058,report-only (stage NC FAIL: critical stage failed; no stage-NC value is used); axisymmetric critical point; stability NOT COMPUTED (YET)
P1,1T,1,24.0,0.6,2.0,I: G_6 x T_b (T_b in mass^4),3.75747544491,0.0266136137058,report-only (stage NC FAIL: critical stage failed; no stage-NC value is used); axisymmetric critical point; stability NOT COMPUTED (YET)
P1,1T,1,24.0,0.6,4.0,II: G v^2 (dimensionless G mu),4.50478364753,0.0221986243568,report-only (stage NC FAIL: critical stage failed; no stage-NC value is used); axisymmetric critical point; stability NOT COMPUTED (YET)
P1,1T,1,24.0,0.6,4.0,I: G_6 x T_b (T_b in mass^4),4.50478364753,0.0221986243568,report-only (stage NC FAIL: critical stage failed; no stage-NC value is used); axisymmetric critical point; stability NOT COMPUTED (YET)
P1,1T,1,24.0,0.7,0.25,II: G v^2 (dimensionless G mu),2.26131108497,0.033166599898,report-only (stage NC FAIL: critical stage failed; no stage-NC value is used); axisymmetric critical point; stability NOT COMPUTED (YET)
P1,1T,1,24.0,0.7,0.25,I: G_6 x T_b (T_b in mass^4),2.26131108497,0.033166599898,report-only (stage NC FAIL: critical stage failed; no stage-NC value is used); axisymmetric critical point; stability NOT COMPUTED (YET)
P1,1T,1,24.0,0.7,0.5,II: G v^2 (dimensionless G mu),2.66007796991,0.0281946622799,report-only (stage NC FAIL: critical stage failed; no stage-NC value is used); axisymmetric critical point; stability NOT COMPUTED (YET)
P1,1T,1,24.0,0.7,0.5,I: G_6 x T_b (T_b in mass^4),2.66007796991,0.0281946622799,report-only (stage NC FAIL: critical stage failed; no stage-NC value is used); axisymmetric critical point; stability NOT COMPUTED (YET)
P1,1T,1,24.0,0.7,1.0,II: G v^2 (dimensionless G mu),3.14159265359,0.0238732414638,critical stage FAIL
P1,1T,1,24.0,0.7,1.0,I: G_6 x T_b (T_b in mass^4),3.14159265359,0.0238732414638,critical stage FAIL
P1,1T,1,24.0,0.7,2.0,II: G v^2 (dimensionless G mu),3.72344190869,0.0201426534479,report-only (stage NC FAIL: critical stage failed; no stage-NC value is used); axisymmetric critical point; stability NOT COMPUTED (YET)
P1,1T,1,24.0,0.7,2.0,I: G_6 x T_b (T_b in mass^4),3.72344190869,0.0201426534479,report-only (stage NC FAIL: critical stage failed; no stage-NC value is used); axisymmetric critical point; stability NOT COMPUTED (YET)
P1,1T,1,24.0,0.7,4.0,II: G v^2 (dimensionless G mu),4.42082229455,0.0169651696003,report-only (stage NC FAIL: critical stage failed; no stage-NC value is used); axisymmetric critical point; stability NOT COMPUTED (YET)
P1,1T,1,24.0,0.7,4.0,I: G_6 x T_b (T_b in mass^4),4.42082229455,0.0169651696003,report-only (stage NC FAIL: critical stage failed; no stage-NC value is used); axisymmetric critical point; stability NOT COMPUTED (YET)
P1,1T,1,24.0,0.8,0.25,II: G v^2 (dimensionless G mu),2.29196503976,0.0218153414789,report-only (stage NC FAIL: critical stage failed; no stage-NC value is used); axisymmetric critical point; stability NOT COMPUTED (YET)
P1,1T,1,24.0,0.8,0.25,I: G_6 x T_b (T_b in mass^4),2.29196503976,0.0218153414789,report-only (stage NC FAIL: critical stage failed; no stage-NC value is used); axisymmetric critical point; stability NOT COMPUTED (YET)
P1,1T,1,24.0,0.8,0.5,II: G v^2 (dimensionless G mu),2.6797128283,0.0186587157668,report-only (stage NC FAIL: critical stage failed; no stage-NC value is used); axisymmetric critical point; stability NOT COMPUTED (YET)
P1,1T,1,24.0,0.8,0.5,I: G_6 x T_b (T_b in mass^4),2.6797128283,0.0186587157668,report-only (stage NC FAIL: critical stage failed; no stage-NC value is used); axisymmetric critical point; stability NOT COMPUTED (YET)
P1,1T,1,24.0,0.8,1.0,II: G v^2 (dimensionless G mu),3.14159265359,0.0159154943092,critical stage FAIL
P1,1T,1,24.0,0.8,1.0,I: G_6 x T_b (T_b in mass^4),3.14159265359,0.0159154943092,critical stage FAIL
P1,1T,1,24.0,0.8,2.0,II: G v^2 (dimensionless G mu),3.69321787144,0.0135383293758,report-only (stage NC FAIL: critical stage failed; no stage-NC value is used); axisymmetric critical point; stability NOT COMPUTED (YET)
P1,1T,1,24.0,0.8,2.0,I: G_6 x T_b (T_b in mass^4),3.69321787144,0.0135383293758,report-only (stage NC FAIL: critical stage failed; no stage-NC value is used); axisymmetric critical point; stability NOT COMPUTED (YET)
P1,1T,1,24.0,0.8,4.0,II: G v^2 (dimensionless G mu),4.34729153253,0.0115014140703,report-only (stage NC FAIL: critical stage failed; no stage-NC value is used); axisymmetric critical point; stability NOT COMPUTED (YET)
P1,1T,1,24.0,0.8,4.0,I: G_6 x T_b (T_b in mass^4),4.34729153253,0.0115014140703,report-only (stage NC FAIL: critical stage failed; no stage-NC value is used); axisymmetric critical point; stability NOT COMPUTED (YET)
P1,1T,1,24.0,0.9,0.25,II: G v^2 (dimensionless G mu),2.32043248784,0.0107738536377,report-only (stage NC FAIL: critical stage failed; no stage-NC value is used); axisymmetric critical point; stability NOT COMPUTED (YET)
P1,1T,1,24.0,0.9,0.25,I: G_6 x T_b (T_b in mass^4),2.32043248784,0.0107738536377,report-only (stage NC FAIL: critical stage failed; no stage-NC value is used); axisymmetric critical point; stability NOT COMPUTED (YET)
P1,1T,1,24.0,0.9,0.5,II: G v^2 (dimensionless G mu),2.69770276609,0.00926714399905,report-only (stage NC FAIL: critical stage failed; no stage-NC value is used); axisymmetric critical point; stability NOT COMPUTED (YET)
P1,1T,1,24.0,0.9,0.5,I: G_6 x T_b (T_b in mass^4),2.69770276609,0.00926714399905,report-only (stage NC FAIL: critical stage failed; no stage-NC value is used); axisymmetric critical point; stability NOT COMPUTED (YET)
P1,1T,1,24.0,0.9,1.0,II: G v^2 (dimensionless G mu),3.14159265359,0.0079577471546,critical stage FAIL
P1,1T,1,24.0,0.9,1.0,I: G_6 x T_b (T_b in mass^4),3.14159265359,0.0079577471546,critical stage FAIL
P1,1T,1,24.0,0.9,2.0,II: G v^2 (dimensionless G mu),3.66620346883,0.0068190432453,report-only (stage NC FAIL: critical stage failed; no stage-NC value is used); axisymmetric critical point; stability NOT COMPUTED (YET)
P1,1T,1,24.0,0.9,2.0,I: G_6 x T_b (T_b in mass^4),3.66620346883,0.0068190432453,report-only (stage NC FAIL: critical stage failed; no stage-NC value is used); axisymmetric critical point; stability NOT COMPUTED (YET)
P1,1T,1,24.0,0.9,4.0,II: G v^2 (dimensionless G mu),4.28231959702,0.00583795754465,report-only (stage NC FAIL: critical stage failed; no stage-NC value is used); axisymmetric critical point; stability NOT COMPUTED (YET)
P1,1T,1,24.0,0.9,4.0,I: G_6 x T_b (T_b in mass^4),4.28231959702,0.00583795754465,report-only (stage NC FAIL: critical stage failed; no stage-NC value is used); axisymmetric critical point; stability NOT COMPUTED (YET)
P1,1T,1,24.0,1,0.25,II: G v^2 (dimensionless G mu),2.34685704955,0,report-only (stage NC FAIL: critical stage failed; no stage-NC value is used); axisymmetric critical point; stability NOT COMPUTED (YET)
P1,1T,1,24.0,1,0.25,I: G_6 x T_b (T_b in mass^4),2.34685704955,0,report-only (stage NC FAIL: critical stage failed; no stage-NC value is used); axisymmetric critical point; stability NOT COMPUTED (YET)
P1,1T,1,24.0,1,0.5,II: G v^2 (dimensionless G mu),2.71422001746,0,report-only (stage NC FAIL: critical stage failed; no stage-NC value is used); axisymmetric critical point; stability NOT COMPUTED (YET)
P1,1T,1,24.0,1,0.5,I: G_6 x T_b (T_b in mass^4),2.71422001746,0,report-only (stage NC FAIL: critical stage failed; no stage-NC value is used); axisymmetric critical point; stability NOT COMPUTED (YET)
P1,1T,1,24.0,1,1.0,II: G v^2 (dimensionless G mu),3.14159265359,0,critical stage FAIL
P1,1T,1,24.0,1,1.0,I: G_6 x T_b (T_b in mass^4),3.14159265359,0,critical stage FAIL
P1,1T,1,24.0,1,2.0,II: G v^2 (dimensionless G mu),3.64190603373,0,report-only (stage NC FAIL: critical stage failed; no stage-NC value is used); axisymmetric critical point; stability NOT COMPUTED (YET)
P1,1T,1,24.0,1,2.0,I: G_6 x T_b (T_b in mass^4),3.64190603373,0,report-only (stage NC FAIL: critical stage failed; no stage-NC value is used); axisymmetric critical point; stability NOT COMPUTED (YET)
P1,1T,1,24.0,1,4.0,II: G v^2 (dimensionless G mu),4.2244494541,0,report-only (stage NC FAIL: critical stage failed; no stage-NC value is used); axisymmetric critical point; stability NOT COMPUTED (YET)
P1,1T,1,24.0,1,4.0,I: G_6 x T_b (T_b in mass^4),4.2244494541,0,report-only (stage NC FAIL: critical stage failed; no stage-NC value is used); axisymmetric critical point; stability NOT COMPUTED (YET)
P1,1T,1,4.0,0.5,0.25,II: G v^2 (dimensionless G mu),2.07803782594,0.060152899259,report-only (stage NC FAIL: critical stage failed; no stage-NC value is used); axisymmetric critical point; stability NOT COMPUTED (YET)
P1,1T,1,4.0,0.5,0.25,I: G_6 x T_b (T_b in mass^4),2.07803782594,0.060152899259,report-only (stage NC FAIL: critical stage failed; no stage-NC value is used); axisymmetric critical point; stability NOT COMPUTED (YET)
P1,1T,1,4.0,0.5,0.5,II: G v^2 (dimensionless G mu),2.59602661193,0.0481505079438,report-only (stage NC FAIL: critical stage failed; no stage-NC value is used); axisymmetric critical point; stability NOT COMPUTED (YET)
P1,1T,1,4.0,0.5,0.5,I: G_6 x T_b (T_b in mass^4),2.59602661193,0.0481505079438,report-only (stage NC FAIL: critical stage failed; no stage-NC value is used); axisymmetric critical point; stability NOT COMPUTED (YET)
P1,1T,1,4.0,0.5,1.0,II: G v^2 (dimensionless G mu),3.14159265359,0.039788735773,critical stage FAIL
P1,1T,1,4.0,0.5,1.0,I: G_6 x T_b (T_b in mass^4),3.14159265359,0.039788735773,critical stage FAIL
P1,1T,1,4.0,0.5,2.0,II: G v^2 (dimensionless G mu),3.79418047919,0.0329451908483,report-only (stage NC FAIL: critical stage failed; no stage-NC value is used); axisymmetric critical point; stability NOT COMPUTED (YET)
P1,1T,1,4.0,0.5,2.0,I: G_6 x T_b (T_b in mass^4),3.79418047919,0.0329451908483,report-only (stage NC FAIL: critical stage failed; no stage-NC value is used); axisymmetric critical point; stability NOT COMPUTED (YET)
P1,1T,1,4.0,0.5,4.0,II: G v^2 (dimensionless G mu),4.59161786761,0.0272235198146,report-only (stage NC FAIL: critical stage failed; no stage-NC value is used); axisymmetric critical point; stability NOT COMPUTED (YET)
P1,1T,1,4.0,0.5,4.0,I: G_6 x T_b (T_b in mass^4),4.59161786761,0.0272235198146,report-only (stage NC FAIL: critical stage failed; no stage-NC value is used); axisymmetric critical point; stability NOT COMPUTED (YET)
P1,1T,1,4.0,0.6,0.25,II: G v^2 (dimensionless G mu),2.0854135619,0.0479521193431,report-only (stage NC FAIL: critical stage failed; no stage-NC value is used); axisymmetric critical point; stability NOT COMPUTED (YET)
P1,1T,1,4.0,0.6,0.25,I: G_6 x T_b (T_b in mass^4),2.0854135619,0.0479521193431,report-only (stage NC FAIL: critical stage failed; no stage-NC value is used); axisymmetric critical point; stability NOT COMPUTED (YET)
P1,1T,1,4.0,0.6,0.5,II: G v^2 (dimensionless G mu),2.60642804048,0.0383666836171,report-only (stage NC FAIL: critical stage failed; no stage-NC value is used); axisymmetric critical point; stability NOT COMPUTED (YET)
P1,1T,1,4.0,0.6,0.5,I: G_6 x T_b (T_b in mass^4),2.60642804048,0.0383666836171,report-only (stage NC FAIL: critical stage failed; no stage-NC value is used); axisymmetric critical point; stability NOT COMPUTED (YET)
P1,1T,1,4.0,0.6,1.0,II: G v^2 (dimensionless G mu),3.14159265359,0.0318309886184,critical stage FAIL
P1,1T,1,4.0,0.6,1.0,I: G_6 x T_b (T_b in mass^4),3.14159265359,0.0318309886184,critical stage FAIL
P1,1T,1,4.0,0.6,2.0,II: G v^2 (dimensionless G mu),3.76787835939,0.0265401349146,report-only (stage NC FAIL: critical stage failed; no stage-NC value is used); axisymmetric critical point; stability NOT COMPUTED (YET)
P1,1T,1,4.0,0.6,2.0,I: G_6 x T_b (T_b in mass^4),3.76787835939,0.0265401349146,report-only (stage NC FAIL: critical stage failed; no stage-NC value is used); axisymmetric critical point; stability NOT COMPUTED (YET)
P1,1T,1,4.0,0.6,4.0,II: G v^2 (dimensionless G mu),4.51806665053,0.0221333609561,report-only (stage NC FAIL: critical stage failed; no stage-NC value is used); axisymmetric critical point; stability NOT COMPUTED (YET)
P1,1T,1,4.0,0.6,4.0,I: G_6 x T_b (T_b in mass^4),4.51806665053,0.0221333609561,report-only (stage NC FAIL: critical stage failed; no stage-NC value is used); axisymmetric critical point; stability NOT COMPUTED (YET)
P1,1T,1,4.0,0.7,0.25,II: G v^2 (dimensionless G mu),2.09310109876,0.0358320006829,report-only (stage NC FAIL: critical stage failed; no stage-NC value is used); axisymmetric critical point; stability NOT COMPUTED (YET)
P1,1T,1,4.0,0.7,0.25,I: G_6 x T_b (T_b in mass^4),2.09310109876,0.0358320006829,report-only (stage NC FAIL: critical stage failed; no stage-NC value is used); axisymmetric critical point; stability NOT COMPUTED (YET)
P1,1T,1,4.0,0.7,0.5,II: G v^2 (dimensionless G mu),2.61710170525,0.0286576558524,report-only (stage NC FAIL: critical stage failed; no stage-NC value is used); axisymmetric critical point; stability NOT COMPUTED (YET)
P1,1T,1,4.0,0.7,0.5,I: G_6 x T_b (T_b in mass^4),2.61710170525,0.0286576558524,report-only (stage NC FAIL: critical stage failed; no stage-NC value is used); axisymmetric critical point; stability NOT COMPUTED (YET)
P1,1T,1,4.0,0.7,1.0,II: G v^2 (dimensionless G mu),3.14159265359,0.0238732414638,critical stage FAIL
P1,1T,1,4.0,0.7,1.0,I: G_6 x T_b (T_b in mass^4),3.14159265359,0.0238732414638,critical stage FAIL
P1,1T,1,4.0,0.7,2.0,II: G v^2 (dimensionless G mu),3.74272741289,0.0200388624995,report-only (stage NC FAIL: critical stage failed; no stage-NC value is used); axisymmetric critical point; stability NOT COMPUTED (YET)
P1,1T,1,4.0,0.7,2.0,I: G_6 x T_b (T_b in mass^4),3.74272741289,0.0200388624995,report-only (stage NC FAIL: critical stage failed; no stage-NC value is used); axisymmetric critical point; stability NOT COMPUTED (YET)
P1,1T,1,4.0,0.7,4.0,II: G v^2 (dimensionless G mu),4.45013474099,0.0168534222816,report-only (stage NC FAIL: critical stage failed; no stage-NC value is used); axisymmetric critical point; stability NOT COMPUTED (YET)
P1,1T,1,4.0,0.7,4.0,I: G_6 x T_b (T_b in mass^4),4.45013474099,0.0168534222816,report-only (stage NC FAIL: critical stage failed; no stage-NC value is used); axisymmetric critical point; stability NOT COMPUTED (YET)
P1,1T,1,4.0,0.8,0.25,II: G v^2 (dimensionless G mu),2.10072739338,0.0238012795747,report-only (stage NC FAIL: critical stage failed; no stage-NC value is used); axisymmetric critical point; stability NOT COMPUTED (YET)
P1,1T,1,4.0,0.8,0.25,I: G_6 x T_b (T_b in mass^4),2.10072739338,0.0238012795747,report-only (stage NC FAIL: critical stage failed; no stage-NC value is used); axisymmetric critical point; stability NOT COMPUTED (YET)
P1,1T,1,4.0,0.8,0.5,II: G v^2 (dimensionless G mu),2.62765441168,0.0190283774677,report-only (stage NC FAIL: critical stage failed; no stage-NC value is used); axisymmetric critical point; stability NOT COMPUTED (YET)
P1,1T,1,4.0,0.8,0.5,I: G_6 x T_b (T_b in mass^4),2.62765441168,0.0190283774677,report-only (stage NC FAIL: critical stage failed; no stage-NC value is used); axisymmetric critical point; stability NOT COMPUTED (YET)
P1,1T,1,4.0,0.8,1.0,II: G v^2 (dimensionless G mu),3.14159265359,0.0159154943092,critical stage FAIL
P1,1T,1,4.0,0.8,1.0,I: G_6 x T_b (T_b in mass^4),3.14159265359,0.0159154943092,critical stage FAIL
P1,1T,1,4.0,0.8,2.0,II: G v^2 (dimensionless G mu),3.7191491579,0.0134439351253,report-only (stage NC FAIL: critical stage failed; no stage-NC value is used); axisymmetric critical point; stability NOT COMPUTED (YET)
P1,1T,1,4.0,0.8,2.0,I: G_6 x T_b (T_b in mass^4),3.7191491579,0.0134439351253,report-only (stage NC FAIL: critical stage failed; no stage-NC value is used); axisymmetric critical point; stability NOT COMPUTED (YET)
P1,1T,1,4.0,0.8,4.0,II: G v^2 (dimensionless G mu),4.38810199617,0.0113944479968,report-only (stage NC FAIL: critical stage failed; no stage-NC value is used); axisymmetric critical point; stability NOT COMPUTED (YET)
P1,1T,1,4.0,0.8,4.0,I: G_6 x T_b (T_b in mass^4),4.38810199617,0.0113944479968,report-only (stage NC FAIL: critical stage failed; no stage-NC value is used); axisymmetric critical point; stability NOT COMPUTED (YET)
P1,1T,1,4.0,0.9,0.25,II: G v^2 (dimensionless G mu),2.10806664102,0.0118592076329,report-only (stage NC FAIL: critical stage failed; no stage-NC value is used); axisymmetric critical point; stability NOT COMPUTED (YET)
P1,1T,1,4.0,0.9,0.25,I: G_6 x T_b (T_b in mass^4),2.10806664102,0.0118592076329,report-only (stage NC FAIL: critical stage failed; no stage-NC value is used); axisymmetric critical point; stability NOT COMPUTED (YET)
P1,1T,1,4.0,0.9,0.5,II: G v^2 (dimensionless G mu),2.63786299301,0.00947736863751,report-only (stage NC FAIL: critical stage failed; no stage-NC value is used); axisymmetric critical point; stability NOT COMPUTED (YET)
P1,1T,1,4.0,0.9,0.5,I: G_6 x T_b (T_b in mass^4),2.63786299301,0.00947736863751,report-only (stage NC FAIL: critical stage failed; no stage-NC value is used); axisymmetric critical point; stability NOT COMPUTED (YET)
P1,1T,1,4.0,0.9,1.0,II: G v^2 (dimensionless G mu),3.14159265359,0.0079577471546,critical stage FAIL
P1,1T,1,4.0,0.9,1.0,I: G_6 x T_b (T_b in mass^4),3.14159265359,0.0079577471546,critical stage FAIL
P1,1T,1,4.0,0.9,2.0,II: G v^2 (dimensionless G mu),3.69725296094,0.00676177699067,report-only (stage NC FAIL: critical stage failed; no stage-NC value is used); axisymmetric critical point; stability NOT COMPUTED (YET)
P1,1T,1,4.0,0.9,2.0,I: G_6 x T_b (T_b in mass^4),3.69725296094,0.00676177699067,report-only (stage NC FAIL: critical stage failed; no stage-NC value is used); axisymmetric critical point; stability NOT COMPUTED (YET)
P1,1T,1,4.0,0.9,4.0,II: G v^2 (dimensionless G mu),4.33166670033,0.00577145051306,report-only (stage NC FAIL: critical stage failed; no stage-NC value is used); axisymmetric critical point; stability NOT COMPUTED (YET)
P1,1T,1,4.0,0.9,4.0,I: G_6 x T_b (T_b in mass^4),4.33166670033,0.00577145051306,report-only (stage NC FAIL: critical stage failed; no stage-NC value is used); axisymmetric critical point; stability NOT COMPUTED (YET)
P1,1T,1,4.0,1,0.25,II: G v^2 (dimensionless G mu),2.11499229788,0,report-only (stage NC FAIL: critical stage failed; no stage-NC value is used); axisymmetric critical point; stability NOT COMPUTED (YET)
P1,1T,1,4.0,1,0.25,I: G_6 x T_b (T_b in mass^4),2.11499229788,0,report-only (stage NC FAIL: critical stage failed; no stage-NC value is used); axisymmetric critical point; stability NOT COMPUTED (YET)
P1,1T,1,4.0,1,0.5,II: G v^2 (dimensionless G mu),2.64760886137,0,report-only (stage NC FAIL: critical stage failed; no stage-NC value is used); axisymmetric critical point; stability NOT COMPUTED (YET)
P1,1T,1,4.0,1,0.5,I: G_6 x T_b (T_b in mass^4),2.64760886137,0,report-only (stage NC FAIL: critical stage failed; no stage-NC value is used); axisymmetric critical point; stability NOT COMPUTED (YET)
P1,1T,1,4.0,1,1.0,II: G v^2 (dimensionless G mu),3.14159265359,0,critical stage FAIL
P1,1T,1,4.0,1,1.0,I: G_6 x T_b (T_b in mass^4),3.14159265359,0,critical stage FAIL
P1,1T,1,4.0,1,2.0,II: G v^2 (dimensionless G mu),3.67700284727,0,report-only (stage NC FAIL: critical stage failed; no stage-NC value is used); axisymmetric critical point; stability NOT COMPUTED (YET)
P1,1T,1,4.0,1,2.0,I: G_6 x T_b (T_b in mass^4),3.67700284727,0,report-only (stage NC FAIL: critical stage failed; no stage-NC value is used); axisymmetric critical point; stability NOT COMPUTED (YET)
P1,1T,1,4.0,1,4.0,II: G v^2 (dimensionless G mu),4.28032915677,0,report-only (stage NC FAIL: critical stage failed; no stage-NC value is used); axisymmetric critical point; stability NOT COMPUTED (YET)
P1,1T,1,4.0,1,4.0,I: G_6 x T_b (T_b in mass^4),4.28032915677,0,report-only (stage NC FAIL: critical stage failed; no stage-NC value is used); axisymmetric critical point; stability NOT COMPUTED (YET)
P1,1T,1,99.0,0.5,0.25,II: G v^2 (dimensionless G mu),2.18904208915,0.0571026023754,report-only (stage NC FAIL: critical stage failed; no stage-NC value is used); axisymmetric critical point; stability NOT COMPUTED (YET)
P1,1T,1,99.0,0.5,0.25,I: G_6 x T_b (T_b in mass^4),2.18904208915,0.0571026023754,report-only (stage NC FAIL: critical stage failed; no stage-NC value is used); axisymmetric critical point; stability NOT COMPUTED (YET)
P1,1T,1,99.0,0.5,0.5,II: G v^2 (dimensionless G mu),2.61246395857,0.0478475500456,report-only (stage NC FAIL: critical stage failed; no stage-NC value is used); axisymmetric critical point; stability NOT COMPUTED (YET)
P1,1T,1,99.0,0.5,0.5,I: G_6 x T_b (T_b in mass^4),2.61246395857,0.0478475500456,report-only (stage NC FAIL: critical stage failed; no stage-NC value is used); axisymmetric critical point; stability NOT COMPUTED (YET)
P1,1T,1,99.0,0.5,1.0,II: G v^2 (dimensionless G mu),3.14159265359,0.039788735773,critical stage FAIL
P1,1T,1,99.0,0.5,1.0,I: G_6 x T_b (T_b in mass^4),3.14159265359,0.039788735773,critical stage FAIL
P1,1T,1,99.0,0.5,2.0,II: G v^2 (dimensionless G mu),3.79883456124,0.0329048285691,report-only (stage NC FAIL: critical stage failed; no stage-NC value is used); axisymmetric critical point; stability NOT COMPUTED (YET)
P1,1T,1,99.0,0.5,2.0,I: G_6 x T_b (T_b in mass^4),3.79883456124,0.0329048285691,report-only (stage NC FAIL: critical stage failed; no stage-NC value is used); axisymmetric critical point; stability NOT COMPUTED (YET)
P1,1T,1,99.0,0.5,4.0,II: G v^2 (dimensionless G mu),4.60673499562,0.0271341850831,report-only (stage NC FAIL: critical stage failed; no stage-NC value is used); axisymmetric critical point; stability NOT COMPUTED (YET)
P1,1T,1,99.0,0.5,4.0,I: G_6 x T_b (T_b in mass^4),4.60673499562,0.0271341850831,report-only (stage NC FAIL: critical stage failed; no stage-NC value is used); axisymmetric critical point; stability NOT COMPUTED (YET)
P1,1T,1,99.0,0.6,0.25,II: G v^2 (dimensionless G mu),2.2334108399,0.0447745655271,report-only (stage NC FAIL: critical stage failed; no stage-NC value is used); axisymmetric critical point; stability NOT COMPUTED (YET)
P1,1T,1,99.0,0.6,0.25,I: G_6 x T_b (T_b in mass^4),2.2334108399,0.0447745655271,report-only (stage NC FAIL: critical stage failed; no stage-NC value is used); axisymmetric critical point; stability NOT COMPUTED (YET)
P1,1T,1,99.0,0.6,0.5,II: G v^2 (dimensionless G mu),2.63997914475,0.0378790871128,report-only (stage NC FAIL: critical stage failed; no stage-NC value is used); axisymmetric critical point; stability NOT COMPUTED (YET)
P1,1T,1,99.0,0.6,0.5,I: G_6 x T_b (T_b in mass^4),2.63997914475,0.0378790871128,report-only (stage NC FAIL: critical stage failed; no stage-NC value is used); axisymmetric critical point; stability NOT COMPUTED (YET)
P1,1T,1,99.0,0.6,1.0,II: G v^2 (dimensionless G mu),3.14159265359,0.0318309886184,critical stage FAIL
P1,1T,1,99.0,0.6,1.0,I: G_6 x T_b (T_b in mass^4),3.14159265359,0.0318309886184,critical stage FAIL
P1,1T,1,99.0,0.6,2.0,II: G v^2 (dimensionless G mu),3.75702381816,0.0266168128923,report-only (stage NC FAIL: critical stage failed; no stage-NC value is used); axisymmetric critical point; stability NOT COMPUTED (YET)
P1,1T,1,99.0,0.6,2.0,I: G_6 x T_b (T_b in mass^4),3.75702381816,0.0266168128923,report-only (stage NC FAIL: critical stage failed; no stage-NC value is used); axisymmetric critical point; stability NOT COMPUTED (YET)
P1,1T,1,99.0,0.6,4.0,II: G v^2 (dimensionless G mu),4.50421352942,0.0222014341343,report-only (stage NC FAIL: critical stage failed; no stage-NC value is used); axisymmetric critical point; stability NOT COMPUTED (YET)
P1,1T,1,99.0,0.6,4.0,I: G_6 x T_b (T_b in mass^4),4.50421352942,0.0222014341343,report-only (stage NC FAIL: critical stage failed; no stage-NC value is used); axisymmetric critical point; stability NOT COMPUTED (YET)
P1,1T,1,99.0,0.7,0.25,II: G v^2 (dimensionless G mu),2.27324106741,0.0329925413874,report-only (stage NC FAIL: critical stage failed; no stage-NC value is used); axisymmetric critical point; stability NOT COMPUTED (YET)
P1,1T,1,99.0,0.7,0.25,I: G_6 x T_b (T_b in mass^4),2.27324106741,0.0329925413874,report-only (stage NC FAIL: critical stage failed; no stage-NC value is used); axisymmetric critical point; stability NOT COMPUTED (YET)
P1,1T,1,99.0,0.7,0.5,II: G v^2 (dimensionless G mu),2.66436298041,0.0281493176986,report-only (stage NC FAIL: critical stage failed; no stage-NC value is used); axisymmetric critical point; stability NOT COMPUTED (YET)
P1,1T,1,99.0,0.7,0.5,I: G_6 x T_b (T_b in mass^4),2.66436298041,0.0281493176986,report-only (stage NC FAIL: critical stage failed; no stage-NC value is used); axisymmetric critical point; stability NOT COMPUTED (YET)
P1,1T,1,99.0,0.7,1.0,II: G v^2 (dimensionless G mu),3.14159265359,0.0238732414638,critical stage FAIL
P1,1T,1,99.0,0.7,1.0,I: G_6 x T_b (T_b in mass^4),3.14159265359,0.0238732414638,critical stage FAIL
P1,1T,1,99.0,0.7,2.0,II: G v^2 (dimensionless G mu),3.72085700062,0.0201566467047,report-only (stage NC FAIL: critical stage failed; no stage-NC value is used); axisymmetric critical point; stability NOT COMPUTED (YET)
P1,1T,1,99.0,0.7,2.0,I: G_6 x T_b (T_b in mass^4),3.72085700062,0.0201566467047,report-only (stage NC FAIL: critical stage failed; no stage-NC value is used); axisymmetric critical point; stability NOT COMPUTED (YET)
P1,1T,1,99.0,0.7,4.0,II: G v^2 (dimensionless G mu),4.41660490644,0.0169813695336,report-only (stage NC FAIL: critical stage failed; no stage-NC value is used); axisymmetric critical point; stability NOT COMPUTED (YET)
P1,1T,1,99.0,0.7,4.0,I: G_6 x T_b (T_b in mass^4),4.41660490644,0.0169813695336,report-only (stage NC FAIL: critical stage failed; no stage-NC value is used); axisymmetric critical point; stability NOT COMPUTED (YET)
P1,1T,1,99.0,0.8,0.25,II: G v^2 (dimensionless G mu),2.30921655077,0.021652365164,report-only (stage NC FAIL: critical stage failed; no stage-NC value is used); axisymmetric critical point; stability NOT COMPUTED (YET)
P1,1T,1,99.0,0.8,0.25,I: G_6 x T_b (T_b in mass^4),2.30921655077,0.021652365164,report-only (stage NC FAIL: critical stage failed; no stage-NC value is used); axisymmetric critical point; stability NOT COMPUTED (YET)
P1,1T,1,99.0,0.8,0.5,II: G v^2 (dimensionless G mu),2.68616239756,0.0186139155419,report-only (stage NC FAIL: critical stage failed; no stage-NC value is used); axisymmetric critical point; stability NOT COMPUTED (YET)
P1,1T,1,99.0,0.8,0.5,I: G_6 x T_b (T_b in mass^4),2.68616239756,0.0186139155419,report-only (stage NC FAIL: critical stage failed; no stage-NC value is used); axisymmetric critical point; stability NOT COMPUTED (YET)
P1,1T,1,99.0,0.8,1.0,II: G v^2 (dimensionless G mu),3.14159265359,0.0159154943092,critical stage FAIL
P1,1T,1,99.0,0.8,1.0,I: G_6 x T_b (T_b in mass^4),3.14159265359,0.0159154943092,critical stage FAIL
P1,1T,1,99.0,0.8,2.0,II: G v^2 (dimensionless G mu),3.68916207725,0.013553213156,report-only (stage NC FAIL: critical stage failed; no stage-NC value is used); axisymmetric critical point; stability NOT COMPUTED (YET)
P1,1T,1,99.0,0.8,2.0,I: G_6 x T_b (T_b in mass^4),3.68916207725,0.013553213156,report-only (stage NC FAIL: critical stage failed; no stage-NC value is used); axisymmetric critical point; stability NOT COMPUTED (YET)
P1,1T,1,99.0,0.8,4.0,II: G v^2 (dimensionless G mu),4.34061708969,0.011519099466,report-only (stage NC FAIL: critical stage failed; no stage-NC value is used); axisymmetric critical point; stability NOT COMPUTED (YET)
P1,1T,1,99.0,0.8,4.0,I: G_6 x T_b (T_b in mass^4),4.34061708969,0.011519099466,report-only (stage NC FAIL: critical stage failed; no stage-NC value is used); axisymmetric critical point; stability NOT COMPUTED (YET)
P1,1T,1,99.0,0.9,0.25,II: G v^2 (dimensionless G mu),2.34190908886,0.0106750514437,report-only (stage NC FAIL: critical stage failed; no stage-NC value is used); axisymmetric critical point; stability NOT COMPUTED (YET)
P1,1T,1,99.0,0.9,0.25,I: G_6 x T_b (T_b in mass^4),2.34190908886,0.0106750514437,report-only (stage NC FAIL: critical stage failed; no stage-NC value is used); axisymmetric critical point; stability NOT COMPUTED (YET)
P1,1T,1,99.0,0.9,0.5,II: G v^2 (dimensionless G mu),2.70580417367,0.00923939738257,report-only (stage NC FAIL: critical stage failed; no stage-NC value is used); axisymmetric critical point; stability NOT COMPUTED (YET)
P1,1T,1,99.0,0.9,0.5,I: G_6 x T_b (T_b in mass^4),2.70580417367,0.00923939738257,report-only (stage NC FAIL: critical stage failed; no stage-NC value is used); axisymmetric critical point; stability NOT COMPUTED (YET)
P1,1T,1,99.0,0.9,1.0,II: G v^2 (dimensionless G mu),3.14159265359,0.0079577471546,critical stage FAIL
P1,1T,1,99.0,0.9,1.0,I: G_6 x T_b (T_b in mass^4),3.14159265359,0.0079577471546,critical stage FAIL
P1,1T,1,99.0,0.9,2.0,II: G v^2 (dimensionless G mu),3.66108823387,0.00682857074263,report-only (stage NC FAIL: critical stage failed; no stage-NC value is used); axisymmetric critical point; stability NOT COMPUTED (YET)
P1,1T,1,99.0,0.9,2.0,I: G_6 x T_b (T_b in mass^4),3.66108823387,0.00682857074263,report-only (stage NC FAIL: critical stage failed; no stage-NC value is used); axisymmetric critical point; stability NOT COMPUTED (YET)
P1,1T,1,99.0,0.9,4.0,II: G v^2 (dimensionless G mu),4.27391300686,0.00584944053841,report-only (stage NC FAIL: critical stage failed; no stage-NC value is used); axisymmetric critical point; stability NOT COMPUTED (YET)
P1,1T,1,99.0,0.9,4.0,I: G_6 x T_b (T_b in mass^4),4.27391300686,0.00584944053841,report-only (stage NC FAIL: critical stage failed; no stage-NC value is used); axisymmetric critical point; stability NOT COMPUTED (YET)
P1,1T,1,99.0,1,0.25,II: G v^2 (dimensionless G mu),2.371785211,0,report-only (stage NC FAIL: critical stage failed; no stage-NC value is used); axisymmetric critical point; stability NOT COMPUTED (YET)
P1,1T,1,99.0,1,0.25,I: G_6 x T_b (T_b in mass^4),2.371785211,0,report-only (stage NC FAIL: critical stage failed; no stage-NC value is used); axisymmetric critical point; stability NOT COMPUTED (YET)
P1,1T,1,99.0,1,0.5,II: G v^2 (dimensionless G mu),2.72362254471,0,report-only (stage NC FAIL: critical stage failed; no stage-NC value is used); axisymmetric critical point; stability NOT COMPUTED (YET)
P1,1T,1,99.0,1,0.5,I: G_6 x T_b (T_b in mass^4),2.72362254471,0,report-only (stage NC FAIL: critical stage failed; no stage-NC value is used); axisymmetric critical point; stability NOT COMPUTED (YET)
P1,1T,1,99.0,1,1.0,II: G v^2 (dimensionless G mu),3.14159265359,0,critical stage FAIL
P1,1T,1,99.0,1,1.0,I: G_6 x T_b (T_b in mass^4),3.14159265359,0,critical stage FAIL
P1,1T,1,99.0,1,2.0,II: G v^2 (dimensionless G mu),3.63600023022,0,report-only (stage NC FAIL: critical stage failed; no stage-NC value is used); axisymmetric critical point; stability NOT COMPUTED (YET)
P1,1T,1,99.0,1,2.0,I: G_6 x T_b (T_b in mass^4),3.63600023022,0,report-only (stage NC FAIL: critical stage failed; no stage-NC value is used); axisymmetric critical point; stability NOT COMPUTED (YET)
P1,1T,1,99.0,1,4.0,II: G v^2 (dimensionless G mu),4.21477652552,0,report-only (stage NC FAIL: critical stage failed; no stage-NC value is used); axisymmetric critical point; stability NOT COMPUTED (YET)
P1,1T,1,99.0,1,4.0,I: G_6 x T_b (T_b in mass^4),4.21477652552,0,report-only (stage NC FAIL: critical stage failed; no stage-NC value is used); axisymmetric critical point; stability NOT COMPUTED (YET)
P1,1T,2,1.0,0.5,0.25,II: G v^2 (dimensionless G mu),NOT COMPUTED (YET),NOT COMPUTED (YET),"FAILED: failed upstream (row P1 1T n=2 eps=1 alpha=0.5 stage NC kappa=0.5): not converged (cap hit) at NC kappa=0.5 alpha=0.5 [node cap MAX_NODES = 100000 reached; status 1, max|phi|^2 = 4.083e-05, iterations 5, nodes 64332]"
P1,1T,2,1.0,0.5,0.25,I: G_6 x T_b (T_b in mass^4),NOT COMPUTED (YET),NOT COMPUTED (YET),"FAILED: failed upstream (row P1 1T n=2 eps=1 alpha=0.5 stage NC kappa=0.5): not converged (cap hit) at NC kappa=0.5 alpha=0.5 [node cap MAX_NODES = 100000 reached; status 1, max|phi|^2 = 4.083e-05, iterations 5, nodes 64332]"
P1,1T,2,1.0,0.5,0.5,II: G v^2 (dimensionless G mu),NOT COMPUTED (YET),NOT COMPUTED (YET),"FAILED: failed directly: not converged (cap hit) at NC kappa=0.5 alpha=0.5 [node cap MAX_NODES = 100000 reached; status 1, max|phi|^2 = 4.083e-05, iterations 5, nodes 64332]"
P1,1T,2,1.0,0.5,0.5,I: G_6 x T_b (T_b in mass^4),NOT COMPUTED (YET),NOT COMPUTED (YET),"FAILED: failed directly: not converged (cap hit) at NC kappa=0.5 alpha=0.5 [node cap MAX_NODES = 100000 reached; status 1, max|phi|^2 = 4.083e-05, iterations 5, nodes 64332]"
P1,1T,2,1.0,0.5,1.0,II: G v^2 (dimensionless G mu),6.28318530718,0.0198943678865,critical stage FAIL
P1,1T,2,1.0,0.5,1.0,I: G_6 x T_b (T_b in mass^4),6.28318530718,0.0198943678865,critical stage FAIL
P1,1T,2,1.0,0.5,2.0,II: G v^2 (dimensionless G mu),7.93736234969,0.0157483045996,report-only (stage NC FAIL: critical stage failed; no stage-NC value is used); report-only row; axisymmetric critical point; stability NOT COMPUTED (YET)
P1,1T,2,1.0,0.5,2.0,I: G_6 x T_b (T_b in mass^4),7.93736234969,0.0157483045996,report-only (stage NC FAIL: critical stage failed; no stage-NC value is used); report-only row; axisymmetric critical point; stability NOT COMPUTED (YET)
P1,1T,2,1.0,0.5,4.0,II: G v^2 (dimensionless G mu),9.97630743305,0.0125296860425,report-only (stage NC FAIL: critical stage failed; no stage-NC value is used); report-only row; axisymmetric critical point; stability NOT COMPUTED (YET)
P1,1T,2,1.0,0.5,4.0,I: G_6 x T_b (T_b in mass^4),9.97630743305,0.0125296860425,report-only (stage NC FAIL: critical stage failed; no stage-NC value is used); report-only row; axisymmetric critical point; stability NOT COMPUTED (YET)
P1,1T,2,1.0,0.6,0.25,II: G v^2 (dimensionless G mu),NOT COMPUTED (YET),NOT COMPUTED (YET),"FAILED: failed upstream (row P1 1T n=2 eps=1 alpha=0.6 stage NC kappa=0.5): not converged (cap hit) at NC kappa=0.5 alpha=0.6 [node cap MAX_NODES = 100000 reached; status 1, max|phi|^2 = 3.561e-05, iterations 5, nodes 72852]"
P1,1T,2,1.0,0.6,0.25,I: G_6 x T_b (T_b in mass^4),NOT COMPUTED (YET),NOT COMPUTED (YET),"FAILED: failed upstream (row P1 1T n=2 eps=1 alpha=0.6 stage NC kappa=0.5): not converged (cap hit) at NC kappa=0.5 alpha=0.6 [node cap MAX_NODES = 100000 reached; status 1, max|phi|^2 = 3.561e-05, iterations 5, nodes 72852]"
P1,1T,2,1.0,0.6,0.5,II: G v^2 (dimensionless G mu),NOT COMPUTED (YET),NOT COMPUTED (YET),"FAILED: failed directly: not converged (cap hit) at NC kappa=0.5 alpha=0.6 [node cap MAX_NODES = 100000 reached; status 1, max|phi|^2 = 3.561e-05, iterations 5, nodes 72852]"
P1,1T,2,1.0,0.6,0.5,I: G_6 x T_b (T_b in mass^4),NOT COMPUTED (YET),NOT COMPUTED (YET),"FAILED: failed directly: not converged (cap hit) at NC kappa=0.5 alpha=0.6 [node cap MAX_NODES = 100000 reached; status 1, max|phi|^2 = 3.561e-05, iterations 5, nodes 72852]"
P1,1T,2,1.0,0.6,1.0,II: G v^2 (dimensionless G mu),6.28318530718,0.0159154943092,critical stage FAIL
P1,1T,2,1.0,0.6,1.0,I: G_6 x T_b (T_b in mass^4),6.28318530718,0.0159154943092,critical stage FAIL
P1,1T,2,1.0,0.6,2.0,II: G v^2 (dimensionless G mu),7.91274816691,0.0126378342759,report-only (stage NC FAIL: critical stage failed; no stage-NC value is used); report-only row; axisymmetric critical point; stability NOT COMPUTED (YET)
P1,1T,2,1.0,0.6,2.0,I: G_6 x T_b (T_b in mass^4),7.91274816691,0.0126378342759,report-only (stage NC FAIL: critical stage failed; no stage-NC value is used); report-only row; axisymmetric critical point; stability NOT COMPUTED (YET)
P1,1T,2,1.0,0.6,4.0,II: G v^2 (dimensionless G mu),9.88980256557,0.0101114253128,report-only (stage NC FAIL: critical stage failed; no stage-NC value is used); report-only row; axisymmetric critical point; stability NOT COMPUTED (YET)
P1,1T,2,1.0,0.6,4.0,I: G_6 x T_b (T_b in mass^4),9.88980256557,0.0101114253128,report-only (stage NC FAIL: critical stage failed; no stage-NC value is used); report-only row; axisymmetric critical point; stability NOT COMPUTED (YET)
P1,1T,2,1.0,0.7,0.25,II: G v^2 (dimensionless G mu),NOT COMPUTED (YET),NOT COMPUTED (YET),"FAILED: failed upstream (row P1 1T n=2 eps=1 alpha=0.7 stage NC kappa=0.5): not converged (cap hit) at NC kappa=0.5 alpha=0.7 [node cap MAX_NODES = 100000 reached; status 1, max|phi|^2 = 1.804e-05, iterations 5, nodes 77016]"
P1,1T,2,1.0,0.7,0.25,I: G_6 x T_b (T_b in mass^4),NOT COMPUTED (YET),NOT COMPUTED (YET),"FAILED: failed upstream (row P1 1T n=2 eps=1 alpha=0.7 stage NC kappa=0.5): not converged (cap hit) at NC kappa=0.5 alpha=0.7 [node cap MAX_NODES = 100000 reached; status 1, max|phi|^2 = 1.804e-05, iterations 5, nodes 77016]"
P1,1T,2,1.0,0.7,0.5,II: G v^2 (dimensionless G mu),NOT COMPUTED (YET),NOT COMPUTED (YET),"FAILED: failed directly: not converged (cap hit) at NC kappa=0.5 alpha=0.7 [node cap MAX_NODES = 100000 reached; status 1, max|phi|^2 = 1.804e-05, iterations 5, nodes 77016]"
P1,1T,2,1.0,0.7,0.5,I: G_6 x T_b (T_b in mass^4),NOT COMPUTED (YET),NOT COMPUTED (YET),"FAILED: failed directly: not converged (cap hit) at NC kappa=0.5 alpha=0.7 [node cap MAX_NODES = 100000 reached; status 1, max|phi|^2 = 1.804e-05, iterations 5, nodes 77016]"
P1,1T,2,1.0,0.7,1.0,II: G v^2 (dimensionless G mu),6.28318530718,0.0119366207319,critical stage FAIL
P1,1T,2,1.0,0.7,1.0,I: G_6 x T_b (T_b in mass^4),6.28318530718,0.0119366207319,critical stage FAIL
P1,1T,2,1.0,0.7,2.0,II: G v^2 (dimensionless G mu),7.88601097249,0.00951051174816,report-only (stage NC FAIL: critical stage failed; no stage-NC value is used); report-only row; axisymmetric critical point; stability NOT COMPUTED (YET)
P1,1T,2,1.0,0.7,2.0,I: G_6 x T_b (T_b in mass^4),7.88601097249,0.00951051174816,report-only (stage NC FAIL: critical stage failed; no stage-NC value is used); report-only row; axisymmetric critical point; stability NOT COMPUTED (YET)
P1,1T,2,1.0,0.7,4.0,II: G v^2 (dimensionless G mu),9.80031328581,0.00765281657971,report-only (stage NC FAIL: critical stage failed; no stage-NC value is used); report-only row; axisymmetric critical point; stability NOT COMPUTED (YET)
P1,1T,2,1.0,0.7,4.0,I: G_6 x T_b (T_b in mass^4),9.80031328581,0.00765281657971,report-only (stage NC FAIL: critical stage failed; no stage-NC value is used); report-only row; axisymmetric critical point; stability NOT COMPUTED (YET)
P1,1T,2,1.0,0.8,0.25,II: G v^2 (dimensionless G mu),NOT COMPUTED (YET),NOT COMPUTED (YET),"FAILED: failed upstream (row P1 1T n=2 eps=1 alpha=0.8 stage NC kappa=0.5): not converged (cap hit) at NC kappa=0.5 alpha=0.8 [node cap MAX_NODES = 100000 reached; status 1, max|phi|^2 = 1.477e-05, iterations 5, nodes 80859]"
P1,1T,2,1.0,0.8,0.25,I: G_6 x T_b (T_b in mass^4),NOT COMPUTED (YET),NOT COMPUTED (YET),"FAILED: failed upstream (row P1 1T n=2 eps=1 alpha=0.8 stage NC kappa=0.5): not converged (cap hit) at NC kappa=0.5 alpha=0.8 [node cap MAX_NODES = 100000 reached; status 1, max|phi|^2 = 1.477e-05, iterations 5, nodes 80859]"
P1,1T,2,1.0,0.8,0.5,II: G v^2 (dimensionless G mu),NOT COMPUTED (YET),NOT COMPUTED (YET),"FAILED: failed directly: not converged (cap hit) at NC kappa=0.5 alpha=0.8 [node cap MAX_NODES = 100000 reached; status 1, max|phi|^2 = 1.477e-05, iterations 5, nodes 80859]"
P1,1T,2,1.0,0.8,0.5,I: G_6 x T_b (T_b in mass^4),NOT COMPUTED (YET),NOT COMPUTED (YET),"FAILED: failed directly: not converged (cap hit) at NC kappa=0.5 alpha=0.8 [node cap MAX_NODES = 100000 reached; status 1, max|phi|^2 = 1.477e-05, iterations 5, nodes 80859]"
P1,1T,2,1.0,0.8,1.0,II: G v^2 (dimensionless G mu),6.28318530718,0.0079577471546,critical stage FAIL
P1,1T,2,1.0,0.8,1.0,I: G_6 x T_b (T_b in mass^4),6.28318530718,0.0079577471546,critical stage FAIL
P1,1T,2,1.0,0.8,2.0,II: G v^2 (dimensionless G mu),7.85835033931,0.00636265855314,report-only (stage NC FAIL: critical stage failed; no stage-NC value is used); report-only row; axisymmetric critical point; stability NOT COMPUTED (YET)
P1,1T,2,1.0,0.8,2.0,I: G_6 x T_b (T_b in mass^4),7.85835033931,0.00636265855314,report-only (stage NC FAIL: critical stage failed; no stage-NC value is used); report-only row; axisymmetric critical point; stability NOT COMPUTED (YET)
P1,1T,2,1.0,0.8,4.0,II: G v^2 (dimensionless G mu),9.71121930206,0.00514868405756,report-only (stage NC FAIL: critical stage failed; no stage-NC value is used); report-only row; axisymmetric critical point; stability NOT COMPUTED (YET)
P1,1T,2,1.0,0.8,4.0,I: G_6 x T_b (T_b in mass^4),9.71121930206,0.00514868405756,report-only (stage NC FAIL: critical stage failed; no stage-NC value is used); report-only row; axisymmetric critical point; stability NOT COMPUTED (YET)
P1,1T,2,1.0,0.9,0.25,II: G v^2 (dimensionless G mu),NOT COMPUTED (YET),NOT COMPUTED (YET),"FAILED: failed upstream (row P1 1T n=2 eps=1 alpha=0.9 stage NC kappa=0.5): not converged (cap hit) at NC kappa=0.5 alpha=0.9 [node cap MAX_NODES = 100000 reached; status 1, max|phi|^2 = 6.896e-06, iterations 5, nodes 82213]"
P1,1T,2,1.0,0.9,0.25,I: G_6 x T_b (T_b in mass^4),NOT COMPUTED (YET),NOT COMPUTED (YET),"FAILED: failed upstream (row P1 1T n=2 eps=1 alpha=0.9 stage NC kappa=0.5): not converged (cap hit) at NC kappa=0.5 alpha=0.9 [node cap MAX_NODES = 100000 reached; status 1, max|phi|^2 = 6.896e-06, iterations 5, nodes 82213]"
P1,1T,2,1.0,0.9,0.5,II: G v^2 (dimensionless G mu),NOT COMPUTED (YET),NOT COMPUTED (YET),"FAILED: failed directly: not converged (cap hit) at NC kappa=0.5 alpha=0.9 [node cap MAX_NODES = 100000 reached; status 1, max|phi|^2 = 6.896e-06, iterations 5, nodes 82213]"
P1,1T,2,1.0,0.9,0.5,I: G_6 x T_b (T_b in mass^4),NOT COMPUTED (YET),NOT COMPUTED (YET),"FAILED: failed directly: not converged (cap hit) at NC kappa=0.5 alpha=0.9 [node cap MAX_NODES = 100000 reached; status 1, max|phi|^2 = 6.896e-06, iterations 5, nodes 82213]"
P1,1T,2,1.0,0.9,1.0,II: G v^2 (dimensionless G mu),6.28318530718,0.0039788735773,critical stage FAIL
P1,1T,2,1.0,0.9,1.0,I: G_6 x T_b (T_b in mass^4),6.28318530718,0.0039788735773,critical stage FAIL
P1,1T,2,1.0,0.9,2.0,II: G v^2 (dimensionless G mu),7.83056804457,0.00319261640506,report-only (stage NC FAIL: critical stage failed; no stage-NC value is used); report-only row; axisymmetric critical point; stability NOT COMPUTED (YET)
P1,1T,2,1.0,0.9,2.0,I: G_6 x T_b (T_b in mass^4),7.83056804457,0.00319261640506,report-only (stage NC FAIL: critical stage failed; no stage-NC value is used); report-only row; axisymmetric critical point; stability NOT COMPUTED (YET)
P1,1T,2,1.0,0.9,4.0,II: G v^2 (dimensionless G mu),9.62444786517,0.00259755160506,report-only (stage NC FAIL: critical stage failed; no stage-NC value is used); report-only row; axisymmetric critical point; stability NOT COMPUTED (YET)
P1,1T,2,1.0,0.9,4.0,I: G_6 x T_b (T_b in mass^4),9.62444786517,0.00259755160506,report-only (stage NC FAIL: critical stage failed; no stage-NC value is used); report-only row; axisymmetric critical point; stability NOT COMPUTED (YET)
P1,1T,2,1.0,1,0.25,II: G v^2 (dimensionless G mu),NOT COMPUTED (YET),NOT COMPUTED (YET),"n/a (normal state) [normal state: exact solution, linearly stable for B > κ/2, marginal at B = κ/2; whether a vortex branch coexists (κ < 1, subcritical) is NOT COMPUTED (YET)] [by construction; not a test] [Venus 20:44]; normal-state energy (not a vortex value) = 3.14159265359"
P1,1T,2,1.0,1,0.25,I: G_6 x T_b (T_b in mass^4),NOT COMPUTED (YET),NOT COMPUTED (YET),"n/a (normal state) [normal state: exact solution, linearly stable for B > κ/2, marginal at B = κ/2; whether a vortex branch coexists (κ < 1, subcritical) is NOT COMPUTED (YET)] [by construction; not a test] [Venus 20:44]; normal-state energy (not a vortex value) = 3.14159265359"
P1,1T,2,1.0,1,0.5,II: G v^2 (dimensionless G mu),NOT COMPUTED (YET),NOT COMPUTED (YET),"n/a (normal state) [normal state: exact solution, linearly stable for B > κ/2, marginal at B = κ/2; whether a vortex branch coexists (κ < 1, subcritical) is NOT COMPUTED (YET)] [by construction; not a test] [Venus 20:44]; normal-state energy (not a vortex value) = 4.71238898038"
P1,1T,2,1.0,1,0.5,I: G_6 x T_b (T_b in mass^4),NOT COMPUTED (YET),NOT COMPUTED (YET),"n/a (normal state) [normal state: exact solution, linearly stable for B > κ/2, marginal at B = κ/2; whether a vortex branch coexists (κ < 1, subcritical) is NOT COMPUTED (YET)] [by construction; not a test] [Venus 20:44]; normal-state energy (not a vortex value) = 4.71238898038"
P1,1T,2,1.0,1,1.0,II: G v^2 (dimensionless G mu),6.28318530718,0,critical stage FAIL
P1,1T,2,1.0,1,1.0,I: G_6 x T_b (T_b in mass^4),6.28318530718,0,critical stage FAIL
P1,1T,2,1.0,1,2.0,II: G v^2 (dimensionless G mu),7.80318222981,0,report-only (stage NC FAIL: critical stage failed; no stage-NC value is used); report-only row; axisymmetric critical point; stability NOT COMPUTED (YET)
P1,1T,2,1.0,1,2.0,I: G_6 x T_b (T_b in mass^4),7.80318222981,0,report-only (stage NC FAIL: critical stage failed; no stage-NC value is used); report-only row; axisymmetric critical point; stability NOT COMPUTED (YET)
P1,1T,2,1.0,1,4.0,II: G v^2 (dimensionless G mu),9.54102901925,0,report-only (stage NC FAIL: critical stage failed; no stage-NC value is used); report-only row; axisymmetric critical point; stability NOT COMPUTED (YET)
P1,1T,2,1.0,1,4.0,I: G_6 x T_b (T_b in mass^4),9.54102901925,0,report-only (stage NC FAIL: critical stage failed; no stage-NC value is used); report-only row; axisymmetric critical point; stability NOT COMPUTED (YET)
P1,1T,2,24.0,0.5,0.25,II: G v^2 (dimensionless G mu),4.06195253628,0.0307733777989,report-only (stage NC FAIL: critical stage failed; no stage-NC value is used); axisymmetric critical point; stability NOT COMPUTED (YET)
P1,1T,2,24.0,0.5,0.25,I: G_6 x T_b (T_b in mass^4),4.06195253628,0.0307733777989,report-only (stage NC FAIL: critical stage failed; no stage-NC value is used); axisymmetric critical point; stability NOT COMPUTED (YET)
P1,1T,2,24.0,0.5,0.5,II: G v^2 (dimensionless G mu),5.03105885116,0.0248456644412,report-only (stage NC FAIL: critical stage failed; no stage-NC value is used); axisymmetric critical point; stability NOT COMPUTED (YET)
P1,1T,2,24.0,0.5,0.5,I: G_6 x T_b (T_b in mass^4),5.03105885116,0.0248456644412,report-only (stage NC FAIL: critical stage failed; no stage-NC value is used); axisymmetric critical point; stability NOT COMPUTED (YET)
P1,1T,2,24.0,0.5,1.0,II: G v^2 (dimensionless G mu),6.28318530718,0.0198943678865,critical stage FAIL
P1,1T,2,24.0,0.5,1.0,I: G_6 x T_b (T_b in mass^4),6.28318530718,0.0198943678865,critical stage FAIL
P1,1T,2,24.0,0.5,2.0,II: G v^2 (dimensionless G mu),7.89659586894,0.0158296058295,report-only (stage NC FAIL: critical stage failed; no stage-NC value is used); report-only row; axisymmetric critical point; stability NOT COMPUTED (YET)
P1,1T,2,24.0,0.5,2.0,I: G_6 x T_b (T_b in mass^4),7.89659586894,0.0158296058295,report-only (stage NC FAIL: critical stage failed; no stage-NC value is used); report-only row; axisymmetric critical point; stability NOT COMPUTED (YET)
P1,1T,2,24.0,0.5,4.0,II: G v^2 (dimensionless G mu),9.95973075625,0.0125505400757,report-only (stage NC FAIL: critical stage failed; no stage-NC value is used); report-only row; axisymmetric critical point; stability NOT COMPUTED (YET)
P1,1T,2,24.0,0.5,4.0,I: G_6 x T_b (T_b in mass^4),9.95973075625,0.0125505400757,report-only (stage NC FAIL: critical stage failed; no stage-NC value is used); report-only row; axisymmetric critical point; stability NOT COMPUTED (YET)
P1,1T,2,24.0,0.6,0.25,II: G v^2 (dimensionless G mu),4.11920954932,0.0242765022761,report-only (stage NC FAIL: critical stage failed; no stage-NC value is used); axisymmetric critical point; stability NOT COMPUTED (YET)
P1,1T,2,24.0,0.6,0.25,I: G_6 x T_b (T_b in mass^4),4.11920954932,0.0242765022761,report-only (stage NC FAIL: critical stage failed; no stage-NC value is used); axisymmetric critical point; stability NOT COMPUTED (YET)
P1,1T,2,24.0,0.6,0.5,II: G v^2 (dimensionless G mu),5.06998144123,0.0197239380773,report-only (stage NC FAIL: critical stage failed; no stage-NC value is used); axisymmetric critical point; stability NOT COMPUTED (YET)
P1,1T,2,24.0,0.6,0.5,I: G_6 x T_b (T_b in mass^4),5.06998144123,0.0197239380773,report-only (stage NC FAIL: critical stage failed; no stage-NC value is used); axisymmetric critical point; stability NOT COMPUTED (YET)
P1,1T,2,24.0,0.6,1.0,II: G v^2 (dimensionless G mu),6.28318530718,0.0159154943092,critical stage FAIL
P1,1T,2,24.0,0.6,1.0,I: G_6 x T_b (T_b in mass^4),6.28318530718,0.0159154943092,critical stage FAIL
P1,1T,2,24.0,0.6,2.0,II: G v^2 (dimensionless G mu),7.82869063685,0.0127735281209,report-only (stage NC FAIL: critical stage failed; no stage-NC value is used); report-only row; axisymmetric critical point; stability NOT COMPUTED (YET)
P1,1T,2,24.0,0.6,2.0,I: G_6 x T_b (T_b in mass^4),7.82869063685,0.0127735281209,report-only (stage NC FAIL: critical stage failed; no stage-NC value is used); report-only row; axisymmetric critical point; stability NOT COMPUTED (YET)
P1,1T,2,24.0,0.6,4.0,II: G v^2 (dimensionless G mu),9.78325286884,0.0102215491453,report-only (stage NC FAIL: critical stage failed; no stage-NC value is used); report-only row; axisymmetric critical point; stability NOT COMPUTED (YET)
P1,1T,2,24.0,0.6,4.0,I: G_6 x T_b (T_b in mass^4),9.78325286884,0.0102215491453,report-only (stage NC FAIL: critical stage failed; no stage-NC value is used); report-only row; axisymmetric critical point; stability NOT COMPUTED (YET)
P1,1T,2,24.0,0.7,0.25,II: G v^2 (dimensionless G mu),4.17419848304,0.017967521263,report-only (stage NC FAIL: critical stage failed; no stage-NC value is used); axisymmetric critical point; stability NOT COMPUTED (YET)
P1,1T,2,24.0,0.7,0.25,I: G_6 x T_b (T_b in mass^4),4.17419848304,0.017967521263,report-only (stage NC FAIL: critical stage failed; no stage-NC value is used); axisymmetric critical point; stability NOT COMPUTED (YET)
P1,1T,2,24.0,0.7,0.5,II: G v^2 (dimensionless G mu),5.10653862492,0.0146870523282,report-only (stage NC FAIL: critical stage failed; no stage-NC value is used); axisymmetric critical point; stability NOT COMPUTED (YET)
P1,1T,2,24.0,0.7,0.5,I: G_6 x T_b (T_b in mass^4),5.10653862492,0.0146870523282,report-only (stage NC FAIL: critical stage failed; no stage-NC value is used); axisymmetric critical point; stability NOT COMPUTED (YET)
P1,1T,2,24.0,0.7,1.0,II: G v^2 (dimensionless G mu),6.28318530718,0.0119366207319,critical stage FAIL
P1,1T,2,24.0,0.7,1.0,I: G_6 x T_b (T_b in mass^4),6.28318530718,0.0119366207319,critical stage FAIL
P1,1T,2,24.0,0.7,2.0,II: G v^2 (dimensionless G mu),7.76719854791,0.00965599109349,report-only (stage NC FAIL: critical stage failed; no stage-NC value is used); report-only row; axisymmetric critical point; stability NOT COMPUTED (YET)
P1,1T,2,24.0,0.7,2.0,I: G_6 x T_b (T_b in mass^4),7.76719854791,0.00965599109349,report-only (stage NC FAIL: critical stage failed; no stage-NC value is used); report-only row; axisymmetric critical point; stability NOT COMPUTED (YET)
P1,1T,2,24.0,0.7,4.0,II: G v^2 (dimensionless G mu),9.62587113869,0.00779150259954,report-only (stage NC FAIL: critical stage failed; no stage-NC value is used); report-only row; axisymmetric critical point; stability NOT COMPUTED (YET)
P1,1T,2,24.0,0.7,4.0,I: G_6 x T_b (T_b in mass^4),9.62587113869,0.00779150259954,report-only (stage NC FAIL: critical stage failed; no stage-NC value is used); report-only row; axisymmetric critical point; stability NOT COMPUTED (YET)
P1,1T,2,24.0,0.8,0.25,II: G v^2 (dimensionless G mu),4.22642931626,0.0118303173337,report-only (stage NC FAIL: critical stage failed; no stage-NC value is used); axisymmetric critical point; stability NOT COMPUTED (YET)
P1,1T,2,24.0,0.8,0.25,I: G_6 x T_b (T_b in mass^4),4.22642931626,0.0118303173337,report-only (stage NC FAIL: critical stage failed; no stage-NC value is used); axisymmetric critical point; stability NOT COMPUTED (YET)
P1,1T,2,24.0,0.8,0.5,II: G v^2 (dimensionless G mu),5.14069786097,0.00972630591259,report-only (stage NC FAIL: critical stage failed; no stage-NC value is used); axisymmetric critical point; stability NOT COMPUTED (YET)
P1,1T,2,24.0,0.8,0.5,I: G_6 x T_b (T_b in mass^4),5.14069786097,0.00972630591259,report-only (stage NC FAIL: critical stage failed; no stage-NC value is used); axisymmetric critical point; stability NOT COMPUTED (YET)
P1,1T,2,24.0,0.8,1.0,II: G v^2 (dimensionless G mu),6.28318530718,0.00795774715459,critical stage FAIL
P1,1T,2,24.0,0.8,1.0,I: G_6 x T_b (T_b in mass^4),6.28318530718,0.00795774715459,critical stage FAIL
P1,1T,2,24.0,0.8,2.0,II: G v^2 (dimensionless G mu),7.71128919554,0.00648400011102,report-only (stage NC FAIL: critical stage failed; no stage-NC value is used); report-only row; axisymmetric critical point; stability NOT COMPUTED (YET)
P1,1T,2,24.0,0.8,2.0,I: G_6 x T_b (T_b in mass^4),7.71128919554,0.00648400011102,report-only (stage NC FAIL: critical stage failed; no stage-NC value is used); report-only row; axisymmetric critical point; stability NOT COMPUTED (YET)
P1,1T,2,24.0,0.8,4.0,II: G v^2 (dimensionless G mu),9.48447678651,0.0052717720888,report-only (stage NC FAIL: critical stage failed; no stage-NC value is used); report-only row; axisymmetric critical point; stability NOT COMPUTED (YET)
P1,1T,2,24.0,0.8,4.0,I: G_6 x T_b (T_b in mass^4),9.48447678651,0.0052717720888,report-only (stage NC FAIL: critical stage failed; no stage-NC value is used); report-only row; axisymmetric critical point; stability NOT COMPUTED (YET)
P1,1T,2,24.0,0.9,0.25,II: G v^2 (dimensionless G mu),4.27582004663,0.00584683165507,report-only (stage NC FAIL: critical stage failed; no stage-NC value is used); axisymmetric critical point; stability NOT COMPUTED (YET)
P1,1T,2,24.0,0.9,0.25,I: G_6 x T_b (T_b in mass^4),4.27582004663,0.00584683165507,report-only (stage NC FAIL: critical stage failed; no stage-NC value is used); axisymmetric critical point; stability NOT COMPUTED (YET)
P1,1T,2,24.0,0.9,0.5,II: G v^2 (dimensionless G mu),5.17259435209,0.00483316461688,report-only (stage NC FAIL: critical stage failed; no stage-NC value is used); axisymmetric critical point; stability NOT COMPUTED (YET)
P1,1T,2,24.0,0.9,0.5,I: G_6 x T_b (T_b in mass^4),5.17259435209,0.00483316461688,report-only (stage NC FAIL: critical stage failed; no stage-NC value is used); axisymmetric critical point; stability NOT COMPUTED (YET)
P1,1T,2,24.0,0.9,1.0,II: G v^2 (dimensionless G mu),6.28318530718,0.0039788735773,critical stage FAIL
P1,1T,2,24.0,0.9,1.0,I: G_6 x T_b (T_b in mass^4),6.28318530718,0.0039788735773,critical stage FAIL
P1,1T,2,24.0,0.9,2.0,II: G v^2 (dimensionless G mu),7.66020025808,0.00326362224977,report-only (stage NC FAIL: critical stage failed; no stage-NC value is used); report-only row; axisymmetric critical point; stability NOT COMPUTED (YET)
P1,1T,2,24.0,0.9,2.0,I: G_6 x T_b (T_b in mass^4),7.66020025808,0.00326362224977,report-only (stage NC FAIL: critical stage failed; no stage-NC value is used); report-only row; axisymmetric critical point; stability NOT COMPUTED (YET)
P1,1T,2,24.0,0.9,4.0,II: G v^2 (dimensionless G mu),9.35653795275,0.0026719284554,report-only (stage NC FAIL: critical stage failed; no stage-NC value is used); report-only row; axisymmetric critical point; stability NOT COMPUTED (YET)
P1,1T,2,24.0,0.9,4.0,I: G_6 x T_b (T_b in mass^4),9.35653795275,0.0026719284554,report-only (stage NC FAIL: critical stage failed; no stage-NC value is used); report-only row; axisymmetric critical point; stability NOT COMPUTED (YET)
P1,1T,2,24.0,1,0.25,II: G v^2 (dimensionless G mu),4.32246368435,0,report-only (stage NC FAIL: critical stage failed; no stage-NC value is used); axisymmetric critical point; stability NOT COMPUTED (YET)
P1,1T,2,24.0,1,0.25,I: G_6 x T_b (T_b in mass^4),4.32246368435,0,report-only (stage NC FAIL: critical stage failed; no stage-NC value is used); axisymmetric critical point; stability NOT COMPUTED (YET)
P1,1T,2,24.0,1,0.5,II: G v^2 (dimensionless G mu),5.20241404156,0,report-only (stage NC FAIL: critical stage failed; no stage-NC value is used); axisymmetric critical point; stability NOT COMPUTED (YET)
P1,1T,2,24.0,1,0.5,I: G_6 x T_b (T_b in mass^4),5.20241404156,0,report-only (stage NC FAIL: critical stage failed; no stage-NC value is used); axisymmetric critical point; stability NOT COMPUTED (YET)
P1,1T,2,24.0,1,1.0,II: G v^2 (dimensionless G mu),6.28318530718,0,critical stage FAIL
P1,1T,2,24.0,1,1.0,I: G_6 x T_b (T_b in mass^4),6.28318530718,0,critical stage FAIL
P1,1T,2,24.0,1,2.0,II: G v^2 (dimensionless G mu),7.61328244676,0,report-only (stage NC FAIL: critical stage failed; no stage-NC value is used); report-only row; axisymmetric critical point; stability NOT COMPUTED (YET)
P1,1T,2,24.0,1,2.0,I: G_6 x T_b (T_b in mass^4),7.61328244676,0,report-only (stage NC FAIL: critical stage failed; no stage-NC value is used); report-only row; axisymmetric critical point; stability NOT COMPUTED (YET)
P1,1T,2,24.0,1,4.0,II: G v^2 (dimensionless G mu),9.24002891738,0,report-only (stage NC FAIL: critical stage failed; no stage-NC value is used); report-only row; axisymmetric critical point; stability NOT COMPUTED (YET)
P1,1T,2,24.0,1,4.0,I: G_6 x T_b (T_b in mass^4),9.24002891738,0,report-only (stage NC FAIL: critical stage failed; no stage-NC value is used); report-only row; axisymmetric critical point; stability NOT COMPUTED (YET)
P1,1T,2,4.0,0.5,0.25,II: G v^2 (dimensionless G mu),3.95451966747,0.0316094015231,report-only (stage NC FAIL: critical stage failed; no stage-NC value is used); axisymmetric critical point; stability NOT COMPUTED (YET)
P1,1T,2,4.0,0.5,0.25,I: G_6 x T_b (T_b in mass^4),3.95451966747,0.0316094015231,report-only (stage NC FAIL: critical stage failed; no stage-NC value is used); axisymmetric critical point; stability NOT COMPUTED (YET)
P1,1T,2,4.0,0.5,0.5,II: G v^2 (dimensionless G mu),5.01403544112,0.0249300192366,report-only (stage NC FAIL: critical stage failed; no stage-NC value is used); axisymmetric critical point; stability NOT COMPUTED (YET)
P1,1T,2,4.0,0.5,0.5,I: G_6 x T_b (T_b in mass^4),5.01403544112,0.0249300192366,report-only (stage NC FAIL: critical stage failed; no stage-NC value is used); axisymmetric critical point; stability NOT COMPUTED (YET)
P1,1T,2,4.0,0.5,1.0,II: G v^2 (dimensionless G mu),6.28318530718,0.0198943678865,critical stage FAIL
P1,1T,2,4.0,0.5,1.0,I: G_6 x T_b (T_b in mass^4),6.28318530718,0.0198943678865,critical stage FAIL
P1,1T,2,4.0,0.5,2.0,II: G v^2 (dimensionless G mu),7.88903960924,0.015844767702,report-only (stage NC FAIL: critical stage failed; no stage-NC value is used); report-only row; axisymmetric critical point; stability NOT COMPUTED (YET)
P1,1T,2,4.0,0.5,2.0,I: G_6 x T_b (T_b in mass^4),7.88903960924,0.015844767702,report-only (stage NC FAIL: critical stage failed; no stage-NC value is used); report-only row; axisymmetric critical point; stability NOT COMPUTED (YET)
P1,1T,2,4.0,0.5,4.0,II: G v^2 (dimensionless G mu),9.935904964,0.0125806356294,report-only (stage NC FAIL: critical stage failed; no stage-NC value is used); report-only row; axisymmetric critical point; stability NOT COMPUTED (YET)
P1,1T,2,4.0,0.5,4.0,I: G_6 x T_b (T_b in mass^4),9.935904964,0.0125806356294,report-only (stage NC FAIL: critical stage failed; no stage-NC value is used); report-only row; axisymmetric critical point; stability NOT COMPUTED (YET)
P1,1T,2,4.0,0.6,0.25,II: G v^2 (dimensionless G mu),3.97026315681,0.0251872473059,report-only (stage NC FAIL: critical stage failed; no stage-NC value is used); axisymmetric critical point; stability NOT COMPUTED (YET)
P1,1T,2,4.0,0.6,0.25,I: G_6 x T_b (T_b in mass^4),3.97026315681,0.0251872473059,report-only (stage NC FAIL: critical stage failed; no stage-NC value is used); axisymmetric critical point; stability NOT COMPUTED (YET)
P1,1T,2,4.0,0.6,0.5,II: G v^2 (dimensionless G mu),5.03195703148,0.0198729836869,report-only (stage NC FAIL: critical stage failed; no stage-NC value is used); axisymmetric critical point; stability NOT COMPUTED (YET)
P1,1T,2,4.0,0.6,0.5,I: G_6 x T_b (T_b in mass^4),5.03195703148,0.0198729836869,report-only (stage NC FAIL: critical stage failed; no stage-NC value is used); axisymmetric critical point; stability NOT COMPUTED (YET)
P1,1T,2,4.0,0.6,1.0,II: G v^2 (dimensionless G mu),6.28318530718,0.0159154943092,critical stage FAIL
P1,1T,2,4.0,0.6,1.0,I: G_6 x T_b (T_b in mass^4),6.28318530718,0.0159154943092,critical stage FAIL
P1,1T,2,4.0,0.6,2.0,II: G v^2 (dimensionless G mu),7.84243548871,0.0127511409108,report-only (stage NC FAIL: critical stage failed; no stage-NC value is used); report-only row; axisymmetric critical point; stability NOT COMPUTED (YET)
P1,1T,2,4.0,0.6,2.0,I: G_6 x T_b (T_b in mass^4),7.84243548871,0.0127511409108,report-only (stage NC FAIL: critical stage failed; no stage-NC value is used); report-only row; axisymmetric critical point; stability NOT COMPUTED (YET)
P1,1T,2,4.0,0.6,4.0,II: G v^2 (dimensionless G mu),9.80091844355,0.0102031254087,report-only (stage NC FAIL: critical stage failed; no stage-NC value is used); report-only row; axisymmetric critical point; stability NOT COMPUTED (YET)
P1,1T,2,4.0,0.6,4.0,I: G_6 x T_b (T_b in mass^4),9.80091844355,0.0102031254087,report-only (stage NC FAIL: critical stage failed; no stage-NC value is used); report-only row; axisymmetric critical point; stability NOT COMPUTED (YET)
P1,1T,2,4.0,0.7,0.25,II: G v^2 (dimensionless G mu),3.98766356248,0.0188080059475,report-only (stage NC FAIL: critical stage failed; no stage-NC value is used); axisymmetric critical point; stability NOT COMPUTED (YET)
P1,1T,2,4.0,0.7,0.25,I: G_6 x T_b (T_b in mass^4),3.98766356248,0.0188080059475,report-only (stage NC FAIL: critical stage failed; no stage-NC value is used); axisymmetric critical point; stability NOT COMPUTED (YET)
P1,1T,2,4.0,0.7,0.5,II: G v^2 (dimensionless G mu),5.0510612762,0.0148483647097,report-only (stage NC FAIL: critical stage failed; no stage-NC value is used); axisymmetric critical point; stability NOT COMPUTED (YET)
P1,1T,2,4.0,0.7,0.5,I: G_6 x T_b (T_b in mass^4),5.0510612762,0.0148483647097,report-only (stage NC FAIL: critical stage failed; no stage-NC value is used); axisymmetric critical point; stability NOT COMPUTED (YET)
P1,1T,2,4.0,0.7,1.0,II: G v^2 (dimensionless G mu),6.28318530718,0.0119366207319,critical stage FAIL
P1,1T,2,4.0,0.7,1.0,I: G_6 x T_b (T_b in mass^4),6.28318530718,0.0119366207319,critical stage FAIL
P1,1T,2,4.0,0.7,2.0,II: G v^2 (dimensionless G mu),7.796529425,0.00961966484209,report-only (stage NC FAIL: critical stage failed; no stage-NC value is used); report-only row; axisymmetric critical point; stability NOT COMPUTED (YET)
P1,1T,2,4.0,0.7,2.0,I: G_6 x T_b (T_b in mass^4),7.796529425,0.00961966484209,report-only (stage NC FAIL: critical stage failed; no stage-NC value is used); report-only row; axisymmetric critical point; stability NOT COMPUTED (YET)
P1,1T,2,4.0,0.7,4.0,II: G v^2 (dimensionless G mu),9.67247190432,0.00775396410989,report-only (stage NC FAIL: critical stage failed; no stage-NC value is used); report-only row; axisymmetric critical point; stability NOT COMPUTED (YET)
P1,1T,2,4.0,0.7,4.0,I: G_6 x T_b (T_b in mass^4),9.67247190432,0.00775396410989,report-only (stage NC FAIL: critical stage failed; no stage-NC value is used); report-only row; axisymmetric critical point; stability NOT COMPUTED (YET)
P1,1T,2,4.0,0.8,0.25,II: G v^2 (dimensionless G mu),4.00588195627,0.0124816458762,report-only (stage NC FAIL: critical stage failed; no stage-NC value is used); axisymmetric critical point; stability NOT COMPUTED (YET)
P1,1T,2,4.0,0.8,0.25,I: G_6 x T_b (T_b in mass^4),4.00588195627,0.0124816458762,report-only (stage NC FAIL: critical stage failed; no stage-NC value is used); axisymmetric critical point; stability NOT COMPUTED (YET)
P1,1T,2,4.0,0.8,0.5,II: G v^2 (dimensionless G mu),5.07058414974,0.00986079680832,report-only (stage NC FAIL: critical stage failed; no stage-NC value is used); axisymmetric critical point; stability NOT COMPUTED (YET)
P1,1T,2,4.0,0.8,0.5,I: G_6 x T_b (T_b in mass^4),5.07058414974,0.00986079680832,report-only (stage NC FAIL: critical stage failed; no stage-NC value is used); axisymmetric critical point; stability NOT COMPUTED (YET)
P1,1T,2,4.0,0.8,1.0,II: G v^2 (dimensionless G mu),6.28318530718,0.00795774715459,critical stage FAIL
P1,1T,2,4.0,0.8,1.0,I: G_6 x T_b (T_b in mass^4),6.28318530718,0.00795774715459,critical stage FAIL
P1,1T,2,4.0,0.8,2.0,II: G v^2 (dimensionless G mu),7.75234736002,0.00644965939708,report-only (stage NC FAIL: critical stage failed; no stage-NC value is used); report-only row; axisymmetric critical point; stability NOT COMPUTED (YET)
P1,1T,2,4.0,0.8,2.0,I: G_6 x T_b (T_b in mass^4),7.75234736002,0.00644965939708,report-only (stage NC FAIL: critical stage failed; no stage-NC value is used); report-only row; axisymmetric critical point; stability NOT COMPUTED (YET)
P1,1T,2,4.0,0.8,4.0,II: G v^2 (dimensionless G mu),9.55200648293,0.00523450231,report-only (stage NC FAIL: critical stage failed; no stage-NC value is used); report-only row; axisymmetric critical point; stability NOT COMPUTED (YET)
P1,1T,2,4.0,0.8,4.0,I: G_6 x T_b (T_b in mass^4),9.55200648293,0.00523450231,report-only (stage NC FAIL: critical stage failed; no stage-NC value is used); report-only row; axisymmetric critical point; stability NOT COMPUTED (YET)
P1,1T,2,4.0,0.9,0.25,II: G v^2 (dimensionless G mu),4.02433216014,0.00621221087256,report-only (stage NC FAIL: critical stage failed; no stage-NC value is used); axisymmetric critical point; stability NOT COMPUTED (YET)
P1,1T,2,4.0,0.9,0.25,I: G_6 x T_b (T_b in mass^4),4.02433216014,0.00621221087256,report-only (stage NC FAIL: critical stage failed; no stage-NC value is used); axisymmetric critical point; stability NOT COMPUTED (YET)
P1,1T,2,4.0,0.9,0.5,II: G v^2 (dimensionless G mu),5.09004269493,0.00491155015751,report-only (stage NC FAIL: critical stage failed; no stage-NC value is used); axisymmetric critical point; stability NOT COMPUTED (YET)
P1,1T,2,4.0,0.9,0.5,I: G_6 x T_b (T_b in mass^4),5.09004269493,0.00491155015751,report-only (stage NC FAIL: critical stage failed; no stage-NC value is used); axisymmetric critical point; stability NOT COMPUTED (YET)
P1,1T,2,4.0,0.9,1.0,II: G v^2 (dimensionless G mu),6.28318530718,0.0039788735773,critical stage FAIL
P1,1T,2,4.0,0.9,1.0,I: G_6 x T_b (T_b in mass^4),6.28318530718,0.0039788735773,critical stage FAIL
P1,1T,2,4.0,0.9,2.0,II: G v^2 (dimensionless G mu),7.71032326603,0.00324240620496,report-only (stage NC FAIL: critical stage failed; no stage-NC value is used); report-only row; axisymmetric critical point; stability NOT COMPUTED (YET)
P1,1T,2,4.0,0.9,2.0,I: G_6 x T_b (T_b in mass^4),7.71032326603,0.00324240620496,report-only (stage NC FAIL: critical stage failed; no stage-NC value is used); report-only row; axisymmetric critical point; stability NOT COMPUTED (YET)
P1,1T,2,4.0,0.9,4.0,II: G v^2 (dimensionless G mu),9.43970614232,0.00264838752638,report-only (stage NC FAIL: critical stage failed; no stage-NC value is used); report-only row; axisymmetric critical point; stability NOT COMPUTED (YET)
P1,1T,2,4.0,0.9,4.0,I: G_6 x T_b (T_b in mass^4),9.43970614232,0.00264838752638,report-only (stage NC FAIL: critical stage failed; no stage-NC value is used); report-only row; axisymmetric critical point; stability NOT COMPUTED (YET)
P1,1T,2,4.0,1,0.25,II: G v^2 (dimensionless G mu),4.04261471899,0,report-only (stage NC FAIL: critical stage failed; no stage-NC value is used); axisymmetric critical point; stability NOT COMPUTED (YET)
P1,1T,2,4.0,1,0.25,I: G_6 x T_b (T_b in mass^4),4.04261471899,0,report-only (stage NC FAIL: critical stage failed; no stage-NC value is used); axisymmetric critical point; stability NOT COMPUTED (YET)
P1,1T,2,4.0,1,0.5,II: G v^2 (dimensionless G mu),5.10913916064,0,report-only (stage NC FAIL: critical stage failed; no stage-NC value is used); axisymmetric critical point; stability NOT COMPUTED (YET)
P1,1T,2,4.0,1,0.5,I: G_6 x T_b (T_b in mass^4),5.10913916064,0,report-only (stage NC FAIL: critical stage failed; no stage-NC value is used); axisymmetric critical point; stability NOT COMPUTED (YET)
P1,1T,2,4.0,1,1.0,II: G v^2 (dimensionless G mu),6.28318530718,0,critical stage FAIL
P1,1T,2,4.0,1,1.0,I: G_6 x T_b (T_b in mass^4),6.28318530718,0,critical stage FAIL
P1,1T,2,4.0,1,2.0,II: G v^2 (dimensionless G mu),7.67058762509,0,report-only (stage NC FAIL: critical stage failed; no stage-NC value is used); report-only row; axisymmetric critical point; stability NOT COMPUTED (YET)
P1,1T,2,4.0,1,2.0,I: G_6 x T_b (T_b in mass^4),7.67058762509,0,report-only (stage NC FAIL: critical stage failed; no stage-NC value is used); report-only row; axisymmetric critical point; stability NOT COMPUTED (YET)
P1,1T,2,4.0,1,4.0,II: G v^2 (dimensionless G mu),9.33522011869,0,report-only (stage NC FAIL: critical stage failed; no stage-NC value is used); report-only row; axisymmetric critical point; stability NOT COMPUTED (YET)
P1,1T,2,4.0,1,4.0,I: G_6 x T_b (T_b in mass^4),9.33522011869,0,report-only (stage NC FAIL: critical stage failed; no stage-NC value is used); report-only row; axisymmetric critical point; stability NOT COMPUTED (YET)
P1,1T,2,99.0,0.5,0.25,II: G v^2 (dimensionless G mu),4.05314318454,0.0308402625589,report-only (stage NC FAIL: critical stage failed; no stage-NC value is used); axisymmetric critical point; stability NOT COMPUTED (YET)
P1,1T,2,99.0,0.5,0.25,I: G_6 x T_b (T_b in mass^4),4.05314318454,0.0308402625589,report-only (stage NC FAIL: critical stage failed; no stage-NC value is used); axisymmetric critical point; stability NOT COMPUTED (YET)
P1,1T,2,99.0,0.5,0.5,II: G v^2 (dimensionless G mu),5.02601948029,0.024870576107,report-only (stage NC FAIL: critical stage failed; no stage-NC value is used); axisymmetric critical point; stability NOT COMPUTED (YET)
P1,1T,2,99.0,0.5,0.5,I: G_6 x T_b (T_b in mass^4),5.02601948029,0.024870576107,report-only (stage NC FAIL: critical stage failed; no stage-NC value is used); axisymmetric critical point; stability NOT COMPUTED (YET)
P1,1T,2,99.0,0.5,1.0,II: G v^2 (dimensionless G mu),6.28318530718,0.0198943678865,critical stage FAIL
P1,1T,2,99.0,0.5,1.0,I: G_6 x T_b (T_b in mass^4),6.28318530718,0.0198943678865,critical stage FAIL
P1,1T,2,99.0,0.5,2.0,II: G v^2 (dimensionless G mu),7.90148148987,0.0158198181139,report-only (stage NC FAIL: critical stage failed; no stage-NC value is used); report-only row; axisymmetric critical point; stability NOT COMPUTED (YET)
P1,1T,2,99.0,0.5,2.0,I: G_6 x T_b (T_b in mass^4),7.90148148987,0.0158198181139,report-only (stage NC FAIL: critical stage failed; no stage-NC value is used); report-only row; axisymmetric critical point; stability NOT COMPUTED (YET)
P1,1T,2,99.0,0.5,4.0,II: G v^2 (dimensionless G mu),9.96885916384,0.0125390476428,report-only (stage NC FAIL: critical stage failed; no stage-NC value is used); report-only row; axisymmetric critical point; stability NOT COMPUTED (YET)
P1,1T,2,99.0,0.5,4.0,I: G_6 x T_b (T_b in mass^4),9.96885916384,0.0125390476428,report-only (stage NC FAIL: critical stage failed; no stage-NC value is used); report-only row; axisymmetric critical point; stability NOT COMPUTED (YET)
P1,1T,2,99.0,0.6,0.25,II: G v^2 (dimensionless G mu),4.12499866516,0.0242424320872,report-only (stage NC FAIL: critical stage failed; no stage-NC value is used); axisymmetric critical point; stability NOT COMPUTED (YET)
P1,1T,2,99.0,0.6,0.25,I: G_6 x T_b (T_b in mass^4),4.12499866516,0.0242424320872,report-only (stage NC FAIL: critical stage failed; no stage-NC value is used); axisymmetric critical point; stability NOT COMPUTED (YET)
P1,1T,2,99.0,0.6,0.5,II: G v^2 (dimensionless G mu),5.07162116929,0.0197175610445,report-only (stage NC FAIL: critical stage failed; no stage-NC value is used); axisymmetric critical point; stability NOT COMPUTED (YET)
P1,1T,2,99.0,0.6,0.5,I: G_6 x T_b (T_b in mass^4),5.07162116929,0.0197175610445,report-only (stage NC FAIL: critical stage failed; no stage-NC value is used); axisymmetric critical point; stability NOT COMPUTED (YET)
P1,1T,2,99.0,0.6,1.0,II: G v^2 (dimensionless G mu),6.28318530718,0.0159154943092,critical stage FAIL
P1,1T,2,99.0,0.6,1.0,I: G_6 x T_b (T_b in mass^4),6.28318530718,0.0159154943092,critical stage FAIL
P1,1T,2,99.0,0.6,2.0,II: G v^2 (dimensionless G mu),7.82810347625,0.0127744862218,report-only (stage NC FAIL: critical stage failed; no stage-NC value is used); report-only row; axisymmetric critical point; stability NOT COMPUTED (YET)
P1,1T,2,99.0,0.6,2.0,I: G_6 x T_b (T_b in mass^4),7.82810347625,0.0127744862218,report-only (stage NC FAIL: critical stage failed; no stage-NC value is used); report-only row; axisymmetric critical point; stability NOT COMPUTED (YET)
P1,1T,2,99.0,0.6,4.0,II: G v^2 (dimensionless G mu),9.78250963695,0.0102223257335,report-only (stage NC FAIL: critical stage failed; no stage-NC value is used); report-only row; axisymmetric critical point; stability NOT COMPUTED (YET)
P1,1T,2,99.0,0.6,4.0,I: G_6 x T_b (T_b in mass^4),9.78250963695,0.0102223257335,report-only (stage NC FAIL: critical stage failed; no stage-NC value is used); report-only row; axisymmetric critical point; stability NOT COMPUTED (YET)
P1,1T,2,99.0,0.7,0.25,II: G v^2 (dimensionless G mu),4.19074364248,0.0178965850451,report-only (stage NC FAIL: critical stage failed; no stage-NC value is used); axisymmetric critical point; stability NOT COMPUTED (YET)
P1,1T,2,99.0,0.7,0.25,I: G_6 x T_b (T_b in mass^4),4.19074364248,0.0178965850451,report-only (stage NC FAIL: critical stage failed; no stage-NC value is used); axisymmetric critical point; stability NOT COMPUTED (YET)
P1,1T,2,99.0,0.7,0.5,II: G v^2 (dimensionless G mu),5.11288998235,0.0146688077113,report-only (stage NC FAIL: critical stage failed; no stage-NC value is used); axisymmetric critical point; stability NOT COMPUTED (YET)
P1,1T,2,99.0,0.7,0.5,I: G_6 x T_b (T_b in mass^4),5.11288998235,0.0146688077113,report-only (stage NC FAIL: critical stage failed; no stage-NC value is used); axisymmetric critical point; stability NOT COMPUTED (YET)
P1,1T,2,99.0,0.7,1.0,II: G v^2 (dimensionless G mu),6.28318530718,0.0119366207319,critical stage FAIL
P1,1T,2,99.0,0.7,1.0,I: G_6 x T_b (T_b in mass^4),6.28318530718,0.0119366207319,critical stage FAIL
P1,1T,2,99.0,0.7,2.0,II: G v^2 (dimensionless G mu),7.76298941954,0.00966122661603,report-only (stage NC FAIL: critical stage failed; no stage-NC value is used); report-only row; axisymmetric critical point; stability NOT COMPUTED (YET)
P1,1T,2,99.0,0.7,2.0,I: G_6 x T_b (T_b in mass^4),7.76298941954,0.00966122661603,report-only (stage NC FAIL: critical stage failed; no stage-NC value is used); report-only row; axisymmetric critical point; stability NOT COMPUTED (YET)
P1,1T,2,99.0,0.7,4.0,II: G v^2 (dimensionless G mu),9.61874954639,0.00779727132287,report-only (stage NC FAIL: critical stage failed; no stage-NC value is used); report-only row; axisymmetric critical point; stability NOT COMPUTED (YET)
P1,1T,2,99.0,0.7,4.0,I: G_6 x T_b (T_b in mass^4),9.61874954639,0.00779727132287,report-only (stage NC FAIL: critical stage failed; no stage-NC value is used); report-only row; axisymmetric critical point; stability NOT COMPUTED (YET)
P1,1T,2,99.0,0.8,0.25,II: G v^2 (dimensionless G mu),4.2512219418,0.0117613243167,report-only (stage NC FAIL: critical stage failed; no stage-NC value is used); axisymmetric critical point; stability NOT COMPUTED (YET)
P1,1T,2,99.0,0.8,0.25,I: G_6 x T_b (T_b in mass^4),4.2512219418,0.0117613243167,report-only (stage NC FAIL: critical stage failed; no stage-NC value is used); axisymmetric critical point; stability NOT COMPUTED (YET)
P1,1T,2,99.0,0.8,0.5,II: G v^2 (dimensionless G mu),5.15053084913,0.00970773721479,report-only (stage NC FAIL: critical stage failed; no stage-NC value is used); axisymmetric critical point; stability NOT COMPUTED (YET)
P1,1T,2,99.0,0.8,0.5,I: G_6 x T_b (T_b in mass^4),5.15053084913,0.00970773721479,report-only (stage NC FAIL: critical stage failed; no stage-NC value is used); axisymmetric critical point; stability NOT COMPUTED (YET)
P1,1T,2,99.0,0.8,1.0,II: G v^2 (dimensionless G mu),6.28318530718,0.00795774715459,critical stage FAIL
P1,1T,2,99.0,0.8,1.0,I: G_6 x T_b (T_b in mass^4),6.28318530718,0.00795774715459,critical stage FAIL
P1,1T,2,99.0,0.8,2.0,II: G v^2 (dimensionless G mu),7.70454657429,0.00648967457304,report-only (stage NC FAIL: critical stage failed; no stage-NC value is used); report-only row; axisymmetric critical point; stability NOT COMPUTED (YET)
P1,1T,2,99.0,0.8,2.0,I: G_6 x T_b (T_b in mass^4),7.70454657429,0.00648967457304,report-only (stage NC FAIL: critical stage failed; no stage-NC value is used); report-only row; axisymmetric critical point; stability NOT COMPUTED (YET)
P1,1T,2,99.0,0.8,4.0,II: G v^2 (dimensionless G mu),9.47298744781,0.00527816597198,report-only (stage NC FAIL: critical stage failed; no stage-NC value is used); report-only row; axisymmetric critical point; stability NOT COMPUTED (YET)
P1,1T,2,99.0,0.8,4.0,I: G_6 x T_b (T_b in mass^4),9.47298744781,0.00527816597198,report-only (stage NC FAIL: critical stage failed; no stage-NC value is used); report-only row; axisymmetric critical point; stability NOT COMPUTED (YET)
P1,1T,2,99.0,0.9,0.25,II: G v^2 (dimensionless G mu),4.30715742857,0.00580429213805,report-only (stage NC FAIL: critical stage failed; no stage-NC value is used); axisymmetric critical point; stability NOT COMPUTED (YET)
P1,1T,2,99.0,0.9,0.25,I: G_6 x T_b (T_b in mass^4),4.30715742857,0.00580429213805,report-only (stage NC FAIL: critical stage failed; no stage-NC value is used); axisymmetric critical point; stability NOT COMPUTED (YET)
P1,1T,2,99.0,0.9,0.5,II: G v^2 (dimensionless G mu),5.18510132283,0.00482150655185,report-only (stage NC FAIL: critical stage failed; no stage-NC value is used); axisymmetric critical point; stability NOT COMPUTED (YET)
P1,1T,2,99.0,0.9,0.5,I: G_6 x T_b (T_b in mass^4),5.18510132283,0.00482150655185,report-only (stage NC FAIL: critical stage failed; no stage-NC value is used); axisymmetric critical point; stability NOT COMPUTED (YET)
P1,1T,2,99.0,0.9,1.0,II: G v^2 (dimensionless G mu),6.28318530718,0.0039788735773,critical stage FAIL
P1,1T,2,99.0,0.9,1.0,I: G_6 x T_b (T_b in mass^4),6.28318530718,0.0039788735773,critical stage FAIL
P1,1T,2,99.0,0.9,2.0,II: G v^2 (dimensionless G mu),7.65160610841,0.003267287893,report-only (stage NC FAIL: critical stage failed; no stage-NC value is used); report-only row; axisymmetric critical point; stability NOT COMPUTED (YET)
P1,1T,2,99.0,0.9,2.0,I: G_6 x T_b (T_b in mass^4),7.65160610841,0.003267287893,report-only (stage NC FAIL: critical stage failed; no stage-NC value is used); report-only row; axisymmetric critical point; stability NOT COMPUTED (YET)
P1,1T,2,99.0,0.9,4.0,II: G v^2 (dimensionless G mu),9.34191925847,0.00267610962034,report-only (stage NC FAIL: critical stage failed; no stage-NC value is used); report-only row; axisymmetric critical point; stability NOT COMPUTED (YET)
P1,1T,2,99.0,0.9,4.0,I: G_6 x T_b (T_b in mass^4),9.34191925847,0.00267610962034,report-only (stage NC FAIL: critical stage failed; no stage-NC value is used); report-only row; axisymmetric critical point; stability NOT COMPUTED (YET)
P1,1T,2,99.0,1,0.25,II: G v^2 (dimensionless G mu),4.3591483593,0,report-only (stage NC FAIL: critical stage failed; no stage-NC value is used); axisymmetric critical point; stability NOT COMPUTED (YET)
P1,1T,2,99.0,1,0.25,I: G_6 x T_b (T_b in mass^4),4.3591483593,0,report-only (stage NC FAIL: critical stage failed; no stage-NC value is used); axisymmetric critical point; stability NOT COMPUTED (YET)
P1,1T,2,99.0,1,0.5,II: G v^2 (dimensionless G mu),5.21704186558,0,report-only (stage NC FAIL: critical stage failed; no stage-NC value is used); axisymmetric critical point; stability NOT COMPUTED (YET)
P1,1T,2,99.0,1,0.5,I: G_6 x T_b (T_b in mass^4),5.21704186558,0,report-only (stage NC FAIL: critical stage failed; no stage-NC value is used); axisymmetric critical point; stability NOT COMPUTED (YET)
P1,1T,2,99.0,1,1.0,II: G v^2 (dimensionless G mu),6.28318530718,0,critical stage FAIL
P1,1T,2,99.0,1,1.0,I: G_6 x T_b (T_b in mass^4),6.28318530718,0,critical stage FAIL
P1,1T,2,99.0,1,2.0,II: G v^2 (dimensionless G mu),7.60328629496,0,report-only (stage NC FAIL: critical stage failed; no stage-NC value is used); report-only row; axisymmetric critical point; stability NOT COMPUTED (YET)
P1,1T,2,99.0,1,2.0,I: G_6 x T_b (T_b in mass^4),7.60328629496,0,report-only (stage NC FAIL: critical stage failed; no stage-NC value is used); report-only row; axisymmetric critical point; stability NOT COMPUTED (YET)
P1,1T,2,99.0,1,4.0,II: G v^2 (dimensionless G mu),9.2230854375,0,report-only (stage NC FAIL: critical stage failed; no stage-NC value is used); report-only row; axisymmetric critical point; stability NOT COMPUTED (YET)
P1,1T,2,99.0,1,4.0,I: G_6 x T_b (T_b in mass^4),9.2230854375,0,report-only (stage NC FAIL: critical stage failed; no stage-NC value is used); report-only row; axisymmetric critical point; stability NOT COMPUTED (YET)
P1,1T,3,1.0,0.5,0.25,II: G v^2 (dimensionless G mu),4.71238898038,0.0265258238487,report-only (stage NC FAIL: critical stage failed; no stage-NC value is used); axisymmetric critical point; stability NOT COMPUTED (YET)
P1,1T,3,1.0,0.5,0.25,I: G_6 x T_b (T_b in mass^4),4.71238898038,0.0265258238487,report-only (stage NC FAIL: critical stage failed; no stage-NC value is used); axisymmetric critical point; stability NOT COMPUTED (YET)
P1,1T,3,1.0,0.5,0.5,II: G v^2 (dimensionless G mu),7.06382737127,0.0176957891848,report-only (stage NC FAIL: critical stage failed; no stage-NC value is used); axisymmetric critical point; stability NOT COMPUTED (YET)
P1,1T,3,1.0,0.5,0.5,I: G_6 x T_b (T_b in mass^4),7.06382737127,0.0176957891848,report-only (stage NC FAIL: critical stage failed; no stage-NC value is used); axisymmetric critical point; stability NOT COMPUTED (YET)
P1,1T,3,1.0,0.5,1.0,II: G v^2 (dimensionless G mu),9.42477796077,0.0132629119243,critical stage FAIL
P1,1T,3,1.0,0.5,1.0,I: G_6 x T_b (T_b in mass^4),9.42477796077,0.0132629119243,critical stage FAIL
P1,1T,3,1.0,0.5,2.0,II: G v^2 (dimensionless G mu),12.1199629006,0.010313562923,report-only (stage NC FAIL: critical stage failed; no stage-NC value is used); report-only row; axisymmetric critical point; stability NOT COMPUTED (YET)
P1,1T,3,1.0,0.5,2.0,I: G_6 x T_b (T_b in mass^4),12.1199629006,0.010313562923,report-only (stage NC FAIL: critical stage failed; no stage-NC value is used); report-only row; axisymmetric critical point; stability NOT COMPUTED (YET)
P1,1T,3,1.0,0.5,4.0,II: G v^2 (dimensionless G mu),15.5376490689,0.00804497510824,report-only (stage NC FAIL: critical stage failed; no stage-NC value is used); report-only row; axisymmetric critical point; stability NOT COMPUTED (YET)
P1,1T,3,1.0,0.5,4.0,I: G_6 x T_b (T_b in mass^4),15.5376490689,0.00804497510824,report-only (stage NC FAIL: critical stage failed; no stage-NC value is used); report-only row; axisymmetric critical point; stability NOT COMPUTED (YET)
P1,1T,3,1.0,0.6,0.25,II: G v^2 (dimensionless G mu),4.71238898038,0.0212206590789,report-only (stage NC FAIL: critical stage failed; no stage-NC value is used); axisymmetric critical point; stability NOT COMPUTED (YET)
P1,1T,3,1.0,0.6,0.25,I: G_6 x T_b (T_b in mass^4),4.71238898038,0.0212206590789,report-only (stage NC FAIL: critical stage failed; no stage-NC value is used); axisymmetric critical point; stability NOT COMPUTED (YET)
P1,1T,3,1.0,0.6,0.5,II: G v^2 (dimensionless G mu),7.06445669759,0.014155370226,report-only (stage NC FAIL: critical stage failed; no stage-NC value is used); axisymmetric critical point; stability NOT COMPUTED (YET)
P1,1T,3,1.0,0.6,0.5,I: G_6 x T_b (T_b in mass^4),7.06445669759,0.014155370226,report-only (stage NC FAIL: critical stage failed; no stage-NC value is used); axisymmetric critical point; stability NOT COMPUTED (YET)
P1,1T,3,1.0,0.6,1.0,II: G v^2 (dimensionless G mu),9.42477796077,0.0106103295395,critical stage FAIL
P1,1T,3,1.0,0.6,1.0,I: G_6 x T_b (T_b in mass^4),9.42477796077,0.0106103295395,critical stage FAIL
P1,1T,3,1.0,0.6,2.0,II: G v^2 (dimensionless G mu),12.0875348734,0.00827298543892,report-only (stage NC FAIL: critical stage failed; no stage-NC value is used); report-only row; axisymmetric critical point; stability NOT COMPUTED (YET)
P1,1T,3,1.0,0.6,2.0,I: G_6 x T_b (T_b in mass^4),12.0875348734,0.00827298543892,report-only (stage NC FAIL: critical stage failed; no stage-NC value is used); report-only row; axisymmetric critical point; stability NOT COMPUTED (YET)
P1,1T,3,1.0,0.6,4.0,II: G v^2 (dimensionless G mu),15.421406446,0.00648449286065,report-only (stage NC FAIL: critical stage failed; no stage-NC value is used); report-only row; axisymmetric critical point; stability NOT COMPUTED (YET)
P1,1T,3,1.0,0.6,4.0,I: G_6 x T_b (T_b in mass^4),15.421406446,0.00648449286065,report-only (stage NC FAIL: critical stage failed; no stage-NC value is used); report-only row; axisymmetric critical point; stability NOT COMPUTED (YET)
P1,1T,3,1.0,0.7,0.25,II: G v^2 (dimensionless G mu),4.71238898038,0.0159154943092,report-only (stage NC FAIL: critical stage failed; no stage-NC value is used); axisymmetric critical point; stability NOT COMPUTED (YET)
P1,1T,3,1.0,0.7,0.25,I: G_6 x T_b (T_b in mass^4),4.71238898038,0.0159154943092,report-only (stage NC FAIL: critical stage failed; no stage-NC value is used); axisymmetric critical point; stability NOT COMPUTED (YET)
P1,1T,3,1.0,0.7,0.5,II: G v^2 (dimensionless G mu),7.06517719608,0.0106154450085,report-only (stage NC FAIL: critical stage failed; no stage-NC value is used); axisymmetric critical point; stability NOT COMPUTED (YET)
P1,1T,3,1.0,0.7,0.5,I: G_6 x T_b (T_b in mass^4),7.06517719608,0.0106154450085,report-only (stage NC FAIL: critical stage failed; no stage-NC value is used); axisymmetric critical point; stability NOT COMPUTED (YET)
P1,1T,3,1.0,0.7,1.0,II: G v^2 (dimensionless G mu),9.42477796077,0.00795774715459,critical stage FAIL
P1,1T,3,1.0,0.7,1.0,I: G_6 x T_b (T_b in mass^4),9.42477796077,0.00795774715459,critical stage FAIL
P1,1T,3,1.0,0.7,2.0,II: G v^2 (dimensionless G mu),12.0516325363,0.00622322326658,report-only (stage NC FAIL: critical stage failed; no stage-NC value is used); report-only row; axisymmetric critical point; stability NOT COMPUTED (YET)
P1,1T,3,1.0,0.7,2.0,I: G_6 x T_b (T_b in mass^4),12.0516325363,0.00622322326658,report-only (stage NC FAIL: critical stage failed; no stage-NC value is used); report-only row; axisymmetric critical point; stability NOT COMPUTED (YET)
P1,1T,3,1.0,0.7,4.0,II: G v^2 (dimensionless G mu),15.2990757243,0.00490225693051,report-only (stage NC FAIL: critical stage failed; no stage-NC value is used); report-only row; axisymmetric critical point; stability NOT COMPUTED (YET)
P1,1T,3,1.0,0.7,4.0,I: G_6 x T_b (T_b in mass^4),15.2990757243,0.00490225693051,report-only (stage NC FAIL: critical stage failed; no stage-NC value is used); report-only row; axisymmetric critical point; stability NOT COMPUTED (YET)
P1,1T,3,1.0,0.8,0.25,II: G v^2 (dimensionless G mu),4.71238898038,0.0106103295395,report-only (stage NC FAIL: critical stage failed; no stage-NC value is used); axisymmetric critical point; stability NOT COMPUTED (YET)
P1,1T,3,1.0,0.8,0.25,I: G_6 x T_b (T_b in mass^4),4.71238898038,0.0106103295395,report-only (stage NC FAIL: critical stage failed; no stage-NC value is used); axisymmetric critical point; stability NOT COMPUTED (YET)
P1,1T,3,1.0,0.8,0.5,II: G v^2 (dimensionless G mu),7.06591758934,0.0070762217883,report-only (stage NC FAIL: critical stage failed; no stage-NC value is used); axisymmetric critical point; stability NOT COMPUTED (YET)
P1,1T,3,1.0,0.8,0.5,I: G_6 x T_b (T_b in mass^4),7.06591758934,0.0070762217883,report-only (stage NC FAIL: critical stage failed; no stage-NC value is used); axisymmetric critical point; stability NOT COMPUTED (YET)
P1,1T,3,1.0,0.8,1.0,II: G v^2 (dimensionless G mu),9.42477796077,0.00530516476973,critical stage FAIL
P1,1T,3,1.0,0.8,1.0,I: G_6 x T_b (T_b in mass^4),9.42477796077,0.00530516476973,critical stage FAIL
P1,1T,3,1.0,0.8,2.0,II: G v^2 (dimensionless G mu),12.013873777,0.00416185494603,report-only (stage NC FAIL: critical stage failed; no stage-NC value is used); report-only row; axisymmetric critical point; stability NOT COMPUTED (YET)
P1,1T,3,1.0,0.8,2.0,I: G_6 x T_b (T_b in mass^4),12.013873777,0.00416185494603,report-only (stage NC FAIL: critical stage failed; no stage-NC value is used); report-only row; axisymmetric critical point; stability NOT COMPUTED (YET)
P1,1T,3,1.0,0.8,4.0,II: G v^2 (dimensionless G mu),15.1754479137,0.00329479566498,report-only (stage NC FAIL: critical stage failed; no stage-NC value is used); report-only row; axisymmetric critical point; stability NOT COMPUTED (YET)
P1,1T,3,1.0,0.8,4.0,I: G_6 x T_b (T_b in mass^4),15.1754479137,0.00329479566498,report-only (stage NC FAIL: critical stage failed; no stage-NC value is used); report-only row; axisymmetric critical point; stability NOT COMPUTED (YET)
P1,1T,3,1.0,0.9,0.25,II: G v^2 (dimensionless G mu),4.71238898038,0.00530516476973,report-only (stage NC FAIL: critical stage failed; no stage-NC value is used); axisymmetric critical point; stability NOT COMPUTED (YET)
P1,1T,3,1.0,0.9,0.25,I: G_6 x T_b (T_b in mass^4),4.71238898038,0.00530516476973,report-only (stage NC FAIL: critical stage failed; no stage-NC value is used); axisymmetric critical point; stability NOT COMPUTED (YET)
P1,1T,3,1.0,0.9,0.5,II: G v^2 (dimensionless G mu),7.06661828106,0.00353776007217,report-only (stage NC FAIL: critical stage failed; no stage-NC value is used); axisymmetric critical point; stability NOT COMPUTED (YET)
P1,1T,3,1.0,0.9,0.5,I: G_6 x T_b (T_b in mass^4),7.06661828106,0.00353776007217,report-only (stage NC FAIL: critical stage failed; no stage-NC value is used); axisymmetric critical point; stability NOT COMPUTED (YET)
P1,1T,3,1.0,0.9,1.0,II: G v^2 (dimensionless G mu),9.42477796077,0.00265258238486,critical stage FAIL
P1,1T,3,1.0,0.9,1.0,I: G_6 x T_b (T_b in mass^4),9.42477796077,0.00265258238486,critical stage FAIL
P1,1T,3,1.0,0.9,2.0,II: G v^2 (dimensionless G mu),11.9753846156,0.00208761562175,report-only (stage NC FAIL: critical stage failed; no stage-NC value is used); report-only row; axisymmetric critical point; stability NOT COMPUTED (YET)
P1,1T,3,1.0,0.9,2.0,I: G_6 x T_b (T_b in mass^4),11.9753846156,0.00208761562175,report-only (stage NC FAIL: critical stage failed; no stage-NC value is used); report-only row; axisymmetric critical point; stability NOT COMPUTED (YET)
P1,1T,3,1.0,0.9,4.0,II: G v^2 (dimensionless G mu),15.0534067562,0.0016607536357,report-only (stage NC FAIL: critical stage failed; no stage-NC value is used); report-only row; axisymmetric critical point; stability NOT COMPUTED (YET)
P1,1T,3,1.0,0.9,4.0,I: G_6 x T_b (T_b in mass^4),15.0534067562,0.0016607536357,report-only (stage NC FAIL: critical stage failed; no stage-NC value is used); report-only row; axisymmetric critical point; stability NOT COMPUTED (YET)
P1,1T,3,1.0,1,0.25,II: G v^2 (dimensionless G mu),NOT COMPUTED (YET),NOT COMPUTED (YET),"n/a (normal state) [normal state: exact solution, linearly stable for B > κ/2, marginal at B = κ/2; whether a vortex branch coexists (κ < 1, subcritical) is NOT COMPUTED (YET)] [by construction; not a test] [Venus 20:44]; normal-state energy (not a vortex value) = 4.71238898038"
P1,1T,3,1.0,1,0.25,I: G_6 x T_b (T_b in mass^4),NOT COMPUTED (YET),NOT COMPUTED (YET),"n/a (normal state) [normal state: exact solution, linearly stable for B > κ/2, marginal at B = κ/2; whether a vortex branch coexists (κ < 1, subcritical) is NOT COMPUTED (YET)] [by construction; not a test] [Venus 20:44]; normal-state energy (not a vortex value) = 4.71238898038"
P1,1T,3,1.0,1,0.5,II: G v^2 (dimensionless G mu),NOT COMPUTED (YET),NOT COMPUTED (YET),"n/a (normal state) [normal state: exact solution, linearly stable for B > κ/2, marginal at B = κ/2; whether a vortex branch coexists (κ < 1, subcritical) is NOT COMPUTED (YET)] [by construction; not a test] [Venus 20:44]; normal-state energy (not a vortex value) = 7.06858347058"
P1,1T,3,1.0,1,0.5,I: G_6 x T_b (T_b in mass^4),NOT COMPUTED (YET),NOT COMPUTED (YET),"n/a (normal state) [normal state: exact solution, linearly stable for B > κ/2, marginal at B = κ/2; whether a vortex branch coexists (κ < 1, subcritical) is NOT COMPUTED (YET)] [by construction; not a test] [Venus 20:44]; normal-state energy (not a vortex value) = 7.06858347058"
P1,1T,3,1.0,1,1.0,II: G v^2 (dimensionless G mu),9.42477796077,0,critical stage FAIL
P1,1T,3,1.0,1,1.0,I: G_6 x T_b (T_b in mass^4),9.42477796077,0,critical stage FAIL
P1,1T,3,1.0,1,2.0,II: G v^2 (dimensionless G mu),11.9369272232,0,report-only (stage NC FAIL: critical stage failed; no stage-NC value is used); report-only row; axisymmetric critical point; stability NOT COMPUTED (YET)
P1,1T,3,1.0,1,2.0,I: G_6 x T_b (T_b in mass^4),11.9369272232,0,report-only (stage NC FAIL: critical stage failed; no stage-NC value is used); report-only row; axisymmetric critical point; stability NOT COMPUTED (YET)
P1,1T,3,1.0,1,4.0,II: G v^2 (dimensionless G mu),14.9346162733,0,report-only (stage NC FAIL: critical stage failed; no stage-NC value is used); report-only row; axisymmetric critical point; stability NOT COMPUTED (YET)
P1,1T,3,1.0,1,4.0,I: G_6 x T_b (T_b in mass^4),14.9346162733,0,report-only (stage NC FAIL: critical stage failed; no stage-NC value is used); report-only row; axisymmetric critical point; stability NOT COMPUTED (YET)
P1,1T,3,24.0,0.5,0.25,II: G v^2 (dimensionless G mu),5.85795301647,0.0213385118741,report-only (stage NC FAIL: critical stage failed; no stage-NC value is used); axisymmetric critical point; stability NOT COMPUTED (YET)
P1,1T,3,24.0,0.5,0.25,I: G_6 x T_b (T_b in mass^4),5.85795301647,0.0213385118741,report-only (stage NC FAIL: critical stage failed; no stage-NC value is used); axisymmetric critical point; stability NOT COMPUTED (YET)
P1,1T,3,24.0,0.5,0.5,II: G v^2 (dimensionless G mu),7.40009531737,0.0168916743149,report-only (stage NC FAIL: critical stage failed; no stage-NC value is used); axisymmetric critical point; stability NOT COMPUTED (YET)
P1,1T,3,24.0,0.5,0.5,I: G_6 x T_b (T_b in mass^4),7.40009531737,0.0168916743149,report-only (stage NC FAIL: critical stage failed; no stage-NC value is used); axisymmetric critical point; stability NOT COMPUTED (YET)
P1,1T,3,24.0,0.5,1.0,II: G v^2 (dimensionless G mu),9.42477796077,0.0132629119243,critical stage FAIL
P1,1T,3,24.0,0.5,1.0,I: G_6 x T_b (T_b in mass^4),9.42477796077,0.0132629119243,critical stage FAIL
P1,1T,3,24.0,0.5,2.0,II: G v^2 (dimensionless G mu),12.0773459825,0.0103499560401,report-only (stage NC FAIL: critical stage failed; no stage-NC value is used); report-only row; axisymmetric critical point; stability NOT COMPUTED (YET)
P1,1T,3,24.0,0.5,2.0,I: G_6 x T_b (T_b in mass^4),12.0773459825,0.0103499560401,report-only (stage NC FAIL: critical stage failed; no stage-NC value is used); report-only row; axisymmetric critical point; stability NOT COMPUTED (YET)
P1,1T,3,24.0,0.5,4.0,II: G v^2 (dimensionless G mu),15.531135437,0.00804834910541,report-only (stage NC FAIL: critical stage failed; no stage-NC value is used); report-only row; axisymmetric critical point; stability NOT COMPUTED (YET)
P1,1T,3,24.0,0.5,4.0,I: G_6 x T_b (T_b in mass^4),15.531135437,0.00804834910541,report-only (stage NC FAIL: critical stage failed; no stage-NC value is used); report-only row; axisymmetric critical point; stability NOT COMPUTED (YET)
P1,1T,3,24.0,0.6,0.25,II: G v^2 (dimensionless G mu),5.9317661957,0.0168583852938,report-only (stage NC FAIL: critical stage failed; no stage-NC value is used); axisymmetric critical point; stability NOT COMPUTED (YET)
P1,1T,3,24.0,0.6,0.25,I: G_6 x T_b (T_b in mass^4),5.9317661957,0.0168583852938,report-only (stage NC FAIL: critical stage failed; no stage-NC value is used); axisymmetric critical point; stability NOT COMPUTED (YET)
P1,1T,3,24.0,0.6,0.5,II: G v^2 (dimensionless G mu),7.45075903463,0.0134214513629,report-only (stage NC FAIL: critical stage failed; no stage-NC value is used); axisymmetric critical point; stability NOT COMPUTED (YET)
P1,1T,3,24.0,0.6,0.5,I: G_6 x T_b (T_b in mass^4),7.45075903463,0.0134214513629,report-only (stage NC FAIL: critical stage failed; no stage-NC value is used); axisymmetric critical point; stability NOT COMPUTED (YET)
P1,1T,3,24.0,0.6,1.0,II: G v^2 (dimensionless G mu),9.42477796077,0.0106103295395,critical stage FAIL
P1,1T,3,24.0,0.6,1.0,I: G_6 x T_b (T_b in mass^4),9.42477796077,0.0106103295395,critical stage FAIL
P1,1T,3,24.0,0.6,2.0,II: G v^2 (dimensionless G mu),11.9866958677,0.00834258256855,report-only (stage NC FAIL: critical stage failed; no stage-NC value is used); report-only row; axisymmetric critical point; stability NOT COMPUTED (YET)
P1,1T,3,24.0,0.6,2.0,I: G_6 x T_b (T_b in mass^4),11.9866958677,0.00834258256855,report-only (stage NC FAIL: critical stage failed; no stage-NC value is used); report-only row; axisymmetric critical point; stability NOT COMPUTED (YET)
P1,1T,3,24.0,0.6,4.0,II: G v^2 (dimensionless G mu),15.2917688392,0.0065394658428,report-only (stage NC FAIL: critical stage failed; no stage-NC value is used); report-only row; axisymmetric critical point; stability NOT COMPUTED (YET)
P1,1T,3,24.0,0.6,4.0,I: G_6 x T_b (T_b in mass^4),15.2917688392,0.0065394658428,report-only (stage NC FAIL: critical stage failed; no stage-NC value is used); report-only row; axisymmetric critical point; stability NOT COMPUTED (YET)
P1,1T,3,24.0,0.7,0.25,II: G v^2 (dimensionless G mu),6.00322711037,0.0124932804675,report-only (stage NC FAIL: critical stage failed; no stage-NC value is used); axisymmetric critical point; stability NOT COMPUTED (YET)
P1,1T,3,24.0,0.7,0.25,I: G_6 x T_b (T_b in mass^4),6.00322711037,0.0124932804675,report-only (stage NC FAIL: critical stage failed; no stage-NC value is used); axisymmetric critical point; stability NOT COMPUTED (YET)
P1,1T,3,24.0,0.7,0.5,II: G v^2 (dimensionless G mu),7.49874428571,0.0100016745661,report-only (stage NC FAIL: critical stage failed; no stage-NC value is used); axisymmetric critical point; stability NOT COMPUTED (YET)
P1,1T,3,24.0,0.7,0.5,I: G_6 x T_b (T_b in mass^4),7.49874428571,0.0100016745661,report-only (stage NC FAIL: critical stage failed; no stage-NC value is used); axisymmetric critical point; stability NOT COMPUTED (YET)
P1,1T,3,24.0,0.7,1.0,II: G v^2 (dimensionless G mu),9.42477796077,0.00795774715459,critical stage FAIL
P1,1T,3,24.0,0.7,1.0,I: G_6 x T_b (T_b in mass^4),9.42477796077,0.00795774715459,critical stage FAIL
P1,1T,3,24.0,0.7,2.0,II: G v^2 (dimensionless G mu),11.9037472959,0.00630053697677,report-only (stage NC FAIL: critical stage failed; no stage-NC value is used); report-only row; axisymmetric critical point; stability NOT COMPUTED (YET)
P1,1T,3,24.0,0.7,2.0,I: G_6 x T_b (T_b in mass^4),11.9037472959,0.00630053697677,report-only (stage NC FAIL: critical stage failed; no stage-NC value is used); report-only row; axisymmetric critical point; stability NOT COMPUTED (YET)
P1,1T,3,24.0,0.7,4.0,II: G v^2 (dimensionless G mu),15.0757690908,0.004974870572,report-only (stage NC FAIL: critical stage failed; no stage-NC value is used); report-only row; axisymmetric critical point; stability NOT COMPUTED (YET)
P1,1T,3,24.0,0.7,4.0,I: G_6 x T_b (T_b in mass^4),15.0757690908,0.004974870572,report-only (stage NC FAIL: critical stage failed; no stage-NC value is used); report-only row; axisymmetric critical point; stability NOT COMPUTED (YET)
P1,1T,3,24.0,0.8,0.25,II: G v^2 (dimensionless G mu),6.07161066033,0.00823504713941,report-only (stage NC FAIL: critical stage failed; no stage-NC value is used); axisymmetric critical point; stability NOT COMPUTED (YET)
P1,1T,3,24.0,0.8,0.25,I: G_6 x T_b (T_b in mass^4),6.07161066033,0.00823504713941,report-only (stage NC FAIL: critical stage failed; no stage-NC value is used); axisymmetric critical point; stability NOT COMPUTED (YET)
P1,1T,3,24.0,0.8,0.5,II: G v^2 (dimensionless G mu),7.54393958586,0.00662783674643,report-only (stage NC FAIL: critical stage failed; no stage-NC value is used); axisymmetric critical point; stability NOT COMPUTED (YET)
P1,1T,3,24.0,0.8,0.5,I: G_6 x T_b (T_b in mass^4),7.54393958586,0.00662783674643,report-only (stage NC FAIL: critical stage failed; no stage-NC value is used); axisymmetric critical point; stability NOT COMPUTED (YET)
P1,1T,3,24.0,0.8,1.0,II: G v^2 (dimensionless G mu),9.42477796077,0.00530516476973,critical stage FAIL
P1,1T,3,24.0,0.8,1.0,I: G_6 x T_b (T_b in mass^4),9.42477796077,0.00530516476973,critical stage FAIL
P1,1T,3,24.0,0.8,2.0,II: G v^2 (dimensionless G mu),11.8275785652,0.00422740797911,report-only (stage NC FAIL: critical stage failed; no stage-NC value is used); report-only row; axisymmetric critical point; stability NOT COMPUTED (YET)
P1,1T,3,24.0,0.8,2.0,I: G_6 x T_b (T_b in mass^4),11.8275785652,0.00422740797911,report-only (stage NC FAIL: critical stage failed; no stage-NC value is used); report-only row; axisymmetric critical point; stability NOT COMPUTED (YET)
P1,1T,3,24.0,0.8,4.0,II: G v^2 (dimensionless G mu),14.8795368991,0.00336031963488,report-only (stage NC FAIL: critical stage failed; no stage-NC value is used); report-only row; axisymmetric critical point; stability NOT COMPUTED (YET)
P1,1T,3,24.0,0.8,4.0,I: G_6 x T_b (T_b in mass^4),14.8795368991,0.00336031963488,report-only (stage NC FAIL: critical stage failed; no stage-NC value is used); report-only row; axisymmetric critical point; stability NOT COMPUTED (YET)
P1,1T,3,24.0,0.9,0.25,II: G v^2 (dimensionless G mu),6.13673533752,0.004073827308,report-only (stage NC FAIL: critical stage failed; no stage-NC value is used); axisymmetric critical point; stability NOT COMPUTED (YET)
P1,1T,3,24.0,0.9,0.25,I: G_6 x T_b (T_b in mass^4),6.13673533752,0.004073827308,report-only (stage NC FAIL: critical stage failed; no stage-NC value is used); axisymmetric critical point; stability NOT COMPUTED (YET)
P1,1T,3,24.0,0.9,0.5,II: G v^2 (dimensionless G mu),7.58646463203,0.00329534258876,report-only (stage NC FAIL: critical stage failed; no stage-NC value is used); axisymmetric critical point; stability NOT COMPUTED (YET)
P1,1T,3,24.0,0.9,0.5,I: G_6 x T_b (T_b in mass^4),7.58646463203,0.00329534258876,report-only (stage NC FAIL: critical stage failed; no stage-NC value is used); axisymmetric critical point; stability NOT COMPUTED (YET)
P1,1T,3,24.0,0.9,1.0,II: G v^2 (dimensionless G mu),9.42477796077,0.00265258238486,critical stage FAIL
P1,1T,3,24.0,0.9,1.0,I: G_6 x T_b (T_b in mass^4),9.42477796077,0.00265258238486,critical stage FAIL
P1,1T,3,24.0,0.9,2.0,II: G v^2 (dimensionless G mu),11.7573146142,0.0021263358871,report-only (stage NC FAIL: critical stage failed; no stage-NC value is used); report-only row; axisymmetric critical point; stability NOT COMPUTED (YET)
P1,1T,3,24.0,0.9,2.0,I: G_6 x T_b (T_b in mass^4),11.7573146142,0.0021263358871,report-only (stage NC FAIL: critical stage failed; no stage-NC value is used); report-only row; axisymmetric critical point; stability NOT COMPUTED (YET)
P1,1T,3,24.0,0.9,4.0,II: G v^2 (dimensionless G mu),14.7000918594,0.00170066964472,report-only (stage NC FAIL: critical stage failed; no stage-NC value is used); report-only row; axisymmetric critical point; stability NOT COMPUTED (YET)
P1,1T,3,24.0,0.9,4.0,I: G_6 x T_b (T_b in mass^4),14.7000918594,0.00170066964472,report-only (stage NC FAIL: critical stage failed; no stage-NC value is used); report-only row; axisymmetric critical point; stability NOT COMPUTED (YET)
P1,1T,3,24.0,1,0.25,II: G v^2 (dimensionless G mu),6.19865949078,0,report-only (stage NC FAIL: critical stage failed; no stage-NC value is used); axisymmetric critical point; stability NOT COMPUTED (YET)
P1,1T,3,24.0,1,0.25,I: G_6 x T_b (T_b in mass^4),6.19865949078,0,report-only (stage NC FAIL: critical stage failed; no stage-NC value is used); axisymmetric critical point; stability NOT COMPUTED (YET)
P1,1T,3,24.0,1,0.5,II: G v^2 (dimensionless G mu),7.62651581903,0,report-only (stage NC FAIL: critical stage failed; no stage-NC value is used); axisymmetric critical point; stability NOT COMPUTED (YET)
P1,1T,3,24.0,1,0.5,I: G_6 x T_b (T_b in mass^4),7.62651581903,0,report-only (stage NC FAIL: critical stage failed; no stage-NC value is used); axisymmetric critical point; stability NOT COMPUTED (YET)
P1,1T,3,24.0,1,1.0,II: G v^2 (dimensionless G mu),9.42477796077,0,critical stage FAIL
P1,1T,3,24.0,1,1.0,I: G_6 x T_b (T_b in mass^4),9.42477796077,0,critical stage FAIL
P1,1T,3,24.0,1,2.0,II: G v^2 (dimensionless G mu),11.6921984827,0,report-only (stage NC FAIL: critical stage failed; no stage-NC value is used); report-only row; axisymmetric critical point; stability NOT COMPUTED (YET)
P1,1T,3,24.0,1,2.0,I: G_6 x T_b (T_b in mass^4),11.6921984827,0,report-only (stage NC FAIL: critical stage failed; no stage-NC value is used); report-only row; axisymmetric critical point; stability NOT COMPUTED (YET)
P1,1T,3,24.0,1,4.0,II: G v^2 (dimensionless G mu),14.5350256537,0,report-only (stage NC FAIL: critical stage failed; no stage-NC value is used); report-only row; axisymmetric critical point; stability NOT COMPUTED (YET)
P1,1T,3,24.0,1,4.0,I: G_6 x T_b (T_b in mass^4),14.5350256537,0,report-only (stage NC FAIL: critical stage failed; no stage-NC value is used); report-only row; axisymmetric critical point; stability NOT COMPUTED (YET)
P1,1T,3,4.0,0.5,0.25,II: G v^2 (dimensionless G mu),5.74972049371,0.0217401872207,report-only (stage NC FAIL: critical stage failed; no stage-NC value is used); axisymmetric critical point; stability NOT COMPUTED (YET)
P1,1T,3,4.0,0.5,0.25,I: G_6 x T_b (T_b in mass^4),5.74972049371,0.0217401872207,report-only (stage NC FAIL: critical stage failed; no stage-NC value is used); axisymmetric critical point; stability NOT COMPUTED (YET)
P1,1T,3,4.0,0.5,0.5,II: G v^2 (dimensionless G mu),7.38340008792,0.0169298695061,report-only (stage NC FAIL: critical stage failed; no stage-NC value is used); axisymmetric critical point; stability NOT COMPUTED (YET)
P1,1T,3,4.0,0.5,0.5,I: G_6 x T_b (T_b in mass^4),7.38340008792,0.0169298695061,report-only (stage NC FAIL: critical stage failed; no stage-NC value is used); axisymmetric critical point; stability NOT COMPUTED (YET)
P1,1T,3,4.0,0.5,1.0,II: G v^2 (dimensionless G mu),9.42477796077,0.0132629119243,critical stage FAIL
P1,1T,3,4.0,0.5,1.0,I: G_6 x T_b (T_b in mass^4),9.42477796077,0.0132629119243,critical stage FAIL
P1,1T,3,4.0,0.5,2.0,II: G v^2 (dimensionless G mu),12.0654590539,0.0103601528496,report-only (stage NC FAIL: critical stage failed; no stage-NC value is used); report-only row; axisymmetric critical point; stability NOT COMPUTED (YET)
P1,1T,3,4.0,0.5,2.0,I: G_6 x T_b (T_b in mass^4),12.0654590539,0.0103601528496,report-only (stage NC FAIL: critical stage failed; no stage-NC value is used); report-only row; axisymmetric critical point; stability NOT COMPUTED (YET)
P1,1T,3,4.0,0.5,4.0,II: G v^2 (dimensionless G mu),15.4962735514,0.00806645543429,report-only (stage NC FAIL: critical stage failed; no stage-NC value is used); report-only row; axisymmetric critical point; stability NOT COMPUTED (YET)
P1,1T,3,4.0,0.5,4.0,I: G_6 x T_b (T_b in mass^4),15.4962735514,0.00806645543429,report-only (stage NC FAIL: critical stage failed; no stage-NC value is used); report-only row; axisymmetric critical point; stability NOT COMPUTED (YET)
P1,1T,3,4.0,0.6,0.25,II: G v^2 (dimensionless G mu),5.77136117822,0.0173269350006,report-only (stage NC FAIL: critical stage failed; no stage-NC value is used); axisymmetric critical point; stability NOT COMPUTED (YET)
P1,1T,3,4.0,0.6,0.25,I: G_6 x T_b (T_b in mass^4),5.77136117822,0.0173269350006,report-only (stage NC FAIL: critical stage failed; no stage-NC value is used); axisymmetric critical point; stability NOT COMPUTED (YET)
P1,1T,3,4.0,0.6,0.5,II: G v^2 (dimensionless G mu),7.40675003602,0.0135011981657,report-only (stage NC FAIL: critical stage failed; no stage-NC value is used); axisymmetric critical point; stability NOT COMPUTED (YET)
P1,1T,3,4.0,0.6,0.5,I: G_6 x T_b (T_b in mass^4),7.40675003602,0.0135011981657,report-only (stage NC FAIL: critical stage failed; no stage-NC value is used); axisymmetric critical point; stability NOT COMPUTED (YET)
P1,1T,3,4.0,0.6,1.0,II: G v^2 (dimensionless G mu),9.42477796077,0.0106103295395,critical stage FAIL
P1,1T,3,4.0,0.6,1.0,I: G_6 x T_b (T_b in mass^4),9.42477796077,0.0106103295395,critical stage FAIL
P1,1T,3,4.0,0.6,2.0,II: G v^2 (dimensionless G mu),12.0033735991,0.00833099121462,report-only (stage NC FAIL: critical stage failed; no stage-NC value is used); report-only row; axisymmetric critical point; stability NOT COMPUTED (YET)
P1,1T,3,4.0,0.6,2.0,I: G_6 x T_b (T_b in mass^4),12.0033735991,0.00833099121462,report-only (stage NC FAIL: critical stage failed; no stage-NC value is used); report-only row; axisymmetric critical point; stability NOT COMPUTED (YET)
P1,1T,3,4.0,0.6,4.0,II: G v^2 (dimensionless G mu),15.3133145996,0.00653026484564,report-only (stage NC FAIL: critical stage failed; no stage-NC value is used); report-only row; axisymmetric critical point; stability NOT COMPUTED (YET)
P1,1T,3,4.0,0.6,4.0,I: G_6 x T_b (T_b in mass^4),15.3133145996,0.00653026484564,report-only (stage NC FAIL: critical stage failed; no stage-NC value is used); report-only row; axisymmetric critical point; stability NOT COMPUTED (YET)
P1,1T,3,4.0,0.7,0.25,II: G v^2 (dimensionless G mu),5.79581751314,0.0129403660191,report-only (stage NC FAIL: critical stage failed; no stage-NC value is used); axisymmetric critical point; stability NOT COMPUTED (YET)
P1,1T,3,4.0,0.7,0.25,I: G_6 x T_b (T_b in mass^4),5.79581751314,0.0129403660191,report-only (stage NC FAIL: critical stage failed; no stage-NC value is used); axisymmetric critical point; stability NOT COMPUTED (YET)
P1,1T,3,4.0,0.7,0.5,II: G v^2 (dimensionless G mu),7.43201806608,0.0100914717017,report-only (stage NC FAIL: critical stage failed; no stage-NC value is used); axisymmetric critical point; stability NOT COMPUTED (YET)
P1,1T,3,4.0,0.7,0.5,I: G_6 x T_b (T_b in mass^4),7.43201806608,0.0100914717017,report-only (stage NC FAIL: critical stage failed; no stage-NC value is used); axisymmetric critical point; stability NOT COMPUTED (YET)
P1,1T,3,4.0,0.7,1.0,II: G v^2 (dimensionless G mu),9.42477796077,0.00795774715459,critical stage FAIL
P1,1T,3,4.0,0.7,1.0,I: G_6 x T_b (T_b in mass^4),9.42477796077,0.00795774715459,critical stage FAIL
P1,1T,3,4.0,0.7,2.0,II: G v^2 (dimensionless G mu),11.9414624424,0.00628063776624,report-only (stage NC FAIL: critical stage failed; no stage-NC value is used); report-only row; axisymmetric critical point; stability NOT COMPUTED (YET)
P1,1T,3,4.0,0.7,2.0,I: G_6 x T_b (T_b in mass^4),11.9414624424,0.00628063776624,report-only (stage NC FAIL: critical stage failed; no stage-NC value is used); report-only row; axisymmetric critical point; stability NOT COMPUTED (YET)
P1,1T,3,4.0,0.7,4.0,II: G v^2 (dimensionless G mu),15.1369813002,0.00495475276823,report-only (stage NC FAIL: critical stage failed; no stage-NC value is used); report-only row; axisymmetric critical point; stability NOT COMPUTED (YET)
P1,1T,3,4.0,0.7,4.0,I: G_6 x T_b (T_b in mass^4),15.1369813002,0.00495475276823,report-only (stage NC FAIL: critical stage failed; no stage-NC value is used); report-only row; axisymmetric critical point; stability NOT COMPUTED (YET)
P1,1T,3,4.0,0.8,0.25,II: G v^2 (dimensionless G mu),5.82194466909,0.00858819567033,report-only (stage NC FAIL: critical stage failed; no stage-NC value is used); axisymmetric critical point; stability NOT COMPUTED (YET)
P1,1T,3,4.0,0.8,0.25,I: G_6 x T_b (T_b in mass^4),5.82194466909,0.00858819567033,report-only (stage NC FAIL: critical stage failed; no stage-NC value is used); axisymmetric critical point; stability NOT COMPUTED (YET)
P1,1T,3,4.0,0.8,0.5,II: G v^2 (dimensionless G mu),7.45817650115,0.00670405158584,report-only (stage NC FAIL: critical stage failed; no stage-NC value is used); axisymmetric critical point; stability NOT COMPUTED (YET)
P1,1T,3,4.0,0.8,0.5,I: G_6 x T_b (T_b in mass^4),7.45817650115,0.00670405158584,report-only (stage NC FAIL: critical stage failed; no stage-NC value is used); axisymmetric critical point; stability NOT COMPUTED (YET)
P1,1T,3,4.0,0.8,1.0,II: G v^2 (dimensionless G mu),9.42477796077,0.00530516476973,critical stage FAIL
P1,1T,3,4.0,0.8,1.0,I: G_6 x T_b (T_b in mass^4),9.42477796077,0.00530516476973,critical stage FAIL
P1,1T,3,4.0,0.8,2.0,II: G v^2 (dimensionless G mu),11.8812139896,0.00420832416988,report-only (stage NC FAIL: critical stage failed; no stage-NC value is used); report-only row; axisymmetric critical point; stability NOT COMPUTED (YET)
P1,1T,3,4.0,0.8,2.0,I: G_6 x T_b (T_b in mass^4),11.8812139896,0.00420832416988,report-only (stage NC FAIL: critical stage failed; no stage-NC value is used); report-only row; axisymmetric critical point; stability NOT COMPUTED (YET)
P1,1T,3,4.0,0.8,4.0,II: G v^2 (dimensionless G mu),14.9696609253,0.00334008901402,report-only (stage NC FAIL: critical stage failed; no stage-NC value is used); report-only row; axisymmetric critical point; stability NOT COMPUTED (YET)
P1,1T,3,4.0,0.8,4.0,I: G_6 x T_b (T_b in mass^4),14.9696609253,0.00334008901402,report-only (stage NC FAIL: critical stage failed; no stage-NC value is used); report-only row; axisymmetric critical point; stability NOT COMPUTED (YET)
P1,1T,3,4.0,0.9,0.25,II: G v^2 (dimensionless G mu),5.84891204765,0.00427429918527,report-only (stage NC FAIL: critical stage failed; no stage-NC value is used); axisymmetric critical point; stability NOT COMPUTED (YET)
P1,1T,3,4.0,0.9,0.25,I: G_6 x T_b (T_b in mass^4),5.84891204765,0.00427429918527,report-only (stage NC FAIL: critical stage failed; no stage-NC value is used); axisymmetric critical point; stability NOT COMPUTED (YET)
P1,1T,3,4.0,0.9,0.5,II: G v^2 (dimensionless G mu),7.48455462372,0.00334021211105,report-only (stage NC FAIL: critical stage failed; no stage-NC value is used); axisymmetric critical point; stability NOT COMPUTED (YET)
P1,1T,3,4.0,0.9,0.5,I: G_6 x T_b (T_b in mass^4),7.48455462372,0.00334021211105,report-only (stage NC FAIL: critical stage failed; no stage-NC value is used); axisymmetric critical point; stability NOT COMPUTED (YET)
P1,1T,3,4.0,0.9,1.0,II: G v^2 (dimensionless G mu),9.42477796077,0.00265258238486,critical stage FAIL
P1,1T,3,4.0,0.9,1.0,I: G_6 x T_b (T_b in mass^4),9.42477796077,0.00265258238486,critical stage FAIL
P1,1T,3,4.0,0.9,2.0,II: G v^2 (dimensionless G mu),11.823319229,0.0021144654488,report-only (stage NC FAIL: critical stage failed; no stage-NC value is used); report-only row; axisymmetric critical point; stability NOT COMPUTED (YET)
P1,1T,3,4.0,0.9,2.0,I: G_6 x T_b (T_b in mass^4),11.823319229,0.0021144654488,report-only (stage NC FAIL: critical stage failed; no stage-NC value is used); report-only row; axisymmetric critical point; stability NOT COMPUTED (YET)
P1,1T,3,4.0,0.9,4.0,II: G v^2 (dimensionless G mu),14.8119738208,0.00168782366905,report-only (stage NC FAIL: critical stage failed; no stage-NC value is used); report-only row; axisymmetric critical point; stability NOT COMPUTED (YET)
P1,1T,3,4.0,0.9,4.0,I: G_6 x T_b (T_b in mass^4),14.8119738208,0.00168782366905,report-only (stage NC FAIL: critical stage failed; no stage-NC value is used); report-only row; axisymmetric critical point; stability NOT COMPUTED (YET)
P1,1T,3,4.0,1,0.25,II: G v^2 (dimensionless G mu),5.87612867331,0,report-only (stage NC FAIL: critical stage failed; no stage-NC value is used); axisymmetric critical point; stability NOT COMPUTED (YET)
P1,1T,3,4.0,1,0.25,I: G_6 x T_b (T_b in mass^4),5.87612867331,0,report-only (stage NC FAIL: critical stage failed; no stage-NC value is used); axisymmetric critical point; stability NOT COMPUTED (YET)
P1,1T,3,4.0,1,0.5,II: G v^2 (dimensionless G mu),7.51072290259,0,report-only (stage NC FAIL: critical stage failed; no stage-NC value is used); axisymmetric critical point; stability NOT COMPUTED (YET)
P1,1T,3,4.0,1,0.5,I: G_6 x T_b (T_b in mass^4),7.51072290259,0,report-only (stage NC FAIL: critical stage failed; no stage-NC value is used); axisymmetric critical point; stability NOT COMPUTED (YET)
P1,1T,3,4.0,1,1.0,II: G v^2 (dimensionless G mu),9.42477796077,0,critical stage FAIL
P1,1T,3,4.0,1,1.0,I: G_6 x T_b (T_b in mass^4),9.42477796077,0,critical stage FAIL
P1,1T,3,4.0,1,2.0,II: G v^2 (dimensionless G mu),11.7680483478,0,report-only (stage NC FAIL: critical stage failed; no stage-NC value is used); report-only row; axisymmetric critical point; stability NOT COMPUTED (YET)
P1,1T,3,4.0,1,2.0,I: G_6 x T_b (T_b in mass^4),11.7680483478,0,report-only (stage NC FAIL: critical stage failed; no stage-NC value is used); report-only row; axisymmetric critical point; stability NOT COMPUTED (YET)
P1,1T,3,4.0,1,4.0,II: G v^2 (dimensionless G mu),14.663746272,0,report-only (stage NC FAIL: critical stage failed; no stage-NC value is used); report-only row; axisymmetric critical point; stability NOT COMPUTED (YET)
P1,1T,3,4.0,1,4.0,I: G_6 x T_b (T_b in mass^4),14.663746272,0,report-only (stage NC FAIL: critical stage failed; no stage-NC value is used); report-only row; axisymmetric critical point; stability NOT COMPUTED (YET)
P1,1T,3,99.0,0.5,0.25,II: G v^2 (dimensionless G mu),5.84592897861,0.021382401404,report-only (stage NC FAIL: critical stage failed; no stage-NC value is used); axisymmetric critical point; stability NOT COMPUTED (YET)
P1,1T,3,99.0,0.5,0.25,I: G_6 x T_b (T_b in mass^4),5.84592897861,0.021382401404,report-only (stage NC FAIL: critical stage failed; no stage-NC value is used); axisymmetric critical point; stability NOT COMPUTED (YET)
P1,1T,3,99.0,0.5,0.5,II: G v^2 (dimensionless G mu),7.39340206798,0.0169069663533,report-only (stage NC FAIL: critical stage failed; no stage-NC value is used); axisymmetric critical point; stability NOT COMPUTED (YET)
P1,1T,3,99.0,0.5,0.5,I: G_6 x T_b (T_b in mass^4),7.39340206798,0.0169069663533,report-only (stage NC FAIL: critical stage failed; no stage-NC value is used); axisymmetric critical point; stability NOT COMPUTED (YET)
P1,1T,3,99.0,0.5,1.0,II: G v^2 (dimensionless G mu),9.42477796077,0.0132629119243,critical stage FAIL
P1,1T,3,99.0,0.5,1.0,I: G_6 x T_b (T_b in mass^4),9.42477796077,0.0132629119243,critical stage FAIL
P1,1T,3,99.0,0.5,2.0,II: G v^2 (dimensionless G mu),12.0838772617,0.0103443619372,report-only (stage NC FAIL: critical stage failed; no stage-NC value is used); report-only row; axisymmetric critical point; stability NOT COMPUTED (YET)
P1,1T,3,99.0,0.5,2.0,I: G_6 x T_b (T_b in mass^4),12.0838772617,0.0103443619372,report-only (stage NC FAIL: critical stage failed; no stage-NC value is used); report-only row; axisymmetric critical point; stability NOT COMPUTED (YET)
P1,1T,3,99.0,0.5,4.0,II: G v^2 (dimensionless G mu),15.5434818329,0.00804195619387,report-only (stage NC FAIL: critical stage failed; no stage-NC value is used); report-only row; axisymmetric critical point; stability NOT COMPUTED (YET)
P1,1T,3,99.0,0.5,4.0,I: G_6 x T_b (T_b in mass^4),15.5434818329,0.00804195619387,report-only (stage NC FAIL: critical stage failed; no stage-NC value is used); report-only row; axisymmetric critical point; stability NOT COMPUTED (YET)
P1,1T,3,99.0,0.6,0.25,II: G v^2 (dimensionless G mu),5.93830966484,0.0168398089093,report-only (stage NC FAIL: critical stage failed; no stage-NC value is used); axisymmetric critical point; stability NOT COMPUTED (YET)
P1,1T,3,99.0,0.6,0.25,I: G_6 x T_b (T_b in mass^4),5.93830966484,0.0168398089093,report-only (stage NC FAIL: critical stage failed; no stage-NC value is used); axisymmetric critical point; stability NOT COMPUTED (YET)
P1,1T,3,99.0,0.6,0.5,II: G v^2 (dimensionless G mu),7.45266569514,0.0134180176719,report-only (stage NC FAIL: critical stage failed; no stage-NC value is used); axisymmetric critical point; stability NOT COMPUTED (YET)
P1,1T,3,99.0,0.6,0.5,I: G_6 x T_b (T_b in mass^4),7.45266569514,0.0134180176719,report-only (stage NC FAIL: critical stage failed; no stage-NC value is used); axisymmetric critical point; stability NOT COMPUTED (YET)
P1,1T,3,99.0,0.6,1.0,II: G v^2 (dimensionless G mu),9.42477796077,0.0106103295395,critical stage FAIL
P1,1T,3,99.0,0.6,1.0,I: G_6 x T_b (T_b in mass^4),9.42477796077,0.0106103295395,critical stage FAIL
P1,1T,3,99.0,0.6,2.0,II: G v^2 (dimensionless G mu),11.9859894766,0.00834307423641,report-only (stage NC FAIL: critical stage failed; no stage-NC value is used); report-only row; axisymmetric critical point; stability NOT COMPUTED (YET)
P1,1T,3,99.0,0.6,2.0,I: G_6 x T_b (T_b in mass^4),11.9859894766,0.00834307423641,report-only (stage NC FAIL: critical stage failed; no stage-NC value is used); report-only row; axisymmetric critical point; stability NOT COMPUTED (YET)
P1,1T,3,99.0,0.6,4.0,II: G v^2 (dimensionless G mu),15.2908705732,0.00653985000537,report-only (stage NC FAIL: critical stage failed; no stage-NC value is used); report-only row; axisymmetric critical point; stability NOT COMPUTED (YET)
P1,1T,3,99.0,0.6,4.0,I: G_6 x T_b (T_b in mass^4),15.2908705732,0.00653985000537,report-only (stage NC FAIL: critical stage failed; no stage-NC value is used); report-only row; axisymmetric critical point; stability NOT COMPUTED (YET)
P1,1T,3,99.0,0.7,0.25,II: G v^2 (dimensionless G mu),6.02344583324,0.0124513446417,report-only (stage NC FAIL: critical stage failed; no stage-NC value is used); axisymmetric critical point; stability NOT COMPUTED (YET)
P1,1T,3,99.0,0.7,0.25,I: G_6 x T_b (T_b in mass^4),6.02344583324,0.0124513446417,report-only (stage NC FAIL: critical stage failed; no stage-NC value is used); axisymmetric critical point; stability NOT COMPUTED (YET)
P1,1T,3,99.0,0.7,0.5,II: G v^2 (dimensionless G mu),7.50673703373,0.00999102535003,report-only (stage NC FAIL: critical stage failed; no stage-NC value is used); axisymmetric critical point; stability NOT COMPUTED (YET)
P1,1T,3,99.0,0.7,0.5,I: G_6 x T_b (T_b in mass^4),7.50673703373,0.00999102535003,report-only (stage NC FAIL: critical stage failed; no stage-NC value is used); axisymmetric critical point; stability NOT COMPUTED (YET)
P1,1T,3,99.0,0.7,1.0,II: G v^2 (dimensionless G mu),9.42477796077,0.00795774715459,critical stage FAIL
P1,1T,3,99.0,0.7,1.0,I: G_6 x T_b (T_b in mass^4),9.42477796077,0.00795774715459,critical stage FAIL
P1,1T,3,99.0,0.7,2.0,II: G v^2 (dimensionless G mu),11.8982100207,0.00630346916632,report-only (stage NC FAIL: critical stage failed; no stage-NC value is used); report-only row; axisymmetric critical point; stability NOT COMPUTED (YET)
P1,1T,3,99.0,0.7,2.0,I: G_6 x T_b (T_b in mass^4),11.8982100207,0.00630346916632,report-only (stage NC FAIL: critical stage failed; no stage-NC value is used); report-only row; axisymmetric critical point; stability NOT COMPUTED (YET)
P1,1T,3,99.0,0.7,4.0,II: G v^2 (dimensionless G mu),15.0662245886,0.00497802216866,report-only (stage NC FAIL: critical stage failed; no stage-NC value is used); report-only row; axisymmetric critical point; stability NOT COMPUTED (YET)
P1,1T,3,99.0,0.7,4.0,I: G_6 x T_b (T_b in mass^4),15.0662245886,0.00497802216866,report-only (stage NC FAIL: critical stage failed; no stage-NC value is used); report-only row; axisymmetric critical point; stability NOT COMPUTED (YET)
P1,1T,3,99.0,0.8,0.25,II: G v^2 (dimensionless G mu),6.10231381544,0.00819361335916,report-only (stage NC FAIL: critical stage failed; no stage-NC value is used); axisymmetric critical point; stability NOT COMPUTED (YET)
P1,1T,3,99.0,0.8,0.25,I: G_6 x T_b (T_b in mass^4),6.10231381544,0.00819361335916,report-only (stage NC FAIL: critical stage failed; no stage-NC value is used); axisymmetric critical point; stability NOT COMPUTED (YET)
P1,1T,3,99.0,0.8,0.5,II: G v^2 (dimensionless G mu),7.55644542641,0.00661686774382,report-only (stage NC FAIL: critical stage failed; no stage-NC value is used); axisymmetric critical point; stability NOT COMPUTED (YET)
P1,1T,3,99.0,0.8,0.5,I: G_6 x T_b (T_b in mass^4),7.55644542641,0.00661686774382,report-only (stage NC FAIL: critical stage failed; no stage-NC value is used); axisymmetric critical point; stability NOT COMPUTED (YET)
P1,1T,3,99.0,0.8,1.0,II: G v^2 (dimensionless G mu),9.42477796077,0.00530516476973,critical stage FAIL
P1,1T,3,99.0,0.8,1.0,I: G_6 x T_b (T_b in mass^4),9.42477796077,0.00530516476973,critical stage FAIL
P1,1T,3,99.0,0.8,2.0,II: G v^2 (dimensionless G mu),11.8186326564,0.00423060784217,report-only (stage NC FAIL: critical stage failed; no stage-NC value is used); report-only row; axisymmetric critical point; stability NOT COMPUTED (YET)
P1,1T,3,99.0,0.8,2.0,I: G_6 x T_b (T_b in mass^4),11.8186326564,0.00423060784217,report-only (stage NC FAIL: critical stage failed; no stage-NC value is used); report-only row; axisymmetric critical point; stability NOT COMPUTED (YET)
P1,1T,3,99.0,0.8,4.0,II: G v^2 (dimensionless G mu),14.8640099718,0.00336382982082,report-only (stage NC FAIL: critical stage failed; no stage-NC value is used); report-only row; axisymmetric critical point; stability NOT COMPUTED (YET)
P1,1T,3,99.0,0.8,4.0,I: G_6 x T_b (T_b in mass^4),14.8640099718,0.00336382982082,report-only (stage NC FAIL: critical stage failed; no stage-NC value is used); report-only row; axisymmetric critical point; stability NOT COMPUTED (YET)
P1,1T,3,99.0,0.9,0.25,II: G v^2 (dimensionless G mu),6.17575971734,0.00404808495541,report-only (stage NC FAIL: critical stage failed; no stage-NC value is used); axisymmetric critical point; stability NOT COMPUTED (YET)
P1,1T,3,99.0,0.9,0.25,I: G_6 x T_b (T_b in mass^4),6.17575971734,0.00404808495541,report-only (stage NC FAIL: critical stage failed; no stage-NC value is used); axisymmetric critical point; stability NOT COMPUTED (YET)
P1,1T,3,99.0,0.9,0.5,II: G v^2 (dimensionless G mu),7.60244978027,0.00328841369855,report-only (stage NC FAIL: critical stage failed; no stage-NC value is used); axisymmetric critical point; stability NOT COMPUTED (YET)
P1,1T,3,99.0,0.9,0.5,I: G_6 x T_b (T_b in mass^4),7.60244978027,0.00328841369855,report-only (stage NC FAIL: critical stage failed; no stage-NC value is used); axisymmetric critical point; stability NOT COMPUTED (YET)
P1,1T,3,99.0,0.9,1.0,II: G v^2 (dimensionless G mu),9.42477796077,0.00265258238486,critical stage FAIL
P1,1T,3,99.0,0.9,1.0,I: G_6 x T_b (T_b in mass^4),9.42477796077,0.00265258238486,critical stage FAIL
P1,1T,3,99.0,0.9,2.0,II: G v^2 (dimensionless G mu),11.7458554265,0.00212841032791,report-only (stage NC FAIL: critical stage failed; no stage-NC value is used); report-only row; axisymmetric critical point; stability NOT COMPUTED (YET)
P1,1T,3,99.0,0.9,2.0,I: G_6 x T_b (T_b in mass^4),11.7458554265,0.00212841032791,report-only (stage NC FAIL: critical stage failed; no stage-NC value is used); report-only row; axisymmetric critical point; stability NOT COMPUTED (YET)
P1,1T,3,99.0,0.9,4.0,II: G v^2 (dimensionless G mu),14.6802337001,0.00170297016455,report-only (stage NC FAIL: critical stage failed; no stage-NC value is used); report-only row; axisymmetric critical point; stability NOT COMPUTED (YET)
P1,1T,3,99.0,0.9,4.0,I: G_6 x T_b (T_b in mass^4),14.6802337001,0.00170297016455,report-only (stage NC FAIL: critical stage failed; no stage-NC value is used); report-only row; axisymmetric critical point; stability NOT COMPUTED (YET)
P1,1T,3,99.0,1,0.25,II: G v^2 (dimensionless G mu),6.24448563283,0,report-only (stage NC FAIL: critical stage failed; no stage-NC value is used); axisymmetric critical point; stability NOT COMPUTED (YET)
P1,1T,3,99.0,1,0.25,I: G_6 x T_b (T_b in mass^4),6.24448563283,0,report-only (stage NC FAIL: critical stage failed; no stage-NC value is used); axisymmetric critical point; stability NOT COMPUTED (YET)
P1,1T,3,99.0,1,0.5,II: G v^2 (dimensionless G mu),7.64527161177,0,report-only (stage NC FAIL: critical stage failed; no stage-NC value is used); axisymmetric critical point; stability NOT COMPUTED (YET)
P1,1T,3,99.0,1,0.5,I: G_6 x T_b (T_b in mass^4),7.64527161177,0,report-only (stage NC FAIL: critical stage failed; no stage-NC value is used); axisymmetric critical point; stability NOT COMPUTED (YET)
P1,1T,3,99.0,1,1.0,II: G v^2 (dimensionless G mu),9.42477796077,0,critical stage FAIL
P1,1T,3,99.0,1,1.0,I: G_6 x T_b (T_b in mass^4),9.42477796077,0,critical stage FAIL
P1,1T,3,99.0,1,2.0,II: G v^2 (dimensionless G mu),11.6788190477,0,report-only (stage NC FAIL: critical stage failed; no stage-NC value is used); report-only row; axisymmetric critical point; stability NOT COMPUTED (YET)
P1,1T,3,99.0,1,2.0,I: G_6 x T_b (T_b in mass^4),11.6788190477,0,report-only (stage NC FAIL: critical stage failed; no stage-NC value is used); report-only row; axisymmetric critical point; stability NOT COMPUTED (YET)
P1,1T,3,99.0,1,4.0,II: G v^2 (dimensionless G mu),14.5119158619,0,report-only (stage NC FAIL: critical stage failed; no stage-NC value is used); report-only row; axisymmetric critical point; stability NOT COMPUTED (YET)
P1,1T,3,99.0,1,4.0,I: G_6 x T_b (T_b in mass^4),14.5119158619,0,report-only (stage NC FAIL: critical stage failed; no stage-NC value is used); report-only row; axisymmetric critical point; stability NOT COMPUTED (YET)
P1,1T,4,1.0,0.5,0.25,II: G v^2 (dimensionless G mu),6.28318530718,0.0198943678865,report-only (stage NC FAIL: critical stage failed; no stage-NC value is used); axisymmetric critical point; stability NOT COMPUTED (YET)
P1,1T,4,1.0,0.5,0.25,I: G_6 x T_b (T_b in mass^4),6.28318530718,0.0198943678865,report-only (stage NC FAIL: critical stage failed; no stage-NC value is used); axisymmetric critical point; stability NOT COMPUTED (YET)
P1,1T,4,1.0,0.5,0.5,II: G v^2 (dimensionless G mu),9.39730479444,0.0133016862531,report-only (stage NC FAIL: critical stage failed; no stage-NC value is used); axisymmetric critical point; stability NOT COMPUTED (YET)
P1,1T,4,1.0,0.5,0.5,I: G_6 x T_b (T_b in mass^4),9.39730479444,0.0133016862531,report-only (stage NC FAIL: critical stage failed; no stage-NC value is used); axisymmetric critical point; stability NOT COMPUTED (YET)
P1,1T,4,1.0,0.5,1.0,II: G v^2 (dimensionless G mu),12.5663706144,0.00994718394324,critical stage FAIL
P1,1T,4,1.0,0.5,1.0,I: G_6 x T_b (T_b in mass^4),12.5663706144,0.00994718394324,critical stage FAIL
P1,1T,4,1.0,0.5,2.0,II: G v^2 (dimensionless G mu),16.3451137764,0.00764754541999,report-only (stage NC FAIL: critical stage failed; no stage-NC value is used); report-only row; axisymmetric critical point; stability NOT COMPUTED (YET)
P1,1T,4,1.0,0.5,2.0,I: G_6 x T_b (T_b in mass^4),16.3451137764,0.00764754541999,report-only (stage NC FAIL: critical stage failed; no stage-NC value is used); report-only row; axisymmetric critical point; stability NOT COMPUTED (YET)
P1,1T,4,1.0,0.5,4.0,II: G v^2 (dimensionless G mu),21.2136980916,0.00589241910864,report-only (stage NC FAIL: critical stage failed; no stage-NC value is used); report-only row; axisymmetric critical point; stability NOT COMPUTED (YET)
P1,1T,4,1.0,0.5,4.0,I: G_6 x T_b (T_b in mass^4),21.2136980916,0.00589241910864,report-only (stage NC FAIL: critical stage failed; no stage-NC value is used); report-only row; axisymmetric critical point; stability NOT COMPUTED (YET)
P1,1T,4,1.0,0.6,0.25,II: G v^2 (dimensionless G mu),6.28318530718,0.0159154943092,report-only (stage NC FAIL: critical stage failed; no stage-NC value is used); axisymmetric critical point; stability NOT COMPUTED (YET)
P1,1T,4,1.0,0.6,0.25,I: G_6 x T_b (T_b in mass^4),6.28318530718,0.0159154943092,report-only (stage NC FAIL: critical stage failed; no stage-NC value is used); axisymmetric critical point; stability NOT COMPUTED (YET)
P1,1T,4,1.0,0.6,0.5,II: G v^2 (dimensionless G mu),9.39901423706,0.0106394136106,report-only (stage NC FAIL: critical stage failed; no stage-NC value is used); axisymmetric critical point; stability NOT COMPUTED (YET)
P1,1T,4,1.0,0.6,0.5,I: G_6 x T_b (T_b in mass^4),9.39901423706,0.0106394136106,report-only (stage NC FAIL: critical stage failed; no stage-NC value is used); axisymmetric critical point; stability NOT COMPUTED (YET)
P1,1T,4,1.0,0.6,1.0,II: G v^2 (dimensionless G mu),12.5663706144,0.00795774715459,critical stage FAIL
P1,1T,4,1.0,0.6,1.0,I: G_6 x T_b (T_b in mass^4),12.5663706144,0.00795774715459,critical stage FAIL
P1,1T,4,1.0,0.6,2.0,II: G v^2 (dimensionless G mu),16.3063585009,0.00613257705543,report-only (stage NC FAIL: critical stage failed; no stage-NC value is used); report-only row; axisymmetric critical point; stability NOT COMPUTED (YET)
P1,1T,4,1.0,0.6,2.0,I: G_6 x T_b (T_b in mass^4),16.3063585009,0.00613257705543,report-only (stage NC FAIL: critical stage failed; no stage-NC value is used); report-only row; axisymmetric critical point; stability NOT COMPUTED (YET)
P1,1T,4,1.0,0.6,4.0,II: G v^2 (dimensionless G mu),21.0728795371,0.00474543594406,report-only (stage NC FAIL: critical stage failed; no stage-NC value is used); report-only row; axisymmetric critical point; stability NOT COMPUTED (YET)
P1,1T,4,1.0,0.6,4.0,I: G_6 x T_b (T_b in mass^4),21.0728795371,0.00474543594406,report-only (stage NC FAIL: critical stage failed; no stage-NC value is used); report-only row; axisymmetric critical point; stability NOT COMPUTED (YET)
P1,1T,4,1.0,0.7,0.25,II: G v^2 (dimensionless G mu),6.28318530718,0.0119366207319,report-only (stage NC FAIL: critical stage failed; no stage-NC value is used); axisymmetric critical point; stability NOT COMPUTED (YET)
P1,1T,4,1.0,0.7,0.25,I: G_6 x T_b (T_b in mass^4),6.28318530718,0.0119366207319,report-only (stage NC FAIL: critical stage failed; no stage-NC value is used); axisymmetric critical point; stability NOT COMPUTED (YET)
P1,1T,4,1.0,0.7,0.5,II: G v^2 (dimensionless G mu),9.40111298709,0.00797777881225,report-only (stage NC FAIL: critical stage failed; no stage-NC value is used); axisymmetric critical point; stability NOT COMPUTED (YET)
P1,1T,4,1.0,0.7,0.5,I: G_6 x T_b (T_b in mass^4),9.40111298709,0.00797777881225,report-only (stage NC FAIL: critical stage failed; no stage-NC value is used); axisymmetric critical point; stability NOT COMPUTED (YET)
P1,1T,4,1.0,0.7,1.0,II: G v^2 (dimensionless G mu),12.5663706144,0.00596831036595,critical stage FAIL
P1,1T,4,1.0,0.7,1.0,I: G_6 x T_b (T_b in mass^4),12.5663706144,0.00596831036595,critical stage FAIL
P1,1T,4,1.0,0.7,2.0,II: G v^2 (dimensionless G mu),16.2629961299,0.00461169635662,report-only (stage NC FAIL: critical stage failed; no stage-NC value is used); report-only row; axisymmetric critical point; stability NOT COMPUTED (YET)
P1,1T,4,1.0,0.7,2.0,I: G_6 x T_b (T_b in mass^4),16.2629961299,0.00461169635662,report-only (stage NC FAIL: critical stage failed; no stage-NC value is used); report-only row; axisymmetric critical point; stability NOT COMPUTED (YET)
P1,1T,4,1.0,0.7,4.0,II: G v^2 (dimensionless G mu),20.9232552292,0.00358452827624,report-only (stage NC FAIL: critical stage failed; no stage-NC value is used); report-only row; axisymmetric critical point; stability NOT COMPUTED (YET)
P1,1T,4,1.0,0.7,4.0,I: G_6 x T_b (T_b in mass^4),20.9232552292,0.00358452827624,report-only (stage NC FAIL: critical stage failed; no stage-NC value is used); report-only row; axisymmetric critical point; stability NOT COMPUTED (YET)
P1,1T,4,1.0,0.8,0.25,II: G v^2 (dimensionless G mu),6.28318530718,0.00795774715459,report-only (stage NC FAIL: critical stage failed; no stage-NC value is used); axisymmetric critical point; stability NOT COMPUTED (YET)
P1,1T,4,1.0,0.8,0.25,I: G_6 x T_b (T_b in mass^4),6.28318530718,0.00795774715459,report-only (stage NC FAIL: critical stage failed; no stage-NC value is used); axisymmetric critical point; stability NOT COMPUTED (YET)
P1,1T,4,1.0,0.8,0.5,II: G v^2 (dimensionless G mu),9.4034683454,0.00531718703817,report-only (stage NC FAIL: critical stage failed; no stage-NC value is used); axisymmetric critical point; stability NOT COMPUTED (YET)
P1,1T,4,1.0,0.8,0.5,I: G_6 x T_b (T_b in mass^4),9.4034683454,0.00531718703817,report-only (stage NC FAIL: critical stage failed; no stage-NC value is used); axisymmetric critical point; stability NOT COMPUTED (YET)
P1,1T,4,1.0,0.8,1.0,II: G v^2 (dimensionless G mu),12.5663706144,0.0039788735773,critical stage FAIL
P1,1T,4,1.0,0.8,1.0,I: G_6 x T_b (T_b in mass^4),12.5663706144,0.0039788735773,critical stage FAIL
P1,1T,4,1.0,0.8,2.0,II: G v^2 (dimensionless G mu),16.2169748044,0.00308318910296,report-only (stage NC FAIL: critical stage failed; no stage-NC value is used); report-only row; axisymmetric critical point; stability NOT COMPUTED (YET)
P1,1T,4,1.0,0.8,2.0,I: G_6 x T_b (T_b in mass^4),16.2169748044,0.00308318910296,report-only (stage NC FAIL: critical stage failed; no stage-NC value is used); report-only row; axisymmetric critical point; stability NOT COMPUTED (YET)
P1,1T,4,1.0,0.8,4.0,II: G v^2 (dimensionless G mu),20.7707626293,0.00240722985922,report-only (stage NC FAIL: critical stage failed; no stage-NC value is used); report-only row; axisymmetric critical point; stability NOT COMPUTED (YET)
P1,1T,4,1.0,0.8,4.0,I: G_6 x T_b (T_b in mass^4),20.7707626293,0.00240722985922,report-only (stage NC FAIL: critical stage failed; no stage-NC value is used); report-only row; axisymmetric critical point; stability NOT COMPUTED (YET)
P1,1T,4,1.0,0.9,0.25,II: G v^2 (dimensionless G mu),6.28318530718,0.0039788735773,report-only (stage NC FAIL: critical stage failed; no stage-NC value is used); axisymmetric critical point; stability NOT COMPUTED (YET)
P1,1T,4,1.0,0.9,0.25,I: G_6 x T_b (T_b in mass^4),6.28318530718,0.0039788735773,report-only (stage NC FAIL: critical stage failed; no stage-NC value is used); axisymmetric critical point; stability NOT COMPUTED (YET)
P1,1T,4,1.0,0.9,0.5,II: G v^2 (dimensionless G mu),9.40595912815,0.00265788949956,report-only (stage NC FAIL: critical stage failed; no stage-NC value is used); axisymmetric critical point; stability NOT COMPUTED (YET)
P1,1T,4,1.0,0.9,0.5,I: G_6 x T_b (T_b in mass^4),9.40595912815,0.00265788949956,report-only (stage NC FAIL: critical stage failed; no stage-NC value is used); axisymmetric critical point; stability NOT COMPUTED (YET)
P1,1T,4,1.0,0.9,1.0,II: G v^2 (dimensionless G mu),12.5663706144,0.00198943678865,critical stage FAIL
P1,1T,4,1.0,0.9,1.0,I: G_6 x T_b (T_b in mass^4),12.5663706144,0.00198943678865,critical stage FAIL
P1,1T,4,1.0,0.9,2.0,II: G v^2 (dimensionless G mu),16.1696777814,0.00154610378376,report-only (stage NC FAIL: critical stage failed; no stage-NC value is used); report-only row; axisymmetric critical point; stability NOT COMPUTED (YET)
P1,1T,4,1.0,0.9,2.0,I: G_6 x T_b (T_b in mass^4),16.1696777814,0.00154610378376,report-only (stage NC FAIL: critical stage failed; no stage-NC value is used); report-only row; axisymmetric critical point; stability NOT COMPUTED (YET)
P1,1T,4,1.0,0.9,4.0,II: G v^2 (dimensionless G mu),20.6190694216,0.00121246984957,report-only (stage NC FAIL: critical stage failed; no stage-NC value is used); report-only row; axisymmetric critical point; stability NOT COMPUTED (YET)
P1,1T,4,1.0,0.9,4.0,I: G_6 x T_b (T_b in mass^4),20.6190694216,0.00121246984957,report-only (stage NC FAIL: critical stage failed; no stage-NC value is used); report-only row; axisymmetric critical point; stability NOT COMPUTED (YET)
P1,1T,4,1.0,1,0.25,II: G v^2 (dimensionless G mu),NOT COMPUTED (YET),NOT COMPUTED (YET),"n/a (normal state) [normal state: exact solution, linearly stable for B > κ/2, marginal at B = κ/2; whether a vortex branch coexists (κ < 1, subcritical) is NOT COMPUTED (YET)] [by construction; not a test] [Venus 20:44]; normal-state energy (not a vortex value) = 6.28318530718"
P1,1T,4,1.0,1,0.25,I: G_6 x T_b (T_b in mass^4),NOT COMPUTED (YET),NOT COMPUTED (YET),"n/a (normal state) [normal state: exact solution, linearly stable for B > κ/2, marginal at B = κ/2; whether a vortex branch coexists (κ < 1, subcritical) is NOT COMPUTED (YET)] [by construction; not a test] [Venus 20:44]; normal-state energy (not a vortex value) = 6.28318530718"
P1,1T,4,1.0,1,0.5,II: G v^2 (dimensionless G mu),NOT COMPUTED (YET),NOT COMPUTED (YET),"n/a (normal state) [normal state: exact solution, linearly stable for B > κ/2, marginal at B = κ/2; whether a vortex branch coexists (κ < 1, subcritical) is NOT COMPUTED (YET)] [by construction; not a test] [Venus 20:44]; normal-state energy (not a vortex value) = 9.42477796077"
P1,1T,4,1.0,1,0.5,I: G_6 x T_b (T_b in mass^4),NOT COMPUTED (YET),NOT COMPUTED (YET),"n/a (normal state) [normal state: exact solution, linearly stable for B > κ/2, marginal at B = κ/2; whether a vortex branch coexists (κ < 1, subcritical) is NOT COMPUTED (YET)] [by construction; not a test] [Venus 20:44]; normal-state energy (not a vortex value) = 9.42477796077"
P1,1T,4,1.0,1,1.0,II: G v^2 (dimensionless G mu),12.5663706144,0,critical stage FAIL
P1,1T,4,1.0,1,1.0,I: G_6 x T_b (T_b in mass^4),12.5663706144,0,critical stage FAIL
P1,1T,4,1.0,1,2.0,II: G v^2 (dimensionless G mu),16.1220623515,0,report-only (stage NC FAIL: critical stage failed; no stage-NC value is used); report-only row; axisymmetric critical point; stability NOT COMPUTED (YET)
P1,1T,4,1.0,1,2.0,I: G_6 x T_b (T_b in mass^4),16.1220623515,0,report-only (stage NC FAIL: critical stage failed; no stage-NC value is used); report-only row; axisymmetric critical point; stability NOT COMPUTED (YET)
P1,1T,4,1.0,1,4.0,II: G v^2 (dimensionless G mu),20.4703658506,0,report-only (stage NC FAIL: critical stage failed; no stage-NC value is used); report-only row; axisymmetric critical point; stability NOT COMPUTED (YET)
P1,1T,4,1.0,1,4.0,I: G_6 x T_b (T_b in mass^4),20.4703658506,0,report-only (stage NC FAIL: critical stage failed; no stage-NC value is used); report-only row; axisymmetric critical point; stability NOT COMPUTED (YET)
P1,1T,4,24.0,0.5,0.25,II: G v^2 (dimensionless G mu),7.61725775029,0.0164101050664,report-only (stage NC FAIL: critical stage failed; no stage-NC value is used); axisymmetric critical point; stability NOT COMPUTED (YET)
P1,1T,4,24.0,0.5,0.25,I: G_6 x T_b (T_b in mass^4),7.61725775029,0.0164101050664,report-only (stage NC FAIL: critical stage failed; no stage-NC value is used); axisymmetric critical point; stability NOT COMPUTED (YET)
P1,1T,4,24.0,0.5,0.5,II: G v^2 (dimensionless G mu),9.74530108511,0.0128266945175,report-only (stage NC FAIL: critical stage failed; no stage-NC value is used); axisymmetric critical point; stability NOT COMPUTED (YET)
P1,1T,4,24.0,0.5,0.5,I: G_6 x T_b (T_b in mass^4),9.74530108511,0.0128266945175,report-only (stage NC FAIL: critical stage failed; no stage-NC value is used); axisymmetric critical point; stability NOT COMPUTED (YET)
P1,1T,4,24.0,0.5,1.0,II: G v^2 (dimensionless G mu),12.5663706144,0.00994718394324,critical stage FAIL
P1,1T,4,24.0,0.5,1.0,I: G_6 x T_b (T_b in mass^4),12.5663706144,0.00994718394324,critical stage FAIL
P1,1T,4,24.0,0.5,2.0,II: G v^2 (dimensionless G mu),16.2997375533,0.00766883513256,report-only (stage NC FAIL: critical stage failed; no stage-NC value is used); report-only row; axisymmetric critical point; stability NOT COMPUTED (YET)
P1,1T,4,24.0,0.5,2.0,I: G_6 x T_b (T_b in mass^4),16.2997375533,0.00766883513256,report-only (stage NC FAIL: critical stage failed; no stage-NC value is used); report-only row; axisymmetric critical point; stability NOT COMPUTED (YET)
P1,1T,4,24.0,0.5,4.0,II: G v^2 (dimensionless G mu),21.2145585203,0.00589218012151,report-only (stage NC FAIL: critical stage failed; no stage-NC value is used); report-only row; axisymmetric critical point; stability NOT COMPUTED (YET)
P1,1T,4,24.0,0.5,4.0,I: G_6 x T_b (T_b in mass^4),21.2145585203,0.00589218012151,report-only (stage NC FAIL: critical stage failed; no stage-NC value is used); report-only row; axisymmetric critical point; stability NOT COMPUTED (YET)
P1,1T,4,24.0,0.6,0.25,II: G v^2 (dimensionless G mu),7.70475446286,0.0129789989392,report-only (stage NC FAIL: critical stage failed; no stage-NC value is used); axisymmetric critical point; stability NOT COMPUTED (YET)
P1,1T,4,24.0,0.6,0.25,I: G_6 x T_b (T_b in mass^4),7.70475446286,0.0129789989392,report-only (stage NC FAIL: critical stage failed; no stage-NC value is used); axisymmetric critical point; stability NOT COMPUTED (YET)
P1,1T,4,24.0,0.6,0.5,II: G v^2 (dimensionless G mu),9.80571995667,0.0101981293002,report-only (stage NC FAIL: critical stage failed; no stage-NC value is used); axisymmetric critical point; stability NOT COMPUTED (YET)
P1,1T,4,24.0,0.6,0.5,I: G_6 x T_b (T_b in mass^4),9.80571995667,0.0101981293002,report-only (stage NC FAIL: critical stage failed; no stage-NC value is used); axisymmetric critical point; stability NOT COMPUTED (YET)
P1,1T,4,24.0,0.6,1.0,II: G v^2 (dimensionless G mu),12.5663706144,0.00795774715459,critical stage FAIL
P1,1T,4,24.0,0.6,1.0,I: G_6 x T_b (T_b in mass^4),12.5663706144,0.00795774715459,critical stage FAIL
P1,1T,4,24.0,0.6,2.0,II: G v^2 (dimensionless G mu),16.1899676734,0.00617666458745,report-only (stage NC FAIL: critical stage failed; no stage-NC value is used); report-only row; axisymmetric critical point; stability NOT COMPUTED (YET)
P1,1T,4,24.0,0.6,2.0,I: G_6 x T_b (T_b in mass^4),16.1899676734,0.00617666458745,report-only (stage NC FAIL: critical stage failed; no stage-NC value is used); report-only row; axisymmetric critical point; stability NOT COMPUTED (YET)
P1,1T,4,24.0,0.6,4.0,II: G v^2 (dimensionless G mu),20.9219374026,0.00477967207701,report-only (stage NC FAIL: critical stage failed; no stage-NC value is used); report-only row; axisymmetric critical point; stability NOT COMPUTED (YET)
P1,1T,4,24.0,0.6,4.0,I: G_6 x T_b (T_b in mass^4),20.9219374026,0.00477967207701,report-only (stage NC FAIL: critical stage failed; no stage-NC value is used); report-only row; axisymmetric critical point; stability NOT COMPUTED (YET)
P1,1T,4,24.0,0.7,0.25,II: G v^2 (dimensionless G mu),7.78982798181,0.00962794045968,report-only (stage NC FAIL: critical stage failed; no stage-NC value is used); axisymmetric critical point; stability NOT COMPUTED (YET)
P1,1T,4,24.0,0.7,0.25,I: G_6 x T_b (T_b in mass^4),7.78982798181,0.00962794045968,report-only (stage NC FAIL: critical stage failed; no stage-NC value is used); axisymmetric critical point; stability NOT COMPUTED (YET)
P1,1T,4,24.0,0.7,0.5,II: G v^2 (dimensionless G mu),9.86320483739,0.00760401930574,report-only (stage NC FAIL: critical stage failed; no stage-NC value is used); axisymmetric critical point; stability NOT COMPUTED (YET)
P1,1T,4,24.0,0.7,0.5,I: G_6 x T_b (T_b in mass^4),9.86320483739,0.00760401930574,report-only (stage NC FAIL: critical stage failed; no stage-NC value is used); axisymmetric critical point; stability NOT COMPUTED (YET)
P1,1T,4,24.0,0.7,1.0,II: G v^2 (dimensionless G mu),12.5663706144,0.00596831036595,critical stage FAIL
P1,1T,4,24.0,0.7,1.0,I: G_6 x T_b (T_b in mass^4),12.5663706144,0.00596831036595,critical stage FAIL
P1,1T,4,24.0,0.7,2.0,II: G v^2 (dimensionless G mu),16.0889393968,0.00466158757582,report-only (stage NC FAIL: critical stage failed; no stage-NC value is used); report-only row; axisymmetric critical point; stability NOT COMPUTED (YET)
P1,1T,4,24.0,0.7,2.0,I: G_6 x T_b (T_b in mass^4),16.0889393968,0.00466158757582,report-only (stage NC FAIL: critical stage failed; no stage-NC value is used); report-only row; axisymmetric critical point; stability NOT COMPUTED (YET)
P1,1T,4,24.0,0.7,4.0,II: G v^2 (dimensionless G mu),20.6561121693,0.00363088655723,report-only (stage NC FAIL: critical stage failed; no stage-NC value is used); report-only row; axisymmetric critical point; stability NOT COMPUTED (YET)
P1,1T,4,24.0,0.7,4.0,I: G_6 x T_b (T_b in mass^4),20.6561121693,0.00363088655723,report-only (stage NC FAIL: critical stage failed; no stage-NC value is used); report-only row; axisymmetric critical point; stability NOT COMPUTED (YET)
P1,1T,4,24.0,0.8,0.25,II: G v^2 (dimensionless G mu),7.87156270769,0.00635197887087,report-only (stage NC FAIL: critical stage failed; no stage-NC value is used); axisymmetric critical point; stability NOT COMPUTED (YET)
P1,1T,4,24.0,0.8,0.25,I: G_6 x T_b (T_b in mass^4),7.87156270769,0.00635197887087,report-only (stage NC FAIL: critical stage failed; no stage-NC value is used); axisymmetric critical point; stability NOT COMPUTED (YET)
P1,1T,4,24.0,0.8,0.5,II: G v^2 (dimensionless G mu),9.9175813065,0.00504155181135,report-only (stage NC FAIL: critical stage failed; no stage-NC value is used); axisymmetric critical point; stability NOT COMPUTED (YET)
P1,1T,4,24.0,0.8,0.5,I: G_6 x T_b (T_b in mass^4),9.9175813065,0.00504155181135,report-only (stage NC FAIL: critical stage failed; no stage-NC value is used); axisymmetric critical point; stability NOT COMPUTED (YET)
P1,1T,4,24.0,0.8,1.0,II: G v^2 (dimensionless G mu),12.5663706144,0.0039788735773,critical stage FAIL
P1,1T,4,24.0,0.8,1.0,I: G_6 x T_b (T_b in mass^4),12.5663706144,0.0039788735773,critical stage FAIL
P1,1T,4,24.0,0.8,2.0,II: G v^2 (dimensionless G mu),15.9956530192,0.00312584925041,report-only (stage NC FAIL: critical stage failed; no stage-NC value is used); report-only row; axisymmetric critical point; stability NOT COMPUTED (YET)
P1,1T,4,24.0,0.8,2.0,I: G_6 x T_b (T_b in mass^4),15.9956530192,0.00312584925041,report-only (stage NC FAIL: critical stage failed; no stage-NC value is used); report-only row; axisymmetric critical point; stability NOT COMPUTED (YET)
P1,1T,4,24.0,0.8,4.0,II: G v^2 (dimensionless G mu),20.4130764224,0.00244941031746,report-only (stage NC FAIL: critical stage failed; no stage-NC value is used); report-only row; axisymmetric critical point; stability NOT COMPUTED (YET)
P1,1T,4,24.0,0.8,4.0,I: G_6 x T_b (T_b in mass^4),20.4130764224,0.00244941031746,report-only (stage NC FAIL: critical stage failed; no stage-NC value is used); report-only row; axisymmetric critical point; stability NOT COMPUTED (YET)
P1,1T,4,24.0,0.9,0.25,II: G v^2 (dimensionless G mu),7.94969844493,0.00314477337388,report-only (stage NC FAIL: critical stage failed; no stage-NC value is used); axisymmetric critical point; stability NOT COMPUTED (YET)
P1,1T,4,24.0,0.9,0.25,I: G_6 x T_b (T_b in mass^4),7.94969844493,0.00314477337388,report-only (stage NC FAIL: critical stage failed; no stage-NC value is used); axisymmetric critical point; stability NOT COMPUTED (YET)
P1,1T,4,24.0,0.9,0.5,II: G v^2 (dimensionless G mu),9.96895831135,0.00250778458683,report-only (stage NC FAIL: critical stage failed; no stage-NC value is used); axisymmetric critical point; stability NOT COMPUTED (YET)
P1,1T,4,24.0,0.9,0.5,I: G_6 x T_b (T_b in mass^4),9.96895831135,0.00250778458683,report-only (stage NC FAIL: critical stage failed; no stage-NC value is used); axisymmetric critical point; stability NOT COMPUTED (YET)
P1,1T,4,24.0,0.9,1.0,II: G v^2 (dimensionless G mu),12.5663706144,0.00198943678865,critical stage FAIL
P1,1T,4,24.0,0.9,1.0,I: G_6 x T_b (T_b in mass^4),12.5663706144,0.00198943678865,critical stage FAIL
P1,1T,4,24.0,0.9,2.0,II: G v^2 (dimensionless G mu),15.9091385186,0.00157142386879,report-only (stage NC FAIL: critical stage failed; no stage-NC value is used); report-only row; axisymmetric critical point; stability NOT COMPUTED (YET)
P1,1T,4,24.0,0.9,2.0,I: G_6 x T_b (T_b in mass^4),15.9091385186,0.00157142386879,report-only (stage NC FAIL: critical stage failed; no stage-NC value is used); report-only row; axisymmetric critical point; stability NOT COMPUTED (YET)
P1,1T,4,24.0,0.9,4.0,II: G v^2 (dimensionless G mu),20.1894795724,0.0012382686691,report-only (stage NC FAIL: critical stage failed; no stage-NC value is used); report-only row; axisymmetric critical point; stability NOT COMPUTED (YET)
P1,1T,4,24.0,0.9,4.0,I: G_6 x T_b (T_b in mass^4),20.1894795724,0.0012382686691,report-only (stage NC FAIL: critical stage failed; no stage-NC value is used); report-only row; axisymmetric critical point; stability NOT COMPUTED (YET)
P1,1T,4,24.0,1,0.25,II: G v^2 (dimensionless G mu),8.02426796669,0,report-only (stage NC FAIL: critical stage failed; no stage-NC value is used); axisymmetric critical point; stability NOT COMPUTED (YET)
P1,1T,4,24.0,1,0.25,I: G_6 x T_b (T_b in mass^4),8.02426796669,0,report-only (stage NC FAIL: critical stage failed; no stage-NC value is used); axisymmetric critical point; stability NOT COMPUTED (YET)
P1,1T,4,24.0,1,0.5,II: G v^2 (dimensionless G mu),10.0175425914,0,report-only (stage NC FAIL: critical stage failed; no stage-NC value is used); axisymmetric critical point; stability NOT COMPUTED (YET)
P1,1T,4,24.0,1,0.5,I: G_6 x T_b (T_b in mass^4),10.0175425914,0,report-only (stage NC FAIL: critical stage failed; no stage-NC value is used); axisymmetric critical point; stability NOT COMPUTED (YET)
P1,1T,4,24.0,1,1.0,II: G v^2 (dimensionless G mu),12.5663706144,0,critical stage FAIL
P1,1T,4,24.0,1,1.0,I: G_6 x T_b (T_b in mass^4),12.5663706144,0,critical stage FAIL
P1,1T,4,24.0,1,2.0,II: G v^2 (dimensionless G mu),15.8285489249,0,report-only (stage NC FAIL: critical stage failed; no stage-NC value is used); report-only row; axisymmetric critical point; stability NOT COMPUTED (YET)
P1,1T,4,24.0,1,2.0,I: G_6 x T_b (T_b in mass^4),15.8285489249,0,report-only (stage NC FAIL: critical stage failed; no stage-NC value is used); report-only row; axisymmetric critical point; stability NOT COMPUTED (YET)
P1,1T,4,24.0,1,4.0,II: G v^2 (dimensionless G mu),19.9825994906,0,report-only (stage NC FAIL: critical stage failed; no stage-NC value is used); report-only row; axisymmetric critical point; stability NOT COMPUTED (YET)
P1,1T,4,24.0,1,4.0,I: G_6 x T_b (T_b in mass^4),19.9825994906,0,report-only (stage NC FAIL: critical stage failed; no stage-NC value is used); report-only row; axisymmetric critical point; stability NOT COMPUTED (YET)
P1,1T,4,4.0,0.5,0.25,II: G v^2 (dimensionless G mu),7.50488282156,0.0166558230118,report-only (stage NC FAIL: critical stage failed; no stage-NC value is used); axisymmetric critical point; stability NOT COMPUTED (YET)
P1,1T,4,4.0,0.5,0.25,I: G_6 x T_b (T_b in mass^4),7.50488282156,0.0166558230118,report-only (stage NC FAIL: critical stage failed; no stage-NC value is used); axisymmetric critical point; stability NOT COMPUTED (YET)
P1,1T,4,4.0,0.5,0.5,II: G v^2 (dimensionless G mu),9.72836961969,0.0128490183748,report-only (stage NC FAIL: critical stage failed; no stage-NC value is used); axisymmetric critical point; stability NOT COMPUTED (YET)
P1,1T,4,4.0,0.5,0.5,I: G_6 x T_b (T_b in mass^4),9.72836961969,0.0128490183748,report-only (stage NC FAIL: critical stage failed; no stage-NC value is used); axisymmetric critical point; stability NOT COMPUTED (YET)
P1,1T,4,4.0,0.5,1.0,II: G v^2 (dimensionless G mu),12.5663706144,0.00994718394324,critical stage FAIL
P1,1T,4,4.0,0.5,1.0,I: G_6 x T_b (T_b in mass^4),12.5663706144,0.00994718394324,critical stage FAIL
P1,1T,4,4.0,0.5,2.0,II: G v^2 (dimensionless G mu),16.2842675757,0.00767612048986,report-only (stage NC FAIL: critical stage failed; no stage-NC value is used); report-only row; axisymmetric critical point; stability NOT COMPUTED (YET)
P1,1T,4,4.0,0.5,2.0,I: G_6 x T_b (T_b in mass^4),16.2842675757,0.00767612048986,report-only (stage NC FAIL: critical stage failed; no stage-NC value is used); report-only row; axisymmetric critical point; stability NOT COMPUTED (YET)
P1,1T,4,4.0,0.5,4.0,II: G v^2 (dimensionless G mu),21.170320169,0.00590449265776,report-only (stage NC FAIL: critical stage failed; no stage-NC value is used); report-only row; axisymmetric critical point; stability NOT COMPUTED (YET)
P1,1T,4,4.0,0.5,4.0,I: G_6 x T_b (T_b in mass^4),21.170320169,0.00590449265776,report-only (stage NC FAIL: critical stage failed; no stage-NC value is used); report-only row; axisymmetric critical point; stability NOT COMPUTED (YET)
P1,1T,4,4.0,0.6,0.25,II: G v^2 (dimensionless G mu),7.53114217706,0.0132781983993,report-only (stage NC FAIL: critical stage failed; no stage-NC value is used); axisymmetric critical point; stability NOT COMPUTED (YET)
P1,1T,4,4.0,0.6,0.25,I: G_6 x T_b (T_b in mass^4),7.53114217706,0.0132781983993,report-only (stage NC FAIL: critical stage failed; no stage-NC value is used); axisymmetric critical point; stability NOT COMPUTED (YET)
P1,1T,4,4.0,0.6,0.5,II: G v^2 (dimensionless G mu),9.75613961931,0.0102499558126,report-only (stage NC FAIL: critical stage failed; no stage-NC value is used); axisymmetric critical point; stability NOT COMPUTED (YET)
P1,1T,4,4.0,0.6,0.5,I: G_6 x T_b (T_b in mass^4),9.75613961931,0.0102499558126,report-only (stage NC FAIL: critical stage failed; no stage-NC value is used); axisymmetric critical point; stability NOT COMPUTED (YET)
P1,1T,4,4.0,0.6,1.0,II: G v^2 (dimensionless G mu),12.5663706144,0.00795774715459,critical stage FAIL
P1,1T,4,4.0,0.6,1.0,I: G_6 x T_b (T_b in mass^4),12.5663706144,0.00795774715459,critical stage FAIL
P1,1T,4,4.0,0.6,2.0,II: G v^2 (dimensionless G mu),16.209284166,0.00616930389867,report-only (stage NC FAIL: critical stage failed; no stage-NC value is used); report-only row; axisymmetric critical point; stability NOT COMPUTED (YET)
P1,1T,4,4.0,0.6,2.0,I: G_6 x T_b (T_b in mass^4),16.209284166,0.00616930389867,report-only (stage NC FAIL: critical stage failed; no stage-NC value is used); report-only row; axisymmetric critical point; stability NOT COMPUTED (YET)
P1,1T,4,4.0,0.6,4.0,II: G v^2 (dimensionless G mu),20.9470057652,0.0047739519968,report-only (stage NC FAIL: critical stage failed; no stage-NC value is used); report-only row; axisymmetric critical point; stability NOT COMPUTED (YET)
P1,1T,4,4.0,0.6,4.0,I: G_6 x T_b (T_b in mass^4),20.9470057652,0.0047739519968,report-only (stage NC FAIL: critical stage failed; no stage-NC value is used); report-only row; axisymmetric critical point; stability NOT COMPUTED (YET)
P1,1T,4,4.0,0.7,0.25,II: G v^2 (dimensionless G mu),7.56116941328,0.00991910059154,report-only (stage NC FAIL: critical stage failed; no stage-NC value is used); axisymmetric critical point; stability NOT COMPUTED (YET)
P1,1T,4,4.0,0.7,0.25,I: G_6 x T_b (T_b in mass^4),7.56116941328,0.00991910059154,report-only (stage NC FAIL: critical stage failed; no stage-NC value is used); axisymmetric critical point; stability NOT COMPUTED (YET)
P1,1T,4,4.0,0.7,0.5,II: G v^2 (dimensionless G mu),9.78643822593,0.00766366662401,report-only (stage NC FAIL: critical stage failed; no stage-NC value is used); axisymmetric critical point; stability NOT COMPUTED (YET)
P1,1T,4,4.0,0.7,0.5,I: G_6 x T_b (T_b in mass^4),9.78643822593,0.00766366662401,report-only (stage NC FAIL: critical stage failed; no stage-NC value is used); axisymmetric critical point; stability NOT COMPUTED (YET)
P1,1T,4,4.0,0.7,1.0,II: G v^2 (dimensionless G mu),12.5663706144,0.00596831036595,critical stage FAIL
P1,1T,4,4.0,0.7,1.0,I: G_6 x T_b (T_b in mass^4),12.5663706144,0.00596831036595,critical stage FAIL
P1,1T,4,4.0,0.7,2.0,II: G v^2 (dimensionless G mu),16.1339987024,0.00464856861484,report-only (stage NC FAIL: critical stage failed; no stage-NC value is used); report-only row; axisymmetric critical point; stability NOT COMPUTED (YET)
P1,1T,4,4.0,0.7,2.0,I: G_6 x T_b (T_b in mass^4),16.1339987024,0.00464856861484,report-only (stage NC FAIL: critical stage failed; no stage-NC value is used); report-only row; axisymmetric critical point; stability NOT COMPUTED (YET)
P1,1T,4,4.0,0.7,4.0,II: G v^2 (dimensionless G mu),20.7302179525,0.00361790696904,report-only (stage NC FAIL: critical stage failed; no stage-NC value is used); report-only row; axisymmetric critical point; stability NOT COMPUTED (YET)
P1,1T,4,4.0,0.7,4.0,I: G_6 x T_b (T_b in mass^4),20.7302179525,0.00361790696904,report-only (stage NC FAIL: critical stage failed; no stage-NC value is used); report-only row; axisymmetric critical point; stability NOT COMPUTED (YET)
P1,1T,4,4.0,0.8,0.25,II: G v^2 (dimensionless G mu),7.59358473496,0.00658450544047,report-only (stage NC FAIL: critical stage failed; no stage-NC value is used); axisymmetric critical point; stability NOT COMPUTED (YET)
P1,1T,4,4.0,0.8,0.25,I: G_6 x T_b (T_b in mass^4),7.59358473496,0.00658450544047,report-only (stage NC FAIL: critical stage failed; no stage-NC value is used); axisymmetric critical point; stability NOT COMPUTED (YET)
P1,1T,4,4.0,0.8,0.5,II: G v^2 (dimensionless G mu),9.81802481373,0.00509267403053,report-only (stage NC FAIL: critical stage failed; no stage-NC value is used); axisymmetric critical point; stability NOT COMPUTED (YET)
P1,1T,4,4.0,0.8,0.5,I: G_6 x T_b (T_b in mass^4),9.81802481373,0.00509267403053,report-only (stage NC FAIL: critical stage failed; no stage-NC value is used); axisymmetric critical point; stability NOT COMPUTED (YET)
P1,1T,4,4.0,0.8,1.0,II: G v^2 (dimensionless G mu),12.5663706144,0.0039788735773,critical stage FAIL
P1,1T,4,4.0,0.8,1.0,I: G_6 x T_b (T_b in mass^4),12.5663706144,0.0039788735773,critical stage FAIL
P1,1T,4,4.0,0.8,2.0,II: G v^2 (dimensionless G mu),16.0602809977,0.00311327055903,report-only (stage NC FAIL: critical stage failed; no stage-NC value is used); report-only row; axisymmetric critical point; stability NOT COMPUTED (YET)
P1,1T,4,4.0,0.8,2.0,I: G_6 x T_b (T_b in mass^4),16.0602809977,0.00311327055903,report-only (stage NC FAIL: critical stage failed; no stage-NC value is used); report-only row; axisymmetric critical point; stability NOT COMPUTED (YET)
P1,1T,4,4.0,0.8,4.0,II: G v^2 (dimensionless G mu),20.5231363026,0.00243627481019,report-only (stage NC FAIL: critical stage failed; no stage-NC value is used); report-only row; axisymmetric critical point; stability NOT COMPUTED (YET)
P1,1T,4,4.0,0.8,4.0,I: G_6 x T_b (T_b in mass^4),20.5231363026,0.00243627481019,report-only (stage NC FAIL: critical stage failed; no stage-NC value is used); report-only row; axisymmetric critical point; stability NOT COMPUTED (YET)
P1,1T,4,4.0,0.9,0.25,II: G v^2 (dimensionless G mu),7.62736902804,0.00327767017802,report-only (stage NC FAIL: critical stage failed; no stage-NC value is used); axisymmetric critical point; stability NOT COMPUTED (YET)
P1,1T,4,4.0,0.9,0.25,I: G_6 x T_b (T_b in mass^4),7.62736902804,0.00327767017802,report-only (stage NC FAIL: critical stage failed; no stage-NC value is used); axisymmetric critical point; stability NOT COMPUTED (YET)
P1,1T,4,4.0,0.9,0.5,II: G v^2 (dimensionless G mu),9.85007690842,0.00253805124898,report-only (stage NC FAIL: critical stage failed; no stage-NC value is used); axisymmetric critical point; stability NOT COMPUTED (YET)
P1,1T,4,4.0,0.9,0.5,I: G_6 x T_b (T_b in mass^4),9.85007690842,0.00253805124898,report-only (stage NC FAIL: critical stage failed; no stage-NC value is used); axisymmetric critical point; stability NOT COMPUTED (YET)
P1,1T,4,4.0,0.9,1.0,II: G v^2 (dimensionless G mu),12.5663706144,0.00198943678865,critical stage FAIL
P1,1T,4,4.0,0.9,1.0,I: G_6 x T_b (T_b in mass^4),12.5663706144,0.00198943678865,critical stage FAIL
P1,1T,4,4.0,0.9,2.0,II: G v^2 (dimensionless G mu),15.9890347378,0.00156357156075,report-only (stage NC FAIL: critical stage failed; no stage-NC value is used); report-only row; axisymmetric critical point; stability NOT COMPUTED (YET)
P1,1T,4,4.0,0.9,2.0,I: G_6 x T_b (T_b in mass^4),15.9890347378,0.00156357156075,report-only (stage NC FAIL: critical stage failed; no stage-NC value is used); report-only row; axisymmetric critical point; stability NOT COMPUTED (YET)
P1,1T,4,4.0,0.9,4.0,II: G v^2 (dimensionless G mu),20.3267524911,0.00122990625339,report-only (stage NC FAIL: critical stage failed; no stage-NC value is used); report-only row; axisymmetric critical point; stability NOT COMPUTED (YET)
P1,1T,4,4.0,0.9,4.0,I: G_6 x T_b (T_b in mass^4),20.3267524911,0.00122990625339,report-only (stage NC FAIL: critical stage failed; no stage-NC value is used); report-only row; axisymmetric critical point; stability NOT COMPUTED (YET)
P1,1T,4,4.0,1,0.25,II: G v^2 (dimensionless G mu),7.66178327514,0,report-only (stage NC FAIL: critical stage failed; no stage-NC value is used); axisymmetric critical point; stability NOT COMPUTED (YET)
P1,1T,4,4.0,1,0.25,I: G_6 x T_b (T_b in mass^4),7.66178327514,0,report-only (stage NC FAIL: critical stage failed; no stage-NC value is used); axisymmetric critical point; stability NOT COMPUTED (YET)
P1,1T,4,4.0,1,0.5,II: G v^2 (dimensionless G mu),9.88205841567,0,report-only (stage NC FAIL: critical stage failed; no stage-NC value is used); axisymmetric critical point; stability NOT COMPUTED (YET)
P1,1T,4,4.0,1,0.5,I: G_6 x T_b (T_b in mass^4),9.88205841567,0,report-only (stage NC FAIL: critical stage failed; no stage-NC value is used); axisymmetric critical point; stability NOT COMPUTED (YET)
P1,1T,4,4.0,1,1.0,II: G v^2 (dimensionless G mu),12.5663706144,0,critical stage FAIL
P1,1T,4,4.0,1,1.0,I: G_6 x T_b (T_b in mass^4),12.5663706144,0,critical stage FAIL
P1,1T,4,4.0,1,2.0,II: G v^2 (dimensionless G mu),15.9206465357,0,report-only (stage NC FAIL: critical stage failed; no stage-NC value is used); report-only row; axisymmetric critical point; stability NOT COMPUTED (YET)
P1,1T,4,4.0,1,2.0,I: G_6 x T_b (T_b in mass^4),15.9206465357,0,report-only (stage NC FAIL: critical stage failed; no stage-NC value is used); report-only row; axisymmetric critical point; stability NOT COMPUTED (YET)
P1,1T,4,4.0,1,4.0,II: G v^2 (dimensionless G mu),20.1410496816,0,report-only (stage NC FAIL: critical stage failed; no stage-NC value is used); report-only row; axisymmetric critical point; stability NOT COMPUTED (YET)
P1,1T,4,4.0,1,4.0,I: G_6 x T_b (T_b in mass^4),20.1410496816,0,report-only (stage NC FAIL: critical stage failed; no stage-NC value is used); report-only row; axisymmetric critical point; stability NOT COMPUTED (YET)
P1,1T,4,99.0,0.5,0.25,II: G v^2 (dimensionless G mu),7.60260069167,0.0164417421182,report-only (stage NC FAIL: critical stage failed; no stage-NC value is used); axisymmetric critical point; stability NOT COMPUTED (YET)
P1,1T,4,99.0,0.5,0.25,I: G_6 x T_b (T_b in mass^4),7.60260069167,0.0164417421182,report-only (stage NC FAIL: critical stage failed; no stage-NC value is used); axisymmetric critical point; stability NOT COMPUTED (YET)
P1,1T,4,99.0,0.5,0.5,II: G v^2 (dimensionless G mu),9.73722579273,0.0128373319733,report-only (stage NC FAIL: critical stage failed; no stage-NC value is used); axisymmetric critical point; stability NOT COMPUTED (YET)
P1,1T,4,99.0,0.5,0.5,I: G_6 x T_b (T_b in mass^4),9.73722579273,0.0128373319733,report-only (stage NC FAIL: critical stage failed; no stage-NC value is used); axisymmetric critical point; stability NOT COMPUTED (YET)
P1,1T,4,99.0,0.5,1.0,II: G v^2 (dimensionless G mu),12.5663706144,0.00994718394324,critical stage FAIL
P1,1T,4,99.0,0.5,1.0,I: G_6 x T_b (T_b in mass^4),12.5663706144,0.00994718394324,critical stage FAIL
P1,1T,4,99.0,0.5,2.0,II: G v^2 (dimensionless G mu),16.3076764174,0.00766510180852,report-only (stage NC FAIL: critical stage failed; no stage-NC value is used); report-only row; axisymmetric critical point; stability NOT COMPUTED (YET)
P1,1T,4,99.0,0.5,2.0,I: G_6 x T_b (T_b in mass^4),16.3076764174,0.00766510180852,report-only (stage NC FAIL: critical stage failed; no stage-NC value is used); report-only row; axisymmetric critical point; stability NOT COMPUTED (YET)
P1,1T,4,99.0,0.5,4.0,II: G v^2 (dimensionless G mu),21.2296857208,0.0058879816519,report-only (stage NC FAIL: critical stage failed; no stage-NC value is used); report-only row; axisymmetric critical point; stability NOT COMPUTED (YET)
P1,1T,4,99.0,0.5,4.0,I: G_6 x T_b (T_b in mass^4),21.2296857208,0.0058879816519,report-only (stage NC FAIL: critical stage failed; no stage-NC value is used); report-only row; axisymmetric critical point; stability NOT COMPUTED (YET)
P1,1T,4,99.0,0.6,0.25,II: G v^2 (dimensionless G mu),7.71199424777,0.012966814651,report-only (stage NC FAIL: critical stage failed; no stage-NC value is used); axisymmetric critical point; stability NOT COMPUTED (YET)
P1,1T,4,99.0,0.6,0.25,I: G_6 x T_b (T_b in mass^4),7.71199424777,0.012966814651,report-only (stage NC FAIL: critical stage failed; no stage-NC value is used); axisymmetric critical point; stability NOT COMPUTED (YET)
P1,1T,4,99.0,0.6,0.5,II: G v^2 (dimensionless G mu),9.80786786704,0.0101958959231,report-only (stage NC FAIL: critical stage failed; no stage-NC value is used); axisymmetric critical point; stability NOT COMPUTED (YET)
P1,1T,4,99.0,0.6,0.5,I: G_6 x T_b (T_b in mass^4),9.80786786704,0.0101958959231,report-only (stage NC FAIL: critical stage failed; no stage-NC value is used); axisymmetric critical point; stability NOT COMPUTED (YET)
P1,1T,4,99.0,0.6,1.0,II: G v^2 (dimensionless G mu),12.5663706144,0.00795774715459,critical stage FAIL
P1,1T,4,99.0,0.6,1.0,I: G_6 x T_b (T_b in mass^4),12.5663706144,0.00795774715459,critical stage FAIL
P1,1T,4,99.0,0.6,2.0,II: G v^2 (dimensionless G mu),16.1891534245,0.00617697524867,report-only (stage NC FAIL: critical stage failed; no stage-NC value is used); report-only row; axisymmetric critical point; stability NOT COMPUTED (YET)
P1,1T,4,99.0,0.6,2.0,I: G_6 x T_b (T_b in mass^4),16.1891534245,0.00617697524867,report-only (stage NC FAIL: critical stage failed; no stage-NC value is used); report-only row; axisymmetric critical point; stability NOT COMPUTED (YET)
P1,1T,4,99.0,0.6,4.0,II: G v^2 (dimensionless G mu),20.92089739,0.00477990968245,report-only (stage NC FAIL: critical stage failed; no stage-NC value is used); report-only row; axisymmetric critical point; stability NOT COMPUTED (YET)
P1,1T,4,99.0,0.6,4.0,I: G_6 x T_b (T_b in mass^4),20.92089739,0.00477990968245,report-only (stage NC FAIL: critical stage failed; no stage-NC value is used); report-only row; axisymmetric critical point; stability NOT COMPUTED (YET)
P1,1T,4,99.0,0.7,0.25,II: G v^2 (dimensionless G mu),7.8131948369,0.00959914626035,report-only (stage NC FAIL: critical stage failed; no stage-NC value is used); axisymmetric critical point; stability NOT COMPUTED (YET)
P1,1T,4,99.0,0.7,0.25,I: G_6 x T_b (T_b in mass^4),7.8131948369,0.00959914626035,report-only (stage NC FAIL: critical stage failed; no stage-NC value is used); axisymmetric critical point; stability NOT COMPUTED (YET)
P1,1T,4,99.0,0.7,0.5,II: G v^2 (dimensionless G mu),9.87260403981,0.00759677990706,report-only (stage NC FAIL: critical stage failed; no stage-NC value is used); axisymmetric critical point; stability NOT COMPUTED (YET)
P1,1T,4,99.0,0.7,0.5,I: G_6 x T_b (T_b in mass^4),9.87260403981,0.00759677990706,report-only (stage NC FAIL: critical stage failed; no stage-NC value is used); axisymmetric critical point; stability NOT COMPUTED (YET)
P1,1T,4,99.0,0.7,1.0,II: G v^2 (dimensionless G mu),12.5663706144,0.00596831036595,critical stage FAIL
P1,1T,4,99.0,0.7,1.0,I: G_6 x T_b (T_b in mass^4),12.5663706144,0.00596831036595,critical stage FAIL
P1,1T,4,99.0,0.7,2.0,II: G v^2 (dimensionless G mu),16.0822488384,0.00466352689563,report-only (stage NC FAIL: critical stage failed; no stage-NC value is used); report-only row; axisymmetric critical point; stability NOT COMPUTED (YET)
P1,1T,4,99.0,0.7,2.0,I: G_6 x T_b (T_b in mass^4),16.0822488384,0.00466352689563,report-only (stage NC FAIL: critical stage failed; no stage-NC value is used); report-only row; axisymmetric critical point; stability NOT COMPUTED (YET)
P1,1T,4,99.0,0.7,4.0,II: G v^2 (dimensionless G mu),20.6444428219,0.00363293892923,report-only (stage NC FAIL: critical stage failed; no stage-NC value is used); report-only row; axisymmetric critical point; stability NOT COMPUTED (YET)
P1,1T,4,99.0,0.7,4.0,I: G_6 x T_b (T_b in mass^4),20.6444428219,0.00363293892923,report-only (stage NC FAIL: critical stage failed; no stage-NC value is used); report-only row; axisymmetric critical point; stability NOT COMPUTED (YET)
P1,1T,4,99.0,0.8,0.25,II: G v^2 (dimensionless G mu),7.90729520618,0.00632327473507,report-only (stage NC FAIL: critical stage failed; no stage-NC value is used); axisymmetric critical point; stability NOT COMPUTED (YET)
P1,1T,4,99.0,0.8,0.25,I: G_6 x T_b (T_b in mass^4),7.90729520618,0.00632327473507,report-only (stage NC FAIL: critical stage failed; no stage-NC value is used); axisymmetric critical point; stability NOT COMPUTED (YET)
P1,1T,4,99.0,0.8,0.5,II: G v^2 (dimensionless G mu),9.93237086442,0.00503404480989,report-only (stage NC FAIL: critical stage failed; no stage-NC value is used); axisymmetric critical point; stability NOT COMPUTED (YET)
P1,1T,4,99.0,0.8,0.5,I: G_6 x T_b (T_b in mass^4),9.93237086442,0.00503404480989,report-only (stage NC FAIL: critical stage failed; no stage-NC value is used); axisymmetric critical point; stability NOT COMPUTED (YET)
P1,1T,4,99.0,0.8,1.0,II: G v^2 (dimensionless G mu),12.5663706144,0.0039788735773,critical stage FAIL
P1,1T,4,99.0,0.8,1.0,I: G_6 x T_b (T_b in mass^4),12.5663706144,0.0039788735773,critical stage FAIL
P1,1T,4,99.0,0.8,2.0,II: G v^2 (dimensionless G mu),15.9847913416,0.00312797326732,report-only (stage NC FAIL: critical stage failed; no stage-NC value is used); report-only row; axisymmetric critical point; stability NOT COMPUTED (YET)
P1,1T,4,99.0,0.8,2.0,I: G_6 x T_b (T_b in mass^4),15.9847913416,0.00312797326732,report-only (stage NC FAIL: critical stage failed; no stage-NC value is used); report-only row; axisymmetric critical point; stability NOT COMPUTED (YET)
P1,1T,4,99.0,0.8,4.0,II: G v^2 (dimensionless G mu),20.3939989825,0.00245170160315,report-only (stage NC FAIL: critical stage failed; no stage-NC value is used); report-only row; axisymmetric critical point; stability NOT COMPUTED (YET)
P1,1T,4,99.0,0.8,4.0,I: G_6 x T_b (T_b in mass^4),20.3939989825,0.00245170160315,report-only (stage NC FAIL: critical stage failed; no stage-NC value is used); report-only row; axisymmetric critical point; stability NOT COMPUTED (YET)
P1,1T,4,99.0,0.9,0.25,II: G v^2 (dimensionless G mu),7.99524795679,0.00312685737017,report-only (stage NC FAIL: critical stage failed; no stage-NC value is used); axisymmetric critical point; stability NOT COMPUTED (YET)
P1,1T,4,99.0,0.9,0.25,I: G_6 x T_b (T_b in mass^4),7.99524795679,0.00312685737017,report-only (stage NC FAIL: critical stage failed; no stage-NC value is used); axisymmetric critical point; stability NOT COMPUTED (YET)
P1,1T,4,99.0,0.9,0.5,II: G v^2 (dimensionless G mu),9.98791435414,0.00250302506745,report-only (stage NC FAIL: critical stage failed; no stage-NC value is used); axisymmetric critical point; stability NOT COMPUTED (YET)
P1,1T,4,99.0,0.9,0.5,I: G_6 x T_b (T_b in mass^4),9.98791435414,0.00250302506745,report-only (stage NC FAIL: critical stage failed; no stage-NC value is used); axisymmetric critical point; stability NOT COMPUTED (YET)
P1,1T,4,99.0,0.9,1.0,II: G v^2 (dimensionless G mu),12.5663706144,0.00198943678865,critical stage FAIL
P1,1T,4,99.0,0.9,1.0,I: G_6 x T_b (T_b in mass^4),12.5663706144,0.00198943678865,critical stage FAIL
P1,1T,4,99.0,0.9,2.0,II: G v^2 (dimensionless G mu),15.8951824826,0.00157280358545,report-only (stage NC FAIL: critical stage failed; no stage-NC value is used); report-only row; axisymmetric critical point; stability NOT COMPUTED (YET)
P1,1T,4,99.0,0.9,2.0,I: G_6 x T_b (T_b in mass^4),15.8951824826,0.00157280358545,report-only (stage NC FAIL: critical stage failed; no stage-NC value is used); report-only row; axisymmetric critical point; stability NOT COMPUTED (YET)
P1,1T,4,99.0,0.9,4.0,II: G v^2 (dimensionless G mu),20.164998978,0.00123977194481,report-only (stage NC FAIL: critical stage failed; no stage-NC value is used); report-only row; axisymmetric critical point; stability NOT COMPUTED (YET)
P1,1T,4,99.0,0.9,4.0,I: G_6 x T_b (T_b in mass^4),20.164998978,0.00123977194481,report-only (stage NC FAIL: critical stage failed; no stage-NC value is used); report-only row; axisymmetric critical point; stability NOT COMPUTED (YET)
P1,1T,4,99.0,1,0.25,II: G v^2 (dimensionless G mu),8.07784531202,0,report-only (stage NC FAIL: critical stage failed; no stage-NC value is used); axisymmetric critical point; stability NOT COMPUTED (YET)
P1,1T,4,99.0,1,0.25,I: G_6 x T_b (T_b in mass^4),8.07784531202,0,report-only (stage NC FAIL: critical stage failed; no stage-NC value is used); axisymmetric critical point; stability NOT COMPUTED (YET)
P1,1T,4,99.0,1,0.5,II: G v^2 (dimensionless G mu),10.0398255452,0,report-only (stage NC FAIL: critical stage failed; no stage-NC value is used); axisymmetric critical point; stability NOT COMPUTED (YET)
P1,1T,4,99.0,1,0.5,I: G_6 x T_b (T_b in mass^4),10.0398255452,0,report-only (stage NC FAIL: critical stage failed; no stage-NC value is used); axisymmetric critical point; stability NOT COMPUTED (YET)
P1,1T,4,99.0,1,1.0,II: G v^2 (dimensionless G mu),12.5663706144,0,critical stage FAIL
P1,1T,4,99.0,1,1.0,I: G_6 x T_b (T_b in mass^4),12.5663706144,0,critical stage FAIL
P1,1T,4,99.0,1,2.0,II: G v^2 (dimensionless G mu),15.8122139258,0,report-only (stage NC FAIL: critical stage failed; no stage-NC value is used); report-only row; axisymmetric critical point; stability NOT COMPUTED (YET)
P1,1T,4,99.0,1,2.0,I: G_6 x T_b (T_b in mass^4),15.8122139258,0,report-only (stage NC FAIL: critical stage failed; no stage-NC value is used); report-only row; axisymmetric critical point; stability NOT COMPUTED (YET)
P1,1T,4,99.0,1,4.0,II: G v^2 (dimensionless G mu),19.9540320669,0,report-only (stage NC FAIL: critical stage failed; no stage-NC value is used); report-only row; axisymmetric critical point; stability NOT COMPUTED (YET)
P1,1T,4,99.0,1,4.0,I: G_6 x T_b (T_b in mass^4),19.9540320669,0,report-only (stage NC FAIL: critical stage failed; no stage-NC value is used); report-only row; axisymmetric critical point; stability NOT COMPUTED (YET)
P12,2T-unequal,2,1.0,"(0.8, 0.5)",0.25,II: G v^2 (dimensionless G mu),NOT COMPUTED (YET),NOT COMPUTED (YET),"FAILED: failed upstream (row P12 2T-unequal n=2 eps=1 alpha=(0.8, 0.5) stage NC kappa=0.5): not converged (cap hit) at NC kappa=0.5 alpha=(0.8, 0.5) [node cap MAX_NODES = 100000 reached; status 1, max|phi|^2 = 1.956e-07, iterations 5, nodes 65098]"
P12,2T-unequal,2,1.0,"(0.8, 0.5)",0.25,I: G_6 x T_b (T_b in mass^4),NOT COMPUTED (YET),NOT COMPUTED (YET),"FAILED: failed upstream (row P12 2T-unequal n=2 eps=1 alpha=(0.8, 0.5) stage NC kappa=0.5): not converged (cap hit) at NC kappa=0.5 alpha=(0.8, 0.5) [node cap MAX_NODES = 100000 reached; status 1, max|phi|^2 = 1.956e-07, iterations 5, nodes 65098]"
P12,2T-unequal,2,1.0,"(0.8, 0.5)",0.5,II: G v^2 (dimensionless G mu),NOT COMPUTED (YET),NOT COMPUTED (YET),"FAILED: failed directly: not converged (cap hit) at NC kappa=0.5 alpha=(0.8, 0.5) [node cap MAX_NODES = 100000 reached; status 1, max|phi|^2 = 1.956e-07, iterations 5, nodes 65098]"
P12,2T-unequal,2,1.0,"(0.8, 0.5)",0.5,I: G_6 x T_b (T_b in mass^4),NOT COMPUTED (YET),NOT COMPUTED (YET),"FAILED: failed directly: not converged (cap hit) at NC kappa=0.5 alpha=(0.8, 0.5) [node cap MAX_NODES = 100000 reached; status 1, max|phi|^2 = 1.956e-07, iterations 5, nodes 65098]"
P12,2T-unequal,2,1.0,"(0.8, 0.5)",1.0,II: G v^2 (dimensionless G mu),6.28318530718,NOT COMPUTED (YET) (unequal tips: no single alpha),critical stage FAIL
P12,2T-unequal,2,1.0,"(0.8, 0.5)",1.0,I: G_6 x T_b (T_b in mass^4),6.28318530718,NOT COMPUTED (YET) (unequal tips: no single alpha),critical stage FAIL
P12,2T-unequal,2,1.0,"(0.8, 0.5)",2.0,II: G v^2 (dimensionless G mu),7.6106536884,NOT COMPUTED (YET) (unequal tips: no single alpha),report-only (stage NC FAIL: critical stage failed; no stage-NC value is used); report-only row; axisymmetric critical point; stability NOT COMPUTED (YET)
P12,2T-unequal,2,1.0,"(0.8, 0.5)",2.0,I: G_6 x T_b (T_b in mass^4),7.6106536884,NOT COMPUTED (YET) (unequal tips: no single alpha),report-only (stage NC FAIL: critical stage failed; no stage-NC value is used); report-only row; axisymmetric critical point; stability NOT COMPUTED (YET)
P12,2T-unequal,2,1.0,"(0.8, 0.5)",4.0,II: G v^2 (dimensionless G mu),9.10820255101,NOT COMPUTED (YET) (unequal tips: no single alpha),report-only (stage NC FAIL: critical stage failed; no stage-NC value is used); report-only row; axisymmetric critical point; stability NOT COMPUTED (YET)
P12,2T-unequal,2,1.0,"(0.8, 0.5)",4.0,I: G_6 x T_b (T_b in mass^4),9.10820255101,NOT COMPUTED (YET) (unequal tips: no single alpha),report-only (stage NC FAIL: critical stage failed; no stage-NC value is used); report-only row; axisymmetric critical point; stability NOT COMPUTED (YET)
P12,2T-unequal,2,24.0,"(0.8, 0.5)",0.25,II: G v^2 (dimensionless G mu),4.47900058535,NOT COMPUTED (YET) (unequal tips: no single alpha),report-only (stage NC FAIL: critical stage failed; no stage-NC value is used); report-only row; axisymmetric critical point; stability NOT COMPUTED (YET)
P12,2T-unequal,2,24.0,"(0.8, 0.5)",0.25,I: G_6 x T_b (T_b in mass^4),4.47900058535,NOT COMPUTED (YET) (unequal tips: no single alpha),report-only (stage NC FAIL: critical stage failed; no stage-NC value is used); report-only row; axisymmetric critical point; stability NOT COMPUTED (YET)
P12,2T-unequal,2,24.0,"(0.8, 0.5)",0.5,II: G v^2 (dimensionless G mu),5.29103101058,NOT COMPUTED (YET) (unequal tips: no single alpha),report-only (stage NC FAIL: critical stage failed; no stage-NC value is used); report-only row; axisymmetric critical point; stability NOT COMPUTED (YET)
P12,2T-unequal,2,24.0,"(0.8, 0.5)",0.5,I: G_6 x T_b (T_b in mass^4),5.29103101058,NOT COMPUTED (YET) (unequal tips: no single alpha),report-only (stage NC FAIL: critical stage failed; no stage-NC value is used); report-only row; axisymmetric critical point; stability NOT COMPUTED (YET)
P12,2T-unequal,2,24.0,"(0.8, 0.5)",1.0,II: G v^2 (dimensionless G mu),6.28318530718,NOT COMPUTED (YET) (unequal tips: no single alpha),critical stage FAIL
P12,2T-unequal,2,24.0,"(0.8, 0.5)",1.0,I: G_6 x T_b (T_b in mass^4),6.28318530718,NOT COMPUTED (YET) (unequal tips: no single alpha),critical stage FAIL
P12,2T-unequal,2,24.0,"(0.8, 0.5)",2.0,II: G v^2 (dimensionless G mu),7.49306163665,NOT COMPUTED (YET) (unequal tips: no single alpha),report-only (stage NC FAIL: critical stage failed; no stage-NC value is used); report-only row; axisymmetric critical point; stability NOT COMPUTED (YET)
P12,2T-unequal,2,24.0,"(0.8, 0.5)",2.0,I: G_6 x T_b (T_b in mass^4),7.49306163665,NOT COMPUTED (YET) (unequal tips: no single alpha),report-only (stage NC FAIL: critical stage failed; no stage-NC value is used); report-only row; axisymmetric critical point; stability NOT COMPUTED (YET)
P12,2T-unequal,2,24.0,"(0.8, 0.5)",4.0,II: G v^2 (dimensionless G mu),8.95582933376,NOT COMPUTED (YET) (unequal tips: no single alpha),report-only (stage NC FAIL: critical stage failed; no stage-NC value is used); report-only row; axisymmetric critical point; stability NOT COMPUTED (YET)
P12,2T-unequal,2,24.0,"(0.8, 0.5)",4.0,I: G_6 x T_b (T_b in mass^4),8.95582933376,NOT COMPUTED (YET) (unequal tips: no single alpha),report-only (stage NC FAIL: critical stage failed; no stage-NC value is used); report-only row; axisymmetric critical point; stability NOT COMPUTED (YET)
P12,2T-unequal,2,4.0,"(0.8, 0.5)",0.25,II: G v^2 (dimensionless G mu),4.20609379781,NOT COMPUTED (YET) (unequal tips: no single alpha),report-only (stage NC FAIL: critical stage failed; no stage-NC value is used); report-only row; axisymmetric critical point; stability NOT COMPUTED (YET)
P12,2T-unequal,2,4.0,"(0.8, 0.5)",0.25,I: G_6 x T_b (T_b in mass^4),4.20609379781,NOT COMPUTED (YET) (unequal tips: no single alpha),report-only (stage NC FAIL: critical stage failed; no stage-NC value is used); report-only row; axisymmetric critical point; stability NOT COMPUTED (YET)
P12,2T-unequal,2,4.0,"(0.8, 0.5)",0.5,II: G v^2 (dimensionless G mu),5.23624107976,NOT COMPUTED (YET) (unequal tips: no single alpha),report-only (stage NC FAIL: critical stage failed; no stage-NC value is used); report-only row; axisymmetric critical point; stability NOT COMPUTED (YET)
P12,2T-unequal,2,4.0,"(0.8, 0.5)",0.5,I: G_6 x T_b (T_b in mass^4),5.23624107976,NOT COMPUTED (YET) (unequal tips: no single alpha),report-only (stage NC FAIL: critical stage failed; no stage-NC value is used); report-only row; axisymmetric critical point; stability NOT COMPUTED (YET)
P12,2T-unequal,2,4.0,"(0.8, 0.5)",1.0,II: G v^2 (dimensionless G mu),6.28318530718,NOT COMPUTED (YET) (unequal tips: no single alpha),critical stage FAIL
P12,2T-unequal,2,4.0,"(0.8, 0.5)",1.0,I: G_6 x T_b (T_b in mass^4),6.28318530718,NOT COMPUTED (YET) (unequal tips: no single alpha),critical stage FAIL
P12,2T-unequal,2,4.0,"(0.8, 0.5)",2.0,II: G v^2 (dimensionless G mu),7.51671936103,NOT COMPUTED (YET) (unequal tips: no single alpha),report-only (stage NC FAIL: critical stage failed; no stage-NC value is used); report-only row; axisymmetric critical point; stability NOT COMPUTED (YET)
P12,2T-unequal,2,4.0,"(0.8, 0.5)",2.0,I: G_6 x T_b (T_b in mass^4),7.51671936103,NOT COMPUTED (YET) (unequal tips: no single alpha),report-only (stage NC FAIL: critical stage failed; no stage-NC value is used); report-only row; axisymmetric critical point; stability NOT COMPUTED (YET)
P12,2T-unequal,2,4.0,"(0.8, 0.5)",4.0,II: G v^2 (dimensionless G mu),8.99367335293,NOT COMPUTED (YET) (unequal tips: no single alpha),report-only (stage NC FAIL: critical stage failed; no stage-NC value is used); report-only row; axisymmetric critical point; stability NOT COMPUTED (YET)
P12,2T-unequal,2,4.0,"(0.8, 0.5)",4.0,I: G_6 x T_b (T_b in mass^4),8.99367335293,NOT COMPUTED (YET) (unequal tips: no single alpha),report-only (stage NC FAIL: critical stage failed; no stage-NC value is used); report-only row; axisymmetric critical point; stability NOT COMPUTED (YET)
P12,2T-unequal,2,99.0,"(0.8, 0.5)",0.25,II: G v^2 (dimensionless G mu),4.49478522745,NOT COMPUTED (YET) (unequal tips: no single alpha),report-only (stage NC FAIL: critical stage failed; no stage-NC value is used); report-only row; axisymmetric critical point; stability NOT COMPUTED (YET)
P12,2T-unequal,2,99.0,"(0.8, 0.5)",0.25,I: G_6 x T_b (T_b in mass^4),4.49478522745,NOT COMPUTED (YET) (unequal tips: no single alpha),report-only (stage NC FAIL: critical stage failed; no stage-NC value is used); report-only row; axisymmetric critical point; stability NOT COMPUTED (YET)
P12,2T-unequal,2,99.0,"(0.8, 0.5)",0.5,II: G v^2 (dimensionless G mu),5.29710051317,NOT COMPUTED (YET) (unequal tips: no single alpha),report-only (stage NC FAIL: critical stage failed; no stage-NC value is used); report-only row; axisymmetric critical point; stability NOT COMPUTED (YET)
P12,2T-unequal,2,99.0,"(0.8, 0.5)",0.5,I: G_6 x T_b (T_b in mass^4),5.29710051317,NOT COMPUTED (YET) (unequal tips: no single alpha),report-only (stage NC FAIL: critical stage failed; no stage-NC value is used); report-only row; axisymmetric critical point; stability NOT COMPUTED (YET)
P12,2T-unequal,2,99.0,"(0.8, 0.5)",1.0,II: G v^2 (dimensionless G mu),6.28318530718,NOT COMPUTED (YET) (unequal tips: no single alpha),critical stage FAIL
P12,2T-unequal,2,99.0,"(0.8, 0.5)",1.0,I: G_6 x T_b (T_b in mass^4),6.28318530718,NOT COMPUTED (YET) (unequal tips: no single alpha),critical stage FAIL
P12,2T-unequal,2,99.0,"(0.8, 0.5)",2.0,II: G v^2 (dimensionless G mu),7.48913907361,NOT COMPUTED (YET) (unequal tips: no single alpha),report-only (stage NC FAIL: critical stage failed; no stage-NC value is used); report-only row; axisymmetric critical point; stability NOT COMPUTED (YET)
P12,2T-unequal,2,99.0,"(0.8, 0.5)",2.0,I: G_6 x T_b (T_b in mass^4),7.48913907361,NOT COMPUTED (YET) (unequal tips: no single alpha),report-only (stage NC FAIL: critical stage failed; no stage-NC value is used); report-only row; axisymmetric critical point; stability NOT COMPUTED (YET)
P12,2T-unequal,2,99.0,"(0.8, 0.5)",4.0,II: G v^2 (dimensionless G mu),8.94933186782,NOT COMPUTED (YET) (unequal tips: no single alpha),report-only (stage NC FAIL: critical stage failed; no stage-NC value is used); report-only row; axisymmetric critical point; stability NOT COMPUTED (YET)
P12,2T-unequal,2,99.0,"(0.8, 0.5)",4.0,I: G_6 x T_b (T_b in mass^4),8.94933186782,NOT COMPUTED (YET) (unequal tips: no single alpha),report-only (stage NC FAIL: critical stage failed; no stage-NC value is used); report-only row; axisymmetric critical point; stability NOT COMPUTED (YET)
P2,2T,2,1.0,0.5,0.25,II: G v^2 (dimensionless G mu),NOT COMPUTED (YET),NOT COMPUTED (YET),"FAILED: failed upstream (row P2 2T n=2 eps=1 alpha=0.5 stage NC kappa=0.5): not converged (cap hit) at NC kappa=0.5 alpha=0.5 [node cap MAX_NODES = 100000 reached; status 1, max|phi|^2 = 1.049e-08, iterations 6, nodes 94025]"
P2,2T,2,1.0,0.5,0.25,I: G_6 x T_b (T_b in mass^4),NOT COMPUTED (YET),NOT COMPUTED (YET),"FAILED: failed upstream (row P2 2T n=2 eps=1 alpha=0.5 stage NC kappa=0.5): not converged (cap hit) at NC kappa=0.5 alpha=0.5 [node cap MAX_NODES = 100000 reached; status 1, max|phi|^2 = 1.049e-08, iterations 6, nodes 94025]"
P2,2T,2,1.0,0.5,0.5,II: G v^2 (dimensionless G mu),NOT COMPUTED (YET),NOT COMPUTED (YET),"FAILED: failed directly: not converged (cap hit) at NC kappa=0.5 alpha=0.5 [node cap MAX_NODES = 100000 reached; status 1, max|phi|^2 = 1.049e-08, iterations 6, nodes 94025]"
P2,2T,2,1.0,0.5,0.5,I: G_6 x T_b (T_b in mass^4),NOT COMPUTED (YET),NOT COMPUTED (YET),"FAILED: failed directly: not converged (cap hit) at NC kappa=0.5 alpha=0.5 [node cap MAX_NODES = 100000 reached; status 1, max|phi|^2 = 1.049e-08, iterations 6, nodes 94025]"
P2,2T,2,1.0,0.5,1.0,II: G v^2 (dimensionless G mu),6.28318530718,0.0198943678865,critical stage FAIL
P2,2T,2,1.0,0.5,1.0,I: G_6 x T_b (T_b in mass^4),6.28318530718,0.0198943678865,critical stage FAIL
P2,2T,2,1.0,0.5,2.0,II: G v^2 (dimensionless G mu),7.60049704257,0.0164462928279,report-only (stage NC FAIL: critical stage failed; no stage-NC value is used); axisymmetric critical point; stability NOT COMPUTED (YET)
P2,2T,2,1.0,0.5,2.0,I: G_6 x T_b (T_b in mass^4),7.60049704257,0.0164462928279,report-only (stage NC FAIL: critical stage failed; no stage-NC value is used); axisymmetric critical point; stability NOT COMPUTED (YET)
P2,2T,2,1.0,0.5,4.0,II: G v^2 (dimensionless G mu),9.12275693754,0.0137019982946,report-only (stage NC FAIL: critical stage failed; no stage-NC value is used); axisymmetric critical point; stability NOT COMPUTED (YET)
P2,2T,2,1.0,0.5,4.0,I: G_6 x T_b (T_b in mass^4),9.12275693754,0.0137019982946,report-only (stage NC FAIL: critical stage failed; no stage-NC value is used); axisymmetric critical point; stability NOT COMPUTED (YET)
P2,2T,2,1.0,0.6,0.25,II: G v^2 (dimensionless G mu),NOT COMPUTED (YET),NOT COMPUTED (YET),"FAILED: failed upstream (row P2 2T n=2 eps=1 alpha=0.6 stage NC kappa=0.5): not converged (cap hit) at NC kappa=0.5 alpha=0.6 [node cap MAX_NODES = 100000 reached; status 1, max|phi|^2 = 7.498e-09, iterations 6, nodes 99873]"
P2,2T,2,1.0,0.6,0.25,I: G_6 x T_b (T_b in mass^4),NOT COMPUTED (YET),NOT COMPUTED (YET),"FAILED: failed upstream (row P2 2T n=2 eps=1 alpha=0.6 stage NC kappa=0.5): not converged (cap hit) at NC kappa=0.5 alpha=0.6 [node cap MAX_NODES = 100000 reached; status 1, max|phi|^2 = 7.498e-09, iterations 6, nodes 99873]"
P2,2T,2,1.0,0.6,0.5,II: G v^2 (dimensionless G mu),NOT COMPUTED (YET),NOT COMPUTED (YET),"FAILED: failed directly: not converged (cap hit) at NC kappa=0.5 alpha=0.6 [node cap MAX_NODES = 100000 reached; status 1, max|phi|^2 = 7.498e-09, iterations 6, nodes 99873]"
P2,2T,2,1.0,0.6,0.5,I: G_6 x T_b (T_b in mass^4),NOT COMPUTED (YET),NOT COMPUTED (YET),"FAILED: failed directly: not converged (cap hit) at NC kappa=0.5 alpha=0.6 [node cap MAX_NODES = 100000 reached; status 1, max|phi|^2 = 7.498e-09, iterations 6, nodes 99873]"
P2,2T,2,1.0,0.6,1.0,II: G v^2 (dimensionless G mu),6.28318530718,0.0159154943092,critical stage FAIL
P2,2T,2,1.0,0.6,1.0,I: G_6 x T_b (T_b in mass^4),6.28318530718,0.0159154943092,critical stage FAIL
P2,2T,2,1.0,0.6,2.0,II: G v^2 (dimensionless G mu),7.53574777638,0.0132700832044,report-only (stage NC FAIL: critical stage failed; no stage-NC value is used); axisymmetric critical point; stability NOT COMPUTED (YET)
P2,2T,2,1.0,0.6,2.0,I: G_6 x T_b (T_b in mass^4),7.53574777638,0.0132700832044,report-only (stage NC FAIL: critical stage failed; no stage-NC value is used); axisymmetric critical point; stability NOT COMPUTED (YET)
P2,2T,2,1.0,0.6,4.0,II: G v^2 (dimensionless G mu),8.93746694914,0.0111888525652,report-only (stage NC FAIL: critical stage failed; no stage-NC value is used); axisymmetric critical point; stability NOT COMPUTED (YET)
P2,2T,2,1.0,0.6,4.0,I: G_6 x T_b (T_b in mass^4),8.93746694914,0.0111888525652,report-only (stage NC FAIL: critical stage failed; no stage-NC value is used); axisymmetric critical point; stability NOT COMPUTED (YET)
P2,2T,2,1.0,0.7,0.25,II: G v^2 (dimensionless G mu),NOT COMPUTED (YET),NOT COMPUTED (YET),"FAILED: failed upstream (row P2 2T n=2 eps=1 alpha=0.7 stage NC kappa=0.5): not converged (cap hit) at NC kappa=0.5 alpha=0.7 [node cap MAX_NODES = 100000 reached; status 1, max|phi|^2 = 8.825e-08, iterations 5, nodes 64587]"
P2,2T,2,1.0,0.7,0.25,I: G_6 x T_b (T_b in mass^4),NOT COMPUTED (YET),NOT COMPUTED (YET),"FAILED: failed upstream (row P2 2T n=2 eps=1 alpha=0.7 stage NC kappa=0.5): not converged (cap hit) at NC kappa=0.5 alpha=0.7 [node cap MAX_NODES = 100000 reached; status 1, max|phi|^2 = 8.825e-08, iterations 5, nodes 64587]"
P2,2T,2,1.0,0.7,0.5,II: G v^2 (dimensionless G mu),NOT COMPUTED (YET),NOT COMPUTED (YET),"FAILED: failed directly: not converged (cap hit) at NC kappa=0.5 alpha=0.7 [node cap MAX_NODES = 100000 reached; status 1, max|phi|^2 = 8.825e-08, iterations 5, nodes 64587]"
P2,2T,2,1.0,0.7,0.5,I: G_6 x T_b (T_b in mass^4),NOT COMPUTED (YET),NOT COMPUTED (YET),"FAILED: failed directly: not converged (cap hit) at NC kappa=0.5 alpha=0.7 [node cap MAX_NODES = 100000 reached; status 1, max|phi|^2 = 8.825e-08, iterations 5, nodes 64587]"
P2,2T,2,1.0,0.7,1.0,II: G v^2 (dimensionless G mu),6.28318530718,0.0119366207319,critical stage FAIL
P2,2T,2,1.0,0.7,1.0,I: G_6 x T_b (T_b in mass^4),6.28318530718,0.0119366207319,critical stage FAIL
P2,2T,2,1.0,0.7,2.0,II: G v^2 (dimensionless G mu),7.48338220723,0.0100222062596,report-only (stage NC FAIL: critical stage failed; no stage-NC value is used); axisymmetric critical point; stability NOT COMPUTED (YET)
P2,2T,2,1.0,0.7,2.0,I: G_6 x T_b (T_b in mass^4),7.48338220723,0.0100222062596,report-only (stage NC FAIL: critical stage failed; no stage-NC value is used); axisymmetric critical point; stability NOT COMPUTED (YET)
P2,2T,2,1.0,0.7,4.0,II: G v^2 (dimensionless G mu),8.7853534665,0.00853693596803,report-only (stage NC FAIL: critical stage failed; no stage-NC value is used); axisymmetric critical point; stability NOT COMPUTED (YET)
P2,2T,2,1.0,0.7,4.0,I: G_6 x T_b (T_b in mass^4),8.7853534665,0.00853693596803,report-only (stage NC FAIL: critical stage failed; no stage-NC value is used); axisymmetric critical point; stability NOT COMPUTED (YET)
P2,2T,2,1.0,0.8,0.25,II: G v^2 (dimensionless G mu),NOT COMPUTED (YET),NOT COMPUTED (YET),"FAILED: failed upstream (row P2 2T n=2 eps=1 alpha=0.8 stage NC kappa=0.5): not converged (cap hit) at NC kappa=0.5 alpha=0.8 [node cap MAX_NODES = 100000 reached; status 1, max|phi|^2 = 7.502e-08, iterations 5, nodes 71217]"
P2,2T,2,1.0,0.8,0.25,I: G_6 x T_b (T_b in mass^4),NOT COMPUTED (YET),NOT COMPUTED (YET),"FAILED: failed upstream (row P2 2T n=2 eps=1 alpha=0.8 stage NC kappa=0.5): not converged (cap hit) at NC kappa=0.5 alpha=0.8 [node cap MAX_NODES = 100000 reached; status 1, max|phi|^2 = 7.502e-08, iterations 5, nodes 71217]"
P2,2T,2,1.0,0.8,0.5,II: G v^2 (dimensionless G mu),NOT COMPUTED (YET),NOT COMPUTED (YET),"FAILED: failed directly: not converged (cap hit) at NC kappa=0.5 alpha=0.8 [node cap MAX_NODES = 100000 reached; status 1, max|phi|^2 = 7.502e-08, iterations 5, nodes 71217]"
P2,2T,2,1.0,0.8,0.5,I: G_6 x T_b (T_b in mass^4),NOT COMPUTED (YET),NOT COMPUTED (YET),"FAILED: failed directly: not converged (cap hit) at NC kappa=0.5 alpha=0.8 [node cap MAX_NODES = 100000 reached; status 1, max|phi|^2 = 7.502e-08, iterations 5, nodes 71217]"
P2,2T,2,1.0,0.8,1.0,II: G v^2 (dimensionless G mu),6.28318530718,0.00795774715459,critical stage FAIL
P2,2T,2,1.0,0.8,1.0,I: G_6 x T_b (T_b in mass^4),6.28318530718,0.00795774715459,critical stage FAIL
P2,2T,2,1.0,0.8,2.0,II: G v^2 (dimensionless G mu),7.4401624142,0.00672028340465,report-only (stage NC FAIL: critical stage failed; no stage-NC value is used); axisymmetric critical point; stability NOT COMPUTED (YET)
P2,2T,2,1.0,0.8,2.0,I: G_6 x T_b (T_b in mass^4),7.4401624142,0.00672028340465,report-only (stage NC FAIL: critical stage failed; no stage-NC value is used); axisymmetric critical point; stability NOT COMPUTED (YET)
P2,2T,2,1.0,0.8,4.0,II: G v^2 (dimensionless G mu),8.65815328845,0.0057749035313,report-only (stage NC FAIL: critical stage failed; no stage-NC value is used); axisymmetric critical point; stability NOT COMPUTED (YET)
P2,2T,2,1.0,0.8,4.0,I: G_6 x T_b (T_b in mass^4),8.65815328845,0.0057749035313,report-only (stage NC FAIL: critical stage failed; no stage-NC value is used); axisymmetric critical point; stability NOT COMPUTED (YET)
P2,2T,2,1.0,0.9,0.25,II: G v^2 (dimensionless G mu),NOT COMPUTED (YET),NOT COMPUTED (YET),"FAILED: failed upstream (row P2 2T n=2 eps=1 alpha=0.9 stage NC kappa=0.5): not converged (cap hit) at NC kappa=0.5 alpha=0.9 [node cap MAX_NODES = 100000 reached; status 1, max|phi|^2 = 6.605e-08, iterations 5, nodes 77853]"
P2,2T,2,1.0,0.9,0.25,I: G_6 x T_b (T_b in mass^4),NOT COMPUTED (YET),NOT COMPUTED (YET),"FAILED: failed upstream (row P2 2T n=2 eps=1 alpha=0.9 stage NC kappa=0.5): not converged (cap hit) at NC kappa=0.5 alpha=0.9 [node cap MAX_NODES = 100000 reached; status 1, max|phi|^2 = 6.605e-08, iterations 5, nodes 77853]"
P2,2T,2,1.0,0.9,0.5,II: G v^2 (dimensionless G mu),NOT COMPUTED (YET),NOT COMPUTED (YET),"FAILED: failed directly: not converged (cap hit) at NC kappa=0.5 alpha=0.9 [node cap MAX_NODES = 100000 reached; status 1, max|phi|^2 = 6.605e-08, iterations 5, nodes 77853]"
P2,2T,2,1.0,0.9,0.5,I: G_6 x T_b (T_b in mass^4),NOT COMPUTED (YET),NOT COMPUTED (YET),"FAILED: failed directly: not converged (cap hit) at NC kappa=0.5 alpha=0.9 [node cap MAX_NODES = 100000 reached; status 1, max|phi|^2 = 6.605e-08, iterations 5, nodes 77853]"
P2,2T,2,1.0,0.9,1.0,II: G v^2 (dimensionless G mu),6.28318530718,0.0039788735773,critical stage FAIL
P2,2T,2,1.0,0.9,1.0,I: G_6 x T_b (T_b in mass^4),6.28318530718,0.0039788735773,critical stage FAIL
P2,2T,2,1.0,0.9,2.0,II: G v^2 (dimensionless G mu),7.403911527,0.00337659356258,report-only (stage NC FAIL: critical stage failed; no stage-NC value is used); axisymmetric critical point; stability NOT COMPUTED (YET)
P2,2T,2,1.0,0.9,2.0,I: G_6 x T_b (T_b in mass^4),7.403911527,0.00337659356258,report-only (stage NC FAIL: critical stage failed; no stage-NC value is used); axisymmetric critical point; stability NOT COMPUTED (YET)
P2,2T,2,1.0,0.9,4.0,II: G v^2 (dimensionless G mu),8.55022030651,0.00292390126848,report-only (stage NC FAIL: critical stage failed; no stage-NC value is used); axisymmetric critical point; stability NOT COMPUTED (YET)
P2,2T,2,1.0,0.9,4.0,I: G_6 x T_b (T_b in mass^4),8.55022030651,0.00292390126848,report-only (stage NC FAIL: critical stage failed; no stage-NC value is used); axisymmetric critical point; stability NOT COMPUTED (YET)
P2,2T,2,1.0,1,0.25,II: G v^2 (dimensionless G mu),NOT COMPUTED (YET),NOT COMPUTED (YET),"n/a (normal state) [normal state: exact solution, linearly stable for B > κ/2, marginal at B = κ/2; whether a vortex branch coexists (κ < 1, subcritical) is NOT COMPUTED (YET)] [by construction; not a test] [Venus 20:44]; normal-state energy (not a vortex value) = 3.14159265359"
P2,2T,2,1.0,1,0.25,I: G_6 x T_b (T_b in mass^4),NOT COMPUTED (YET),NOT COMPUTED (YET),"n/a (normal state) [normal state: exact solution, linearly stable for B > κ/2, marginal at B = κ/2; whether a vortex branch coexists (κ < 1, subcritical) is NOT COMPUTED (YET)] [by construction; not a test] [Venus 20:44]; normal-state energy (not a vortex value) = 3.14159265359"
P2,2T,2,1.0,1,0.5,II: G v^2 (dimensionless G mu),NOT COMPUTED (YET),NOT COMPUTED (YET),"n/a (normal state) [normal state: exact solution, linearly stable for B > κ/2, marginal at B = κ/2; whether a vortex branch coexists (κ < 1, subcritical) is NOT COMPUTED (YET)] [by construction; not a test] [Venus 20:44]; normal-state energy (not a vortex value) = 4.71238898038"
P2,2T,2,1.0,1,0.5,I: G_6 x T_b (T_b in mass^4),NOT COMPUTED (YET),NOT COMPUTED (YET),"n/a (normal state) [normal state: exact solution, linearly stable for B > κ/2, marginal at B = κ/2; whether a vortex branch coexists (κ < 1, subcritical) is NOT COMPUTED (YET)] [by construction; not a test] [Venus 20:44]; normal-state energy (not a vortex value) = 4.71238898038"
P2,2T,2,1.0,1,1.0,II: G v^2 (dimensionless G mu),6.28318530717,0,critical stage FAIL
P2,2T,2,1.0,1,1.0,I: G_6 x T_b (T_b in mass^4),6.28318530717,0,critical stage FAIL
P2,2T,2,1.0,1,2.0,II: G v^2 (dimensionless G mu),7.37310285688,0,report-only (stage NC FAIL: critical stage failed; no stage-NC value is used); axisymmetric critical point; stability NOT COMPUTED (YET)
P2,2T,2,1.0,1,2.0,I: G_6 x T_b (T_b in mass^4),7.37310285688,0,report-only (stage NC FAIL: critical stage failed; no stage-NC value is used); axisymmetric critical point; stability NOT COMPUTED (YET)
P2,2T,2,1.0,1,4.0,II: G v^2 (dimensionless G mu),8.45753413339,0,report-only (stage NC FAIL: critical stage failed; no stage-NC value is used); axisymmetric critical point; stability NOT COMPUTED (YET)
P2,2T,2,1.0,1,4.0,I: G_6 x T_b (T_b in mass^4),8.45753413339,0,report-only (stage NC FAIL: critical stage failed; no stage-NC value is used); axisymmetric critical point; stability NOT COMPUTED (YET)
P2,2T,2,24.0,0.5,0.25,II: G v^2 (dimensionless G mu),4.41339707035,0.0283228538034,report-only (stage NC FAIL: critical stage failed; no stage-NC value is used); axisymmetric critical point; stability NOT COMPUTED (YET)
P2,2T,2,24.0,0.5,0.25,I: G_6 x T_b (T_b in mass^4),4.41339707035,0.0283228538034,report-only (stage NC FAIL: critical stage failed; no stage-NC value is used); axisymmetric critical point; stability NOT COMPUTED (YET)
P2,2T,2,24.0,0.5,0.5,II: G v^2 (dimensionless G mu),5.24139631101,0.0238486068564,report-only (stage NC FAIL: critical stage failed; no stage-NC value is used); axisymmetric critical point; stability NOT COMPUTED (YET)
P2,2T,2,24.0,0.5,0.5,I: G_6 x T_b (T_b in mass^4),5.24139631101,0.0238486068564,report-only (stage NC FAIL: critical stage failed; no stage-NC value is used); axisymmetric critical point; stability NOT COMPUTED (YET)
P2,2T,2,24.0,0.5,1.0,II: G v^2 (dimensionless G mu),6.28318530718,0.0198943678865,critical stage FAIL
P2,2T,2,24.0,0.5,1.0,I: G_6 x T_b (T_b in mass^4),6.28318530718,0.0198943678865,critical stage FAIL
P2,2T,2,24.0,0.5,2.0,II: G v^2 (dimensionless G mu),7.58450797291,0.016480963623,report-only (stage NC FAIL: critical stage failed; no stage-NC value is used); axisymmetric critical point; stability NOT COMPUTED (YET)
P2,2T,2,24.0,0.5,2.0,I: G_6 x T_b (T_b in mass^4),7.58450797291,0.016480963623,report-only (stage NC FAIL: critical stage failed; no stage-NC value is used); axisymmetric critical point; stability NOT COMPUTED (YET)
P2,2T,2,24.0,0.5,4.0,II: G v^2 (dimensionless G mu),9.1902794144,0.0136013274857,report-only (stage NC FAIL: critical stage failed; no stage-NC value is used); axisymmetric critical point; stability NOT COMPUTED (YET)
P2,2T,2,24.0,0.5,4.0,I: G_6 x T_b (T_b in mass^4),9.1902794144,0.0136013274857,report-only (stage NC FAIL: critical stage failed; no stage-NC value is used); axisymmetric critical point; stability NOT COMPUTED (YET)
P2,2T,2,24.0,0.6,0.25,II: G v^2 (dimensionless G mu),4.51210685308,0.0221625957133,report-only (stage NC FAIL: critical stage failed; no stage-NC value is used); axisymmetric critical point; stability NOT COMPUTED (YET)
P2,2T,2,24.0,0.6,0.25,I: G_6 x T_b (T_b in mass^4),4.51210685308,0.0221625957133,report-only (stage NC FAIL: critical stage failed; no stage-NC value is used); axisymmetric critical point; stability NOT COMPUTED (YET)
P2,2T,2,24.0,0.6,0.5,II: G v^2 (dimensionless G mu),5.30071606151,0.0188653757039,report-only (stage NC FAIL: critical stage failed; no stage-NC value is used); axisymmetric critical point; stability NOT COMPUTED (YET)
P2,2T,2,24.0,0.6,0.5,I: G_6 x T_b (T_b in mass^4),5.30071606151,0.0188653757039,report-only (stage NC FAIL: critical stage failed; no stage-NC value is used); axisymmetric critical point; stability NOT COMPUTED (YET)
P2,2T,2,24.0,0.6,1.0,II: G v^2 (dimensionless G mu),6.28318530718,0.0159154943092,critical stage FAIL
P2,2T,2,24.0,0.6,1.0,I: G_6 x T_b (T_b in mass^4),6.28318530718,0.0159154943092,critical stage FAIL
P2,2T,2,24.0,0.6,2.0,II: G v^2 (dimensionless G mu),7.49791634569,0.0133370386371,report-only (stage NC FAIL: critical stage failed; no stage-NC value is used); axisymmetric critical point; stability NOT COMPUTED (YET)
P2,2T,2,24.0,0.6,2.0,I: G_6 x T_b (T_b in mass^4),7.49791634569,0.0133370386371,report-only (stage NC FAIL: critical stage failed; no stage-NC value is used); axisymmetric critical point; stability NOT COMPUTED (YET)
P2,2T,2,24.0,0.6,4.0,II: G v^2 (dimensionless G mu),8.98031568558,0.0111354660016,report-only (stage NC FAIL: critical stage failed; no stage-NC value is used); axisymmetric critical point; stability NOT COMPUTED (YET)
P2,2T,2,24.0,0.6,4.0,I: G_6 x T_b (T_b in mass^4),8.98031568558,0.0111354660016,report-only (stage NC FAIL: critical stage failed; no stage-NC value is used); axisymmetric critical point; stability NOT COMPUTED (YET)
P2,2T,2,24.0,0.7,0.25,II: G v^2 (dimensionless G mu),4.59861986931,0.0163092410618,report-only (stage NC FAIL: critical stage failed; no stage-NC value is used); axisymmetric critical point; stability NOT COMPUTED (YET)
P2,2T,2,24.0,0.7,0.25,I: G_6 x T_b (T_b in mass^4),4.59861986931,0.0163092410618,report-only (stage NC FAIL: critical stage failed; no stage-NC value is used); axisymmetric critical point; stability NOT COMPUTED (YET)
P2,2T,2,24.0,0.7,0.5,II: G v^2 (dimensionless G mu),5.35243879055,0.0140123040982,report-only (stage NC FAIL: critical stage failed; no stage-NC value is used); axisymmetric critical point; stability NOT COMPUTED (YET)
P2,2T,2,24.0,0.7,0.5,I: G_6 x T_b (T_b in mass^4),5.35243879055,0.0140123040982,report-only (stage NC FAIL: critical stage failed; no stage-NC value is used); axisymmetric critical point; stability NOT COMPUTED (YET)
P2,2T,2,24.0,0.7,1.0,II: G v^2 (dimensionless G mu),6.28318530718,0.0119366207319,critical stage FAIL
P2,2T,2,24.0,0.7,1.0,I: G_6 x T_b (T_b in mass^4),6.28318530718,0.0119366207319,critical stage FAIL
P2,2T,2,24.0,0.7,2.0,II: G v^2 (dimensionless G mu),7.42362220259,0.0101028848119,report-only (stage NC FAIL: critical stage failed; no stage-NC value is used); axisymmetric critical point; stability NOT COMPUTED (YET)
P2,2T,2,24.0,0.7,2.0,I: G_6 x T_b (T_b in mass^4),7.42362220259,0.0101028848119,report-only (stage NC FAIL: critical stage failed; no stage-NC value is used); axisymmetric critical point; stability NOT COMPUTED (YET)
P2,2T,2,24.0,0.7,4.0,II: G v^2 (dimensionless G mu),8.80193537926,0.00852085328606,report-only (stage NC FAIL: critical stage failed; no stage-NC value is used); axisymmetric critical point; stability NOT COMPUTED (YET)
P2,2T,2,24.0,0.7,4.0,I: G_6 x T_b (T_b in mass^4),8.80193537926,0.00852085328606,report-only (stage NC FAIL: critical stage failed; no stage-NC value is used); axisymmetric critical point; stability NOT COMPUTED (YET)
P2,2T,2,24.0,0.8,0.25,II: G v^2 (dimensionless G mu),4.67544120547,0.0106941778974,report-only (stage NC FAIL: critical stage failed; no stage-NC value is used); axisymmetric critical point; stability NOT COMPUTED (YET)
P2,2T,2,24.0,0.8,0.25,I: G_6 x T_b (T_b in mass^4),4.67544120547,0.0106941778974,report-only (stage NC FAIL: critical stage failed; no stage-NC value is used); axisymmetric critical point; stability NOT COMPUTED (YET)
P2,2T,2,24.0,0.8,0.5,II: G v^2 (dimensionless G mu),5.3981791346,0.0092623825096,report-only (stage NC FAIL: critical stage failed; no stage-NC value is used); axisymmetric critical point; stability NOT COMPUTED (YET)
P2,2T,2,24.0,0.8,0.5,I: G_6 x T_b (T_b in mass^4),5.3981791346,0.0092623825096,report-only (stage NC FAIL: critical stage failed; no stage-NC value is used); axisymmetric critical point; stability NOT COMPUTED (YET)
P2,2T,2,24.0,0.8,1.0,II: G v^2 (dimensionless G mu),6.28318530718,0.0079577471546,critical stage FAIL
P2,2T,2,24.0,0.8,1.0,I: G_6 x T_b (T_b in mass^4),6.28318530718,0.0079577471546,critical stage FAIL
P2,2T,2,24.0,0.8,2.0,II: G v^2 (dimensionless G mu),7.35886158623,0.00679452921,report-only (stage NC FAIL: critical stage failed; no stage-NC value is used); axisymmetric critical point; stability NOT COMPUTED (YET)
P2,2T,2,24.0,0.8,2.0,I: G_6 x T_b (T_b in mass^4),7.35886158623,0.00679452921,report-only (stage NC FAIL: critical stage failed; no stage-NC value is used); axisymmetric critical point; stability NOT COMPUTED (YET)
P2,2T,2,24.0,0.8,4.0,II: G v^2 (dimensionless G mu),8.64780393417,0.00578181471049,report-only (stage NC FAIL: critical stage failed; no stage-NC value is used); axisymmetric critical point; stability NOT COMPUTED (YET)
P2,2T,2,24.0,0.8,4.0,I: G_6 x T_b (T_b in mass^4),8.64780393417,0.00578181471049,report-only (stage NC FAIL: critical stage failed; no stage-NC value is used); axisymmetric critical point; stability NOT COMPUTED (YET)
P2,2T,2,24.0,0.9,0.25,II: G v^2 (dimensionless G mu),4.74433492848,0.00526944247758,report-only (stage NC FAIL: critical stage failed; no stage-NC value is used); axisymmetric critical point; stability NOT COMPUTED (YET)
P2,2T,2,24.0,0.9,0.25,I: G_6 x T_b (T_b in mass^4),4.74433492848,0.00526944247758,report-only (stage NC FAIL: critical stage failed; no stage-NC value is used); axisymmetric critical point; stability NOT COMPUTED (YET)
P2,2T,2,24.0,0.9,0.5,II: G v^2 (dimensionless G mu),5.43906862035,0.00459637517836,report-only (stage NC FAIL: critical stage failed; no stage-NC value is used); axisymmetric critical point; stability NOT COMPUTED (YET)
P2,2T,2,24.0,0.9,0.5,I: G_6 x T_b (T_b in mass^4),5.43906862035,0.00459637517836,report-only (stage NC FAIL: critical stage failed; no stage-NC value is used); axisymmetric critical point; stability NOT COMPUTED (YET)
P2,2T,2,24.0,0.9,1.0,II: G v^2 (dimensionless G mu),6.28318530718,0.0039788735773,critical stage FAIL
P2,2T,2,24.0,0.9,1.0,I: G_6 x T_b (T_b in mass^4),6.28318530718,0.0039788735773,critical stage FAIL
P2,2T,2,24.0,0.9,2.0,II: G v^2 (dimensionless G mu),7.30171548599,0.00342385293538,report-only (stage NC FAIL: critical stage failed; no stage-NC value is used); axisymmetric critical point; stability NOT COMPUTED (YET)
P2,2T,2,24.0,0.9,2.0,I: G_6 x T_b (T_b in mass^4),7.30171548599,0.00342385293538,report-only (stage NC FAIL: critical stage failed; no stage-NC value is used); axisymmetric critical point; stability NOT COMPUTED (YET)
P2,2T,2,24.0,0.9,4.0,II: G v^2 (dimensionless G mu),8.5128643127,0.00293673187798,report-only (stage NC FAIL: critical stage failed; no stage-NC value is used); axisymmetric critical point; stability NOT COMPUTED (YET)
P2,2T,2,24.0,0.9,4.0,I: G_6 x T_b (T_b in mass^4),8.5128643127,0.00293673187798,report-only (stage NC FAIL: critical stage failed; no stage-NC value is used); axisymmetric critical point; stability NOT COMPUTED (YET)
P2,2T,2,24.0,1,0.25,II: G v^2 (dimensionless G mu),4.80660228187,0,report-only (stage NC FAIL: critical stage failed; no stage-NC value is used); axisymmetric critical point; stability NOT COMPUTED (YET)
P2,2T,2,24.0,1,0.25,I: G_6 x T_b (T_b in mass^4),4.80660228187,0,report-only (stage NC FAIL: critical stage failed; no stage-NC value is used); axisymmetric critical point; stability NOT COMPUTED (YET)
P2,2T,2,24.0,1,0.5,II: G v^2 (dimensionless G mu),5.47593685298,0,report-only (stage NC FAIL: critical stage failed; no stage-NC value is used); axisymmetric critical point; stability NOT COMPUTED (YET)
P2,2T,2,24.0,1,0.5,I: G_6 x T_b (T_b in mass^4),5.47593685298,0,report-only (stage NC FAIL: critical stage failed; no stage-NC value is used); axisymmetric critical point; stability NOT COMPUTED (YET)
P2,2T,2,24.0,1,1.0,II: G v^2 (dimensionless G mu),6.28318530718,0,critical stage FAIL
P2,2T,2,24.0,1,1.0,I: G_6 x T_b (T_b in mass^4),6.28318530718,0,critical stage FAIL
P2,2T,2,24.0,1,2.0,II: G v^2 (dimensionless G mu),7.25079055461,0,report-only (stage NC FAIL: critical stage failed; no stage-NC value is used); axisymmetric critical point; stability NOT COMPUTED (YET)
P2,2T,2,24.0,1,2.0,I: G_6 x T_b (T_b in mass^4),7.25079055461,0,report-only (stage NC FAIL: critical stage failed; no stage-NC value is used); axisymmetric critical point; stability NOT COMPUTED (YET)
P2,2T,2,24.0,1,4.0,II: G v^2 (dimensionless G mu),8.39347074852,0,report-only (stage NC FAIL: critical stage failed; no stage-NC value is used); axisymmetric critical point; stability NOT COMPUTED (YET)
P2,2T,2,24.0,1,4.0,I: G_6 x T_b (T_b in mass^4),8.39347074852,0,report-only (stage NC FAIL: critical stage failed; no stage-NC value is used); axisymmetric critical point; stability NOT COMPUTED (YET)
P2,2T,2,4.0,0.5,0.25,II: G v^2 (dimensionless G mu),4.21896043193,0.0296281517726,report-only (stage NC FAIL: critical stage failed; no stage-NC value is used); axisymmetric critical point; stability NOT COMPUTED (YET)
P2,2T,2,4.0,0.5,0.25,I: G_6 x T_b (T_b in mass^4),4.21896043193,0.0296281517726,report-only (stage NC FAIL: critical stage failed; no stage-NC value is used); axisymmetric critical point; stability NOT COMPUTED (YET)
P2,2T,2,4.0,0.5,0.5,II: G v^2 (dimensionless G mu),5.24036634288,0.0238532941824,report-only (stage NC FAIL: critical stage failed; no stage-NC value is used); axisymmetric critical point; stability NOT COMPUTED (YET)
P2,2T,2,4.0,0.5,0.5,I: G_6 x T_b (T_b in mass^4),5.24036634288,0.0238532941824,report-only (stage NC FAIL: critical stage failed; no stage-NC value is used); axisymmetric critical point; stability NOT COMPUTED (YET)
P2,2T,2,4.0,0.5,1.0,II: G v^2 (dimensionless G mu),6.28318530718,0.0198943678865,critical stage FAIL
P2,2T,2,4.0,0.5,1.0,I: G_6 x T_b (T_b in mass^4),6.28318530718,0.0198943678865,critical stage FAIL
P2,2T,2,4.0,0.5,2.0,II: G v^2 (dimensionless G mu),7.55050835747,0.0165551766957,report-only (stage NC FAIL: critical stage failed; no stage-NC value is used); axisymmetric critical point; stability NOT COMPUTED (YET)
P2,2T,2,4.0,0.5,2.0,I: G_6 x T_b (T_b in mass^4),7.55050835747,0.0165551766957,report-only (stage NC FAIL: critical stage failed; no stage-NC value is used); axisymmetric critical point; stability NOT COMPUTED (YET)
P2,2T,2,4.0,0.5,4.0,II: G v^2 (dimensionless G mu),9.11930720882,0.0137071816025,report-only (stage NC FAIL: critical stage failed; no stage-NC value is used); axisymmetric critical point; stability NOT COMPUTED (YET)
P2,2T,2,4.0,0.5,4.0,I: G_6 x T_b (T_b in mass^4),9.11930720882,0.0137071816025,report-only (stage NC FAIL: critical stage failed; no stage-NC value is used); axisymmetric critical point; stability NOT COMPUTED (YET)
P2,2T,2,4.0,0.6,0.25,II: G v^2 (dimensionless G mu),4.25444810607,0.0235048113191,report-only (stage NC FAIL: critical stage failed; no stage-NC value is used); axisymmetric critical point; stability NOT COMPUTED (YET)
P2,2T,2,4.0,0.6,0.25,I: G_6 x T_b (T_b in mass^4),4.25444810607,0.0235048113191,report-only (stage NC FAIL: critical stage failed; no stage-NC value is used); axisymmetric critical point; stability NOT COMPUTED (YET)
P2,2T,2,4.0,0.6,0.5,II: G v^2 (dimensionless G mu),5.28842552665,0.0189092196715,report-only (stage NC FAIL: critical stage failed; no stage-NC value is used); axisymmetric critical point; stability NOT COMPUTED (YET)
P2,2T,2,4.0,0.6,0.5,I: G_6 x T_b (T_b in mass^4),5.28842552665,0.0189092196715,report-only (stage NC FAIL: critical stage failed; no stage-NC value is used); axisymmetric critical point; stability NOT COMPUTED (YET)
P2,2T,2,4.0,0.6,1.0,II: G v^2 (dimensionless G mu),6.28318530718,0.0159154943092,critical stage FAIL
P2,2T,2,4.0,0.6,1.0,I: G_6 x T_b (T_b in mass^4),6.28318530718,0.0159154943092,critical stage FAIL
P2,2T,2,4.0,0.6,2.0,II: G v^2 (dimensionless G mu),7.46486823092,0.0133960837494,report-only (stage NC FAIL: critical stage failed; no stage-NC value is used); axisymmetric critical point; stability NOT COMPUTED (YET)
P2,2T,2,4.0,0.6,2.0,I: G_6 x T_b (T_b in mass^4),7.46486823092,0.0133960837494,report-only (stage NC FAIL: critical stage failed; no stage-NC value is used); axisymmetric critical point; stability NOT COMPUTED (YET)
P2,2T,2,4.0,0.6,4.0,II: G v^2 (dimensionless G mu),8.9101814068,0.011223116055,report-only (stage NC FAIL: critical stage failed; no stage-NC value is used); axisymmetric critical point; stability NOT COMPUTED (YET)
P2,2T,2,4.0,0.6,4.0,I: G_6 x T_b (T_b in mass^4),8.9101814068,0.011223116055,report-only (stage NC FAIL: critical stage failed; no stage-NC value is used); axisymmetric critical point; stability NOT COMPUTED (YET)
P2,2T,2,4.0,0.7,0.25,II: G v^2 (dimensionless G mu),4.28008557896,0.0175230141118,report-only (stage NC FAIL: critical stage failed; no stage-NC value is used); axisymmetric critical point; stability NOT COMPUTED (YET)
P2,2T,2,4.0,0.7,0.25,I: G_6 x T_b (T_b in mass^4),4.28008557896,0.0175230141118,report-only (stage NC FAIL: critical stage failed; no stage-NC value is used); axisymmetric critical point; stability NOT COMPUTED (YET)
P2,2T,2,4.0,0.7,0.5,II: G v^2 (dimensionless G mu),5.32794245279,0.014076728618,report-only (stage NC FAIL: critical stage failed; no stage-NC value is used); axisymmetric critical point; stability NOT COMPUTED (YET)
P2,2T,2,4.0,0.7,0.5,I: G_6 x T_b (T_b in mass^4),5.32794245279,0.014076728618,report-only (stage NC FAIL: critical stage failed; no stage-NC value is used); axisymmetric critical point; stability NOT COMPUTED (YET)
P2,2T,2,4.0,0.7,1.0,II: G v^2 (dimensionless G mu),6.28318530718,0.0119366207319,critical stage FAIL
P2,2T,2,4.0,0.7,1.0,I: G_6 x T_b (T_b in mass^4),6.28318530718,0.0119366207319,critical stage FAIL
P2,2T,2,4.0,0.7,2.0,II: G v^2 (dimensionless G mu),7.39212014706,0.0101459389874,report-only (stage NC FAIL: critical stage failed; no stage-NC value is used); axisymmetric critical point; stability NOT COMPUTED (YET)
P2,2T,2,4.0,0.7,2.0,I: G_6 x T_b (T_b in mass^4),7.39212014706,0.0101459389874,report-only (stage NC FAIL: critical stage failed; no stage-NC value is used); axisymmetric critical point; stability NOT COMPUTED (YET)
P2,2T,2,4.0,0.7,4.0,II: G v^2 (dimensionless G mu),8.73345761927,0.00858766404665,report-only (stage NC FAIL: critical stage failed; no stage-NC value is used); axisymmetric critical point; stability NOT COMPUTED (YET)
P2,2T,2,4.0,0.7,4.0,I: G_6 x T_b (T_b in mass^4),8.73345761927,0.00858766404665,report-only (stage NC FAIL: critical stage failed; no stage-NC value is used); axisymmetric critical point; stability NOT COMPUTED (YET)
P2,2T,2,4.0,0.8,0.25,II: G v^2 (dimensionless G mu),4.29917897101,0.0116301275981,report-only (stage NC FAIL: critical stage failed; no stage-NC value is used); axisymmetric critical point; stability NOT COMPUTED (YET)
P2,2T,2,4.0,0.8,0.25,I: G_6 x T_b (T_b in mass^4),4.29917897101,0.0116301275981,report-only (stage NC FAIL: critical stage failed; no stage-NC value is used); axisymmetric critical point; stability NOT COMPUTED (YET)
P2,2T,2,4.0,0.8,0.5,II: G v^2 (dimensionless G mu),5.36096511297,0.00932667886217,report-only (stage NC FAIL: critical stage failed; no stage-NC value is used); axisymmetric critical point; stability NOT COMPUTED (YET)
P2,2T,2,4.0,0.8,0.5,I: G_6 x T_b (T_b in mass^4),5.36096511297,0.00932667886217,report-only (stage NC FAIL: critical stage failed; no stage-NC value is used); axisymmetric critical point; stability NOT COMPUTED (YET)
P2,2T,2,4.0,0.8,1.0,II: G v^2 (dimensionless G mu),6.28318530718,0.0079577471546,critical stage FAIL
P2,2T,2,4.0,0.8,1.0,I: G_6 x T_b (T_b in mass^4),6.28318530718,0.0079577471546,critical stage FAIL
P2,2T,2,4.0,0.8,2.0,II: G v^2 (dimensionless G mu),7.32938342225,0.0068218562353,report-only (stage NC FAIL: critical stage failed; no stage-NC value is used); axisymmetric critical point; stability NOT COMPUTED (YET)
P2,2T,2,4.0,0.8,2.0,I: G_6 x T_b (T_b in mass^4),7.32938342225,0.0068218562353,report-only (stage NC FAIL: critical stage failed; no stage-NC value is used); axisymmetric critical point; stability NOT COMPUTED (YET)
P2,2T,2,4.0,0.8,4.0,II: G v^2 (dimensionless G mu),8.58161853523,0.00582640673141,report-only (stage NC FAIL: critical stage failed; no stage-NC value is used); axisymmetric critical point; stability NOT COMPUTED (YET)
P2,2T,2,4.0,0.8,4.0,I: G_6 x T_b (T_b in mass^4),8.58161853523,0.00582640673141,report-only (stage NC FAIL: critical stage failed; no stage-NC value is used); axisymmetric critical point; stability NOT COMPUTED (YET)
P2,2T,2,4.0,0.9,0.25,II: G v^2 (dimensionless G mu),4.31378229301,0.00579537823235,report-only (stage NC FAIL: critical stage failed; no stage-NC value is used); axisymmetric critical point; stability NOT COMPUTED (YET)
P2,2T,2,4.0,0.9,0.25,I: G_6 x T_b (T_b in mass^4),4.31378229301,0.00579537823235,report-only (stage NC FAIL: critical stage failed; no stage-NC value is used); axisymmetric critical point; stability NOT COMPUTED (YET)
P2,2T,2,4.0,0.9,0.5,II: G v^2 (dimensionless G mu),5.38892618314,0.00463914315215,report-only (stage NC FAIL: critical stage failed; no stage-NC value is used); axisymmetric critical point; stability NOT COMPUTED (YET)
P2,2T,2,4.0,0.9,0.5,I: G_6 x T_b (T_b in mass^4),5.38892618314,0.00463914315215,report-only (stage NC FAIL: critical stage failed; no stage-NC value is used); axisymmetric critical point; stability NOT COMPUTED (YET)
P2,2T,2,4.0,0.9,1.0,II: G v^2 (dimensionless G mu),6.28318530718,0.0039788735773,critical stage FAIL
P2,2T,2,4.0,0.9,1.0,I: G_6 x T_b (T_b in mass^4),6.28318530718,0.0039788735773,critical stage FAIL
P2,2T,2,4.0,0.9,2.0,II: G v^2 (dimensionless G mu),7.27464771385,0.00343659253113,report-only (stage NC FAIL: critical stage failed; no stage-NC value is used); axisymmetric critical point; stability NOT COMPUTED (YET)
P2,2T,2,4.0,0.9,2.0,I: G_6 x T_b (T_b in mass^4),7.27464771385,0.00343659253113,report-only (stage NC FAIL: critical stage failed; no stage-NC value is used); axisymmetric critical point; stability NOT COMPUTED (YET)
P2,2T,2,4.0,0.9,4.0,II: G v^2 (dimensionless G mu),8.44947866817,0.00295876242569,report-only (stage NC FAIL: critical stage failed; no stage-NC value is used); axisymmetric critical point; stability NOT COMPUTED (YET)
P2,2T,2,4.0,0.9,4.0,I: G_6 x T_b (T_b in mass^4),8.44947866817,0.00295876242569,report-only (stage NC FAIL: critical stage failed; no stage-NC value is used); axisymmetric critical point; stability NOT COMPUTED (YET)
P2,2T,2,4.0,1,0.25,II: G v^2 (dimensionless G mu),4.32521347723,0,report-only (stage NC FAIL: critical stage failed; no stage-NC value is used); axisymmetric critical point; stability NOT COMPUTED (YET)
P2,2T,2,4.0,1,0.25,I: G_6 x T_b (T_b in mass^4),4.32521347723,0,report-only (stage NC FAIL: critical stage failed; no stage-NC value is used); axisymmetric critical point; stability NOT COMPUTED (YET)
P2,2T,2,4.0,1,0.5,II: G v^2 (dimensionless G mu),5.41286370789,0,report-only (stage NC FAIL: critical stage failed; no stage-NC value is used); axisymmetric critical point; stability NOT COMPUTED (YET)
P2,2T,2,4.0,1,0.5,I: G_6 x T_b (T_b in mass^4),5.41286370789,0,report-only (stage NC FAIL: critical stage failed; no stage-NC value is used); axisymmetric critical point; stability NOT COMPUTED (YET)
P2,2T,2,4.0,1,1.0,II: G v^2 (dimensionless G mu),6.28318530718,0,critical stage FAIL
P2,2T,2,4.0,1,1.0,I: G_6 x T_b (T_b in mass^4),6.28318530718,0,critical stage FAIL
P2,2T,2,4.0,1,2.0,II: G v^2 (dimensionless G mu),7.22644518469,0,report-only (stage NC FAIL: critical stage failed; no stage-NC value is used); axisymmetric critical point; stability NOT COMPUTED (YET)
P2,2T,2,4.0,1,2.0,I: G_6 x T_b (T_b in mass^4),7.22644518469,0,report-only (stage NC FAIL: critical stage failed; no stage-NC value is used); axisymmetric critical point; stability NOT COMPUTED (YET)
P2,2T,2,4.0,1,4.0,II: G v^2 (dimensionless G mu),8.33329526375,0,report-only (stage NC FAIL: critical stage failed; no stage-NC value is used); axisymmetric critical point; stability NOT COMPUTED (YET)
P2,2T,2,4.0,1,4.0,I: G_6 x T_b (T_b in mass^4),8.33329526375,0,report-only (stage NC FAIL: critical stage failed; no stage-NC value is used); axisymmetric critical point; stability NOT COMPUTED (YET)
P2,2T,2,99.0,0.5,0.25,II: G v^2 (dimensionless G mu),4.38471523919,0.0285081226901,report-only (stage NC FAIL: critical stage failed; no stage-NC value is used); axisymmetric critical point; stability NOT COMPUTED (YET)
P2,2T,2,99.0,0.5,0.25,I: G_6 x T_b (T_b in mass^4),4.38471523919,0.0285081226901,report-only (stage NC FAIL: critical stage failed; no stage-NC value is used); axisymmetric critical point; stability NOT COMPUTED (YET)
P2,2T,2,99.0,0.5,0.5,II: G v^2 (dimensionless G mu),5.22764089534,0.0239113593498,report-only (stage NC FAIL: critical stage failed; no stage-NC value is used); axisymmetric critical point; stability NOT COMPUTED (YET)
P2,2T,2,99.0,0.5,0.5,I: G_6 x T_b (T_b in mass^4),5.22764089534,0.0239113593498,report-only (stage NC FAIL: critical stage failed; no stage-NC value is used); axisymmetric critical point; stability NOT COMPUTED (YET)
P2,2T,2,99.0,0.5,1.0,II: G v^2 (dimensionless G mu),6.28318530718,0.0198943678865,critical stage FAIL
P2,2T,2,99.0,0.5,1.0,I: G_6 x T_b (T_b in mass^4),6.28318530718,0.0198943678865,critical stage FAIL
P2,2T,2,99.0,0.5,2.0,II: G v^2 (dimensionless G mu),7.59576886256,0.0164565302423,report-only (stage NC FAIL: critical stage failed; no stage-NC value is used); axisymmetric critical point; stability NOT COMPUTED (YET)
P2,2T,2,99.0,0.5,2.0,I: G_6 x T_b (T_b in mass^4),7.59576886256,0.0164565302423,report-only (stage NC FAIL: critical stage failed; no stage-NC value is used); axisymmetric critical point; stability NOT COMPUTED (YET)
P2,2T,2,99.0,0.5,4.0,II: G v^2 (dimensionless G mu),9.21022999866,0.0135718651997,report-only (stage NC FAIL: critical stage failed; no stage-NC value is used); axisymmetric critical point; stability NOT COMPUTED (YET)
P2,2T,2,99.0,0.5,4.0,I: G_6 x T_b (T_b in mass^4),9.21022999866,0.0135718651997,report-only (stage NC FAIL: critical stage failed; no stage-NC value is used); axisymmetric critical point; stability NOT COMPUTED (YET)
P2,2T,2,99.0,0.6,0.25,II: G v^2 (dimensionless G mu),4.48243428046,0.0223093064489,report-only (stage NC FAIL: critical stage failed; no stage-NC value is used); axisymmetric critical point; stability NOT COMPUTED (YET)
P2,2T,2,99.0,0.6,0.25,I: G_6 x T_b (T_b in mass^4),4.48243428046,0.0223093064489,report-only (stage NC FAIL: critical stage failed; no stage-NC value is used); axisymmetric critical point; stability NOT COMPUTED (YET)
P2,2T,2,99.0,0.6,0.5,II: G v^2 (dimensionless G mu),5.28638012451,0.0189165360123,report-only (stage NC FAIL: critical stage failed; no stage-NC value is used); axisymmetric critical point; stability NOT COMPUTED (YET)
P2,2T,2,99.0,0.6,0.5,I: G_6 x T_b (T_b in mass^4),5.28638012451,0.0189165360123,report-only (stage NC FAIL: critical stage failed; no stage-NC value is used); axisymmetric critical point; stability NOT COMPUTED (YET)
P2,2T,2,99.0,0.6,1.0,II: G v^2 (dimensionless G mu),6.28318530718,0.0159154943092,critical stage FAIL
P2,2T,2,99.0,0.6,1.0,I: G_6 x T_b (T_b in mass^4),6.28318530718,0.0159154943092,critical stage FAIL
P2,2T,2,99.0,0.6,2.0,II: G v^2 (dimensionless G mu),7.50956577494,0.0133163491734,report-only (stage NC FAIL: critical stage failed; no stage-NC value is used); axisymmetric critical point; stability NOT COMPUTED (YET)
P2,2T,2,99.0,0.6,2.0,I: G_6 x T_b (T_b in mass^4),7.50956577494,0.0133163491734,report-only (stage NC FAIL: critical stage failed; no stage-NC value is used); axisymmetric critical point; stability NOT COMPUTED (YET)
P2,2T,2,99.0,0.6,4.0,II: G v^2 (dimensionless G mu),9.00082260907,0.0111100956372,report-only (stage NC FAIL: critical stage failed; no stage-NC value is used); axisymmetric critical point; stability NOT COMPUTED (YET)
P2,2T,2,99.0,0.6,4.0,I: G_6 x T_b (T_b in mass^4),9.00082260907,0.0111100956372,report-only (stage NC FAIL: critical stage failed; no stage-NC value is used); axisymmetric critical point; stability NOT COMPUTED (YET)
P2,2T,2,99.0,0.7,0.25,II: G v^2 (dimensionless G mu),4.56838068355,0.0164171957626,report-only (stage NC FAIL: critical stage failed; no stage-NC value is used); axisymmetric critical point; stability NOT COMPUTED (YET)
P2,2T,2,99.0,0.7,0.25,I: G_6 x T_b (T_b in mass^4),4.56838068355,0.0164171957626,report-only (stage NC FAIL: critical stage failed; no stage-NC value is used); axisymmetric critical point; stability NOT COMPUTED (YET)
P2,2T,2,99.0,0.7,0.5,II: G v^2 (dimensionless G mu),5.33767039965,0.0140510736678,report-only (stage NC FAIL: critical stage failed; no stage-NC value is used); axisymmetric critical point; stability NOT COMPUTED (YET)
P2,2T,2,99.0,0.7,0.5,I: G_6 x T_b (T_b in mass^4),5.33767039965,0.0140510736678,report-only (stage NC FAIL: critical stage failed; no stage-NC value is used); axisymmetric critical point; stability NOT COMPUTED (YET)
P2,2T,2,99.0,0.7,1.0,II: G v^2 (dimensionless G mu),6.28318530718,0.0119366207319,critical stage FAIL
P2,2T,2,99.0,0.7,1.0,I: G_6 x T_b (T_b in mass^4),6.28318530718,0.0119366207319,critical stage FAIL
P2,2T,2,99.0,0.7,2.0,II: G v^2 (dimensionless G mu),7.43556351788,0.0100866598503,report-only (stage NC FAIL: critical stage failed; no stage-NC value is used); axisymmetric critical point; stability NOT COMPUTED (YET)
P2,2T,2,99.0,0.7,2.0,I: G_6 x T_b (T_b in mass^4),7.43556351788,0.0100866598503,report-only (stage NC FAIL: critical stage failed; no stage-NC value is used); axisymmetric critical point; stability NOT COMPUTED (YET)
P2,2T,2,99.0,0.7,4.0,II: G v^2 (dimensionless G mu),8.82284693681,0.00850065750172,report-only (stage NC FAIL: critical stage failed; no stage-NC value is used); axisymmetric critical point; stability NOT COMPUTED (YET)
P2,2T,2,99.0,0.7,4.0,I: G_6 x T_b (T_b in mass^4),8.82284693681,0.00850065750172,report-only (stage NC FAIL: critical stage failed; no stage-NC value is used); axisymmetric critical point; stability NOT COMPUTED (YET)
P2,2T,2,99.0,0.8,0.25,II: G v^2 (dimensionless G mu),4.64499444466,0.0107642755219,report-only (stage NC FAIL: critical stage failed; no stage-NC value is used); axisymmetric critical point; stability NOT COMPUTED (YET)
P2,2T,2,99.0,0.8,0.25,I: G_6 x T_b (T_b in mass^4),4.64499444466,0.0107642755219,report-only (stage NC FAIL: critical stage failed; no stage-NC value is used); axisymmetric critical point; stability NOT COMPUTED (YET)
P2,2T,2,99.0,0.8,0.5,II: G v^2 (dimensionless G mu),5.38309342114,0.00928833963825,report-only (stage NC FAIL: critical stage failed; no stage-NC value is used); axisymmetric critical point; stability NOT COMPUTED (YET)
P2,2T,2,99.0,0.8,0.5,I: G_6 x T_b (T_b in mass^4),5.38309342114,0.00928833963825,report-only (stage NC FAIL: critical stage failed; no stage-NC value is used); axisymmetric critical point; stability NOT COMPUTED (YET)
P2,2T,2,99.0,0.8,1.0,II: G v^2 (dimensionless G mu),6.28318530718,0.0079577471546,critical stage FAIL
P2,2T,2,99.0,0.8,1.0,I: G_6 x T_b (T_b in mass^4),6.28318530718,0.0079577471546,critical stage FAIL
P2,2T,2,99.0,0.8,2.0,II: G v^2 (dimensionless G mu),7.37102352344,0.00678331846873,report-only (stage NC FAIL: critical stage failed; no stage-NC value is used); axisymmetric critical point; stability NOT COMPUTED (YET)
P2,2T,2,99.0,0.8,2.0,I: G_6 x T_b (T_b in mass^4),7.37102352344,0.00678331846873,report-only (stage NC FAIL: critical stage failed; no stage-NC value is used); axisymmetric critical point; stability NOT COMPUTED (YET)
P2,2T,2,99.0,0.8,4.0,II: G v^2 (dimensionless G mu),8.66901097139,0.00576767063337,report-only (stage NC FAIL: critical stage failed; no stage-NC value is used); axisymmetric critical point; stability NOT COMPUTED (YET)
P2,2T,2,99.0,0.8,4.0,I: G_6 x T_b (T_b in mass^4),8.66901097139,0.00576767063337,report-only (stage NC FAIL: critical stage failed; no stage-NC value is used); axisymmetric critical point; stability NOT COMPUTED (YET)
P2,2T,2,99.0,0.9,0.25,II: G v^2 (dimensionless G mu),4.71399314191,0.0053033594338,report-only (stage NC FAIL: critical stage failed; no stage-NC value is used); axisymmetric critical point; stability NOT COMPUTED (YET)
P2,2T,2,99.0,0.9,0.25,I: G_6 x T_b (T_b in mass^4),4.71399314191,0.0053033594338,report-only (stage NC FAIL: critical stage failed; no stage-NC value is used); axisymmetric critical point; stability NOT COMPUTED (YET)
P2,2T,2,99.0,0.9,0.5,II: G v^2 (dimensionless G mu),5.42375851643,0.00460934975705,report-only (stage NC FAIL: critical stage failed; no stage-NC value is used); axisymmetric critical point; stability NOT COMPUTED (YET)
P2,2T,2,99.0,0.9,0.5,I: G_6 x T_b (T_b in mass^4),5.42375851643,0.00460934975705,report-only (stage NC FAIL: critical stage failed; no stage-NC value is used); axisymmetric critical point; stability NOT COMPUTED (YET)
P2,2T,2,99.0,0.9,1.0,II: G v^2 (dimensionless G mu),6.28318530718,0.0039788735773,critical stage FAIL
P2,2T,2,99.0,0.9,1.0,I: G_6 x T_b (T_b in mass^4),6.28318530718,0.0039788735773,critical stage FAIL
P2,2T,2,99.0,0.9,2.0,II: G v^2 (dimensionless G mu),7.31404365967,0.00341808186597,report-only (stage NC FAIL: critical stage failed; no stage-NC value is used); axisymmetric critical point; stability NOT COMPUTED (YET)
P2,2T,2,99.0,0.9,2.0,I: G_6 x T_b (T_b in mass^4),7.31404365967,0.00341808186597,report-only (stage NC FAIL: critical stage failed; no stage-NC value is used); axisymmetric critical point; stability NOT COMPUTED (YET)
P2,2T,2,99.0,0.9,4.0,II: G v^2 (dimensionless G mu),8.53428534758,0.00292936068831,report-only (stage NC FAIL: critical stage failed; no stage-NC value is used); axisymmetric critical point; stability NOT COMPUTED (YET)
P2,2T,2,99.0,0.9,4.0,I: G_6 x T_b (T_b in mass^4),8.53428534758,0.00292936068831,report-only (stage NC FAIL: critical stage failed; no stage-NC value is used); axisymmetric critical point; stability NOT COMPUTED (YET)
P2,2T,2,99.0,1,0.25,II: G v^2 (dimensionless G mu),4.7766419804,0,report-only (stage NC FAIL: critical stage failed; no stage-NC value is used); axisymmetric critical point; stability NOT COMPUTED (YET)
P2,2T,2,99.0,1,0.25,I: G_6 x T_b (T_b in mass^4),4.7766419804,0,report-only (stage NC FAIL: critical stage failed; no stage-NC value is used); axisymmetric critical point; stability NOT COMPUTED (YET)
P2,2T,2,99.0,1,0.5,II: G v^2 (dimensionless G mu),5.46047968574,0,report-only (stage NC FAIL: critical stage failed; no stage-NC value is used); axisymmetric critical point; stability NOT COMPUTED (YET)
P2,2T,2,99.0,1,0.5,I: G_6 x T_b (T_b in mass^4),5.46047968574,0,report-only (stage NC FAIL: critical stage failed; no stage-NC value is used); axisymmetric critical point; stability NOT COMPUTED (YET)
P2,2T,2,99.0,1,1.0,II: G v^2 (dimensionless G mu),6.28318530718,0,critical stage FAIL
P2,2T,2,99.0,1,1.0,I: G_6 x T_b (T_b in mass^4),6.28318530718,0,critical stage FAIL
P2,2T,2,99.0,1,2.0,II: G v^2 (dimensionless G mu),7.2632423513,0,report-only (stage NC FAIL: critical stage failed; no stage-NC value is used); axisymmetric critical point; stability NOT COMPUTED (YET)
P2,2T,2,99.0,1,2.0,I: G_6 x T_b (T_b in mass^4),7.2632423513,0,report-only (stage NC FAIL: critical stage failed; no stage-NC value is used); axisymmetric critical point; stability NOT COMPUTED (YET)
P2,2T,2,99.0,1,4.0,II: G v^2 (dimensionless G mu),8.41504321504,0,report-only (stage NC FAIL: critical stage failed; no stage-NC value is used); axisymmetric critical point; stability NOT COMPUTED (YET)
P2,2T,2,99.0,1,4.0,I: G_6 x T_b (T_b in mass^4),8.41504321504,0,report-only (stage NC FAIL: critical stage failed; no stage-NC value is used); axisymmetric critical point; stability NOT COMPUTED (YET)
P2,2T,4,1.0,0.5,0.25,II: G v^2 (dimensionless G mu),NOT COMPUTED (YET),NOT COMPUTED (YET),"FAILED: failed upstream (row P2 2T n=4 eps=1 alpha=0.5 stage NC kappa=0.5): not converged (cap hit) at NC kappa=0.5 alpha=0.5 [node cap MAX_NODES = 100000 reached; status 1, max|phi|^2 = 9.277e-08, iterations 6, nodes 82411]"
P2,2T,4,1.0,0.5,0.25,I: G_6 x T_b (T_b in mass^4),NOT COMPUTED (YET),NOT COMPUTED (YET),"FAILED: failed upstream (row P2 2T n=4 eps=1 alpha=0.5 stage NC kappa=0.5): not converged (cap hit) at NC kappa=0.5 alpha=0.5 [node cap MAX_NODES = 100000 reached; status 1, max|phi|^2 = 9.277e-08, iterations 6, nodes 82411]"
P2,2T,4,1.0,0.5,0.5,II: G v^2 (dimensionless G mu),NOT COMPUTED (YET),NOT COMPUTED (YET),"FAILED: failed directly: not converged (cap hit) at NC kappa=0.5 alpha=0.5 [node cap MAX_NODES = 100000 reached; status 1, max|phi|^2 = 9.277e-08, iterations 6, nodes 82411]"
P2,2T,4,1.0,0.5,0.5,I: G_6 x T_b (T_b in mass^4),NOT COMPUTED (YET),NOT COMPUTED (YET),"FAILED: failed directly: not converged (cap hit) at NC kappa=0.5 alpha=0.5 [node cap MAX_NODES = 100000 reached; status 1, max|phi|^2 = 9.277e-08, iterations 6, nodes 82411]"
P2,2T,4,1.0,0.5,1.0,II: G v^2 (dimensionless G mu),12.5663706144,0.00994718394324,critical stage FAIL
P2,2T,4,1.0,0.5,1.0,I: G_6 x T_b (T_b in mass^4),12.5663706144,0.00994718394324,critical stage FAIL
P2,2T,4,1.0,0.5,2.0,II: G v^2 (dimensionless G mu),15.7194621162,0.00795192603132,report-only (stage NC FAIL: critical stage failed; no stage-NC value is used); report-only row; axisymmetric critical point; stability NOT COMPUTED (YET)
P2,2T,4,1.0,0.5,2.0,I: G_6 x T_b (T_b in mass^4),15.7194621162,0.00795192603132,report-only (stage NC FAIL: critical stage failed; no stage-NC value is used); report-only row; axisymmetric critical point; stability NOT COMPUTED (YET)
P2,2T,4,1.0,0.5,4.0,II: G v^2 (dimensionless G mu),19.677577811,0.00635240786241,report-only (stage NC FAIL: critical stage failed; no stage-NC value is used); report-only row; axisymmetric critical point; stability NOT COMPUTED (YET)
P2,2T,4,1.0,0.5,4.0,I: G_6 x T_b (T_b in mass^4),19.677577811,0.00635240786241,report-only (stage NC FAIL: critical stage failed; no stage-NC value is used); report-only row; axisymmetric critical point; stability NOT COMPUTED (YET)
P2,2T,4,1.0,0.6,0.25,II: G v^2 (dimensionless G mu),NOT COMPUTED (YET),NOT COMPUTED (YET),"FAILED: failed upstream (row P2 2T n=4 eps=1 alpha=0.6 stage NC kappa=0.5): not converged (cap hit) at NC kappa=0.5 alpha=0.6 [node cap MAX_NODES = 100000 reached; status 1, max|phi|^2 = 4.244e-08, iterations 6, nodes 87564]"
P2,2T,4,1.0,0.6,0.25,I: G_6 x T_b (T_b in mass^4),NOT COMPUTED (YET),NOT COMPUTED (YET),"FAILED: failed upstream (row P2 2T n=4 eps=1 alpha=0.6 stage NC kappa=0.5): not converged (cap hit) at NC kappa=0.5 alpha=0.6 [node cap MAX_NODES = 100000 reached; status 1, max|phi|^2 = 4.244e-08, iterations 6, nodes 87564]"
P2,2T,4,1.0,0.6,0.5,II: G v^2 (dimensionless G mu),NOT COMPUTED (YET),NOT COMPUTED (YET),"FAILED: failed directly: not converged (cap hit) at NC kappa=0.5 alpha=0.6 [node cap MAX_NODES = 100000 reached; status 1, max|phi|^2 = 4.244e-08, iterations 6, nodes 87564]"
P2,2T,4,1.0,0.6,0.5,I: G_6 x T_b (T_b in mass^4),NOT COMPUTED (YET),NOT COMPUTED (YET),"FAILED: failed directly: not converged (cap hit) at NC kappa=0.5 alpha=0.6 [node cap MAX_NODES = 100000 reached; status 1, max|phi|^2 = 4.244e-08, iterations 6, nodes 87564]"
P2,2T,4,1.0,0.6,1.0,II: G v^2 (dimensionless G mu),12.5663706144,0.00795774715459,critical stage FAIL
P2,2T,4,1.0,0.6,1.0,I: G_6 x T_b (T_b in mass^4),12.5663706144,0.00795774715459,critical stage FAIL
P2,2T,4,1.0,0.6,2.0,II: G v^2 (dimensionless G mu),15.5821920687,0.00641758229904,report-only (stage NC FAIL: critical stage failed; no stage-NC value is used); report-only row; axisymmetric critical point; stability NOT COMPUTED (YET)
P2,2T,4,1.0,0.6,2.0,I: G_6 x T_b (T_b in mass^4),15.5821920687,0.00641758229904,report-only (stage NC FAIL: critical stage failed; no stage-NC value is used); report-only row; axisymmetric critical point; stability NOT COMPUTED (YET)
P2,2T,4,1.0,0.6,4.0,II: G v^2 (dimensionless G mu),19.3054125394,0.00517989448793,report-only (stage NC FAIL: critical stage failed; no stage-NC value is used); report-only row; axisymmetric critical point; stability NOT COMPUTED (YET)
P2,2T,4,1.0,0.6,4.0,I: G_6 x T_b (T_b in mass^4),19.3054125394,0.00517989448793,report-only (stage NC FAIL: critical stage failed; no stage-NC value is used); report-only row; axisymmetric critical point; stability NOT COMPUTED (YET)
P2,2T,4,1.0,0.7,0.25,II: G v^2 (dimensionless G mu),NOT COMPUTED (YET),NOT COMPUTED (YET),"FAILED: failed upstream (row P2 2T n=4 eps=1 alpha=0.7 stage NC kappa=0.5): not converged (cap hit) at NC kappa=0.5 alpha=0.7 [node cap MAX_NODES = 100000 reached; status 1, max|phi|^2 = 2.628e-08, iterations 6, nodes 94476]"
P2,2T,4,1.0,0.7,0.25,I: G_6 x T_b (T_b in mass^4),NOT COMPUTED (YET),NOT COMPUTED (YET),"FAILED: failed upstream (row P2 2T n=4 eps=1 alpha=0.7 stage NC kappa=0.5): not converged (cap hit) at NC kappa=0.5 alpha=0.7 [node cap MAX_NODES = 100000 reached; status 1, max|phi|^2 = 2.628e-08, iterations 6, nodes 94476]"
P2,2T,4,1.0,0.7,0.5,II: G v^2 (dimensionless G mu),NOT COMPUTED (YET),NOT COMPUTED (YET),"FAILED: failed directly: not converged (cap hit) at NC kappa=0.5 alpha=0.7 [node cap MAX_NODES = 100000 reached; status 1, max|phi|^2 = 2.628e-08, iterations 6, nodes 94476]"
P2,2T,4,1.0,0.7,0.5,I: G_6 x T_b (T_b in mass^4),NOT COMPUTED (YET),NOT COMPUTED (YET),"FAILED: failed directly: not converged (cap hit) at NC kappa=0.5 alpha=0.7 [node cap MAX_NODES = 100000 reached; status 1, max|phi|^2 = 2.628e-08, iterations 6, nodes 94476]"
P2,2T,4,1.0,0.7,1.0,II: G v^2 (dimensionless G mu),12.5663706144,0.00596831036595,critical stage FAIL
P2,2T,4,1.0,0.7,1.0,I: G_6 x T_b (T_b in mass^4),12.5663706144,0.00596831036595,critical stage FAIL
P2,2T,4,1.0,0.7,2.0,II: G v^2 (dimensionless G mu),15.4657482928,0.0048494258784,report-only (stage NC FAIL: critical stage failed; no stage-NC value is used); report-only row; axisymmetric critical point; stability NOT COMPUTED (YET)
P2,2T,4,1.0,0.7,2.0,I: G_6 x T_b (T_b in mass^4),15.4657482928,0.0048494258784,report-only (stage NC FAIL: critical stage failed; no stage-NC value is used); report-only row; axisymmetric critical point; stability NOT COMPUTED (YET)
P2,2T,4,1.0,0.7,4.0,II: G v^2 (dimensionless G mu),18.9860765757,0.00395026322057,report-only (stage NC FAIL: critical stage failed; no stage-NC value is used); report-only row; axisymmetric critical point; stability NOT COMPUTED (YET)
P2,2T,4,1.0,0.7,4.0,I: G_6 x T_b (T_b in mass^4),18.9860765757,0.00395026322057,report-only (stage NC FAIL: critical stage failed; no stage-NC value is used); report-only row; axisymmetric critical point; stability NOT COMPUTED (YET)
P2,2T,4,1.0,0.8,0.25,II: G v^2 (dimensionless G mu),NOT COMPUTED (YET),NOT COMPUTED (YET),"FAILED: failed upstream (row P2 2T n=4 eps=1 alpha=0.8 stage NC kappa=0.5): not converged (cap hit) at NC kappa=0.5 alpha=0.8 [node cap MAX_NODES = 100000 reached; status 1, max|phi|^2 = 2.552e-07, iterations 5, nodes 48113]"
P2,2T,4,1.0,0.8,0.25,I: G_6 x T_b (T_b in mass^4),NOT COMPUTED (YET),NOT COMPUTED (YET),"FAILED: failed upstream (row P2 2T n=4 eps=1 alpha=0.8 stage NC kappa=0.5): not converged (cap hit) at NC kappa=0.5 alpha=0.8 [node cap MAX_NODES = 100000 reached; status 1, max|phi|^2 = 2.552e-07, iterations 5, nodes 48113]"
P2,2T,4,1.0,0.8,0.5,II: G v^2 (dimensionless G mu),NOT COMPUTED (YET),NOT COMPUTED (YET),"FAILED: failed directly: not converged (cap hit) at NC kappa=0.5 alpha=0.8 [node cap MAX_NODES = 100000 reached; status 1, max|phi|^2 = 2.552e-07, iterations 5, nodes 48113]"
P2,2T,4,1.0,0.8,0.5,I: G_6 x T_b (T_b in mass^4),NOT COMPUTED (YET),NOT COMPUTED (YET),"FAILED: failed directly: not converged (cap hit) at NC kappa=0.5 alpha=0.8 [node cap MAX_NODES = 100000 reached; status 1, max|phi|^2 = 2.552e-07, iterations 5, nodes 48113]"
P2,2T,4,1.0,0.8,1.0,II: G v^2 (dimensionless G mu),12.5663706144,0.0039788735773,critical stage FAIL
P2,2T,4,1.0,0.8,1.0,I: G_6 x T_b (T_b in mass^4),12.5663706144,0.0039788735773,critical stage FAIL
P2,2T,4,1.0,0.8,2.0,II: G v^2 (dimensionless G mu),15.3654469525,0.00325405438283,report-only (stage NC FAIL: critical stage failed; no stage-NC value is used); report-only row; axisymmetric critical point; stability NOT COMPUTED (YET)
P2,2T,4,1.0,0.8,2.0,I: G_6 x T_b (T_b in mass^4),15.3654469525,0.00325405438283,report-only (stage NC FAIL: critical stage failed; no stage-NC value is used); report-only row; axisymmetric critical point; stability NOT COMPUTED (YET)
P2,2T,4,1.0,0.8,4.0,II: G v^2 (dimensionless G mu),18.7080247227,0.00267264987839,report-only (stage NC FAIL: critical stage failed; no stage-NC value is used); report-only row; axisymmetric critical point; stability NOT COMPUTED (YET)
P2,2T,4,1.0,0.8,4.0,I: G_6 x T_b (T_b in mass^4),18.7080247227,0.00267264987839,report-only (stage NC FAIL: critical stage failed; no stage-NC value is used); report-only row; axisymmetric critical point; stability NOT COMPUTED (YET)
P2,2T,4,1.0,0.9,0.25,II: G v^2 (dimensionless G mu),NOT COMPUTED (YET),NOT COMPUTED (YET),"FAILED: failed upstream (row P2 2T n=4 eps=1 alpha=0.9 stage NC kappa=0.5): not converged (cap hit) at NC kappa=0.5 alpha=0.9 [node cap MAX_NODES = 100000 reached; status 1, max|phi|^2 = 1.949e-07, iterations 5, nodes 51777]"
P2,2T,4,1.0,0.9,0.25,I: G_6 x T_b (T_b in mass^4),NOT COMPUTED (YET),NOT COMPUTED (YET),"FAILED: failed upstream (row P2 2T n=4 eps=1 alpha=0.9 stage NC kappa=0.5): not converged (cap hit) at NC kappa=0.5 alpha=0.9 [node cap MAX_NODES = 100000 reached; status 1, max|phi|^2 = 1.949e-07, iterations 5, nodes 51777]"
P2,2T,4,1.0,0.9,0.5,II: G v^2 (dimensionless G mu),NOT COMPUTED (YET),NOT COMPUTED (YET),"FAILED: failed directly: not converged (cap hit) at NC kappa=0.5 alpha=0.9 [node cap MAX_NODES = 100000 reached; status 1, max|phi|^2 = 1.949e-07, iterations 5, nodes 51777]"
P2,2T,4,1.0,0.9,0.5,I: G_6 x T_b (T_b in mass^4),NOT COMPUTED (YET),NOT COMPUTED (YET),"FAILED: failed directly: not converged (cap hit) at NC kappa=0.5 alpha=0.9 [node cap MAX_NODES = 100000 reached; status 1, max|phi|^2 = 1.949e-07, iterations 5, nodes 51777]"
P2,2T,4,1.0,0.9,1.0,II: G v^2 (dimensionless G mu),12.5663706144,0.00198943678865,critical stage FAIL
P2,2T,4,1.0,0.9,1.0,I: G_6 x T_b (T_b in mass^4),12.5663706144,0.00198943678865,critical stage FAIL
P2,2T,4,1.0,0.9,2.0,II: G v^2 (dimensionless G mu),15.2779971906,0.00163634013595,report-only (stage NC FAIL: critical stage failed; no stage-NC value is used); report-only row; axisymmetric critical point; stability NOT COMPUTED (YET)
P2,2T,4,1.0,0.9,2.0,I: G_6 x T_b (T_b in mass^4),15.2779971906,0.00163634013595,report-only (stage NC FAIL: critical stage failed; no stage-NC value is used); report-only row; axisymmetric critical point; stability NOT COMPUTED (YET)
P2,2T,4,1.0,0.9,4.0,II: G v^2 (dimensionless G mu),18.4631516618,0.00135404834765,report-only (stage NC FAIL: critical stage failed; no stage-NC value is used); report-only row; axisymmetric critical point; stability NOT COMPUTED (YET)
P2,2T,4,1.0,0.9,4.0,I: G_6 x T_b (T_b in mass^4),18.4631516618,0.00135404834765,report-only (stage NC FAIL: critical stage failed; no stage-NC value is used); report-only row; axisymmetric critical point; stability NOT COMPUTED (YET)
P2,2T,4,1.0,1,0.25,II: G v^2 (dimensionless G mu),NOT COMPUTED (YET),NOT COMPUTED (YET),"n/a (normal state) [normal state: exact solution, linearly stable for B > κ/2, marginal at B = κ/2; whether a vortex branch coexists (κ < 1, subcritical) is NOT COMPUTED (YET)] [by construction; not a test] [Venus 20:44]; normal-state energy (not a vortex value) = 6.28318530718"
P2,2T,4,1.0,1,0.25,I: G_6 x T_b (T_b in mass^4),NOT COMPUTED (YET),NOT COMPUTED (YET),"n/a (normal state) [normal state: exact solution, linearly stable for B > κ/2, marginal at B = κ/2; whether a vortex branch coexists (κ < 1, subcritical) is NOT COMPUTED (YET)] [by construction; not a test] [Venus 20:44]; normal-state energy (not a vortex value) = 6.28318530718"
P2,2T,4,1.0,1,0.5,II: G v^2 (dimensionless G mu),NOT COMPUTED (YET),NOT COMPUTED (YET),"n/a (normal state) [normal state: exact solution, linearly stable for B > κ/2, marginal at B = κ/2; whether a vortex branch coexists (κ < 1, subcritical) is NOT COMPUTED (YET)] [by construction; not a test] [Venus 20:44]; normal-state energy (not a vortex value) = 9.42477796077"
P2,2T,4,1.0,1,0.5,I: G_6 x T_b (T_b in mass^4),NOT COMPUTED (YET),NOT COMPUTED (YET),"n/a (normal state) [normal state: exact solution, linearly stable for B > κ/2, marginal at B = κ/2; whether a vortex branch coexists (κ < 1, subcritical) is NOT COMPUTED (YET)] [by construction; not a test] [Venus 20:44]; normal-state energy (not a vortex value) = 9.42477796077"
P2,2T,4,1.0,1,1.0,II: G v^2 (dimensionless G mu),12.5663706144,0,critical stage FAIL
P2,2T,4,1.0,1,1.0,I: G_6 x T_b (T_b in mass^4),12.5663706144,0,critical stage FAIL
P2,2T,4,1.0,1,2.0,II: G v^2 (dimensionless G mu),15.2009940851,0,report-only (stage NC FAIL: critical stage failed; no stage-NC value is used); report-only row; axisymmetric critical point; stability NOT COMPUTED (YET)
P2,2T,4,1.0,1,2.0,I: G_6 x T_b (T_b in mass^4),15.2009940851,0,report-only (stage NC FAIL: critical stage failed; no stage-NC value is used); report-only row; axisymmetric critical point; stability NOT COMPUTED (YET)
P2,2T,4,1.0,1,4.0,II: G v^2 (dimensionless G mu),18.2455138751,0,report-only (stage NC FAIL: critical stage failed; no stage-NC value is used); report-only row; axisymmetric critical point; stability NOT COMPUTED (YET)
P2,2T,4,1.0,1,4.0,I: G_6 x T_b (T_b in mass^4),18.2455138751,0,report-only (stage NC FAIL: critical stage failed; no stage-NC value is used); report-only row; axisymmetric critical point; stability NOT COMPUTED (YET)
P2,2T,4,24.0,0.5,0.25,II: G v^2 (dimensionless G mu),8.1631056049,0.0153127995704,report-only (stage NC FAIL: critical stage failed; no stage-NC value is used); axisymmetric critical point; stability NOT COMPUTED (YET)
P2,2T,4,24.0,0.5,0.25,I: G_6 x T_b (T_b in mass^4),8.1631056049,0.0153127995704,report-only (stage NC FAIL: critical stage failed; no stage-NC value is used); axisymmetric critical point; stability NOT COMPUTED (YET)
P2,2T,4,24.0,0.5,0.5,II: G v^2 (dimensionless G mu),10.0786489138,0.0124024560305,report-only (stage NC FAIL: critical stage failed; no stage-NC value is used); axisymmetric critical point; stability NOT COMPUTED (YET)
P2,2T,4,24.0,0.5,0.5,I: G_6 x T_b (T_b in mass^4),10.0786489138,0.0124024560305,report-only (stage NC FAIL: critical stage failed; no stage-NC value is used); axisymmetric critical point; stability NOT COMPUTED (YET)
P2,2T,4,24.0,0.5,1.0,II: G v^2 (dimensionless G mu),12.5663706144,0.00994718394324,critical stage FAIL
P2,2T,4,24.0,0.5,1.0,I: G_6 x T_b (T_b in mass^4),12.5663706144,0.00994718394324,critical stage FAIL
P2,2T,4,24.0,0.5,2.0,II: G v^2 (dimensionless G mu),15.7808159901,0.00792100991979,report-only (stage NC FAIL: critical stage failed; no stage-NC value is used); report-only row; axisymmetric critical point; stability NOT COMPUTED (YET)
P2,2T,4,24.0,0.5,2.0,I: G_6 x T_b (T_b in mass^4),15.7808159901,0.00792100991979,report-only (stage NC FAIL: critical stage failed; no stage-NC value is used); report-only row; axisymmetric critical point; stability NOT COMPUTED (YET)
P2,2T,4,24.0,0.5,4.0,II: G v^2 (dimensionless G mu),19.8976747101,0.00628214109542,report-only (stage NC FAIL: critical stage failed; no stage-NC value is used); report-only row; axisymmetric critical point; stability NOT COMPUTED (YET)
P2,2T,4,24.0,0.5,4.0,I: G_6 x T_b (T_b in mass^4),19.8976747101,0.00628214109542,report-only (stage NC FAIL: critical stage failed; no stage-NC value is used); report-only row; axisymmetric critical point; stability NOT COMPUTED (YET)
P2,2T,4,24.0,0.6,0.25,II: G v^2 (dimensionless G mu),8.32346633431,0.0120142253219,report-only (stage NC FAIL: critical stage failed; no stage-NC value is used); axisymmetric critical point; stability NOT COMPUTED (YET)
P2,2T,4,24.0,0.6,0.25,I: G_6 x T_b (T_b in mass^4),8.32346633431,0.0120142253219,report-only (stage NC FAIL: critical stage failed; no stage-NC value is used); axisymmetric critical point; stability NOT COMPUTED (YET)
P2,2T,4,24.0,0.6,0.5,II: G v^2 (dimensionless G mu),10.1770751062,0.00982600589623,report-only (stage NC FAIL: critical stage failed; no stage-NC value is used); axisymmetric critical point; stability NOT COMPUTED (YET)
P2,2T,4,24.0,0.6,0.5,I: G_6 x T_b (T_b in mass^4),10.1770751062,0.00982600589623,report-only (stage NC FAIL: critical stage failed; no stage-NC value is used); axisymmetric critical point; stability NOT COMPUTED (YET)
P2,2T,4,24.0,0.6,1.0,II: G v^2 (dimensionless G mu),12.5663706144,0.00795774715459,critical stage FAIL
P2,2T,4,24.0,0.6,1.0,I: G_6 x T_b (T_b in mass^4),12.5663706144,0.00795774715459,critical stage FAIL
P2,2T,4,24.0,0.6,2.0,II: G v^2 (dimensionless G mu),15.6287493049,0.00639846465311,report-only (stage NC FAIL: critical stage failed; no stage-NC value is used); report-only row; axisymmetric critical point; stability NOT COMPUTED (YET)
P2,2T,4,24.0,0.6,2.0,I: G_6 x T_b (T_b in mass^4),15.6287493049,0.00639846465311,report-only (stage NC FAIL: critical stage failed; no stage-NC value is used); report-only row; axisymmetric critical point; stability NOT COMPUTED (YET)
P2,2T,4,24.0,0.6,4.0,II: G v^2 (dimensionless G mu),19.5158783403,0.00512403276227,report-only (stage NC FAIL: critical stage failed; no stage-NC value is used); report-only row; axisymmetric critical point; stability NOT COMPUTED (YET)
P2,2T,4,24.0,0.6,4.0,I: G_6 x T_b (T_b in mass^4),19.5158783403,0.00512403276227,report-only (stage NC FAIL: critical stage failed; no stage-NC value is used); report-only row; axisymmetric critical point; stability NOT COMPUTED (YET)
P2,2T,4,24.0,0.7,0.25,II: G v^2 (dimensionless G mu),8.46710549885,0.00885780861124,report-only (stage NC FAIL: critical stage failed; no stage-NC value is used); axisymmetric critical point; stability NOT COMPUTED (YET)
P2,2T,4,24.0,0.7,0.25,I: G_6 x T_b (T_b in mass^4),8.46710549885,0.00885780861124,report-only (stage NC FAIL: critical stage failed; no stage-NC value is used); axisymmetric critical point; stability NOT COMPUTED (YET)
P2,2T,4,24.0,0.7,0.5,II: G v^2 (dimensionless G mu),10.2648128316,0.00730651413041,report-only (stage NC FAIL: critical stage failed; no stage-NC value is used); axisymmetric critical point; stability NOT COMPUTED (YET)
P2,2T,4,24.0,0.7,0.5,I: G_6 x T_b (T_b in mass^4),10.2648128316,0.00730651413041,report-only (stage NC FAIL: critical stage failed; no stage-NC value is used); axisymmetric critical point; stability NOT COMPUTED (YET)
P2,2T,4,24.0,0.7,1.0,II: G v^2 (dimensionless G mu),12.5663706144,0.00596831036595,critical stage FAIL
P2,2T,4,24.0,0.7,1.0,I: G_6 x T_b (T_b in mass^4),12.5663706144,0.00596831036595,critical stage FAIL
P2,2T,4,24.0,0.7,2.0,II: G v^2 (dimensionless G mu),15.494847225,0.00484031877895,report-only (stage NC FAIL: critical stage failed; no stage-NC value is used); report-only row; axisymmetric critical point; stability NOT COMPUTED (YET)
P2,2T,4,24.0,0.7,2.0,I: G_6 x T_b (T_b in mass^4),15.494847225,0.00484031877895,report-only (stage NC FAIL: critical stage failed; no stage-NC value is used); report-only row; axisymmetric critical point; stability NOT COMPUTED (YET)
P2,2T,4,24.0,0.7,4.0,II: G v^2 (dimensionless G mu),19.1822113049,0.0039098724755,report-only (stage NC FAIL: critical stage failed; no stage-NC value is used); report-only row; axisymmetric critical point; stability NOT COMPUTED (YET)
P2,2T,4,24.0,0.7,4.0,I: G_6 x T_b (T_b in mass^4),19.1822113049,0.0039098724755,report-only (stage NC FAIL: critical stage failed; no stage-NC value is used); report-only row; axisymmetric critical point; stability NOT COMPUTED (YET)
P2,2T,4,24.0,0.8,0.25,II: G v^2 (dimensionless G mu),8.59740106698,0.00581571100504,report-only (stage NC FAIL: critical stage failed; no stage-NC value is used); axisymmetric critical point; stability NOT COMPUTED (YET)
P2,2T,4,24.0,0.8,0.25,I: G_6 x T_b (T_b in mass^4),8.59740106698,0.00581571100504,report-only (stage NC FAIL: critical stage failed; no stage-NC value is used); axisymmetric critical point; stability NOT COMPUTED (YET)
P2,2T,4,24.0,0.8,0.5,II: G v^2 (dimensionless G mu),10.3440563317,0.00483369370746,report-only (stage NC FAIL: critical stage failed; no stage-NC value is used); axisymmetric critical point; stability NOT COMPUTED (YET)
P2,2T,4,24.0,0.8,0.5,I: G_6 x T_b (T_b in mass^4),10.3440563317,0.00483369370746,report-only (stage NC FAIL: critical stage failed; no stage-NC value is used); axisymmetric critical point; stability NOT COMPUTED (YET)
P2,2T,4,24.0,0.8,1.0,II: G v^2 (dimensionless G mu),12.5663706144,0.0039788735773,critical stage FAIL
P2,2T,4,24.0,0.8,1.0,I: G_6 x T_b (T_b in mass^4),12.5663706144,0.0039788735773,critical stage FAIL
P2,2T,4,24.0,0.8,2.0,II: G v^2 (dimensionless G mu),15.3752604293,0.00325197743673,report-only (stage NC FAIL: critical stage failed; no stage-NC value is used); report-only row; axisymmetric critical point; stability NOT COMPUTED (YET)
P2,2T,4,24.0,0.8,2.0,I: G_6 x T_b (T_b in mass^4),15.3752604293,0.00325197743673,report-only (stage NC FAIL: critical stage failed; no stage-NC value is used); report-only row; axisymmetric critical point; stability NOT COMPUTED (YET)
P2,2T,4,24.0,0.8,4.0,II: G v^2 (dimensionless G mu),18.8862688947,0.00264742603628,report-only (stage NC FAIL: critical stage failed; no stage-NC value is used); report-only row; axisymmetric critical point; stability NOT COMPUTED (YET)
P2,2T,4,24.0,0.8,4.0,I: G_6 x T_b (T_b in mass^4),18.8862688947,0.00264742603628,report-only (stage NC FAIL: critical stage failed; no stage-NC value is used); report-only row; axisymmetric critical point; stability NOT COMPUTED (YET)
P2,2T,4,24.0,0.9,0.25,II: G v^2 (dimensionless G mu),8.71671863833,0.00286805173338,report-only (stage NC FAIL: critical stage failed; no stage-NC value is used); axisymmetric critical point; stability NOT COMPUTED (YET)
P2,2T,4,24.0,0.9,0.25,I: G_6 x T_b (T_b in mass^4),8.71671863833,0.00286805173338,report-only (stage NC FAIL: critical stage failed; no stage-NC value is used); axisymmetric critical point; stability NOT COMPUTED (YET)
P2,2T,4,24.0,0.9,0.5,II: G v^2 (dimensionless G mu),10.4163409999,0.00240007503596,report-only (stage NC FAIL: critical stage failed; no stage-NC value is used); axisymmetric critical point; stability NOT COMPUTED (YET)
P2,2T,4,24.0,0.9,0.5,I: G_6 x T_b (T_b in mass^4),10.4163409999,0.00240007503596,report-only (stage NC FAIL: critical stage failed; no stage-NC value is used); axisymmetric critical point; stability NOT COMPUTED (YET)
P2,2T,4,24.0,0.9,1.0,II: G v^2 (dimensionless G mu),12.5663706144,0.00198943678865,critical stage FAIL
P2,2T,4,24.0,0.9,1.0,I: G_6 x T_b (T_b in mass^4),12.5663706144,0.00198943678865,critical stage FAIL
P2,2T,4,24.0,0.9,2.0,II: G v^2 (dimensionless G mu),15.2673039571,0.00163748623006,report-only (stage NC FAIL: critical stage failed; no stage-NC value is used); report-only row; axisymmetric critical point; stability NOT COMPUTED (YET)
P2,2T,4,24.0,0.9,2.0,I: G_6 x T_b (T_b in mass^4),15.2673039571,0.00163748623006,report-only (stage NC FAIL: critical stage failed; no stage-NC value is used); report-only row; axisymmetric critical point; stability NOT COMPUTED (YET)
P2,2T,4,24.0,0.9,4.0,II: G v^2 (dimensionless G mu),18.620810411,0.00134258388589,report-only (stage NC FAIL: critical stage failed; no stage-NC value is used); report-only row; axisymmetric critical point; stability NOT COMPUTED (YET)
P2,2T,4,24.0,0.9,4.0,I: G_6 x T_b (T_b in mass^4),18.620810411,0.00134258388589,report-only (stage NC FAIL: critical stage failed; no stage-NC value is used); report-only row; axisymmetric critical point; stability NOT COMPUTED (YET)
P2,2T,4,24.0,1,0.25,II: G v^2 (dimensionless G mu),8.82679414071,0,report-only (stage NC FAIL: critical stage failed; no stage-NC value is used); axisymmetric critical point; stability NOT COMPUTED (YET)
P2,2T,4,24.0,1,0.25,I: G_6 x T_b (T_b in mass^4),8.82679414071,0,report-only (stage NC FAIL: critical stage failed; no stage-NC value is used); axisymmetric critical point; stability NOT COMPUTED (YET)
P2,2T,4,24.0,1,0.5,II: G v^2 (dimensionless G mu),10.482792622,0,report-only (stage NC FAIL: critical stage failed; no stage-NC value is used); axisymmetric critical point; stability NOT COMPUTED (YET)
P2,2T,4,24.0,1,0.5,I: G_6 x T_b (T_b in mass^4),10.482792622,0,report-only (stage NC FAIL: critical stage failed; no stage-NC value is used); axisymmetric critical point; stability NOT COMPUTED (YET)
P2,2T,4,24.0,1,1.0,II: G v^2 (dimensionless G mu),12.5663706144,0,critical stage FAIL
P2,2T,4,24.0,1,1.0,I: G_6 x T_b (T_b in mass^4),12.5663706144,0,critical stage FAIL
P2,2T,4,24.0,1,2.0,II: G v^2 (dimensionless G mu),15.1690159458,0,report-only (stage NC FAIL: critical stage failed; no stage-NC value is used); report-only row; axisymmetric critical point; stability NOT COMPUTED (YET)
P2,2T,4,24.0,1,2.0,I: G_6 x T_b (T_b in mass^4),15.1690159458,0,report-only (stage NC FAIL: critical stage failed; no stage-NC value is used); report-only row; axisymmetric critical point; stability NOT COMPUTED (YET)
P2,2T,4,24.0,1,4.0,II: G v^2 (dimensionless G mu),18.3805588288,0,report-only (stage NC FAIL: critical stage failed; no stage-NC value is used); report-only row; axisymmetric critical point; stability NOT COMPUTED (YET)
P2,2T,4,24.0,1,4.0,I: G_6 x T_b (T_b in mass^4),18.3805588288,0,report-only (stage NC FAIL: critical stage failed; no stage-NC value is used); report-only row; axisymmetric critical point; stability NOT COMPUTED (YET)
P2,2T,4,4.0,0.5,0.25,II: G v^2 (dimensionless G mu),8.07935465735,0.0154715327277,report-only (stage NC FAIL: critical stage failed; no stage-NC value is used); axisymmetric critical point; stability NOT COMPUTED (YET)
P2,2T,4,4.0,0.5,0.25,I: G_6 x T_b (T_b in mass^4),8.07935465735,0.0154715327277,report-only (stage NC FAIL: critical stage failed; no stage-NC value is used); axisymmetric critical point; stability NOT COMPUTED (YET)
P2,2T,4,4.0,0.5,0.5,II: G v^2 (dimensionless G mu),10.1151810525,0.0123576631353,report-only (stage NC FAIL: critical stage failed; no stage-NC value is used); axisymmetric critical point; stability NOT COMPUTED (YET)
P2,2T,4,4.0,0.5,0.5,I: G_6 x T_b (T_b in mass^4),10.1151810525,0.0123576631353,report-only (stage NC FAIL: critical stage failed; no stage-NC value is used); axisymmetric critical point; stability NOT COMPUTED (YET)
P2,2T,4,4.0,0.5,1.0,II: G v^2 (dimensionless G mu),12.5663706144,0.00994718394324,critical stage FAIL
P2,2T,4,4.0,0.5,1.0,I: G_6 x T_b (T_b in mass^4),12.5663706144,0.00994718394324,critical stage FAIL
P2,2T,4,4.0,0.5,2.0,II: G v^2 (dimensionless G mu),15.7159631842,0.00795369641266,report-only (stage NC FAIL: critical stage failed; no stage-NC value is used); report-only row; axisymmetric critical point; stability NOT COMPUTED (YET)
P2,2T,4,4.0,0.5,2.0,I: G_6 x T_b (T_b in mass^4),15.7159631842,0.00795369641266,report-only (stage NC FAIL: critical stage failed; no stage-NC value is used); report-only row; axisymmetric critical point; stability NOT COMPUTED (YET)
P2,2T,4,4.0,0.5,4.0,II: G v^2 (dimensionless G mu),19.763791542,0.00632469735043,report-only (stage NC FAIL: critical stage failed; no stage-NC value is used); report-only row; axisymmetric critical point; stability NOT COMPUTED (YET)
P2,2T,4,4.0,0.5,4.0,I: G_6 x T_b (T_b in mass^4),19.763791542,0.00632469735043,report-only (stage NC FAIL: critical stage failed; no stage-NC value is used); report-only row; axisymmetric critical point; stability NOT COMPUTED (YET)
P2,2T,4,4.0,0.6,0.25,II: G v^2 (dimensionless G mu),8.18437792081,0.0122183996105,report-only (stage NC FAIL: critical stage failed; no stage-NC value is used); axisymmetric critical point; stability NOT COMPUTED (YET)
P2,2T,4,4.0,0.6,0.25,I: G_6 x T_b (T_b in mass^4),8.18437792081,0.0122183996105,report-only (stage NC FAIL: critical stage failed; no stage-NC value is used); axisymmetric critical point; stability NOT COMPUTED (YET)
P2,2T,4,4.0,0.6,0.5,II: G v^2 (dimensionless G mu),10.208910108,0.00979536492554,report-only (stage NC FAIL: critical stage failed; no stage-NC value is used); axisymmetric critical point; stability NOT COMPUTED (YET)
P2,2T,4,4.0,0.6,0.5,I: G_6 x T_b (T_b in mass^4),10.208910108,0.00979536492554,report-only (stage NC FAIL: critical stage failed; no stage-NC value is used); axisymmetric critical point; stability NOT COMPUTED (YET)
P2,2T,4,4.0,0.6,1.0,II: G v^2 (dimensionless G mu),12.5663706144,0.00795774715459,critical stage FAIL
P2,2T,4,4.0,0.6,1.0,I: G_6 x T_b (T_b in mass^4),12.5663706144,0.00795774715459,critical stage FAIL
P2,2T,4,4.0,0.6,2.0,II: G v^2 (dimensionless G mu),15.5620124095,0.006425904142,report-only (stage NC FAIL: critical stage failed; no stage-NC value is used); report-only row; axisymmetric critical point; stability NOT COMPUTED (YET)
P2,2T,4,4.0,0.6,2.0,I: G_6 x T_b (T_b in mass^4),15.5620124095,0.006425904142,report-only (stage NC FAIL: critical stage failed; no stage-NC value is used); report-only row; axisymmetric critical point; stability NOT COMPUTED (YET)
P2,2T,4,4.0,0.6,4.0,II: G v^2 (dimensionless G mu),19.3782652039,0.00516042065416,report-only (stage NC FAIL: critical stage failed; no stage-NC value is used); report-only row; axisymmetric critical point; stability NOT COMPUTED (YET)
P2,2T,4,4.0,0.6,4.0,I: G_6 x T_b (T_b in mass^4),19.3782652039,0.00516042065416,report-only (stage NC FAIL: critical stage failed; no stage-NC value is used); report-only row; axisymmetric critical point; stability NOT COMPUTED (YET)
P2,2T,4,4.0,0.7,0.25,II: G v^2 (dimensionless G mu),8.26827138754,0.00907081982251,report-only (stage NC FAIL: critical stage failed; no stage-NC value is used); axisymmetric critical point; stability NOT COMPUTED (YET)
P2,2T,4,4.0,0.7,0.25,I: G_6 x T_b (T_b in mass^4),8.26827138754,0.00907081982251,report-only (stage NC FAIL: critical stage failed; no stage-NC value is used); axisymmetric critical point; stability NOT COMPUTED (YET)
P2,2T,4,4.0,0.7,0.5,II: G v^2 (dimensionless G mu),10.2901396906,0.00728853079306,report-only (stage NC FAIL: critical stage failed; no stage-NC value is used); axisymmetric critical point; stability NOT COMPUTED (YET)
P2,2T,4,4.0,0.7,0.5,I: G_6 x T_b (T_b in mass^4),10.2901396906,0.00728853079306,report-only (stage NC FAIL: critical stage failed; no stage-NC value is used); axisymmetric critical point; stability NOT COMPUTED (YET)
P2,2T,4,4.0,0.7,1.0,II: G v^2 (dimensionless G mu),12.5663706144,0.00596831036595,critical stage FAIL
P2,2T,4,4.0,0.7,1.0,I: G_6 x T_b (T_b in mass^4),12.5663706144,0.00596831036595,critical stage FAIL
P2,2T,4,4.0,0.7,2.0,II: G v^2 (dimensionless G mu),15.4269824613,0.00486161180181,report-only (stage NC FAIL: critical stage failed; no stage-NC value is used); report-only row; axisymmetric critical point; stability NOT COMPUTED (YET)
P2,2T,4,4.0,0.7,2.0,I: G_6 x T_b (T_b in mass^4),15.4269824613,0.00486161180181,report-only (stage NC FAIL: critical stage failed; no stage-NC value is used); report-only row; axisymmetric critical point; stability NOT COMPUTED (YET)
P2,2T,4,4.0,0.7,4.0,II: G v^2 (dimensionless G mu),19.0421971407,0.00393862112895,report-only (stage NC FAIL: critical stage failed; no stage-NC value is used); report-only row; axisymmetric critical point; stability NOT COMPUTED (YET)
P2,2T,4,4.0,0.7,4.0,I: G_6 x T_b (T_b in mass^4),19.0421971407,0.00393862112895,report-only (stage NC FAIL: critical stage failed; no stage-NC value is used); report-only row; axisymmetric critical point; stability NOT COMPUTED (YET)
P2,2T,4,4.0,0.8,0.25,II: G v^2 (dimensionless G mu),8.3362017728,0.00599793543423,report-only (stage NC FAIL: critical stage failed; no stage-NC value is used); axisymmetric critical point; stability NOT COMPUTED (YET)
P2,2T,4,4.0,0.8,0.25,I: G_6 x T_b (T_b in mass^4),8.3362017728,0.00599793543423,report-only (stage NC FAIL: critical stage failed; no stage-NC value is used); axisymmetric critical point; stability NOT COMPUTED (YET)
P2,2T,4,4.0,0.8,0.5,II: G v^2 (dimensionless G mu),10.3613863547,0.00482560907281,report-only (stage NC FAIL: critical stage failed; no stage-NC value is used); axisymmetric critical point; stability NOT COMPUTED (YET)
P2,2T,4,4.0,0.8,0.5,I: G_6 x T_b (T_b in mass^4),10.3613863547,0.00482560907281,report-only (stage NC FAIL: critical stage failed; no stage-NC value is used); axisymmetric critical point; stability NOT COMPUTED (YET)
P2,2T,4,4.0,0.8,1.0,II: G v^2 (dimensionless G mu),12.5663706144,0.0039788735773,critical stage FAIL
P2,2T,4,4.0,0.8,1.0,I: G_6 x T_b (T_b in mass^4),12.5663706144,0.0039788735773,critical stage FAIL
P2,2T,4,4.0,0.8,2.0,II: G v^2 (dimensionless G mu),15.3068721033,0.00326650668161,report-only (stage NC FAIL: critical stage failed; no stage-NC value is used); report-only row; axisymmetric critical point; stability NOT COMPUTED (YET)
P2,2T,4,4.0,0.8,2.0,I: G_6 x T_b (T_b in mass^4),15.3068721033,0.00326650668161,report-only (stage NC FAIL: critical stage failed; no stage-NC value is used); report-only row; axisymmetric critical point; stability NOT COMPUTED (YET)
P2,2T,4,4.0,0.8,4.0,II: G v^2 (dimensionless G mu),18.7448621134,0.0026673975886,report-only (stage NC FAIL: critical stage failed; no stage-NC value is used); report-only row; axisymmetric critical point; stability NOT COMPUTED (YET)
P2,2T,4,4.0,0.8,4.0,I: G_6 x T_b (T_b in mass^4),18.7448621134,0.0026673975886,report-only (stage NC FAIL: critical stage failed; no stage-NC value is used); report-only row; axisymmetric critical point; stability NOT COMPUTED (YET)
P2,2T,4,4.0,0.9,0.25,II: G v^2 (dimensionless G mu),8.39185196889,0.00297908019501,report-only (stage NC FAIL: critical stage failed; no stage-NC value is used); axisymmetric critical point; stability NOT COMPUTED (YET)
P2,2T,4,4.0,0.9,0.25,I: G_6 x T_b (T_b in mass^4),8.39185196889,0.00297908019501,report-only (stage NC FAIL: critical stage failed; no stage-NC value is used); axisymmetric critical point; stability NOT COMPUTED (YET)
P2,2T,4,4.0,0.9,0.5,II: G v^2 (dimensionless G mu),10.4244632627,0.00239820500778,report-only (stage NC FAIL: critical stage failed; no stage-NC value is used); axisymmetric critical point; stability NOT COMPUTED (YET)
P2,2T,4,4.0,0.9,0.5,I: G_6 x T_b (T_b in mass^4),10.4244632627,0.00239820500778,report-only (stage NC FAIL: critical stage failed; no stage-NC value is used); axisymmetric critical point; stability NOT COMPUTED (YET)
P2,2T,4,4.0,0.9,1.0,II: G v^2 (dimensionless G mu),12.5663706144,0.00198943678865,critical stage FAIL
P2,2T,4,4.0,0.9,1.0,I: G_6 x T_b (T_b in mass^4),12.5663706144,0.00198943678865,critical stage FAIL
P2,2T,4,4.0,0.9,2.0,II: G v^2 (dimensionless G mu),15.1988949407,0.00164485642525,report-only (stage NC FAIL: critical stage failed; no stage-NC value is used); report-only row; axisymmetric critical point; stability NOT COMPUTED (YET)
P2,2T,4,4.0,0.9,2.0,I: G_6 x T_b (T_b in mass^4),15.1988949407,0.00164485642525,report-only (stage NC FAIL: critical stage failed; no stage-NC value is used); report-only row; axisymmetric critical point; stability NOT COMPUTED (YET)
P2,2T,4,4.0,0.9,4.0,II: G v^2 (dimensionless G mu),18.4788087726,0.0013529010613,report-only (stage NC FAIL: critical stage failed; no stage-NC value is used); report-only row; axisymmetric critical point; stability NOT COMPUTED (YET)
P2,2T,4,4.0,0.9,4.0,I: G_6 x T_b (T_b in mass^4),18.4788087726,0.0013529010613,report-only (stage NC FAIL: critical stage failed; no stage-NC value is used); report-only row; axisymmetric critical point; stability NOT COMPUTED (YET)
P2,2T,4,4.0,1,0.25,II: G v^2 (dimensionless G mu),8.43792086386,0,report-only (stage NC FAIL: critical stage failed; no stage-NC value is used); axisymmetric critical point; stability NOT COMPUTED (YET)
P2,2T,4,4.0,1,0.25,I: G_6 x T_b (T_b in mass^4),8.43792086386,0,report-only (stage NC FAIL: critical stage failed; no stage-NC value is used); axisymmetric critical point; stability NOT COMPUTED (YET)
P2,2T,4,4.0,1,0.5,II: G v^2 (dimensionless G mu),10.4807326858,0,report-only (stage NC FAIL: critical stage failed; no stage-NC value is used); axisymmetric critical point; stability NOT COMPUTED (YET)
P2,2T,4,4.0,1,0.5,I: G_6 x T_b (T_b in mass^4),10.4807326858,0,report-only (stage NC FAIL: critical stage failed; no stage-NC value is used); axisymmetric critical point; stability NOT COMPUTED (YET)
P2,2T,4,4.0,1,1.0,II: G v^2 (dimensionless G mu),12.5663706144,0,critical stage FAIL
P2,2T,4,4.0,1,1.0,I: G_6 x T_b (T_b in mass^4),12.5663706144,0,critical stage FAIL
P2,2T,4,4.0,1,2.0,II: G v^2 (dimensionless G mu),15.1010167149,0,report-only (stage NC FAIL: critical stage failed; no stage-NC value is used); report-only row; axisymmetric critical point; stability NOT COMPUTED (YET)
P2,2T,4,4.0,1,2.0,I: G_6 x T_b (T_b in mass^4),15.1010167149,0,report-only (stage NC FAIL: critical stage failed; no stage-NC value is used); report-only row; axisymmetric critical point; stability NOT COMPUTED (YET)
P2,2T,4,4.0,1,4.0,II: G v^2 (dimensionless G mu),18.2386144176,0,report-only (stage NC FAIL: critical stage failed; no stage-NC value is used); report-only row; axisymmetric critical point; stability NOT COMPUTED (YET)
P2,2T,4,4.0,1,4.0,I: G_6 x T_b (T_b in mass^4),18.2386144176,0,report-only (stage NC FAIL: critical stage failed; no stage-NC value is used); report-only row; axisymmetric critical point; stability NOT COMPUTED (YET)
P2,2T,4,99.0,0.5,0.25,II: G v^2 (dimensionless G mu),8.11614065887,0.0154014087796,report-only (stage NC FAIL: critical stage failed; no stage-NC value is used); axisymmetric critical point; stability NOT COMPUTED (YET)
P2,2T,4,99.0,0.5,0.25,I: G_6 x T_b (T_b in mass^4),8.11614065887,0.0154014087796,report-only (stage NC FAIL: critical stage failed; no stage-NC value is used); axisymmetric critical point; stability NOT COMPUTED (YET)
P2,2T,4,99.0,0.5,0.5,II: G v^2 (dimensionless G mu),10.056214934,0.0124301241392,report-only (stage NC FAIL: critical stage failed; no stage-NC value is used); axisymmetric critical point; stability NOT COMPUTED (YET)
P2,2T,4,99.0,0.5,0.5,I: G_6 x T_b (T_b in mass^4),10.056214934,0.0124301241392,report-only (stage NC FAIL: critical stage failed; no stage-NC value is used); axisymmetric critical point; stability NOT COMPUTED (YET)
P2,2T,4,99.0,0.5,1.0,II: G v^2 (dimensionless G mu),12.5663706144,0.00994718394324,critical stage FAIL
P2,2T,4,99.0,0.5,1.0,I: G_6 x T_b (T_b in mass^4),12.5663706144,0.00994718394324,critical stage FAIL
P2,2T,4,99.0,0.5,2.0,II: G v^2 (dimensionless G mu),15.7998423069,0.00791147136612,report-only (stage NC FAIL: critical stage failed; no stage-NC value is used); report-only row; axisymmetric critical point; stability NOT COMPUTED (YET)
P2,2T,4,99.0,0.5,2.0,I: G_6 x T_b (T_b in mass^4),15.7998423069,0.00791147136612,report-only (stage NC FAIL: critical stage failed; no stage-NC value is used); report-only row; axisymmetric critical point; stability NOT COMPUTED (YET)
P2,2T,4,99.0,0.5,4.0,II: G v^2 (dimensionless G mu),19.9322339222,0.00627124889702,report-only (stage NC FAIL: critical stage failed; no stage-NC value is used); report-only row; axisymmetric critical point; stability NOT COMPUTED (YET)
P2,2T,4,99.0,0.5,4.0,I: G_6 x T_b (T_b in mass^4),19.9322339222,0.00627124889702,report-only (stage NC FAIL: critical stage failed; no stage-NC value is used); report-only row; axisymmetric critical point; stability NOT COMPUTED (YET)
P2,2T,4,99.0,0.6,0.25,II: G v^2 (dimensionless G mu),8.27356550477,0.0120866874073,report-only (stage NC FAIL: critical stage failed; no stage-NC value is used); axisymmetric critical point; stability NOT COMPUTED (YET)
P2,2T,4,99.0,0.6,0.25,I: G_6 x T_b (T_b in mass^4),8.27356550477,0.0120866874073,report-only (stage NC FAIL: critical stage failed; no stage-NC value is used); axisymmetric critical point; stability NOT COMPUTED (YET)
P2,2T,4,99.0,0.6,0.5,II: G v^2 (dimensionless G mu),10.1532613112,0.00984905213558,report-only (stage NC FAIL: critical stage failed; no stage-NC value is used); axisymmetric critical point; stability NOT COMPUTED (YET)
P2,2T,4,99.0,0.6,0.5,I: G_6 x T_b (T_b in mass^4),10.1532613112,0.00984905213558,report-only (stage NC FAIL: critical stage failed; no stage-NC value is used); axisymmetric critical point; stability NOT COMPUTED (YET)
P2,2T,4,99.0,0.6,1.0,II: G v^2 (dimensionless G mu),12.5663706144,0.00795774715459,critical stage FAIL
P2,2T,4,99.0,0.6,1.0,I: G_6 x T_b (T_b in mass^4),12.5663706144,0.00795774715459,critical stage FAIL
P2,2T,4,99.0,0.6,2.0,II: G v^2 (dimensionless G mu),15.6487485948,0.00639028733795,report-only (stage NC FAIL: critical stage failed; no stage-NC value is used); report-only row; axisymmetric critical point; stability NOT COMPUTED (YET)
P2,2T,4,99.0,0.6,2.0,I: G_6 x T_b (T_b in mass^4),15.6487485948,0.00639028733795,report-only (stage NC FAIL: critical stage failed; no stage-NC value is used); report-only row; axisymmetric critical point; stability NOT COMPUTED (YET)
P2,2T,4,99.0,0.6,4.0,II: G v^2 (dimensionless G mu),19.5519706882,0.00511457395241,report-only (stage NC FAIL: critical stage failed; no stage-NC value is used); report-only row; axisymmetric critical point; stability NOT COMPUTED (YET)
P2,2T,4,99.0,0.6,4.0,I: G_6 x T_b (T_b in mass^4),19.5519706882,0.00511457395241,report-only (stage NC FAIL: critical stage failed; no stage-NC value is used); report-only row; axisymmetric critical point; stability NOT COMPUTED (YET)
P2,2T,4,99.0,0.7,0.25,II: G v^2 (dimensionless G mu),8.41478211085,0.00891288675238,report-only (stage NC FAIL: critical stage failed; no stage-NC value is used); axisymmetric critical point; stability NOT COMPUTED (YET)
P2,2T,4,99.0,0.7,0.25,I: G_6 x T_b (T_b in mass^4),8.41478211085,0.00891288675238,report-only (stage NC FAIL: critical stage failed; no stage-NC value is used); axisymmetric critical point; stability NOT COMPUTED (YET)
P2,2T,4,99.0,0.7,0.5,II: G v^2 (dimensionless G mu),10.2398431222,0.00732433095949,report-only (stage NC FAIL: critical stage failed; no stage-NC value is used); axisymmetric critical point; stability NOT COMPUTED (YET)
P2,2T,4,99.0,0.7,0.5,I: G_6 x T_b (T_b in mass^4),10.2398431222,0.00732433095949,report-only (stage NC FAIL: critical stage failed; no stage-NC value is used); axisymmetric critical point; stability NOT COMPUTED (YET)
P2,2T,4,99.0,0.7,1.0,II: G v^2 (dimensionless G mu),12.5663706144,0.00596831036595,critical stage FAIL
P2,2T,4,99.0,0.7,1.0,I: G_6 x T_b (T_b in mass^4),12.5663706144,0.00596831036595,critical stage FAIL
P2,2T,4,99.0,0.7,2.0,II: G v^2 (dimensionless G mu),15.5156471949,0.00483382994326,report-only (stage NC FAIL: critical stage failed; no stage-NC value is used); report-only row; axisymmetric critical point; stability NOT COMPUTED (YET)
P2,2T,4,99.0,0.7,2.0,I: G_6 x T_b (T_b in mass^4),15.5156471949,0.00483382994326,report-only (stage NC FAIL: critical stage failed; no stage-NC value is used); report-only row; axisymmetric critical point; stability NOT COMPUTED (YET)
P2,2T,4,99.0,0.7,4.0,II: G v^2 (dimensionless G mu),19.219540482,0.00390227852067,report-only (stage NC FAIL: critical stage failed; no stage-NC value is used); report-only row; axisymmetric critical point; stability NOT COMPUTED (YET)
P2,2T,4,99.0,0.7,4.0,I: G_6 x T_b (T_b in mass^4),19.219540482,0.00390227852067,report-only (stage NC FAIL: critical stage failed; no stage-NC value is used); report-only row; axisymmetric critical point; stability NOT COMPUTED (YET)
P2,2T,4,99.0,0.8,0.25,II: G v^2 (dimensionless G mu),8.5430686367,0.00585269791527,report-only (stage NC FAIL: critical stage failed; no stage-NC value is used); axisymmetric critical point; stability NOT COMPUTED (YET)
P2,2T,4,99.0,0.8,0.25,I: G_6 x T_b (T_b in mass^4),8.5430686367,0.00585269791527,report-only (stage NC FAIL: critical stage failed; no stage-NC value is used); axisymmetric critical point; stability NOT COMPUTED (YET)
P2,2T,4,99.0,0.8,0.5,II: G v^2 (dimensionless G mu),10.3181060651,0.0048458505548,report-only (stage NC FAIL: critical stage failed; no stage-NC value is used); axisymmetric critical point; stability NOT COMPUTED (YET)
P2,2T,4,99.0,0.8,0.5,I: G_6 x T_b (T_b in mass^4),10.3181060651,0.0048458505548,report-only (stage NC FAIL: critical stage failed; no stage-NC value is used); axisymmetric critical point; stability NOT COMPUTED (YET)
P2,2T,4,99.0,0.8,1.0,II: G v^2 (dimensionless G mu),12.5663706144,0.0039788735773,critical stage FAIL
P2,2T,4,99.0,0.8,1.0,I: G_6 x T_b (T_b in mass^4),12.5663706144,0.0039788735773,critical stage FAIL
P2,2T,4,99.0,0.8,2.0,II: G v^2 (dimensionless G mu),15.3967302884,0.00324744274034,report-only (stage NC FAIL: critical stage failed; no stage-NC value is used); report-only row; axisymmetric critical point; stability NOT COMPUTED (YET)
P2,2T,4,99.0,0.8,2.0,I: G_6 x T_b (T_b in mass^4),15.3967302884,0.00324744274034,report-only (stage NC FAIL: critical stage failed; no stage-NC value is used); report-only row; axisymmetric critical point; stability NOT COMPUTED (YET)
P2,2T,4,99.0,0.8,4.0,II: G v^2 (dimensionless G mu),18.9246140186,0.00264206181171,report-only (stage NC FAIL: critical stage failed; no stage-NC value is used); report-only row; axisymmetric critical point; stability NOT COMPUTED (YET)
P2,2T,4,99.0,0.8,4.0,I: G_6 x T_b (T_b in mass^4),18.9246140186,0.00264206181171,report-only (stage NC FAIL: critical stage failed; no stage-NC value is used); report-only row; axisymmetric critical point; stability NOT COMPUTED (YET)
P2,2T,4,99.0,0.9,0.25,II: G v^2 (dimensionless G mu),8.66072238076,0.00288659524009,report-only (stage NC FAIL: critical stage failed; no stage-NC value is used); axisymmetric critical point; stability NOT COMPUTED (YET)
P2,2T,4,99.0,0.9,0.25,I: G_6 x T_b (T_b in mass^4),8.66072238076,0.00288659524009,report-only (stage NC FAIL: critical stage failed; no stage-NC value is used); axisymmetric critical point; stability NOT COMPUTED (YET)
P2,2T,4,99.0,0.9,0.5,II: G v^2 (dimensionless G mu),10.3895518464,0.00240626355878,report-only (stage NC FAIL: critical stage failed; no stage-NC value is used); axisymmetric critical point; stability NOT COMPUTED (YET)
P2,2T,4,99.0,0.9,0.5,I: G_6 x T_b (T_b in mass^4),10.3895518464,0.00240626355878,report-only (stage NC FAIL: critical stage failed; no stage-NC value is used); axisymmetric critical point; stability NOT COMPUTED (YET)
P2,2T,4,99.0,0.9,1.0,II: G v^2 (dimensionless G mu),12.5663706144,0.00198943678865,critical stage FAIL
P2,2T,4,99.0,0.9,1.0,I: G_6 x T_b (T_b in mass^4),12.5663706144,0.00198943678865,critical stage FAIL
P2,2T,4,99.0,0.9,2.0,II: G v^2 (dimensionless G mu),15.2893410755,0.00163512605786,report-only (stage NC FAIL: critical stage failed; no stage-NC value is used); report-only row; axisymmetric critical point; stability NOT COMPUTED (YET)
P2,2T,4,99.0,0.9,2.0,I: G_6 x T_b (T_b in mass^4),15.2893410755,0.00163512605786,report-only (stage NC FAIL: critical stage failed; no stage-NC value is used); report-only row; axisymmetric critical point; stability NOT COMPUTED (YET)
P2,2T,4,99.0,0.9,4.0,II: G v^2 (dimensionless G mu),18.6600010621,0.00133976412524,report-only (stage NC FAIL: critical stage failed; no stage-NC value is used); report-only row; axisymmetric critical point; stability NOT COMPUTED (YET)
P2,2T,4,99.0,0.9,4.0,I: G_6 x T_b (T_b in mass^4),18.6600010621,0.00133976412524,report-only (stage NC FAIL: critical stage failed; no stage-NC value is used); report-only row; axisymmetric critical point; stability NOT COMPUTED (YET)
P2,2T,4,99.0,1,0.25,II: G v^2 (dimensionless G mu),8.76943047838,0,report-only (stage NC FAIL: critical stage failed; no stage-NC value is used); axisymmetric critical point; stability NOT COMPUTED (YET)
P2,2T,4,99.0,1,0.25,I: G_6 x T_b (T_b in mass^4),8.76943047838,0,report-only (stage NC FAIL: critical stage failed; no stage-NC value is used); axisymmetric critical point; stability NOT COMPUTED (YET)
P2,2T,4,99.0,1,0.5,II: G v^2 (dimensionless G mu),10.4552817907,0,report-only (stage NC FAIL: critical stage failed; no stage-NC value is used); axisymmetric critical point; stability NOT COMPUTED (YET)
P2,2T,4,99.0,1,0.5,I: G_6 x T_b (T_b in mass^4),10.4552817907,0,report-only (stage NC FAIL: critical stage failed; no stage-NC value is used); axisymmetric critical point; stability NOT COMPUTED (YET)
P2,2T,4,99.0,1,1.0,II: G v^2 (dimensionless G mu),12.5663706144,0,critical stage FAIL
P2,2T,4,99.0,1,1.0,I: G_6 x T_b (T_b in mass^4),12.5663706144,0,critical stage FAIL
P2,2T,4,99.0,1,2.0,II: G v^2 (dimensionless G mu),15.1915377251,0,report-only (stage NC FAIL: critical stage failed; no stage-NC value is used); report-only row; axisymmetric critical point; stability NOT COMPUTED (YET)
P2,2T,4,99.0,1,2.0,I: G_6 x T_b (T_b in mass^4),15.1915377251,0,report-only (stage NC FAIL: critical stage failed; no stage-NC value is used); report-only row; axisymmetric critical point; stability NOT COMPUTED (YET)
P2,2T,4,99.0,1,4.0,II: G v^2 (dimensionless G mu),18.4204599973,0,report-only (stage NC FAIL: critical stage failed; no stage-NC value is used); report-only row; axisymmetric critical point; stability NOT COMPUTED (YET)
P2,2T,4,99.0,1,4.0,I: G_6 x T_b (T_b in mass^4),18.4204599973,0,report-only (stage NC FAIL: critical stage failed; no stage-NC value is used); report-only row; axisymmetric critical point; stability NOT COMPUTED (YET)
