row,layout,n,eps,alpha,kappa,mu_matter,mu_N,mu_S,s_c_N,r_c_N,s_c_S,r_c_S,w,NC2_integral_residual,NC2_pointwise_ratio,piH_tc_N,piH_tc_S,NC3_flux_rel,NC4_mu_rel,NC4_s_c_rel,NC5_rel,NC5_LBFGS_iterations,max_T_rr,max_T_phiphi_over_f2,max_phi2,Delta_bg,e_num,mu_depends_on_background,profile_depends_on_background,exact_cone_mu,report_only,tag
CGR,1T,1,1.0,0.5,0.25,NOT COMPUTED (YET),NOT COMPUTED (YET),NOT COMPUTED (YET),NOT COMPUTED (YET),NOT COMPUTED (YET),NOT COMPUTED (YET),NOT COMPUTED (YET),NOT COMPUTED (YET),NOT COMPUTED (YET),NOT COMPUTED (YET),NOT COMPUTED (YET),NOT COMPUTED (YET),NOT COMPUTED (YET),NOT COMPUTED (YET),NOT COMPUTED (YET),NOT COMPUTED (YET),NOT COMPUTED (YET),NOT COMPUTED (YET),NOT COMPUTED (YET),NOT COMPUTED (YET),NOT COMPUTED (YET),NOT COMPUTED (YET),NOT COMPUTED (YET),NOT COMPUTED (YET),NOT COMPUTED (YET),FAILED,"FAILED: failed upstream (row CGR 1T n=1 eps=1 alpha=0.5 stage NC kappa=0.5): not converged (cap hit) at NC kappa=0.5 alpha=0.5 [node cap MAX_NODES = 100000 reached; status 1, max|phi|^2 = 5.275e-06, iterations 5, nodes 80370]"
CGR,1T,1,1.0,0.5,0.5,NOT COMPUTED (YET),NOT COMPUTED (YET),NOT COMPUTED (YET),NOT COMPUTED (YET),NOT COMPUTED (YET),NOT COMPUTED (YET),NOT COMPUTED (YET),NOT COMPUTED (YET),NOT COMPUTED (YET),NOT COMPUTED (YET),NOT COMPUTED (YET),NOT COMPUTED (YET),NOT COMPUTED (YET),NOT COMPUTED (YET),NOT COMPUTED (YET),NOT COMPUTED (YET),NOT COMPUTED (YET),NOT COMPUTED (YET),NOT COMPUTED (YET),NOT COMPUTED (YET),NOT COMPUTED (YET),NOT COMPUTED (YET),NOT COMPUTED (YET),NOT COMPUTED (YET),NOT COMPUTED (YET),FAILED,"FAILED: failed directly: not converged (cap hit) at NC kappa=0.5 alpha=0.5 [node cap MAX_NODES = 100000 reached; status 1, max|phi|^2 = 5.275e-06, iterations 5, nodes 80370]"
CGR,1T,1,1.0,0.5,1.0,3.14159265359,2.79706124452,0.344531409067,NOT COMPUTED (YET),NOT COMPUTED (YET),n/a,n/a,-1,1.317e-14,1.322e-13,NOT COMPUTED (YET),n/a,1.279e-13,4.849e-14,0.000e+00,2.051e-10,h=0.02:nit=246;h=0.01:nit=45,2.033e-13,6.480e-14,8.959617e-01,5.815e-13,7.596e-10,no,NOT COMPUTED (YET),n/a,graded,[axisymmetric critical point; stability NOT COMPUTED (YET)]
CGR,1T,1,1.0,0.5,2.0,3.9015911149,3.77402281933,0.127568295577,NOT COMPUTED (YET),NOT COMPUTED (YET),n/a,n/a,-1,3.488e-14,1.007e-13,NOT COMPUTED (YET),n/a,1.190e-13,3.847e-14,0.000e+00,2.182e-10,h=0.02:nit=4216;h=0.01:nit=9628,2.382e-02,3.741e-02,9.895876e-01,3.549e-02,8.009e-10,yes,NOT COMPUTED (YET),n/a,graded,[axisymmetric critical point; stability NOT COMPUTED (YET)]
CGR,1T,1,1.0,0.5,4.0,4.77051450962,4.70716874252,0.0633457671,NOT COMPUTED (YET),NOT COMPUTED (YET),n/a,n/a,-1,1.007e-13,6.760e-14,NOT COMPUTED (YET),n/a,1.097e-13,8.657e-14,0.000e+00,1.926e-10,h=0.02:nit=4965;h=0.01:nit=7736,1.193e-01,1.218e-01,9.994359e-01,8.122e-02,7.006e-10,yes,NOT COMPUTED (YET),n/a,graded,[axisymmetric critical point; stability NOT COMPUTED (YET)]
CGR,1T,1,1.0,0.6,0.25,NOT COMPUTED (YET),NOT COMPUTED (YET),NOT COMPUTED (YET),NOT COMPUTED (YET),NOT COMPUTED (YET),NOT COMPUTED (YET),NOT COMPUTED (YET),NOT COMPUTED (YET),NOT COMPUTED (YET),NOT COMPUTED (YET),NOT COMPUTED (YET),NOT COMPUTED (YET),NOT COMPUTED (YET),NOT COMPUTED (YET),NOT COMPUTED (YET),NOT COMPUTED (YET),NOT COMPUTED (YET),NOT COMPUTED (YET),NOT COMPUTED (YET),NOT COMPUTED (YET),NOT COMPUTED (YET),NOT COMPUTED (YET),NOT COMPUTED (YET),NOT COMPUTED (YET),NOT COMPUTED (YET),FAILED,"FAILED: failed upstream (row CGR 1T n=1 eps=1 alpha=0.6 stage NC kappa=0.5): not converged (cap hit) at NC kappa=0.5 alpha=0.6 [node cap MAX_NODES = 100000 reached; status 1, max|phi|^2 = 3.145e-06, iterations 5, nodes 82263]"
CGR,1T,1,1.0,0.6,0.5,NOT COMPUTED (YET),NOT COMPUTED (YET),NOT COMPUTED (YET),NOT COMPUTED (YET),NOT COMPUTED (YET),NOT COMPUTED (YET),NOT COMPUTED (YET),NOT COMPUTED (YET),NOT COMPUTED (YET),NOT COMPUTED (YET),NOT COMPUTED (YET),NOT COMPUTED (YET),NOT COMPUTED (YET),NOT COMPUTED (YET),NOT COMPUTED (YET),NOT COMPUTED (YET),NOT COMPUTED (YET),NOT COMPUTED (YET),NOT COMPUTED (YET),NOT COMPUTED (YET),NOT COMPUTED (YET),NOT COMPUTED (YET),NOT COMPUTED (YET),NOT COMPUTED (YET),NOT COMPUTED (YET),FAILED,"FAILED: failed directly: not converged (cap hit) at NC kappa=0.5 alpha=0.6 [node cap MAX_NODES = 100000 reached; status 1, max|phi|^2 = 3.145e-06, iterations 5, nodes 82263]"
CGR,1T,1,1.0,0.6,1.0,3.14159265359,2.7713410616,0.370251591994,NOT COMPUTED (YET),NOT COMPUTED (YET),n/a,n/a,-1,1.088e-14,1.164e-13,NOT COMPUTED (YET),n/a,1.084e-13,3.689e-14,0.000e+00,2.948e-10,h=0.02:nit=228;h=0.01:nit=160,1.833e-13,5.795e-14,8.706534e-01,5.815e-13,7.596e-10,no,NOT COMPUTED (YET),n/a,graded,[axisymmetric critical point; stability NOT COMPUTED (YET)]
CGR,1T,1,1.0,0.6,2.0,3.86587083895,3.71657317686,0.149297662095,NOT COMPUTED (YET),NOT COMPUTED (YET),n/a,n/a,-1,5.261e-14,1.008e-13,NOT COMPUTED (YET),n/a,1.030e-13,2.975e-14,0.000e+00,3.120e-10,h=0.02:nit=3478;h=0.01:nit=7151,2.619e-02,3.602e-02,9.846623e-01,3.549e-02,8.009e-10,yes,NOT COMPUTED (YET),n/a,graded,[axisymmetric critical point; stability NOT COMPUTED (YET)]
CGR,1T,1,1.0,0.6,4.0,4.67498255236,4.59566349376,0.0793190585988,NOT COMPUTED (YET),NOT COMPUTED (YET),n/a,n/a,-1,1.631e-13,4.518e-14,NOT COMPUTED (YET),n/a,1.908e-14,1.018e-13,0.000e+00,2.728e-10,h=0.02:nit=3717;h=0.01:nit=7381,1.302e-01,1.302e-01,9.989785e-01,8.122e-02,7.006e-10,yes,NOT COMPUTED (YET),n/a,graded,[axisymmetric critical point; stability NOT COMPUTED (YET)]
CGR,1T,1,1.0,0.7,0.25,NOT COMPUTED (YET),NOT COMPUTED (YET),NOT COMPUTED (YET),NOT COMPUTED (YET),NOT COMPUTED (YET),NOT COMPUTED (YET),NOT COMPUTED (YET),NOT COMPUTED (YET),NOT COMPUTED (YET),NOT COMPUTED (YET),NOT COMPUTED (YET),NOT COMPUTED (YET),NOT COMPUTED (YET),NOT COMPUTED (YET),NOT COMPUTED (YET),NOT COMPUTED (YET),NOT COMPUTED (YET),NOT COMPUTED (YET),NOT COMPUTED (YET),NOT COMPUTED (YET),NOT COMPUTED (YET),NOT COMPUTED (YET),NOT COMPUTED (YET),NOT COMPUTED (YET),NOT COMPUTED (YET),FAILED,"FAILED: failed upstream (row CGR 1T n=1 eps=1 alpha=0.7 stage NC kappa=0.5): not converged (cap hit) at NC kappa=0.5 alpha=0.7 [node cap MAX_NODES = 100000 reached; status 1, max|phi|^2 = 1.010e-06, iterations 5, nodes 81286]"
CGR,1T,1,1.0,0.7,0.5,NOT COMPUTED (YET),NOT COMPUTED (YET),NOT COMPUTED (YET),NOT COMPUTED (YET),NOT COMPUTED (YET),NOT COMPUTED (YET),NOT COMPUTED (YET),NOT COMPUTED (YET),NOT COMPUTED (YET),NOT COMPUTED (YET),NOT COMPUTED (YET),NOT COMPUTED (YET),NOT COMPUTED (YET),NOT COMPUTED (YET),NOT COMPUTED (YET),NOT COMPUTED (YET),NOT COMPUTED (YET),NOT COMPUTED (YET),NOT COMPUTED (YET),NOT COMPUTED (YET),NOT COMPUTED (YET),NOT COMPUTED (YET),NOT COMPUTED (YET),NOT COMPUTED (YET),NOT COMPUTED (YET),FAILED,"FAILED: failed directly: not converged (cap hit) at NC kappa=0.5 alpha=0.7 [node cap MAX_NODES = 100000 reached; status 1, max|phi|^2 = 1.010e-06, iterations 5, nodes 81286]"
CGR,1T,1,1.0,0.7,1.0,3.14159265359,2.74892415219,0.392668501395,NOT COMPUTED (YET),NOT COMPUTED (YET),n/a,n/a,-1,9.566e-15,1.010e-13,NOT COMPUTED (YET),n/a,9.542e-14,3.166e-14,0.000e+00,1.537e-11,h=0.02:nit=264;h=0.01:nit=250,1.636e-13,5.122e-14,8.476547e-01,5.815e-13,7.596e-10,no,NOT COMPUTED (YET),n/a,graded,[axisymmetric critical point; stability NOT COMPUTED (YET)]
CGR,1T,1,1.0,0.7,2.0,3.83570167717,3.66689340941,0.16880826776,NOT COMPUTED (YET),NOT COMPUTED (YET),n/a,n/a,-1,7.187e-14,9.030e-14,NOT COMPUTED (YET),n/a,9.118e-14,3.531e-14,0.000e+00,1.638e-11,h=0.02:nit=3311;h=0.01:nit=6533,2.827e-02,3.478e-02,9.794058e-01,3.549e-02,8.009e-10,yes,NOT COMPUTED (YET),n/a,graded,[axisymmetric critical point; stability NOT COMPUTED (YET)]
CGR,1T,1,1.0,0.7,4.0,4.59429430993,4.49990683791,0.0943874720191,NOT COMPUTED (YET),NOT COMPUTED (YET),n/a,n/a,-1,2.477e-13,3.871e-14,NOT COMPUTED (YET),n/a,1.710e-14,1.471e-13,0.000e+00,1.345e-11,h=0.02:nit=3758;h=0.01:nit=6004,1.397e-01,1.397e-01,9.983904e-01,8.122e-02,7.006e-10,yes,NOT COMPUTED (YET),n/a,graded,[axisymmetric critical point; stability NOT COMPUTED (YET)]
CGR,1T,1,1.0,0.8,0.25,NOT COMPUTED (YET),NOT COMPUTED (YET),NOT COMPUTED (YET),NOT COMPUTED (YET),NOT COMPUTED (YET),NOT COMPUTED (YET),NOT COMPUTED (YET),NOT COMPUTED (YET),NOT COMPUTED (YET),NOT COMPUTED (YET),NOT COMPUTED (YET),NOT COMPUTED (YET),NOT COMPUTED (YET),NOT COMPUTED (YET),NOT COMPUTED (YET),NOT COMPUTED (YET),NOT COMPUTED (YET),NOT COMPUTED (YET),NOT COMPUTED (YET),NOT COMPUTED (YET),NOT COMPUTED (YET),NOT COMPUTED (YET),NOT COMPUTED (YET),NOT COMPUTED (YET),NOT COMPUTED (YET),FAILED,"FAILED: failed upstream (row CGR 1T n=1 eps=1 alpha=0.8 stage NC kappa=0.5): not converged (cap hit) at NC kappa=0.5 alpha=0.8 [node cap MAX_NODES = 100000 reached; status 1, max|phi|^2 = 5.628e-07, iterations 5, nodes 82653]"
CGR,1T,1,1.0,0.8,0.5,NOT COMPUTED (YET),NOT COMPUTED (YET),NOT COMPUTED (YET),NOT COMPUTED (YET),NOT COMPUTED (YET),NOT COMPUTED (YET),NOT COMPUTED (YET),NOT COMPUTED (YET),NOT COMPUTED (YET),NOT COMPUTED (YET),NOT COMPUTED (YET),NOT COMPUTED (YET),NOT COMPUTED (YET),NOT COMPUTED (YET),NOT COMPUTED (YET),NOT COMPUTED (YET),NOT COMPUTED (YET),NOT COMPUTED (YET),NOT COMPUTED (YET),NOT COMPUTED (YET),NOT COMPUTED (YET),NOT COMPUTED (YET),NOT COMPUTED (YET),NOT COMPUTED (YET),NOT COMPUTED (YET),FAILED,"FAILED: failed directly: not converged (cap hit) at NC kappa=0.5 alpha=0.8 [node cap MAX_NODES = 100000 reached; status 1, max|phi|^2 = 5.628e-07, iterations 5, nodes 82653]"
CGR,1T,1,1.0,0.8,1.0,3.14159265359,2.72910556714,0.412487086454,NOT COMPUTED (YET),NOT COMPUTED (YET),n/a,n/a,-1,8.886e-15,8.800e-14,NOT COMPUTED (YET),n/a,8.637e-14,2.870e-14,0.000e+00,5.497e-10,h=0.02:nit=265;h=0.01:nit=261,1.481e-13,5.791e-14,8.268919e-01,5.815e-13,7.596e-10,no,NOT COMPUTED (YET),n/a,graded,[axisymmetric critical point; stability NOT COMPUTED (YET)]
CGR,1T,1,1.0,0.8,2.0,3.80985276136,3.62343216047,0.186420600889,NOT COMPUTED (YET),NOT COMPUTED (YET),n/a,n/a,-1,9.697e-14,7.977e-14,NOT COMPUTED (YET),n/a,8.170e-14,4.406e-14,0.000e+00,5.790e-10,h=0.02:nit=2723;h=0.01:nit=6555,3.011e-02,3.367e-02,9.740042e-01,3.549e-02,8.009e-10,yes,NOT COMPUTED (YET),n/a,graded,[axisymmetric critical point; stability NOT COMPUTED (YET)]
CGR,1T,1,1.0,0.8,4.0,4.52506287581,4.4165654499,0.10849742591,NOT COMPUTED (YET),NOT COMPUTED (YET),n/a,n/a,-1,3.581e-13,3.388e-14,NOT COMPUTED (YET),n/a,1.583e-14,1.904e-13,0.000e+00,5.053e-10,h=0.02:nit=3494;h=0.01:nit=6342,1.481e-01,1.481e-01,9.976885e-01,8.122e-02,7.006e-10,yes,NOT COMPUTED (YET),n/a,graded,[axisymmetric critical point; stability NOT COMPUTED (YET)]
CGR,1T,1,1.0,0.9,0.25,NOT COMPUTED (YET),NOT COMPUTED (YET),NOT COMPUTED (YET),NOT COMPUTED (YET),NOT COMPUTED (YET),NOT COMPUTED (YET),NOT COMPUTED (YET),NOT COMPUTED (YET),NOT COMPUTED (YET),NOT COMPUTED (YET),NOT COMPUTED (YET),NOT COMPUTED (YET),NOT COMPUTED (YET),NOT COMPUTED (YET),NOT COMPUTED (YET),NOT COMPUTED (YET),NOT COMPUTED (YET),NOT COMPUTED (YET),NOT COMPUTED (YET),NOT COMPUTED (YET),NOT COMPUTED (YET),NOT COMPUTED (YET),NOT COMPUTED (YET),NOT COMPUTED (YET),NOT COMPUTED (YET),FAILED,"FAILED: failed upstream (row CGR 1T n=1 eps=1 alpha=0.9 stage NC kappa=0.5): not converged (cap hit) at NC kappa=0.5 alpha=0.9 [node cap MAX_NODES = 100000 reached; status 1, max|phi|^2 = 3.505e-07, iterations 5, nodes 84600]"
CGR,1T,1,1.0,0.9,0.5,NOT COMPUTED (YET),NOT COMPUTED (YET),NOT COMPUTED (YET),NOT COMPUTED (YET),NOT COMPUTED (YET),NOT COMPUTED (YET),NOT COMPUTED (YET),NOT COMPUTED (YET),NOT COMPUTED (YET),NOT COMPUTED (YET),NOT COMPUTED (YET),NOT COMPUTED (YET),NOT COMPUTED (YET),NOT COMPUTED (YET),NOT COMPUTED (YET),NOT COMPUTED (YET),NOT COMPUTED (YET),NOT COMPUTED (YET),NOT COMPUTED (YET),NOT COMPUTED (YET),NOT COMPUTED (YET),NOT COMPUTED (YET),NOT COMPUTED (YET),NOT COMPUTED (YET),NOT COMPUTED (YET),FAILED,"FAILED: failed directly: not converged (cap hit) at NC kappa=0.5 alpha=0.9 [node cap MAX_NODES = 100000 reached; status 1, max|phi|^2 = 3.505e-07, iterations 5, nodes 84600]"
CGR,1T,1,1.0,0.9,1.0,3.14159265359,2.71139259781,0.430200055782,NOT COMPUTED (YET),NOT COMPUTED (YET),n/a,n/a,-1,4.314e-15,7.736e-14,NOT COMPUTED (YET),n/a,7.153e-14,2.771e-14,0.000e+00,2.634e-11,h=0.02:nit=469;h=0.01:nit=293,1.333e-13,6.349e-14,8.081779e-01,5.815e-13,7.596e-10,no,NOT COMPUTED (YET),n/a,graded,[axisymmetric critical point; stability NOT COMPUTED (YET)]
CGR,1T,1,1.0,0.9,2.0,3.78745450937,3.5850476225,0.202406886877,NOT COMPUTED (YET),NOT COMPUTED (YET),n/a,n/a,-1,1.292e-13,7.098e-14,NOT COMPUTED (YET),n/a,7.464e-14,9.580e-14,0.000e+00,2.667e-11,h=0.02:nit=3336;h=0.01:nit=5929,3.175e-02,3.266e-02,9.685823e-01,3.549e-02,8.009e-10,yes,NOT COMPUTED (YET),n/a,graded,[axisymmetric critical point; stability NOT COMPUTED (YET)]
CGR,1T,1,1.0,0.9,4.0,4.46492952879,4.3432617454,0.121667783391,NOT COMPUTED (YET),NOT COMPUTED (YET),n/a,n/a,-1,4.968e-13,3.104e-14,NOT COMPUTED (YET),n/a,1.470e-14,3.133e-13,0.000e+00,2.030e-11,h=0.02:nit=2948;h=0.01:nit=6043,1.557e-01,1.557e-01,9.968910e-01,8.122e-02,7.006e-10,yes,NOT COMPUTED (YET),n/a,graded,[axisymmetric critical point; stability NOT COMPUTED (YET)]
CGR,1T,1,1.0,1,0.25,NOT COMPUTED (YET),NOT COMPUTED (YET),NOT COMPUTED (YET),NOT COMPUTED (YET),NOT COMPUTED (YET),NOT COMPUTED (YET),NOT COMPUTED (YET),NOT COMPUTED (YET),n/a (normal state),n/a (normal state),NOT COMPUTED (YET),NOT COMPUTED (YET),n/a (normal state),n/a (normal state),n/a (normal state),n/a (normal state),n/a (normal state),2.082e-17,2.082e-17,0.000000e+00,n/a (normal state),n/a (normal state),n/a (normal state),n/a (normal state),n/a,n/a (normal state),"[normal state: exact solution, linearly stable for B > κ/2, marginal at B = κ/2; whether a vortex branch coexists (κ < 1, subcritical) is NOT COMPUTED (YET)] [by construction; not a test] [Venus 20:44]; normal-state energy (not a vortex value) = 1.57079632679"
CGR,1T,1,1.0,1,0.5,NOT COMPUTED (YET),NOT COMPUTED (YET),NOT COMPUTED (YET),NOT COMPUTED (YET),NOT COMPUTED (YET),NOT COMPUTED (YET),NOT COMPUTED (YET),NOT COMPUTED (YET),n/a (normal state),n/a (normal state),NOT COMPUTED (YET),NOT COMPUTED (YET),n/a (normal state),n/a (normal state),n/a (normal state),n/a (normal state),n/a (normal state),3.125e-02,3.125e-02,0.000000e+00,n/a (normal state),n/a (normal state),n/a (normal state),n/a (normal state),n/a,n/a (normal state),"[normal state: exact solution, linearly stable for B > κ/2, marginal at B = κ/2; whether a vortex branch coexists (κ < 1, subcritical) is NOT COMPUTED (YET)] [by construction; not a test] [Venus 20:44]; normal-state energy (not a vortex value) = 2.35619449019"
CGR,1T,1,1.0,1,1.0,3.14159265359,2.69542465204,0.446168001544,NOT COMPUTED (YET),NOT COMPUTED (YET),n/a,n/a,-1,2.929e-15,6.866e-14,NOT COMPUTED (YET),n/a,6.418e-14,5.736e-13,0.000e+00,7.596e-10,h=0.02:nit=954;h=0.01:nit=370,1.267e-13,6.553e-14,7.912951e-01,5.815e-13,7.596e-10,no,NOT COMPUTED (YET),n/a,graded,[axisymmetric critical point; stability NOT COMPUTED (YET)]
CGR,1T,1,1.0,1,2.0,3.7678668359,3.55087327039,0.216993565515,NOT COMPUTED (YET),NOT COMPUTED (YET),n/a,n/a,-1,1.687e-13,6.354e-14,NOT COMPUTED (YET),n/a,6.997e-14,1.151e-12,0.000e+00,8.009e-10,h=0.02:nit=2913;h=0.01:nit=5162,3.322e-02,3.322e-02,9.632216e-01,3.549e-02,8.009e-10,yes,NOT COMPUTED (YET),n/a,graded,[axisymmetric critical point; stability NOT COMPUTED (YET)]
CGR,1T,1,1.0,1,4.0,4.41217882453,4.27822903891,0.133949785617,NOT COMPUTED (YET),NOT COMPUTED (YET),n/a,n/a,-1,6.613e-13,5.082e-14,NOT COMPUTED (YET),n/a,1.951e-14,2.066e-12,0.000e+00,7.006e-10,h=0.02:nit=2742;h=0.01:nit=5454,1.624e-01,1.624e-01,9.960149e-01,8.122e-02,7.006e-10,yes,NOT COMPUTED (YET),n/a,graded,[axisymmetric critical point; stability NOT COMPUTED (YET)]
CGR,1T,1,24.0,0.5,0.25,2.16123184218,2.160921656,0.000310186175463,NOT COMPUTED (YET),NOT COMPUTED (YET),n/a,n/a,-1,3.746e-15,1.210e-13,NOT COMPUTED (YET),n/a,6.898e-14,7.110e-14,0.000e+00,1.607e-11,h=0.02:nit=4459;h=0.01:nit=5978,1.387e-02,1.387e-02,9.997099e-01,7.910e-02,7.045e-10,yes,NOT COMPUTED (YET),n/a,graded,[axisymmetric critical point; stability NOT COMPUTED (YET)]
CGR,1T,1,24.0,0.5,0.5,2.60120702078,2.6012014003,5.62048270554e-06,NOT COMPUTED (YET),NOT COMPUTED (YET),n/a,n/a,-1,5.264e-15,1.255e-13,NOT COMPUTED (YET),n/a,6.290e-14,6.385e-14,0.000e+00,1.602e-11,h=0.02:nit=890;h=0.01:nit=1687,1.277e-02,1.277e-02,9.999962e-01,4.164e-02,6.822e-10,yes,NOT COMPUTED (YET),n/a,graded,[axisymmetric critical point; stability NOT COMPUTED (YET)]
CGR,1T,1,24.0,0.5,1.0,3.14159265359,3.14159261886,3.47269146951e-08,8.59131508129,6.62819130666,n/a,n/a,-1,1.599e-14,1.080e-13,-2.11392745829e-19,n/a,2.445e-14,4.368e-14,1.613e-08,1.529e-11,h=0.02:nit=241;h=0.01:nit=32,1.087e-13,4.655e-14,1.000000e+00,9.714e-13,6.157e-10,no,yes,n/a,graded,[axisymmetric critical point; stability NOT COMPUTED (YET)]
CGR,1T,1,24.0,0.5,2.0,3.80664122338,3.80664121405,9.3316473121e-09,8.2880648419,6.5164947309,n/a,n/a,-1,6.202e-14,8.995e-14,-2.05307115971e-07,n/a,1.527e-14,2.823e-14,1.298e-08,1.210e-11,h=0.02:nit=889;h=0.01:nit=1711,4.278e-02,4.278e-02,1.000000e+00,4.523e-02,5.110e-10,yes,yes,n/a,graded,[axisymmetric critical point; stability NOT COMPUTED (YET)]
CGR,1T,1,24.0,0.5,4.0,4.62001445869,4.62001445271,5.98188761947e-09,8.07158799266,6.42941614485,n/a,n/a,-1,1.477e-13,7.494e-14,-2.21988121908e-07,n/a,2.488e-14,8.190e-14,2.711e-08,8.957e-12,h=0.02:nit=917;h=0.01:nit=1862,1.576e-01,1.576e-01,1.000000e+00,9.364e-02,3.834e-10,yes,yes,n/a,graded,[axisymmetric critical point; stability NOT COMPUTED (YET)]
CGR,1T,1,24.0,0.6,0.25,2.20758906017,2.20699132074,0.000597739426539,NOT COMPUTED (YET),NOT COMPUTED (YET),n/a,n/a,-1,1.267e-14,9.700e-14,NOT COMPUTED (YET),n/a,5.909e-14,4.888e-14,0.000e+00,2.467e-11,h=0.02:nit=2675;h=0.01:nit=5930,1.544e-02,1.544e-02,9.993994e-01,7.910e-02,7.045e-10,yes,NOT COMPUTED (YET),n/a,graded,[axisymmetric critical point; stability NOT COMPUTED (YET)]
CGR,1T,1,24.0,0.6,0.5,2.62971936675,2.62970421135,1.51554001976e-05,NOT COMPUTED (YET),NOT COMPUTED (YET),n/a,n/a,-1,8.013e-15,9.926e-14,NOT COMPUTED (YET),n/a,4.834e-14,3.918e-14,0.000e+00,2.538e-11,h=0.02:nit=2134;h=0.01:nit=2726,1.413e-02,1.413e-02,9.999886e-01,4.164e-02,6.822e-10,yes,NOT COMPUTED (YET),n/a,graded,[axisymmetric critical point; stability NOT COMPUTED (YET)]
CGR,1T,1,24.0,0.6,1.0,3.14159265359,3.14159250212,1.51466349644e-07,8.30473453947,6.19598062307,n/a,n/a,-1,2.124e-14,1.009e-13,3.07374266763e-19,n/a,1.060e-14,1.838e-14,1.127e-08,2.085e-11,h=0.02:nit=244;h=0.01:nit=281,1.775e-13,5.734e-14,1.000000e+00,9.714e-13,6.157e-10,no,yes,n/a,graded,[axisymmetric critical point; stability NOT COMPUTED (YET)]
CGR,1T,1,24.0,0.6,2.0,3.76395254613,3.76395250229,4.38364066772e-08,8.03630848781,6.11537362816,n/a,n/a,-1,8.830e-14,7.972e-14,-2.11622814761e-07,n/a,9.047e-15,2.053e-14,9.984e-10,1.736e-11,h=0.02:nit=803;h=0.01:nit=1671,4.660e-02,4.660e-02,1.000000e+00,4.523e-02,5.110e-10,yes,yes,n/a,graded,[axisymmetric critical point; stability NOT COMPUTED (YET)]
CGR,1T,1,24.0,0.6,4.0,4.51587900164,4.51587897188,2.97574200808e-08,7.84714200217,6.05220757741,n/a,n/a,-1,2.359e-13,6.825e-14,-2.35009960944e-07,n/a,9.612e-15,1.550e-13,2.945e-08,1.267e-11,h=0.02:nit=924;h=0.01:nit=1736,1.704e-01,1.704e-01,1.000000e+00,9.364e-02,3.834e-10,yes,yes,n/a,graded,[axisymmetric critical point; stability NOT COMPUTED (YET)]
CGR,1T,1,24.0,0.7,0.25,2.24832638184,2.24733206991,0.000994311933153,NOT COMPUTED (YET),NOT COMPUTED (YET),n/a,n/a,-1,3.659e-14,7.949e-14,NOT COMPUTED (YET),n/a,5.018e-14,4.859e-14,0.000e+00,7.045e-10,h=0.02:nit=2707;h=0.01:nit=5790,1.692e-02,1.692e-02,9.989484e-01,7.910e-02,7.045e-10,yes,NOT COMPUTED (YET),n/a,graded,[axisymmetric critical point; stability NOT COMPUTED (YET)]
CGR,1T,1,24.0,0.7,0.5,2.65461626274,2.65458351049,3.27522514864e-05,NOT COMPUTED (YET),NOT COMPUTED (YET),n/a,n/a,-1,2.849e-14,8.015e-14,NOT COMPUTED (YET),n/a,3.548e-14,3.245e-14,0.000e+00,6.822e-10,h=0.02:nit=1948;h=0.01:nit=4019,1.538e-02,1.538e-02,9.999736e-01,4.164e-02,6.822e-10,yes,NOT COMPUTED (YET),n/a,graded,[axisymmetric critical point; stability NOT COMPUTED (YET)]
CGR,1T,1,24.0,0.7,1.0,3.14159265359,3.14159217862,4.7497068774e-07,8.07955645598,5.83362731249,n/a,n/a,-1,2.619e-14,8.816e-14,1.32850823241e-18,n/a,1.173e-14,1.498e-14,2.001e-08,6.157e-10,h=0.02:nit=283;h=0.01:nit=290,2.116e-13,6.466e-14,9.999999e-01,9.714e-13,6.157e-10,no,yes,n/a,graded,[axisymmetric critical point; stability NOT COMPUTED (YET)]
CGR,1T,1,24.0,0.7,2.0,3.72729571146,3.72729556592,1.45538726291e-07,7.83764098472,5.77634629835,n/a,n/a,-1,1.288e-13,7.232e-14,-1.93220531436e-07,n/a,1.626e-14,6.064e-14,2.229e-08,5.110e-10,h=0.02:nit=807;h=0.01:nit=1539,5.003e-02,5.003e-02,1.000000e+00,4.523e-02,5.110e-10,yes,yes,n/a,graded,[axisymmetric critical point; stability NOT COMPUTED (YET)]
CGR,1T,1,24.0,0.7,4.0,4.42735364293,4.42735353978,1.03153404768e-07,7.6690944542,5.73083752842,n/a,n/a,-1,3.613e-13,6.245e-14,-2.23608240092e-07,n/a,3.817e-15,2.323e-13,7.654e-09,3.834e-10,h=0.02:nit=841;h=0.01:nit=1705,1.816e-01,1.816e-01,1.000000e+00,9.364e-02,3.834e-10,yes,yes,n/a,graded,[axisymmetric critical point; stability NOT COMPUTED (YET)]
CGR,1T,1,24.0,0.8,0.25,2.28460676988,2.2831097746,0.00149699528583,NOT COMPUTED (YET),NOT COMPUTED (YET),n/a,n/a,-1,7.018e-14,6.596e-14,NOT COMPUTED (YET),n/a,4.114e-14,5.812e-14,0.000e+00,3.868e-11,h=0.02:nit=3305;h=0.01:nit=5863,1.831e-02,1.831e-02,9.983553e-01,7.910e-02,7.045e-10,yes,NOT COMPUTED (YET),n/a,graded,[axisymmetric critical point; stability NOT COMPUTED (YET)]
CGR,1T,1,24.0,0.8,0.5,2.67666397874,2.67660305717,6.09215722042e-05,NOT COMPUTED (YET),NOT COMPUTED (YET),n/a,n/a,-1,5.802e-14,6.371e-14,NOT COMPUTED (YET),n/a,2.587e-14,3.633e-14,0.000e+00,4.021e-11,h=0.02:nit=1984;h=0.01:nit=3789,1.654e-02,1.654e-02,9.999482e-01,4.164e-02,6.822e-10,yes,NOT COMPUTED (YET),n/a,graded,[axisymmetric critical point; stability NOT COMPUTED (YET)]
CGR,1T,1,24.0,0.8,1.0,3.14159265359,3.14159146236,1.19123165519e-06,7.89653696582,5.52034408943,n/a,n/a,-1,2.036e-14,7.097e-14,-1.77412262203e-18,n/a,1.371e-14,1.385e-14,8.401e-09,3.706e-11,h=0.02:nit=269;h=0.01:nit=353,2.146e-13,8.425e-14,9.999996e-01,9.714e-13,6.157e-10,no,yes,n/a,graded,[axisymmetric critical point; stability NOT COMPUTED (YET)]
CGR,1T,1,24.0,0.8,2.0,3.69531911801,3.69531873595,3.82057745295e-07,7.67555474751,5.48122221003,n/a,n/a,-1,1.846e-13,6.297e-14,-1.47765927327e-07,n/a,1.894e-14,8.436e-14,3.946e-09,3.041e-11,h=0.02:nit=809;h=0.01:nit=1576,5.312e-02,5.312e-02,1.000000e+00,4.523e-02,5.110e-10,yes,yes,n/a,graded,[axisymmetric critical point; stability NOT COMPUTED (YET)]
CGR,1T,1,24.0,0.8,4.0,4.35082154907,4.35082126901,2.80068677531e-07,7.52316869576,5.44925100078,n/a,n/a,-1,5.312e-13,5.691e-14,-1.85186069279e-07,n/a,2.686e-15,2.944e-13,1.276e-08,2.163e-11,h=0.02:nit=877;h=0.01:nit=1701,1.916e-01,1.916e-01,1.000000e+00,9.364e-02,3.834e-10,yes,yes,n/a,graded,[axisymmetric critical point; stability NOT COMPUTED (YET)]
CGR,1T,1,24.0,0.9,0.25,2.31724918648,2.31515043722,0.00209874926576,NOT COMPUTED (YET),NOT COMPUTED (YET),n/a,n/a,-1,1.153e-13,5.341e-14,NOT COMPUTED (YET),n/a,3.421e-14,5.232e-14,0.000e+00,5.292e-11,h=0.02:nit=2645;h=0.01:nit=3743,1.963e-02,1.963e-02,9.976261e-01,7.910e-02,7.045e-10,yes,NOT COMPUTED (YET),n/a,graded,[axisymmetric critical point; stability NOT COMPUTED (YET)]
CGR,1T,1,24.0,0.9,0.5,2.6964002902,2.6962984918,0.000101798408149,NOT COMPUTED (YET),NOT COMPUTED (YET),n/a,n/a,-1,9.276e-14,5.199e-14,NOT COMPUTED (YET),n/a,9.612e-15,2.289e-14,0.000e+00,5.072e-11,h=0.02:nit=1953;h=0.01:nit=3132,1.764e-02,1.764e-02,9.999099e-01,4.164e-02,6.822e-10,yes,NOT COMPUTED (YET),n/a,graded,[axisymmetric critical point; stability NOT COMPUTED (YET)]
CGR,1T,1,24.0,0.9,1.0,3.14159265359,3.14159010648,2.54711249535e-06,7.74405895115,5.24335623603,n/a,n/a,-1,1.679e-14,6.595e-14,-3.89339449256e-18,n/a,1.131e-14,4.000e-14,2.100e-08,4.672e-11,h=0.02:nit=291;h=0.01:nit=371,2.090e-13,9.760e-14,9.999991e-01,9.714e-13,6.157e-10,no,yes,n/a,graded,[axisymmetric critical point; stability NOT COMPUTED (YET)]
CGR,1T,1,24.0,0.9,2.0,3.66708342912,3.66708258093,8.48193642192e-07,7.54006122956,5.21877121826,n/a,n/a,-1,2.538e-13,5.459e-14,-7.3805014058e-08,n/a,2.021e-14,1.657e-13,2.059e-08,3.801e-11,h=0.02:nit=825;h=0.01:nit=1554,5.594e-02,5.594e-02,1.000000e+00,4.523e-02,5.110e-10,yes,yes,n/a,graded,[axisymmetric critical point; stability NOT COMPUTED (YET)]
CGR,1T,1,24.0,0.9,4.0,4.28378697979,4.28378634101,6.38780146373e-07,7.4006986046,5.19747854203,n/a,n/a,-1,7.448e-13,4.992e-14,-1.18067908978e-07,n/a,2.262e-15,4.503e-13,1.719e-08,2.656e-11,h=0.02:nit=876;h=0.01:nit=1740,2.005e-01,2.005e-01,1.000000e+00,9.364e-02,3.834e-10,yes,yes,n/a,graded,[axisymmetric critical point; stability NOT COMPUTED (YET)]
CGR,1T,1,24.0,1,0.25,2.34685704955,2.34406660115,0.00279044839942,NOT COMPUTED (YET),NOT COMPUTED (YET),n/a,n/a,-1,1.733e-13,5.282e-14,NOT COMPUTED (YET),n/a,3.039e-14,3.987e-13,0.000e+00,6.052e-11,h=0.02:nit=2437;h=0.01:nit=5023,2.089e-02,2.089e-02,9.967710e-01,7.910e-02,7.045e-10,yes,NOT COMPUTED (YET),n/a,graded,[axisymmetric critical point; stability NOT COMPUTED (YET)]
CGR,1T,1,24.0,1,0.5,2.71422001746,2.71406295656,0.000157060901702,NOT COMPUTED (YET),NOT COMPUTED (YET),n/a,n/a,-1,1.303e-13,5.173e-14,NOT COMPUTED (YET),n/a,3.110e-15,6.160e-13,0.000e+00,6.198e-11,h=0.02:nit=2221;h=0.01:nit=4315,1.867e-02,1.867e-02,9.998564e-01,4.164e-02,6.822e-10,yes,NOT COMPUTED (YET),n/a,graded,[axisymmetric critical point; stability NOT COMPUTED (YET)]
CGR,1T,1,24.0,1,1.0,3.14159265359,3.14158781631,4.83728111549e-06,7.61463006211,4.99427217641,n/a,n/a,-1,1.441e-14,6.509e-14,1.12154470809e-18,n/a,8.623e-15,9.717e-13,1.603e-08,5.643e-11,h=0.02:nit=269;h=0.01:nit=373,2.007e-13,1.059e-13,9.999982e-01,9.714e-13,6.157e-10,no,yes,n/a,graded,[axisymmetric critical point; stability NOT COMPUTED (YET)]
CGR,1T,1,24.0,1,2.0,3.64190603373,3.64190437113,1.66259535307e-06,7.4247037912,4.98158337014,n/a,n/a,-1,3.399e-13,4.845e-14,2.94159434421e-08,n/a,2.149e-14,1.537e-12,6.211e-09,4.492e-11,h=0.02:nit=784;h=0.01:nit=1567,5.853e-02,5.853e-02,1.000000e+00,4.523e-02,5.110e-10,yes,yes,n/a,graded,[axisymmetric critical point; stability NOT COMPUTED (YET)]
CGR,1T,1,24.0,1,4.0,4.2244494541,4.22444817406,1.28003442279e-06,7.29606545333,4.9689052364,n/a,n/a,-1,1.012e-12,4.516e-14,-2.13134212722e-08,n/a,1.131e-15,2.519e-12,1.405e-08,2.997e-11,h=0.02:nit=805;h=0.01:nit=1602,2.085e-01,2.085e-01,1.000000e+00,9.364e-02,3.834e-10,yes,yes,n/a,graded,[axisymmetric critical point; stability NOT COMPUTED (YET)]
CGR,1T,1,4.0,0.5,0.25,2.0213073595,1.78733246357,0.23397489592,NOT COMPUTED (YET),NOT COMPUTED (YET),n/a,n/a,-1,2.081e-15,6.662e-14,NOT COMPUTED (YET),n/a,5.372e-15,9.250e-14,0.000e+00,2.540e-10,h=0.02:nit=5088;h=0.01:nit=10172,2.857e-03,1.217e-02,7.792590e-01,4.430e-02,8.507e-10,yes,NOT COMPUTED (YET),n/a,graded,[axisymmetric critical point; stability NOT COMPUTED (YET)]
CGR,1T,1,4.0,0.5,0.5,2.55456958032,2.50224276106,0.0523268192529,NOT COMPUTED (YET),NOT COMPUTED (YET),n/a,n/a,-1,8.499e-16,8.058e-14,NOT COMPUTED (YET),n/a,2.163e-14,7.267e-14,0.000e+00,3.016e-10,h=0.02:nit=4403;h=0.01:nit=9366,7.689e-03,1.050e-02,9.708017e-01,3.514e-02,1.120e-09,yes,NOT COMPUTED (YET),n/a,graded,[axisymmetric critical point; stability NOT COMPUTED (YET)]
CGR,1T,1,4.0,0.5,1.0,3.14159265359,3.13263639105,0.00895626254444,NOT COMPUTED (YET),NOT COMPUTED (YET),n/a,n/a,-1,1.733e-14,9.210e-14,NOT COMPUTED (YET),n/a,1.047e-13,3.421e-14,0.000e+00,2.993e-10,h=0.02:nit=241;h=0.01:nit=108,1.543e-13,5.182e-14,9.979519e-01,8.435e-13,1.110e-09,no,NOT COMPUTED (YET),n/a,graded,[axisymmetric critical point; stability NOT COMPUTED (YET)]
CGR,1T,1,4.0,0.5,2.0,3.83529381255,3.83282210512,0.00247170742636,NOT COMPUTED (YET),NOT COMPUTED (YET),n/a,n/a,-1,5.115e-14,8.210e-14,NOT COMPUTED (YET),n/a,1.527e-14,3.346e-14,0.000e+00,2.704e-10,h=0.02:nit=4025;h=0.01:nit=7267,3.747e-02,3.747e-02,9.999472e-01,4.305e-02,9.809e-10,yes,NOT COMPUTED (YET),n/a,graded,[axisymmetric critical point; stability NOT COMPUTED (YET)]
CGR,1T,1,4.0,0.5,4.0,4.66761005935,4.66618965504,0.00142040430849,NOT COMPUTED (YET),NOT COMPUTED (YET),n/a,n/a,-1,1.294e-13,7.083e-14,NOT COMPUTED (YET),n/a,1.484e-14,7.231e-14,0.000e+00,2.155e-10,h=0.02:nit=2588;h=0.01:nit=5091,1.461e-01,1.461e-01,9.999995e-01,9.048e-02,7.660e-10,yes,NOT COMPUTED (YET),n/a,graded,[axisymmetric critical point; stability NOT COMPUTED (YET)]
CGR,1T,1,4.0,0.6,0.25,2.04860416478,1.77845471843,0.270149446347,NOT COMPUTED (YET),NOT COMPUTED (YET),n/a,n/a,-1,5.056e-15,5.456e-14,NOT COMPUTED (YET),n/a,1.131e-14,6.807e-14,0.000e+00,1.377e-11,h=0.02:nit=4411;h=0.01:nit=10484,3.664e-03,1.210e-02,7.280752e-01,4.430e-02,8.507e-10,yes,NOT COMPUTED (YET),n/a,graded,[axisymmetric critical point; stability NOT COMPUTED (YET)]
CGR,1T,1,4.0,0.6,0.5,2.57875581327,2.5126402134,0.0661155998707,NOT COMPUTED (YET),NOT COMPUTED (YET),n/a,n/a,-1,9.110e-15,6.558e-14,NOT COMPUTED (YET),n/a,1.103e-14,5.803e-14,0.000e+00,1.672e-11,h=0.02:nit=3989;h=0.01:nit=8616,8.465e-03,1.016e-02,9.589110e-01,3.514e-02,1.120e-09,yes,NOT COMPUTED (YET),n/a,graded,[axisymmetric critical point; stability NOT COMPUTED (YET)]
CGR,1T,1,4.0,0.6,1.0,3.14159265359,3.1283566598,0.0132359937856,NOT COMPUTED (YET),NOT COMPUTED (YET),n/a,n/a,-1,1.491e-14,7.279e-14,NOT COMPUTED (YET),n/a,8.114e-14,2.530e-14,0.000e+00,1.716e-11,h=0.02:nit=254;h=0.01:nit=206,1.984e-13,6.087e-14,9.964564e-01,8.435e-13,1.110e-09,no,NOT COMPUTED (YET),n/a,graded,[axisymmetric critical point; stability NOT COMPUTED (YET)]
CGR,1T,1,4.0,0.6,2.0,3.79419924335,3.79016684849,0.00403239485806,NOT COMPUTED (YET),NOT COMPUTED (YET),n/a,n/a,-1,7.509e-14,6.570e-14,NOT COMPUTED (YET),n/a,7.068e-16,2.001e-14,0.000e+00,2.720e-11,h=0.02:nit=2405;h=0.01:nit=5127,4.100e-02,4.100e-02,9.998765e-01,4.305e-02,9.809e-10,yes,NOT COMPUTED (YET),n/a,graded,[axisymmetric critical point; stability NOT COMPUTED (YET)]
CGR,1T,1,4.0,0.6,4.0,4.56560233573,4.56316693757,0.00243539815965,NOT COMPUTED (YET),NOT COMPUTED (YET),n/a,n/a,-1,2.124e-13,5.960e-14,NOT COMPUTED (YET),n/a,2.092e-14,1.554e-13,0.000e+00,1.165e-11,h=0.02:nit=2865;h=0.01:nit=6006,1.585e-01,1.585e-01,9.999983e-01,9.048e-02,7.660e-10,yes,NOT COMPUTED (YET),n/a,graded,[axisymmetric critical point; stability NOT COMPUTED (YET)]
CGR,1T,1,4.0,0.7,0.25,2.07054315907,1.7665897689,0.303953390166,NOT COMPUTED (YET),NOT COMPUTED (YET),n/a,n/a,-1,8.854e-15,4.559e-14,NOT COMPUTED (YET),n/a,1.428e-14,5.105e-14,0.000e+00,4.657e-10,h=0.02:nit=5040;h=0.01:nit=7972,4.466e-03,1.208e-02,6.814816e-01,4.430e-02,8.507e-10,yes,NOT COMPUTED (YET),n/a,graded,[axisymmetric critical point; stability NOT COMPUTED (YET)]
CGR,1T,1,4.0,0.7,0.5,2.59954389515,2.52012549081,0.079418404338,NOT COMPUTED (YET),NOT COMPUTED (YET),n/a,n/a,-1,1.898e-14,5.573e-14,NOT COMPUTED (YET),n/a,4.241e-15,5.655e-14,0.000e+00,5.795e-10,h=0.02:nit=4274;h=0.01:nit=6989,9.156e-03,9.857e-03,9.466673e-01,3.514e-02,1.120e-09,yes,NOT COMPUTED (YET),n/a,graded,[axisymmetric critical point; stability NOT COMPUTED (YET)]
CGR,1T,1,4.0,0.7,1.0,3.14159265359,3.12368372107,0.01790893252,NOT COMPUTED (YET),NOT COMPUTED (YET),n/a,n/a,-1,1.240e-14,7.666e-14,NOT COMPUTED (YET),n/a,6.757e-14,2.007e-14,0.000e+00,5.755e-10,h=0.02:nit=252;h=0.01:nit=334,1.995e-13,6.486e-14,9.946043e-01,8.435e-13,1.110e-09,no,NOT COMPUTED (YET),n/a,graded,[axisymmetric critical point; stability NOT COMPUTED (YET)]
CGR,1T,1,4.0,0.7,2.0,3.75893734043,3.75304117543,0.00589616499331,NOT COMPUTED (YET),NOT COMPUTED (YET),n/a,n/a,-1,1.096e-13,5.488e-14,NOT COMPUTED (YET),n/a,5.513e-15,4.395e-14,0.000e+00,5.121e-10,h=0.02:nit=2914;h=0.01:nit=5666,4.417e-02,4.417e-02,9.997628e-01,4.305e-02,9.809e-10,yes,NOT COMPUTED (YET),n/a,graded,[axisymmetric critical point; stability NOT COMPUTED (YET)]
CGR,1T,1,4.0,0.7,4.0,4.47889401199,4.47519982287,0.00369418911673,NOT COMPUTED (YET),NOT COMPUTED (YET),n/a,n/a,-1,3.252e-13,5.061e-14,NOT COMPUTED (YET),n/a,2.785e-14,2.112e-13,0.000e+00,4.057e-10,h=0.02:nit=2353;h=0.01:nit=5519,1.694e-01,1.694e-01,9.999958e-01,9.048e-02,7.660e-10,yes,NOT COMPUTED (YET),n/a,graded,[axisymmetric critical point; stability NOT COMPUTED (YET)]
CGR,1T,1,4.0,0.8,0.25,2.08835697672,1.75284132142,0.335515655304,NOT COMPUTED (YET),NOT COMPUTED (YET),n/a,n/a,-1,1.367e-14,3.872e-14,NOT COMPUTED (YET),n/a,1.597e-14,4.104e-14,0.000e+00,5.347e-10,h=0.02:nit=4047;h=0.01:nit=8078,5.245e-03,1.211e-02,6.394419e-01,4.430e-02,8.507e-10,yes,NOT COMPUTED (YET),n/a,graded,[axisymmetric critical point; stability NOT COMPUTED (YET)]
CGR,1T,1,4.0,0.8,0.5,2.61763606608,2.5254829354,0.0921531306837,NOT COMPUTED (YET),NOT COMPUTED (YET),n/a,n/a,-1,3.162e-14,4.847e-14,NOT COMPUTED (YET),n/a,2.827e-16,6.040e-14,0.000e+00,6.806e-10,h=0.02:nit=2929;h=0.01:nit=7099,9.773e-03,9.773e-03,9.344338e-01,3.514e-02,1.120e-09,yes,NOT COMPUTED (YET),n/a,graded,[axisymmetric critical point; stability NOT COMPUTED (YET)]
CGR,1T,1,4.0,0.8,1.0,3.14159265359,3.11876698816,0.0228256654309,NOT COMPUTED (YET),NOT COMPUTED (YET),n/a,n/a,-1,1.418e-14,8.017e-14,NOT COMPUTED (YET),n/a,6.432e-14,1.781e-14,0.000e+00,6.775e-10,h=0.02:nit=299;h=0.01:nit=343,1.918e-13,7.677e-14,9.924604e-01,8.435e-13,1.110e-09,no,NOT COMPUTED (YET),n/a,graded,[axisymmetric critical point; stability NOT COMPUTED (YET)]
CGR,1T,1,4.0,0.8,2.0,3.72821159167,3.72020881506,0.00800277661257,NOT COMPUTED (YET),NOT COMPUTED (YET),n/a,n/a,-1,1.551e-13,4.714e-14,NOT COMPUTED (YET),n/a,8.057e-15,6.385e-14,0.000e+00,6.012e-10,h=0.02:nit=2789;h=0.01:nit=5265,4.704e-02,4.704e-02,9.996009e-01,4.305e-02,9.809e-10,yes,NOT COMPUTED (YET),n/a,graded,[axisymmetric critical point; stability NOT COMPUTED (YET)]
CGR,1T,1,4.0,0.8,4.0,4.40395790738,4.39880026568,0.00515764170239,NOT COMPUTED (YET),NOT COMPUTED (YET),n/a,n/a,-1,4.734e-13,4.391e-14,NOT COMPUTED (YET),n/a,3.223e-14,2.668e-13,0.000e+00,4.775e-10,h=0.02:nit=2819;h=0.01:nit=4946,1.791e-01,1.791e-01,9.999911e-01,9.048e-02,7.660e-10,yes,NOT COMPUTED (YET),n/a,graded,[axisymmetric critical point; stability NOT COMPUTED (YET)]
CGR,1T,1,4.0,0.9,0.25,2.10294736117,1.73804687972,0.364900481451,NOT COMPUTED (YET),NOT COMPUTED (YET),n/a,n/a,-1,1.919e-14,3.297e-14,NOT COMPUTED (YET),n/a,1.682e-14,2.450e-14,0.000e+00,3.165e-11,h=0.02:nit=3877;h=0.01:nit=7588,5.986e-03,1.216e-02,6.017163e-01,4.430e-02,8.507e-10,yes,NOT COMPUTED (YET),n/a,graded,[axisymmetric critical point; stability NOT COMPUTED (YET)]
CGR,1T,1,4.0,0.9,0.5,2.63353318064,2.5292388319,0.10429434874,NOT COMPUTED (YET),NOT COMPUTED (YET),n/a,n/a,-1,4.720e-14,4.278e-14,NOT COMPUTED (YET),n/a,3.110e-15,4.469e-14,0.000e+00,3.921e-11,h=0.02:nit=2835;h=0.01:nit=5094,1.033e-02,1.033e-02,9.224371e-01,3.514e-02,1.120e-09,yes,NOT COMPUTED (YET),n/a,graded,[axisymmetric critical point; stability NOT COMPUTED (YET)]
CGR,1T,1,4.0,0.9,1.0,3.14159265359,3.11371605835,0.0278765952396,NOT COMPUTED (YET),NOT COMPUTED (YET),n/a,n/a,-1,1.553e-14,8.138e-14,NOT COMPUTED (YET),n/a,6.305e-14,3.166e-14,0.000e+00,3.884e-11,h=0.02:nit=435;h=0.01:nit=355,1.811e-13,8.411e-14,9.900874e-01,8.435e-13,1.110e-09,no,NOT COMPUTED (YET),n/a,graded,[axisymmetric critical point; stability NOT COMPUTED (YET)]
CGR,1T,1,4.0,0.9,2.0,3.70111917881,3.69082119268,0.0102979861263,NOT COMPUTED (YET),NOT COMPUTED (YET),n/a,n/a,-1,2.127e-13,4.155e-14,NOT COMPUTED (YET),n/a,8.906e-15,1.374e-13,0.000e+00,3.329e-11,h=0.02:nit=2403;h=0.01:nit=4438,4.965e-02,4.965e-02,9.993885e-01,4.305e-02,9.809e-10,yes,NOT COMPUTED (YET),n/a,graded,[axisymmetric critical point; stability NOT COMPUTED (YET)]
CGR,1T,1,4.0,0.9,4.0,4.33835652663,4.33156940246,0.0067871241685,NOT COMPUTED (YET),NOT COMPUTED (YET),n/a,n/a,-1,6.622e-13,3.942e-14,NOT COMPUTED (YET),n/a,3.492e-14,4.129e-13,0.000e+00,2.397e-11,h=0.02:nit=2223;h=0.01:nit=4725,1.878e-01,1.878e-01,9.999836e-01,9.048e-02,7.660e-10,yes,NOT COMPUTED (YET),n/a,graded,[axisymmetric critical point; stability NOT COMPUTED (YET)]
CGR,1T,1,4.0,1,0.25,2.11499229788,1.72283393684,0.392158361043,NOT COMPUTED (YET),NOT COMPUTED (YET),n/a,n/a,-1,2.531e-14,2.841e-14,NOT COMPUTED (YET),n/a,1.739e-14,1.982e-13,0.000e+00,8.507e-10,h=0.02:nit=2995;h=0.01:nit=6780,6.682e-03,1.224e-02,5.679779e-01,4.430e-02,8.507e-10,yes,NOT COMPUTED (YET),n/a,graded,[axisymmetric critical point; stability NOT COMPUTED (YET)]
CGR,1T,1,4.0,1,0.5,2.64760886137,2.53176371083,0.115845150542,NOT COMPUTED (YET),NOT COMPUTED (YET),n/a,n/a,-1,6.636e-14,3.822e-14,NOT COMPUTED (YET),n/a,5.513e-15,4.492e-13,0.000e+00,1.120e-09,h=0.02:nit=3151;h=0.01:nit=5722,1.083e-02,1.083e-02,9.108139e-01,3.514e-02,1.120e-09,yes,NOT COMPUTED (YET),n/a,graded,[axisymmetric critical point; stability NOT COMPUTED (YET)]
CGR,1T,1,4.0,1,1.0,3.14159265359,3.10861036706,0.0329822865313,NOT COMPUTED (YET),NOT COMPUTED (YET),n/a,n/a,-1,1.564e-14,7.661e-14,NOT COMPUTED (YET),n/a,6.064e-14,8.419e-13,0.000e+00,1.110e-09,h=0.02:nit=454;h=0.01:nit=362,1.701e-13,8.867e-14,9.875411e-01,8.435e-13,1.110e-09,no,NOT COMPUTED (YET),n/a,graded,[axisymmetric critical point; stability NOT COMPUTED (YET)]
CGR,1T,1,4.0,1,2.0,3.67700284727,3.66426749019,0.0127353570821,NOT COMPUTED (YET),NOT COMPUTED (YET),n/a,n/a,-1,2.838e-13,3.740e-14,NOT COMPUTED (YET),n/a,9.047e-15,1.399e-12,0.000e+00,9.809e-10,h=0.02:nit=2270;h=0.01:nit=3953,5.205e-02,5.205e-02,9.991257e-01,4.305e-02,9.809e-10,yes,NOT COMPUTED (YET),n/a,graded,[axisymmetric critical point; stability NOT COMPUTED (YET)]
CGR,1T,1,4.0,1,4.0,4.28032915677,4.27178160954,0.00854754723417,NOT COMPUTED (YET),NOT COMPUTED (YET),n/a,n/a,-1,8.960e-13,3.517e-14,NOT COMPUTED (YET),n/a,3.661e-14,2.374e-12,0.000e+00,7.660e-10,h=0.02:nit=2179;h=0.01:nit=4811,1.956e-01,1.956e-01,9.999725e-01,9.048e-02,7.660e-10,yes,NOT COMPUTED (YET),n/a,graded,[axisymmetric critical point; stability NOT COMPUTED (YET)]
CGR,1T,1,99.0,0.5,0.25,2.17957417965,2.17957417551,4.13827539774e-09,15.7838364539,12.7051276721,n/a,n/a,-1,2.276e-16,1.428e-13,2.34222412195e-07,n/a,4.679e-14,7.131e-14,1.568e-08,1.552e-11,h=0.02:nit=1098;h=0.01:nit=2400,1.530e-02,1.530e-02,1.000000e+00,8.104e-02,1.395e-09,yes,yes,n/a,graded,[axisymmetric critical point; stability NOT COMPUTED (YET)]
CGR,1T,1,99.0,0.5,0.5,2.60852093279,2.60852093279,7.75061561383e-13,11.4956861632,10.2708887872,n/a,n/a,-1,1.917e-15,1.276e-13,4.61896106588e-07,n/a,1.343e-14,6.742e-14,1.943e-08,1.599e-11,h=0.02:nit=1141;h=0.01:nit=2217,1.353e-02,1.353e-02,1.000000e+00,4.226e-02,1.312e-09,yes,yes,n/a,graded,[axisymmetric critical point; stability NOT COMPUTED (YET)]
CGR,1T,1,99.0,0.5,1.0,3.14159265359,3.14159265359,7.39041693246e-18,8.46120058515,7.96536411926,n/a,n/a,-1,1.959e-14,1.056e-13,-5.21807955804e-18,n/a,6.644e-14,4.933e-14,2.727e-08,1.588e-11,h=0.02:nit=289;h=0.01:nit=38,1.120e-13,4.879e-14,1.000000e+00,9.906e-13,1.151e-09,no,yes,n/a,graded,[axisymmetric critical point; stability NOT COMPUTED (YET)]
CGR,1T,1,99.0,0.5,2.0,3.80164314748,3.80164314748,2.01798452062e-18,8.1738805526,7.72632524301,n/a,n/a,-1,6.582e-14,9.036e-14,-6.17593124257e-07,n/a,1.254e-13,2.757e-14,2.475e-08,1.251e-11,h=0.02:nit=1108;h=0.01:nit=2188,4.368e-02,4.368e-02,1.000000e+00,4.556e-02,9.263e-10,yes,yes,n/a,graded,[axisymmetric critical point; stability NOT COMPUTED (YET)]
CGR,1T,1,99.0,0.5,4.0,4.61154271875,4.61154271875,1.3031797092e-18,7.96617399459,7.55152991121,n/a,n/a,-1,1.526e-13,7.525e-14,-6.1352123393e-07,n/a,1.493e-13,8.108e-14,1.155e-08,9.280e-12,h=0.02:nit=1217;h=0.01:nit=2473,1.596e-01,1.596e-01,1.000000e+00,9.414e-02,6.662e-10,yes,yes,n/a,graded,[axisymmetric critical point; stability NOT COMPUTED (YET)]
CGR,1T,1,99.0,0.6,0.25,2.22748673427,2.22748671332,2.0956973715e-08,15.3508435582,11.9807303129,n/a,n/a,-1,2.556e-14,1.080e-13,2.54340768454e-07,n/a,3.393e-14,5.602e-14,1.662e-08,4.901e-10,h=0.02:nit=1124;h=0.01:nit=2172,1.703e-02,1.703e-02,1.000000e+00,8.104e-02,1.395e-09,yes,yes,n/a,graded,[axisymmetric critical point; stability NOT COMPUTED (YET)]
CGR,1T,1,99.0,0.6,0.5,2.63754967297,2.63754967296,8.17236222664e-12,11.1300709429,9.80163739233,n/a,n/a,-1,1.677e-14,1.096e-13,5.93694877997e-07,n/a,2.262e-14,5.034e-14,3.224e-08,4.599e-10,h=0.02:nit=995;h=0.01:nit=2136,1.494e-02,1.494e-02,1.000000e+00,4.226e-02,1.312e-09,yes,yes,n/a,graded,[axisymmetric critical point; stability NOT COMPUTED (YET)]
CGR,1T,1,99.0,0.6,1.0,3.14159265359,3.14159265359,2.23094250116e-16,8.15932607081,7.62686863245,n/a,n/a,-1,2.238e-14,9.670e-14,-7.53516745101e-18,n/a,6.107e-14,1.979e-14,2.111e-08,4.071e-10,h=0.02:nit=285;h=0.01:nit=276,1.479e-13,4.846e-14,1.000000e+00,9.906e-13,1.151e-09,no,yes,n/a,graded,[axisymmetric critical point; stability NOT COMPUTED (YET)]
CGR,1T,1,99.0,0.6,2.0,3.75871246734,3.75871246734,6.55291857259e-17,7.90690844333,7.42176406775,n/a,n/a,-1,9.611e-14,8.034e-14,-8.30781905332e-07,n/a,1.070e-13,1.784e-14,8.767e-10,3.356e-10,h=0.02:nit=1078;h=0.01:nit=2035,4.754e-02,4.754e-02,1.000000e+00,4.556e-02,9.263e-10,yes,yes,n/a,graded,[axisymmetric critical point; stability NOT COMPUTED (YET)]
CGR,1T,1,99.0,0.6,4.0,4.50707545942,4.50707545942,4.48131922809e-17,7.72652360344,7.27344763803,n/a,n/a,-1,2.461e-13,6.973e-14,-8.28021143497e-07,n/a,1.357e-13,1.571e-13,1.434e-08,2.531e-10,h=0.02:nit=1203;h=0.01:nit=2258,1.725e-01,1.725e-01,1.000000e+00,9.414e-02,6.662e-10,yes,yes,n/a,graded,[axisymmetric critical point; stability NOT COMPUTED (YET)]
CGR,1T,1,99.0,0.7,0.25,2.26963259024,2.26963251642,7.38221432099e-08,15.0089176827,11.3639674675,n/a,n/a,-1,5.916e-14,8.194e-14,2.51290910932e-07,n/a,2.205e-14,5.244e-14,3.034e-09,7.200e-10,h=0.02:nit=1038;h=0.01:nit=2092,1.865e-02,1.865e-02,9.999999e-01,8.104e-02,1.395e-09,yes,yes,n/a,graded,[axisymmetric critical point; stability NOT COMPUTED (YET)]
CGR,1T,1,99.0,0.7,0.5,2.6629017411,2.66290174105,5.08888252244e-11,10.8389567296,9.41323652049,n/a,n/a,-1,4.075e-14,8.420e-14,7.25333608814e-07,n/a,2.205e-14,3.936e-14,7.193e-10,6.800e-10,h=0.02:nit=1011;h=0.01:nit=2039,1.625e-02,1.625e-02,1.000000e+00,4.226e-02,1.312e-09,yes,yes,n/a,graded,[axisymmetric critical point; stability NOT COMPUTED (YET)]
CGR,1T,1,99.0,0.7,1.0,3.14159265359,3.14159265359,3.14515335771e-15,7.91886460301,7.3521051857,n/a,n/a,-1,2.590e-14,9.174e-14,-7.4382720219e-18,n/a,5.400e-14,1.300e-14,2.304e-08,6.027e-10,h=0.02:nit=307;h=0.01:nit=344,1.996e-13,6.067e-14,1.000000e+00,9.906e-13,1.151e-09,no,yes,n/a,graded,[axisymmetric critical point; stability NOT COMPUTED (YET)]
CGR,1T,1,99.0,0.7,2.0,3.72185229691,3.72185229691,9.76910493285e-16,7.69311078998,7.17281270823,n/a,n/a,-1,1.369e-13,7.300e-14,-1.06351063661e-06,n/a,9.386e-14,5.023e-14,2.119e-08,4.936e-10,h=0.02:nit=1037;h=0.01:nit=1994,5.100e-02,5.100e-02,1.000000e+00,4.556e-02,9.263e-10,yes,yes,n/a,graded,[axisymmetric critical point; stability NOT COMPUTED (YET)]
CGR,1T,1,99.0,0.7,4.0,4.41827788379,4.41827788379,6.97734328279e-16,7.5333987606,7.044420972,n/a,n/a,-1,3.736e-13,6.430e-14,-1.06280333806e-06,n/a,1.252e-13,2.249e-13,1.119e-08,3.665e-10,h=0.02:nit=1072;h=0.01:nit=2190,1.837e-01,1.837e-01,1.000000e+00,9.414e-02,6.662e-10,yes,yes,n/a,graded,[axisymmetric critical point; stability NOT COMPUTED (YET)]
CGR,1T,1,99.0,0.8,0.25,2.30720692939,2.30720672602,2.0336891485e-07,14.7298089295,10.8235211257,n/a,n/a,-1,1.015e-13,6.191e-14,2.22197679292e-07,n/a,1.922e-14,5.601e-14,2.520e-09,4.028e-11,h=0.02:nit=1023;h=0.01:nit=2043,2.019e-02,2.019e-02,9.999998e-01,8.104e-02,1.395e-09,yes,yes,n/a,graded,[axisymmetric critical point; stability NOT COMPUTED (YET)]
CGR,1T,1,99.0,0.8,0.5,2.68535730527,2.68535730505,2.21857803008e-10,10.5990406852,9.08128256799,n/a,n/a,-1,5.994e-14,7.534e-14,8.53128771311e-07,n/a,2.304e-14,3.936e-14,1.306e-08,4.140e-11,h=0.02:nit=964;h=0.01:nit=1926,1.748e-02,1.748e-02,1.000000e+00,4.226e-02,1.312e-09,yes,yes,n/a,graded,[axisymmetric critical point; stability NOT COMPUTED (YET)]
CGR,1T,1,99.0,0.8,1.0,3.14159265359,3.14159265359,2.64878062454e-14,7.72053948356,7.1214094005,n/a,n/a,-1,2.721e-14,8.681e-14,7.03972967097e-19,n/a,4.778e-14,1.088e-14,1.820e-08,3.840e-11,h=0.02:nit=314;h=0.01:nit=318,2.192e-13,8.321e-14,1.000000e+00,9.906e-13,1.151e-09,no,yes,n/a,graded,[axisymmetric critical point; stability NOT COMPUTED (YET)]
CGR,1T,1,99.0,0.8,2.0,3.68970104969,3.68970104969,8.60065760695e-15,7.51592364185,6.96248760375,n/a,n/a,-1,1.920e-13,6.719e-14,-1.31278720624e-06,n/a,8.368e-14,8.919e-14,1.679e-08,3.126e-11,h=0.02:nit=985;h=0.01:nit=1938,5.412e-02,5.412e-02,1.000000e+00,4.556e-02,9.263e-10,yes,yes,n/a,graded,[axisymmetric critical point; stability NOT COMPUTED (YET)]
CGR,1T,1,99.0,0.8,4.0,4.34151670808,4.34151670808,6.35640667432e-15,7.37245454851,6.84966353041,n/a,n/a,-1,5.430e-13,6.010e-14,-1.31484183317e-06,n/a,1.186e-13,3.005e-13,3.645e-08,2.219e-11,h=0.02:nit=1058;h=0.01:nit=2037,1.937e-01,1.937e-01,1.000000e+00,9.414e-02,6.662e-10,yes,yes,n/a,graded,[axisymmetric critical point; stability NOT COMPUTED (YET)]
CGR,1T,1,99.0,0.9,0.25,2.34105118105,2.34105071101,4.70038392145e-07,14.496407214,10.3400329031,n/a,n/a,-1,1.383e-13,5.819e-14,1.65094936966e-07,n/a,4.099e-15,5.748e-14,7.872e-09,1.152e-09,h=0.02:nit=983;h=0.01:nit=1904,2.165e-02,2.165e-02,9.999995e-01,8.104e-02,1.395e-09,yes,yes,n/a,graded,[axisymmetric critical point; stability NOT COMPUTED (YET)]
CGR,1T,1,99.0,0.9,0.5,2.70546367664,2.70546367589,7.49889392608e-10,10.3962178882,8.79086375638,n/a,n/a,-1,8.714e-14,6.819e-14,9.7392346887e-07,n/a,1.230e-14,2.774e-14,1.008e-08,1.085e-09,h=0.02:nit=944;h=0.01:nit=1838,1.862e-02,1.862e-02,1.000000e+00,4.226e-02,1.312e-09,yes,yes,n/a,graded,[axisymmetric critical point; stability NOT COMPUTED (YET)]
CGR,1T,1,99.0,0.9,1.0,3.14159265359,3.14159265359,1.54435728852e-13,7.55269579949,6.9228381432,n/a,n/a,-1,2.314e-14,7.173e-14,-9.65407346494e-18,n/a,4.792e-14,4.227e-14,2.719e-08,9.550e-10,h=0.02:nit=309;h=0.01:nit=380,2.212e-13,1.013e-13,1.000000e+00,9.906e-13,1.151e-09,no,yes,n/a,graded,[axisymmetric critical point; stability NOT COMPUTED (YET)]
CGR,1T,1,99.0,0.9,2.0,3.66131276881,3.66131276881,5.19956390172e-14,7.36530871909,6.78044287841,n/a,n/a,-1,2.629e-13,6.379e-14,-1.57596637134e-06,n/a,6.488e-14,1.739e-13,7.703e-09,7.729e-10,h=0.02:nit=995;h=0.01:nit=1858,5.697e-02,5.697e-02,1.000000e+00,4.556e-02,9.263e-10,yes,yes,n/a,graded,[axisymmetric critical point; stability NOT COMPUTED (YET)]
CGR,1T,1,99.0,0.9,4.0,4.27428551387,4.27428551387,3.95058255455e-14,7.23496834386,6.68013107389,n/a,n/a,-1,7.604e-13,5.756e-14,-1.58145438037e-06,n/a,1.104e-13,4.592e-13,1.270e-08,5.618e-10,h=0.02:nit=1042;h=0.01:nit=2067,2.026e-01,2.026e-01,1.000000e+00,9.414e-02,6.662e-10,yes,yes,n/a,graded,[axisymmetric critical point; stability NOT COMPUTED (YET)]
CGR,1T,1,99.0,1,0.25,2.371785211,2.37178425758,9.53425861436e-07,14.2976443714,9.90071475946,n/a,n/a,-1,1.974e-13,4.853e-14,7.87527885344e-08,n/a,3.817e-15,4.260e-13,2.264e-08,1.395e-09,h=0.02:nit=939;h=0.01:nit=1855,2.304e-02,2.304e-02,9.999989e-01,8.104e-02,1.395e-09,yes,yes,n/a,graded,[axisymmetric critical point; stability NOT COMPUTED (YET)]
CGR,1T,1,99.0,1,0.5,2.72362254471,2.72362254261,2.0977995213e-09,10.2213661301,8.53224306015,n/a,n/a,-1,1.313e-13,5.674e-14,1.08498942066e-06,n/a,1.103e-14,6.434e-13,2.590e-08,1.312e-09,h=0.02:nit=912;h=0.01:nit=1826,1.970e-02,1.970e-02,1.000000e+00,4.226e-02,1.312e-09,yes,yes,n/a,graded,[axisymmetric critical point; stability NOT COMPUTED (YET)]
CGR,1T,1,99.0,1,1.0,3.14159265359,3.14159265359,6.85114023336e-13,7.40780288804,6.74863923851,n/a,n/a,-1,1.865e-14,6.027e-14,2.61601606579e-18,n/a,4.523e-14,9.963e-13,1.858e-08,1.151e-09,h=0.02:nit=320;h=0.01:nit=426,2.155e-13,1.126e-13,1.000000e+00,9.906e-13,1.151e-09,no,yes,n/a,graded,[axisymmetric critical point; stability NOT COMPUTED (YET)]
CGR,1T,1,99.0,1,2.0,3.63600023022,3.63600023022,2.37741061547e-13,7.23476464134,6.61994306912,n/a,n/a,-1,3.501e-13,5.670e-14,-1.85067870894e-06,n/a,4.990e-14,1.566e-12,9.534e-09,9.263e-10,h=0.02:nit=945;h=0.01:nit=1871,5.958e-02,5.958e-02,1.000000e+00,4.556e-02,9.263e-10,yes,yes,n/a,graded,[axisymmetric critical point; stability NOT COMPUTED (YET)]
CGR,1T,1,99.0,1,4.0,4.21477652552,4.21477652552,1.84814983077e-13,7.1152728826,6.52991246482,n/a,n/a,-1,1.034e-12,5.238e-14,-1.86023390573e-06,n/a,1.032e-13,2.549e-12,2.974e-08,6.662e-10,h=0.02:nit=963;h=0.01:nit=1918,2.107e-01,2.107e-01,1.000000e+00,9.414e-02,6.662e-10,yes,yes,n/a,graded,[axisymmetric critical point; stability NOT COMPUTED (YET)]
CGR,1T,2,1.0,0.5,0.25,3.14159265359,1.57079632679,1.57079632679,NOT COMPUTED (YET),NOT COMPUTED (YET),n/a,n/a,-1,1.578e-30,6.938e-18,NOT COMPUTED (YET),n/a,6.389e-14,1.374e-13,0.000e+00,2.754e-13,h=0.02:nit=6501;h=0.01:nit=11839,6.800e-15,6.800e-15,1.218042e-48,NOT COMPUTED (YET),3.980e-12,n/a (set has a normal-state row),NOT COMPUTED (YET),n/a,graded,[axisymmetric critical point; stability NOT COMPUTED (YET)]
CGR,1T,2,1.0,0.5,0.5,4.70424008479,2.829040996,1.87519908879,NOT COMPUTED (YET),NOT COMPUTED (YET),n/a,n/a,-1,1.155e-15,4.319e-15,NOT COMPUTED (YET),n/a,2.502e-14,3.870e-14,0.000e+00,2.495e-11,h=0.02:nit=8781;h=0.01:nit=17947,1.672e-02,2.001e-02,4.301640e-01,NOT COMPUTED (YET),3.501e-09,n/a (set has a normal-state row),NOT COMPUTED (YET),n/a,graded,[axisymmetric critical point; stability NOT COMPUTED (YET)]
CGR,1T,2,1.0,0.5,1.0,6.28318530718,5.76962152111,0.513563786073,NOT COMPUTED (YET),NOT COMPUTED (YET),n/a,n/a,-1,2.221e-15,8.225e-14,NOT COMPUTED (YET),n/a,9.033e-14,5.230e-14,0.000e+00,2.273e-11,h=0.02:nit=240;h=0.01:nit=165,5.522e-14,1.649e-14,9.656691e-01,3.774e-14,1.817e-09,no,NOT COMPUTED (YET),n/a,graded,[axisymmetric critical point; stability NOT COMPUTED (YET)]
CGR,1T,2,1.0,0.5,2.0,8.06103117573,7.93819052361,0.122840652114,NOT COMPUTED (YET),NOT COMPUTED (YET),n/a,n/a,-1,1.290e-14,2.886e-14,NOT COMPUTED (YET),n/a,1.006e-13,5.068e-14,0.000e+00,2.773e-11,h=0.02:nit=4062;h=0.01:nit=7150,1.611e-02,4.183e-02,9.984890e-01,3.304e-02,1.939e-09,yes,NOT COMPUTED (YET),n/a,report-only (n_tip > 1 at kappa > 1),[axisymmetric critical point; stability NOT COMPUTED (YET)]
CGR,1T,2,1.0,0.5,4.0,10.2351829253,10.1916627835,0.0435201418135,NOT COMPUTED (YET),NOT COMPUTED (YET),n/a,n/a,-1,2.763e-14,2.159e-14,NOT COMPUTED (YET),n/a,1.001e-13,4.929e-14,0.000e+00,2.546e-11,h=0.02:nit=3907;h=0.01:nit=7483,8.350e-02,1.433e-01,9.999699e-01,7.275e-02,1.723e-09,yes,NOT COMPUTED (YET),n/a,report-only (n_tip > 1 at kappa > 1),[axisymmetric critical point; stability NOT COMPUTED (YET)]
CGR,1T,2,1.0,0.6,0.25,3.14159265359,1.57079632679,1.57079632679,NOT COMPUTED (YET),NOT COMPUTED (YET),n/a,n/a,-1,0.000e+00,1.387e-17,NOT COMPUTED (YET),n/a,4.637e-14,1.243e-13,0.000e+00,1.140e-12,h=0.02:nit=6729;h=0.01:nit=10083,1.001e-14,1.001e-14,1.246765e-53,NOT COMPUTED (YET),3.980e-12,n/a (set has a normal-state row),NOT COMPUTED (YET),n/a,graded,[axisymmetric critical point; stability NOT COMPUTED (YET)]
CGR,1T,2,1.0,0.6,0.5,4.70977909092,2.70335306448,2.00642602645,NOT COMPUTED (YET),NOT COMPUTED (YET),n/a,n/a,-1,1.392e-15,6.656e-15,NOT COMPUTED (YET),n/a,1.371e-14,2.018e-14,0.000e+00,2.252e-10,h=0.02:nit=10403;h=0.01:nit=15630,2.097e-02,2.267e-02,2.949098e-01,NOT COMPUTED (YET),3.501e-09,n/a (set has a normal-state row),NOT COMPUTED (YET),n/a,graded,[axisymmetric critical point; stability NOT COMPUTED (YET)]
CGR,1T,2,1.0,0.6,1.0,6.28318530718,5.72683644508,0.556348862102,NOT COMPUTED (YET),NOT COMPUTED (YET),n/a,n/a,-1,1.363e-15,7.523e-14,NOT COMPUTED (YET),n/a,7.492e-14,4.608e-14,0.000e+00,6.152e-10,h=0.02:nit=242;h=0.01:nit=162,4.577e-14,1.321e-14,9.518004e-01,3.774e-14,1.817e-09,no,NOT COMPUTED (YET),n/a,graded,[axisymmetric critical point; stability NOT COMPUTED (YET)]
CGR,1T,2,1.0,0.6,2.0,7.9964952843,7.84430928061,0.152186003685,NOT COMPUTED (YET),NOT COMPUTED (YET),n/a,n/a,-1,1.741e-14,6.713e-14,NOT COMPUTED (YET),n/a,6.517e-14,3.232e-14,0.000e+00,6.725e-10,h=0.02:nit=3573;h=0.01:nit=6295,1.791e-02,4.081e-02,9.972842e-01,3.304e-02,1.939e-09,yes,NOT COMPUTED (YET),n/a,report-only (n_tip > 1 at kappa > 1),[axisymmetric critical point; stability NOT COMPUTED (YET)]
CGR,1T,2,1.0,0.6,4.0,10.060405884,10.0006799599,0.0597259241031,NOT COMPUTED (YET),NOT COMPUTED (YET),n/a,n/a,-1,4.854e-14,5.702e-14,NOT COMPUTED (YET),n/a,8.312e-14,3.602e-14,0.000e+00,6.106e-10,h=0.02:nit=3397;h=0.01:nit=6430,9.196e-02,1.382e-01,9.999269e-01,7.275e-02,1.723e-09,yes,NOT COMPUTED (YET),n/a,report-only (n_tip > 1 at kappa > 1),[axisymmetric critical point; stability NOT COMPUTED (YET)]
CGR,1T,2,1.0,0.7,0.25,3.14159265359,1.57079632679,1.57079632679,NOT COMPUTED (YET),NOT COMPUTED (YET),n/a,n/a,-1,6.311e-30,1.388e-17,NOT COMPUTED (YET),n/a,6.856e-14,1.556e-13,0.000e+00,2.106e-13,h=0.02:nit=4861;h=0.01:nit=10577,1.082e-14,1.082e-14,9.866808e-56,NOT COMPUTED (YET),3.980e-12,n/a (set has a normal-state row),NOT COMPUTED (YET),n/a,graded,[axisymmetric critical point; stability NOT COMPUTED (YET)]
CGR,1T,2,1.0,0.7,0.5,4.71194542829,2.56052092909,2.1514244992,NOT COMPUTED (YET),NOT COMPUTED (YET),n/a,n/a,-1,2.902e-13,5.654e-13,NOT COMPUTED (YET),n/a,5.937e-15,8.105e-15,0.000e+00,3.067e-10,h=0.02:nit=15353;h=0.01:nit=21297,2.541e-02,2.597e-02,1.634676e-01,NOT COMPUTED (YET),3.501e-09,n/a (set has a normal-state row),NOT COMPUTED (YET),n/a,graded,[axisymmetric critical point; stability NOT COMPUTED (YET)]
CGR,1T,2,1.0,0.7,1.0,6.28318530718,5.68872128933,0.594464017847,NOT COMPUTED (YET),NOT COMPUTED (YET),n/a,n/a,-1,4.147e-16,7.007e-14,NOT COMPUTED (YET),n/a,6.163e-14,4.212e-14,0.000e+00,8.601e-10,h=0.02:nit=372;h=0.01:nit=192,3.879e-14,1.125e-14,9.375531e-01,3.774e-14,1.817e-09,no,NOT COMPUTED (YET),n/a,graded,[axisymmetric critical point; stability NOT COMPUTED (YET)]
CGR,1T,2,1.0,0.7,2.0,7.9398241742,7.75972351325,0.180100660948,NOT COMPUTED (YET),NOT COMPUTED (YET),n/a,n/a,-1,2.322e-14,6.802e-14,NOT COMPUTED (YET),n/a,4.735e-14,2.360e-14,0.000e+00,9.323e-10,h=0.02:nit=3183;h=0.01:nit=5894,1.957e-02,3.986e-02,9.957433e-01,3.304e-02,1.939e-09,yes,NOT COMPUTED (YET),n/a,report-only (n_tip > 1 at kappa > 1),[axisymmetric critical point; stability NOT COMPUTED (YET)]
CGR,1T,2,1.0,0.7,4.0,9.90759175478,9.83112776474,0.0764639900459,NOT COMPUTED (YET),NOT COMPUTED (YET),n/a,n/a,-1,7.355e-14,6.044e-14,NOT COMPUTED (YET),n/a,6.686e-14,2.994e-14,0.000e+00,8.404e-10,h=0.02:nit=3215;h=0.01:nit=5629,9.966e-02,1.336e-01,9.998555e-01,7.275e-02,1.723e-09,yes,NOT COMPUTED (YET),n/a,report-only (n_tip > 1 at kappa > 1),[axisymmetric critical point; stability NOT COMPUTED (YET)]
CGR,1T,2,1.0,0.8,0.25,3.14159265359,1.57079632679,1.57079632679,NOT COMPUTED (YET),NOT COMPUTED (YET),n/a,n/a,-1,6.311e-30,1.387e-17,NOT COMPUTED (YET),n/a,3.746e-14,1.196e-13,0.000e+00,3.980e-12,h=0.02:nit=4795;h=0.01:nit=8684,1.493e-14,1.493e-14,1.841605e-53,NOT COMPUTED (YET),3.980e-12,n/a (set has a normal-state row),NOT COMPUTED (YET),n/a,graded,[axisymmetric critical point; stability NOT COMPUTED (YET)]
CGR,1T,2,1.0,0.8,0.5,4.71238436365,2.40324319128,2.30914117236,NOT COMPUTED (YET),NOT COMPUTED (YET),n/a,n/a,-1,1.573e-13,3.103e-13,NOT COMPUTED (YET),n/a,2.827e-15,2.695e-14,0.000e+00,3.501e-09,h=0.02:nit=32642;h=0.01:nit=60000,2.995e-02,2.998e-02,3.569050e-02,NOT COMPUTED (YET),3.501e-09,n/a (set has a normal-state row),NOT COMPUTED (YET),n/a,graded,[axisymmetric critical point; stability NOT COMPUTED (YET)]
CGR,1T,2,1.0,0.8,1.0,6.28318530718,5.65431612964,0.628869177543,NOT COMPUTED (YET),NOT COMPUTED (YET),n/a,n/a,-1,7.154e-17,6.463e-14,NOT COMPUTED (YET),n/a,5.174e-14,3.534e-14,0.000e+00,1.004e-09,h=0.02:nit=398;h=0.01:nit=243,3.418e-14,1.060e-14,9.233442e-01,3.774e-14,1.817e-09,no,NOT COMPUTED (YET),n/a,graded,[axisymmetric critical point; stability NOT COMPUTED (YET)]
CGR,1T,2,1.0,0.8,2.0,7.88941789191,7.6828833667,0.206534525208,NOT COMPUTED (YET),NOT COMPUTED (YET),n/a,n/a,-1,2.886e-14,6.219e-14,NOT COMPUTED (YET),n/a,3.845e-14,1.306e-14,0.000e+00,1.072e-09,h=0.02:nit=2851;h=0.01:nit=4318,2.109e-02,3.899e-02,9.939137e-01,3.304e-02,1.939e-09,yes,NOT COMPUTED (YET),n/a,report-only (n_tip > 1 at kappa > 1),[axisymmetric critical point; stability NOT COMPUTED (YET)]
CGR,1T,2,1.0,0.8,4.0,9.77210856435,9.67875383994,0.0933547244096,NOT COMPUTED (YET),NOT COMPUTED (YET),n/a,n/a,-1,1.047e-13,5.944e-14,NOT COMPUTED (YET),n/a,5.188e-14,5.090e-14,0.000e+00,9.650e-10,h=0.02:nit=2523;h=0.01:nit=5866,1.067e-01,1.294e-01,9.997512e-01,7.275e-02,1.723e-09,yes,NOT COMPUTED (YET),n/a,report-only (n_tip > 1 at kappa > 1),[axisymmetric critical point; stability NOT COMPUTED (YET)]
CGR,1T,2,1.0,0.9,0.25,NOT COMPUTED (YET),NOT COMPUTED (YET),NOT COMPUTED (YET),NOT COMPUTED (YET),NOT COMPUTED (YET),NOT COMPUTED (YET),NOT COMPUTED (YET),NOT COMPUTED (YET),NOT COMPUTED (YET),NOT COMPUTED (YET),NOT COMPUTED (YET),NOT COMPUTED (YET),NOT COMPUTED (YET),NOT COMPUTED (YET),NOT COMPUTED (YET),NOT COMPUTED (YET),NOT COMPUTED (YET),NOT COMPUTED (YET),NOT COMPUTED (YET),NOT COMPUTED (YET),NOT COMPUTED (YET),NOT COMPUTED (YET),NOT COMPUTED (YET),NOT COMPUTED (YET),NOT COMPUTED (YET),FAILED,"FAILED: failed upstream (row CGR 1T n=2 eps=1 alpha=0.9 stage NC kappa=0.5): not converged (cap hit) at NC kappa=0.5 alpha=0.9 [node cap MAX_NODES = 100000 reached; status 1, max|phi|^2 = 2.100e-05, iterations 5, nodes 88110]"
CGR,1T,2,1.0,0.9,0.5,NOT COMPUTED (YET),NOT COMPUTED (YET),NOT COMPUTED (YET),NOT COMPUTED (YET),NOT COMPUTED (YET),NOT COMPUTED (YET),NOT COMPUTED (YET),NOT COMPUTED (YET),NOT COMPUTED (YET),NOT COMPUTED (YET),NOT COMPUTED (YET),NOT COMPUTED (YET),NOT COMPUTED (YET),NOT COMPUTED (YET),NOT COMPUTED (YET),NOT COMPUTED (YET),NOT COMPUTED (YET),NOT COMPUTED (YET),NOT COMPUTED (YET),NOT COMPUTED (YET),NOT COMPUTED (YET),NOT COMPUTED (YET),NOT COMPUTED (YET),NOT COMPUTED (YET),NOT COMPUTED (YET),FAILED,"FAILED: failed directly: not converged (cap hit) at NC kappa=0.5 alpha=0.9 [node cap MAX_NODES = 100000 reached; status 1, max|phi|^2 = 2.100e-05, iterations 5, nodes 88110]"
CGR,1T,2,1.0,0.9,1.0,6.28318530718,5.6229478277,0.660237479477,NOT COMPUTED (YET),NOT COMPUTED (YET),n/a,n/a,-1,2.878e-16,6.018e-14,NOT COMPUTED (YET),n/a,4.396e-14,2.997e-14,0.000e+00,1.463e-09,h=0.02:nit=472;h=0.01:nit=202,3.073e-14,1.013e-14,9.094300e-01,3.774e-14,1.817e-09,no,NOT COMPUTED (YET),n/a,graded,[axisymmetric critical point; stability NOT COMPUTED (YET)]
CGR,1T,2,1.0,0.9,2.0,7.84414843381,7.61262603927,0.231522394538,NOT COMPUTED (YET),NOT COMPUTED (YET),n/a,n/a,-1,4.013e-14,6.107e-14,NOT COMPUTED (YET),n/a,4.481e-14,9.058e-15,0.000e+00,1.568e-09,h=0.02:nit=2523;h=0.01:nit=5898,2.251e-02,3.818e-02,9.918459e-01,3.304e-02,1.939e-09,yes,NOT COMPUTED (YET),n/a,report-only (n_tip > 1 at kappa > 1),[axisymmetric critical point; stability NOT COMPUTED (YET)]
CGR,1T,2,1.0,0.9,4.0,9.65071349166,9.54056281231,0.110150679348,NOT COMPUTED (YET),NOT COMPUTED (YET),n/a,n/a,-1,1.419e-13,5.497e-14,NOT COMPUTED (YET),n/a,4.269e-14,7.179e-14,0.000e+00,1.397e-09,h=0.02:nit=3048;h=0.01:nit=4281,1.132e-01,1.255e-01,9.996116e-01,7.275e-02,1.723e-09,yes,NOT COMPUTED (YET),n/a,report-only (n_tip > 1 at kappa > 1),[axisymmetric critical point; stability NOT COMPUTED (YET)]
CGR,1T,2,1.0,1,0.25,NOT COMPUTED (YET),NOT COMPUTED (YET),NOT COMPUTED (YET),NOT COMPUTED (YET),NOT COMPUTED (YET),NOT COMPUTED (YET),NOT COMPUTED (YET),NOT COMPUTED (YET),n/a (normal state),n/a (normal state),NOT COMPUTED (YET),NOT COMPUTED (YET),n/a (normal state),n/a (normal state),n/a (normal state),n/a (normal state),n/a (normal state),0.000e+00,0.000e+00,0.000000e+00,n/a (normal state),n/a (normal state),n/a (normal state),n/a (normal state),n/a,n/a (normal state),"[normal state: exact solution, linearly stable for B > κ/2, marginal at B = κ/2; whether a vortex branch coexists (κ < 1, subcritical) is NOT COMPUTED (YET)] [by construction; not a test] [Venus 20:44]; normal-state energy (not a vortex value) = 3.14159265359"
CGR,1T,2,1.0,1,0.5,NOT COMPUTED (YET),NOT COMPUTED (YET),NOT COMPUTED (YET),NOT COMPUTED (YET),NOT COMPUTED (YET),NOT COMPUTED (YET),NOT COMPUTED (YET),NOT COMPUTED (YET),n/a (normal state),n/a (normal state),NOT COMPUTED (YET),NOT COMPUTED (YET),n/a (normal state),n/a (normal state),n/a (normal state),n/a (normal state),n/a (normal state),3.125e-02,3.125e-02,0.000000e+00,n/a (normal state),n/a (normal state),n/a (normal state),n/a (normal state),n/a,n/a (normal state),"[normal state: exact solution, linearly stable for B > κ/2, marginal at B = κ/2; whether a vortex branch coexists (κ < 1, subcritical) is NOT COMPUTED (YET)] [by construction; not a test] [Venus 20:44]; normal-state energy (not a vortex value) = 4.71238898038"
CGR,1T,2,1.0,1,1.0,6.28318530718,5.59412248905,0.689062818134,NOT COMPUTED (YET),NOT COMPUTED (YET),n/a,n/a,-1,5.072e-16,5.564e-14,NOT COMPUTED (YET),n/a,3.803e-14,2.375e-14,0.000e+00,1.817e-09,h=0.02:nit=564;h=0.01:nit=190,2.778e-14,9.576e-15,8.959617e-01,3.774e-14,1.817e-09,no,NOT COMPUTED (YET),n/a,graded,[axisymmetric critical point; stability NOT COMPUTED (YET)]
CGR,1T,2,1.0,1,2.0,7.80318222981,7.54804563865,0.255136591153,NOT COMPUTED (YET),NOT COMPUTED (YET),n/a,n/a,-1,4.755e-14,5.624e-14,NOT COMPUTED (YET),n/a,3.633e-14,6.716e-15,0.000e+00,1.939e-09,h=0.02:nit=2476;h=0.01:nit=5234,2.382e-02,3.741e-02,9.895876e-01,3.304e-02,1.939e-09,yes,NOT COMPUTED (YET),n/a,report-only (n_tip > 1 at kappa > 1),[axisymmetric critical point; stability NOT COMPUTED (YET)]
CGR,1T,2,1.0,1,4.0,9.54102901925,9.41433748505,0.1266915342,NOT COMPUTED (YET),NOT COMPUTED (YET),n/a,n/a,-1,1.880e-13,5.069e-14,NOT COMPUTED (YET),n/a,3.647e-14,9.197e-14,0.000e+00,1.723e-09,h=0.02:nit=2152;h=0.01:nit=4383,1.193e-01,1.218e-01,9.994359e-01,7.275e-02,1.723e-09,yes,NOT COMPUTED (YET),n/a,report-only (n_tip > 1 at kappa > 1),[axisymmetric critical point; stability NOT COMPUTED (YET)]
CGR,1T,2,24.0,0.5,0.25,4.01213398334,4.01210651716,2.74661880098e-05,NOT COMPUTED (YET),NOT COMPUTED (YET),n/a,n/a,-1,1.460e-14,6.478e-14,NOT COMPUTED (YET),n/a,6.601e-14,4.848e-14,0.000e+00,6.207e-10,h=0.02:nit=1194;h=0.01:nit=1672,9.296e-03,1.150e-02,9.999915e-01,7.179e-02,2.579e-09,yes,NOT COMPUTED (YET),n/a,graded,[axisymmetric critical point; stability NOT COMPUTED (YET)]
CGR,1T,2,24.0,0.5,0.5,5.00877129569,5.00877119432,1.01361190553e-07,13.3769565346,9.72954831792,n/a,n/a,-1,1.216e-14,6.044e-14,1.08789523952e-07,n/a,6.262e-14,5.001e-14,1.153e-09,5.996e-10,h=0.02:nit=446;h=0.01:nit=916,8.738e-03,1.064e-02,1.000000e+00,3.722e-02,2.481e-09,yes,yes,n/a,graded,[axisymmetric critical point; stability NOT COMPUTED (YET)]
CGR,1T,2,24.0,0.5,1.0,6.28318530718,6.28318530712,6.26113668955e-11,9.91266933282,8.36720460143,n/a,n/a,-1,1.042e-14,5.444e-14,1.07512631349e-18,n/a,3.972e-14,5.357e-14,1.687e-08,5.468e-10,h=0.02:nit=209;h=0.01:nit=261,7.866e-14,2.635e-14,1.000000e+00,5.767e-14,2.239e-09,no,yes,n/a,graded,[axisymmetric critical point; stability NOT COMPUTED (YET)]
CGR,1T,2,24.0,0.5,2.0,7.91427446244,7.91427446243,1.17182139058e-11,9.43693097163,8.09730732205,n/a,n/a,-1,1.731e-14,4.329e-14,-4.32223837818e-07,n/a,2.219e-14,5.230e-14,1.821e-08,4.701e-10,h=0.02:nit=529;h=0.01:nit=989,3.055e-02,3.530e-02,1.000000e+00,3.954e-02,1.882e-09,yes,yes,n/a,report-only (n_tip > 1 at kappa > 1),[axisymmetric critical point; stability NOT COMPUTED (YET)]
CGR,1T,2,24.0,0.5,4.0,9.99129974532,9.99129974531,5.6297089809e-12,9.08266024474,7.88438332442,n/a,n/a,-1,4.193e-14,3.617e-14,-4.45749082974e-07,n/a,1.074e-14,5.316e-14,3.458e-08,3.782e-10,h=0.02:nit=546;h=0.01:nit=1131,1.151e-01,1.267e-01,1.000000e+00,8.131e-02,1.454e-09,yes,yes,n/a,report-only (n_tip > 1 at kappa > 1),[axisymmetric critical point; stability NOT COMPUTED (YET)]
CGR,1T,2,24.0,0.6,0.25,4.08695601249,4.08688668809,6.93244035685e-05,NOT COMPUTED (YET),NOT COMPUTED (YET),n/a,n/a,-1,9.455e-15,5.513e-14,NOT COMPUTED (YET),n/a,5.160e-14,4.281e-14,0.000e+00,8.557e-11,h=0.02:nit=2176;h=0.01:nit=3511,1.031e-02,1.125e-02,9.999755e-01,7.179e-02,2.579e-09,yes,NOT COMPUTED (YET),n/a,graded,[axisymmetric critical point; stability NOT COMPUTED (YET)]
CGR,1T,2,24.0,0.6,0.5,5.05584677333,5.05584636282,4.10512367685e-07,12.9254595371,9.01943461847,n/a,n/a,-1,8.598e-16,4.176e-14,6.9257594015e-08,n/a,4.354e-14,4.638e-14,2.266e-08,8.210e-11,h=0.02:nit=421;h=0.01:nit=861,9.649e-03,1.034e-02,9.999999e-01,3.722e-02,2.481e-09,yes,yes,n/a,graded,[axisymmetric critical point; stability NOT COMPUTED (YET)]
CGR,1T,2,24.0,0.6,1.0,6.28318530718,6.28318530668,5.04011328185e-10,9.52562378331,7.88867043603,n/a,n/a,-1,1.253e-14,4.751e-14,-1.89841442694e-18,n/a,2.728e-14,4.297e-14,3.990e-08,7.823e-11,h=0.02:nit=196;h=0.01:nit=253,8.020e-14,2.674e-14,1.000000e+00,5.767e-14,2.239e-09,no,yes,n/a,graded,[axisymmetric critical point; stability NOT COMPUTED (YET)]
CGR,1T,2,24.0,0.6,2.0,7.83955290139,7.83955290128,1.05173267704e-10,9.10207868634,7.66712274935,n/a,n/a,-1,3.140e-14,4.161e-14,-5.35707036208e-07,n/a,1.611e-14,4.339e-14,3.378e-08,6.698e-11,h=0.02:nit=459;h=0.01:nit=979,3.342e-02,3.391e-02,1.000000e+00,3.954e-02,1.882e-09,yes,yes,n/a,report-only (n_tip > 1 at kappa > 1),[axisymmetric critical point; stability NOT COMPUTED (YET)]
CGR,1T,2,24.0,0.6,4.0,9.80241328124,9.80241328118,5.51621806973e-11,8.78983993517,7.49320221066,n/a,n/a,-1,7.105e-14,3.468e-14,-5.57510092928e-07,n/a,6.644e-15,4.168e-14,6.926e-09,5.119e-11,h=0.02:nit=508;h=0.01:nit=1043,1.253e-01,1.253e-01,1.000000e+00,8.131e-02,1.454e-09,yes,yes,n/a,report-only (n_tip > 1 at kappa > 1),[axisymmetric critical point; stability NOT COMPUTED (YET)]
CGR,1T,2,24.0,0.7,0.25,4.15405674526,4.15391422256,0.000142522699734,NOT COMPUTED (YET),NOT COMPUTED (YET),n/a,n/a,-1,7.592e-15,3.649e-14,NOT COMPUTED (YET),n/a,3.774e-14,4.362e-14,0.000e+00,1.096e-10,h=0.02:nit=2049;h=0.01:nit=3904,1.127e-02,1.127e-02,9.999445e-01,7.179e-02,2.579e-09,yes,NOT COMPUTED (YET),n/a,graded,[axisymmetric critical point; stability NOT COMPUTED (YET)]
CGR,1T,2,24.0,0.7,0.5,5.09785591132,5.09785469231,1.21900767325e-06,12.5744705061,8.42247249745,n/a,n/a,-1,6.692e-15,3.567e-14,-1.4262590007e-09,n/a,2.248e-14,4.007e-14,1.083e-08,1.142e-10,h=0.02:nit=423;h=0.01:nit=884,1.050e-02,1.050e-02,9.999997e-01,3.722e-02,2.481e-09,yes,yes,n/a,graded,[axisymmetric critical point; stability NOT COMPUTED (YET)]
CGR,1T,2,24.0,0.7,1.0,6.28318530718,6.28318530463,2.55034834163e-09,9.22160320241,7.49771788868,n/a,n/a,-1,1.288e-14,4.110e-14,1.79273992384e-18,n/a,1.541e-14,3.280e-14,2.993e-08,1.086e-10,h=0.02:nit=174;h=0.01:nit=211,7.100e-14,2.380e-14,1.000000e+00,5.767e-14,2.239e-09,no,yes,n/a,graded,[axisymmetric critical point; stability NOT COMPUTED (YET)]
CGR,1T,2,24.0,0.7,2.0,7.77370586804,7.77370586746,5.78794040228e-10,8.83818117881,7.31311611521,n/a,n/a,-1,3.845e-14,3.012e-14,-6.29917412137e-07,n/a,1.484e-14,2.834e-14,3.914e-08,9.250e-11,h=0.02:nit=458;h=0.01:nit=962,3.603e-02,3.603e-02,1.000000e+00,3.954e-02,1.882e-09,yes,yes,n/a,report-only (n_tip > 1 at kappa > 1),[axisymmetric critical point; stability NOT COMPUTED (YET)]
CGR,1T,2,24.0,0.7,4.0,9.6372380403,9.63723803997,3.24686044065e-10,8.55808213812,7.16872483355,n/a,n/a,-1,1.011e-13,2.513e-14,-6.61392555117e-07,n/a,1.951e-14,2.894e-14,2.837e-08,7.007e-11,h=0.02:nit=472;h=0.01:nit=1042,1.345e-01,1.345e-01,1.000000e+00,8.131e-02,1.454e-09,yes,yes,n/a,report-only (n_tip > 1 at kappa > 1),[axisymmetric critical point; stability NOT COMPUTED (YET)]
CGR,1T,2,24.0,0.8,0.25,4.21499471493,4.21473979206,0.000254922869846,NOT COMPUTED (YET),NOT COMPUTED (YET),n/a,n/a,-1,1.522e-14,3.348e-14,NOT COMPUTED (YET),n/a,2.898e-14,4.067e-14,0.000e+00,1.946e-09,h=0.02:nit=1973;h=0.01:nit=4180,1.217e-02,1.217e-02,9.998929e-01,7.179e-02,2.579e-09,yes,NOT COMPUTED (YET),n/a,graded,[axisymmetric critical point; stability NOT COMPUTED (YET)]
CGR,1T,2,24.0,0.8,0.5,5.13583517812,5.13583224494,2.93317840533e-06,12.292280123,7.90469079898,n/a,n/a,-1,1.284e-14,3.233e-14,-1.04091918803e-07,n/a,1.385e-14,3.597e-14,3.784e-09,1.895e-09,h=0.02:nit=427;h=0.01:nit=798,1.130e-02,1.130e-02,9.999991e-01,3.722e-02,2.481e-09,yes,yes,n/a,graded,[axisymmetric critical point; stability NOT COMPUTED (YET)]
CGR,1T,2,24.0,0.8,1.0,6.28318530718,6.28318529776,9.42310868753e-09,8.97419822541,7.1673033159,n/a,n/a,-1,1.343e-14,3.675e-14,4.43974880944e-20,n/a,9.047e-15,2.474e-14,2.424e-08,1.729e-09,h=0.02:nit=182;h=0.01:nit=243,6.321e-14,2.137e-14,1.000000e+00,5.767e-14,2.239e-09,no,yes,n/a,graded,[axisymmetric critical point; stability NOT COMPUTED (YET)]
CGR,1T,2,24.0,0.8,2.0,7.71485884939,7.7148588471,2.28717619243e-09,8.62277257311,7.01197364106,n/a,n/a,-1,5.433e-14,2.677e-14,-7.10972293463e-07,n/a,1.442e-14,3.569e-15,1.861e-08,1.465e-09,h=0.02:nit=445;h=0.01:nit=911,3.844e-02,3.844e-02,1.000000e+00,3.954e-02,1.882e-09,yes,yes,n/a,report-only (n_tip > 1 at kappa > 1),[axisymmetric critical point; stability NOT COMPUTED (YET)]
CGR,1T,2,24.0,0.8,4.0,9.49066172318,9.49066172182,1.35345674716e-09,8.36817241485,6.89076818967,n/a,n/a,-1,1.453e-13,4.026e-14,-7.5329269484e-07,n/a,1.682e-14,6.701e-14,1.115e-08,1.140e-09,h=0.02:nit=492;h=0.01:nit=955,1.428e-01,1.428e-01,1.000000e+00,8.131e-02,1.454e-09,yes,yes,n/a,report-only (n_tip > 1 at kappa > 1),[axisymmetric critical point; stability NOT COMPUTED (YET)]
CGR,1T,2,24.0,0.9,0.25,4.27086271499,4.27044999819,0.000412716793753,NOT COMPUTED (YET),NOT COMPUTED (YET),n/a,n/a,-1,2.686e-14,3.098e-14,NOT COMPUTED (YET),n/a,1.866e-14,4.076e-14,0.000e+00,2.096e-09,h=0.02:nit=2020;h=0.01:nit=3773,1.304e-02,1.304e-02,9.998160e-01,7.179e-02,2.579e-09,yes,NOT COMPUTED (YET),n/a,graded,[axisymmetric critical point; stability NOT COMPUTED (YET)]
CGR,1T,2,24.0,0.9,0.5,5.17051036765,5.17050429511,6.07254127775e-06,NOT COMPUTED (YET),NOT COMPUTED (YET),n/a,n/a,-1,1.996e-14,3.004e-14,NOT COMPUTED (YET),n/a,7.916e-15,3.075e-14,0.000e+00,2.016e-09,h=0.02:nit=473;h=0.01:nit=875,1.205e-02,1.205e-02,9.999981e-01,3.722e-02,2.481e-09,yes,yes,n/a,graded,[axisymmetric critical point; stability NOT COMPUTED (YET)]
CGR,1T,2,24.0,0.9,1.0,6.28318530718,6.28318527937,2.78117344072e-08,8.76751150701,6.88101128449,n/a,n/a,-1,1.417e-14,3.384e-14,5.39365263582e-18,n/a,5.372e-15,1.767e-14,2.360e-08,1.821e-09,h=0.02:nit=184;h=0.01:nit=244,5.655e-14,1.928e-14,1.000000e+00,5.767e-14,2.239e-09,no,yes,n/a,graded,[axisymmetric critical point; stability NOT COMPUTED (YET)]
CGR,1T,2,24.0,0.9,2.0,7.66170331786,7.66170331073,7.13412490155e-09,8.44230912603,6.74950875322,n/a,n/a,-1,7.190e-14,4.901e-14,-7.75642118253e-07,n/a,1.357e-14,1.658e-14,2.973e-09,1.537e-09,h=0.02:nit=448;h=0.01:nit=851,4.068e-02,4.068e-02,1.000000e+00,3.954e-02,1.882e-09,yes,yes,n/a,report-only (n_tip > 1 at kappa > 1),[axisymmetric critical point; stability NOT COMPUTED (YET)]
CGR,1T,2,24.0,0.9,4.0,9.3591241357,9.35912413129,4.40990631763e-09,8.20850491614,6.64701149719,n/a,n/a,-1,2.003e-13,4.839e-14,-8.29775662232e-07,n/a,1.442e-14,1.027e-13,2.968e-08,1.195e-09,h=0.02:nit=479;h=0.01:nit=908,1.505e-01,1.505e-01,1.000000e+00,8.131e-02,1.454e-09,yes,yes,n/a,report-only (n_tip > 1 at kappa > 1),[axisymmetric critical point; stability NOT COMPUTED (YET)]
CGR,1T,2,24.0,1,0.25,4.32246368435,4.321843312,0.000620372350927,NOT COMPUTED (YET),NOT COMPUTED (YET),n/a,n/a,-1,4.418e-14,5.088e-14,NOT COMPUTED (YET),n/a,8.057e-15,4.274e-14,0.000e+00,2.579e-09,h=0.02:nit=1624;h=0.01:nit=3781,1.387e-02,1.387e-02,9.997099e-01,7.179e-02,2.579e-09,yes,NOT COMPUTED (YET),n/a,graded,[axisymmetric critical point; stability NOT COMPUTED (YET)]
CGR,1T,2,24.0,1,0.5,5.20241404156,5.2024028006,1.12409654112e-05,NOT COMPUTED (YET),NOT COMPUTED (YET),n/a,n/a,-1,3.033e-14,5.347e-14,NOT COMPUTED (YET),n/a,8.481e-16,3.397e-14,0.000e+00,2.481e-09,h=0.02:nit=631;h=0.01:nit=890,1.277e-02,1.277e-02,9.999962e-01,3.722e-02,2.481e-09,yes,yes,n/a,graded,[axisymmetric critical point; stability NOT COMPUTED (YET)]
CGR,1T,2,24.0,1,1.0,6.28318530718,6.28318523773,6.94538294198e-08,8.59131508128,6.62819130665,n/a,n/a,-1,1.310e-14,6.273e-14,1.2309822431e-18,n/a,8.481e-16,1.117e-14,1.613e-08,2.239e-09,h=0.02:nit=161;h=0.01:nit=229,5.110e-14,1.725e-14,1.000000e+00,5.767e-14,2.239e-09,no,yes,n/a,graded,[axisymmetric critical point; stability NOT COMPUTED (YET)]
CGR,1T,2,24.0,1,2.0,7.61328244676,7.6132824281,1.86632946188e-08,8.28806484189,6.5164947309,n/a,n/a,-1,9.630e-14,5.795e-14,-8.21228464227e-07,n/a,1.131e-14,3.243e-14,1.298e-08,1.882e-09,h=0.02:nit=434;h=0.01:nit=862,4.278e-02,4.278e-02,1.000000e+00,3.954e-02,1.882e-09,yes,yes,n/a,report-only (n_tip > 1 at kappa > 1),[axisymmetric critical point; stability NOT COMPUTED (YET)]
CGR,1T,2,24.0,1,4.0,9.24002891738,9.24002890542,1.19637752348e-08,8.07158799266,6.42941614484,n/a,n/a,-1,2.743e-13,5.231e-14,-8.87952487706e-07,n/a,1.004e-14,1.334e-13,2.711e-08,1.454e-09,h=0.02:nit=487;h=0.01:nit=948,1.576e-01,1.576e-01,1.000000e+00,8.131e-02,1.454e-09,yes,yes,n/a,report-only (n_tip > 1 at kappa > 1),[axisymmetric critical point; stability NOT COMPUTED (YET)]
CGR,1T,2,4.0,0.5,0.25,3.83089163757,3.5703193713,0.260572266274,NOT COMPUTED (YET),NOT COMPUTED (YET),n/a,n/a,-1,4.820e-15,9.446e-14,NOT COMPUTED (YET),n/a,6.446e-14,4.475e-14,0.000e+00,4.318e-10,h=0.02:nit=5727;h=0.01:nit=11882,2.076e-03,1.262e-02,9.212591e-01,5.237e-02,1.669e-09,yes,NOT COMPUTED (YET),n/a,graded,[axisymmetric critical point; stability NOT COMPUTED (YET)]
CGR,1T,2,4.0,0.5,0.5,4.94102920783,4.9056189287,0.0354102791349,NOT COMPUTED (YET),NOT COMPUTED (YET),n/a,n/a,-1,8.387e-15,4.435e-14,NOT COMPUTED (YET),n/a,7.647e-14,5.159e-14,0.000e+00,5.031e-10,h=0.02:nit=4165;h=0.01:nit=6567,5.243e-03,1.152e-02,9.945702e-01,3.290e-02,2.001e-09,yes,NOT COMPUTED (YET),n/a,graded,[axisymmetric critical point; stability NOT COMPUTED (YET)]
CGR,1T,2,4.0,0.5,1.0,6.28318530718,6.28040586142,0.00277944576097,NOT COMPUTED (YET),NOT COMPUTED (YET),n/a,n/a,-1,1.045e-14,4.270e-14,NOT COMPUTED (YET),n/a,8.821e-14,5.273e-14,0.000e+00,5.058e-10,h=0.02:nit=181;h=0.01:nit=139,8.386e-14,2.760e-14,9.998593e-01,5.428e-14,2.012e-09,no,NOT COMPUTED (YET),n/a,graded,[axisymmetric critical point; stability NOT COMPUTED (YET)]
CGR,1T,2,4.0,0.5,2.0,7.96032326787,7.95983549276,0.000487775105499,NOT COMPUTED (YET),NOT COMPUTED (YET),n/a,n/a,-1,1.968e-14,3.874e-14,NOT COMPUTED (YET),n/a,9.174e-14,5.322e-14,0.000e+00,4.605e-10,h=0.02:nit=2188;h=0.01:nit=3938,2.630e-02,3.716e-02,9.999992e-01,3.777e-02,1.810e-09,yes,NOT COMPUTED (YET),n/a,report-only (n_tip > 1 at kappa > 1),[axisymmetric critical point; stability NOT COMPUTED (YET)]
CGR,1T,2,4.0,0.5,4.0,10.0705248408,10.0703099887,0.000214852055677,NOT COMPUTED (YET),NOT COMPUTED (YET),n/a,n/a,-1,4.067e-14,3.334e-14,NOT COMPUTED (YET),n/a,8.072e-14,5.256e-14,0.000e+00,3.856e-10,h=0.02:nit=2224;h=0.01:nit=4154,1.053e-01,1.318e-01,1.000000e+00,7.877e-02,1.463e-09,yes,NOT COMPUTED (YET),n/a,report-only (n_tip > 1 at kappa > 1),[axisymmetric critical point; stability NOT COMPUTED (YET)]
CGR,1T,2,4.0,0.6,0.25,3.88525925225,3.57928180613,0.305977446119,NOT COMPUTED (YET),NOT COMPUTED (YET),n/a,n/a,-1,2.293e-15,1.126e-13,NOT COMPUTED (YET),n/a,4.834e-14,3.989e-14,0.000e+00,4.513e-11,h=0.02:nit=5097;h=0.01:nit=9912,2.100e-03,1.250e-02,8.925211e-01,5.237e-02,1.669e-09,yes,NOT COMPUTED (YET),n/a,graded,[axisymmetric critical point; stability NOT COMPUTED (YET)]
CGR,1T,2,4.0,0.6,0.5,4.9822726491,4.93361295364,0.0486596954657,NOT COMPUTED (YET),NOT COMPUTED (YET),n/a,n/a,-1,6.973e-15,3.937e-14,NOT COMPUTED (YET),n/a,6.333e-14,3.851e-14,0.000e+00,5.944e-11,h=0.02:nit=3518;h=0.01:nit=7992,5.806e-03,1.129e-02,9.909776e-01,3.290e-02,2.001e-09,yes,NOT COMPUTED (YET),n/a,graded,[axisymmetric critical point; stability NOT COMPUTED (YET)]
CGR,1T,2,4.0,0.6,1.0,6.28318530718,6.27834797941,0.00483732777344,NOT COMPUTED (YET),NOT COMPUTED (YET),n/a,n/a,-1,1.176e-14,3.701e-14,NOT COMPUTED (YET),n/a,7.464e-14,4.311e-14,0.000e+00,6.150e-11,h=0.02:nit=191;h=0.01:nit=117,7.126e-14,2.423e-14,9.996850e-01,5.428e-14,2.012e-09,no,NOT COMPUTED (YET),n/a,graded,[axisymmetric critical point; stability NOT COMPUTED (YET)]
CGR,1T,2,4.0,0.6,2.0,7.88843998526,7.88747152068,0.000968464572741,NOT COMPUTED (YET),NOT COMPUTED (YET),n/a,n/a,-1,2.730e-14,3.313e-14,NOT COMPUTED (YET),n/a,7.605e-14,3.997e-14,0.000e+00,6.080e-11,h=0.02:nit=2160;h=0.01:nit=5123,2.890e-02,3.585e-02,9.999971e-01,3.777e-02,1.810e-09,yes,NOT COMPUTED (YET),n/a,report-only (n_tip > 1 at kappa > 1),[axisymmetric critical point; stability NOT COMPUTED (YET)]
CGR,1T,2,4.0,0.6,4.0,9.88580619389,9.88534252683,0.00046366706118,NOT COMPUTED (YET),NOT COMPUTED (YET),n/a,n/a,-1,6.336e-14,2.825e-14,NOT COMPUTED (YET),n/a,6.601e-14,3.809e-14,0.000e+00,4.617e-11,h=0.02:nit=2250;h=0.01:nit=4274,1.150e-01,1.262e-01,1.000000e+00,7.877e-02,1.463e-09,yes,NOT COMPUTED (YET),n/a,report-only (n_tip > 1 at kappa > 1),[axisymmetric critical point; stability NOT COMPUTED (YET)]
CGR,1T,2,4.0,0.7,0.25,3.93244003133,3.58336069062,0.349079340718,NOT COMPUTED (YET),NOT COMPUTED (YET),n/a,n/a,-1,6.265e-16,1.048e-13,NOT COMPUTED (YET),n/a,4.085e-14,3.298e-14,0.000e+00,6.365e-11,h=0.02:nit=4059;h=0.01:nit=8282,2.058e-03,1.239e-02,8.634147e-01,5.237e-02,1.669e-09,yes,NOT COMPUTED (YET),n/a,graded,[axisymmetric critical point; stability NOT COMPUTED (YET)]
CGR,1T,2,4.0,0.7,0.5,5.0189150268,4.95646241521,0.0624526115896,NOT COMPUTED (YET),NOT COMPUTED (YET),n/a,n/a,-1,4.819e-15,7.383e-14,NOT COMPUTED (YET),n/a,2.219e-14,5.097e-14,0.000e+00,8.740e-11,h=0.02:nit=3388;h=0.01:nit=5833,6.326e-03,1.107e-02,9.866614e-01,3.290e-02,2.001e-09,yes,NOT COMPUTED (YET),n/a,graded,[axisymmetric critical point; stability NOT COMPUTED (YET)]
CGR,1T,2,4.0,0.7,1.0,6.28318530718,6.27574142111,0.00744388607411,NOT COMPUTED (YET),NOT COMPUTED (YET),n/a,n/a,-1,1.123e-14,5.436e-14,NOT COMPUTED (YET),n/a,6.036e-14,3.067e-14,0.000e+00,8.607e-11,h=0.02:nit=183;h=0.01:nit=230,6.076e-14,2.078e-14,9.994135e-01,5.428e-14,2.012e-09,no,NOT COMPUTED (YET),n/a,graded,[axisymmetric critical point; stability NOT COMPUTED (YET)]
CGR,1T,2,4.0,0.7,2.0,7.82505992369,7.82340620662,0.00165371706998,NOT COMPUTED (YET),NOT COMPUTED (YET),n/a,n/a,-1,3.631e-14,4.595e-14,NOT COMPUTED (YET),n/a,6.234e-14,2.917e-14,0.000e+00,8.216e-11,h=0.02:nit=1821;h=0.01:nit=3637,3.128e-02,3.465e-02,9.999923e-01,3.777e-02,1.810e-09,yes,NOT COMPUTED (YET),n/a,report-only (n_tip > 1 at kappa > 1),[axisymmetric critical point; stability NOT COMPUTED (YET)]
CGR,1T,2,4.0,0.7,4.0,9.72417526024,9.72333242261,0.000842837630067,NOT COMPUTED (YET),NOT COMPUTED (YET),n/a,n/a,-1,9.219e-14,4.677e-14,NOT COMPUTED (YET),n/a,5.301e-14,4.804e-14,0.000e+00,6.433e-11,h=0.02:nit=2111;h=0.01:nit=4013,1.238e-01,1.238e-01,1.000000e+00,7.877e-02,1.463e-09,yes,NOT COMPUTED (YET),n/a,report-only (n_tip > 1 at kappa > 1),[axisymmetric critical point; stability NOT COMPUTED (YET)]
CGR,1T,2,4.0,0.8,0.25,3.97378046367,3.58350597601,0.390274487666,NOT COMPUTED (YET),NOT COMPUTED (YET),n/a,n/a,-1,1.542e-15,9.432e-14,NOT COMPUTED (YET),n/a,1.343e-14,5.029e-14,0.000e+00,9.128e-11,h=0.02:nit=3168;h=0.01:nit=6325,2.073e-03,1.230e-02,8.345984e-01,5.237e-02,1.669e-09,yes,NOT COMPUTED (YET),n/a,graded,[axisymmetric critical point; stability NOT COMPUTED (YET)]
CGR,1T,2,4.0,0.8,0.5,5.05187268066,4.97537293928,0.0764997413825,NOT COMPUTED (YET),NOT COMPUTED (YET),n/a,n/a,-1,8.143e-15,7.662e-14,NOT COMPUTED (YET),n/a,1.908e-14,4.255e-14,0.000e+00,1.093e-10,h=0.02:nit=2903;h=0.01:nit=5925,6.811e-03,1.087e-02,9.817728e-01,3.290e-02,2.001e-09,yes,NOT COMPUTED (YET),n/a,graded,[axisymmetric critical point; stability NOT COMPUTED (YET)]
CGR,1T,2,4.0,0.8,1.0,6.28318530718,6.27264887228,0.0105364348968,NOT COMPUTED (YET),NOT COMPUTED (YET),n/a,n/a,-1,1.190e-14,7.133e-14,NOT COMPUTED (YET),n/a,4.622e-14,2.474e-14,0.000e+00,1.150e-10,h=0.02:nit=187;h=0.01:nit=247,5.314e-14,1.840e-14,9.990354e-01,5.428e-14,2.012e-09,no,NOT COMPUTED (YET),n/a,graded,[axisymmetric critical point; stability NOT COMPUTED (YET)]
CGR,1T,2,4.0,0.8,2.0,7.76840004195,7.76585165824,0.00254838371102,NOT COMPUTED (YET),NOT COMPUTED (YET),n/a,n/a,-1,4.879e-14,6.008e-14,NOT COMPUTED (YET),n/a,5.117e-14,1.841e-14,0.000e+00,1.068e-10,h=0.02:nit=1847;h=0.01:nit=4383,3.349e-02,3.354e-02,9.999835e-01,3.777e-02,1.810e-09,yes,NOT COMPUTED (YET),n/a,report-only (n_tip > 1 at kappa > 1),[axisymmetric critical point; stability NOT COMPUTED (YET)]
CGR,1T,2,4.0,0.8,4.0,9.58068061752,9.57931690367,0.00136371384748,NOT COMPUTED (YET),NOT COMPUTED (YET),n/a,n/a,-1,1.316e-13,4.863e-14,NOT COMPUTED (YET),n/a,6.927e-15,5.803e-14,0.000e+00,8.409e-11,h=0.02:nit=2199;h=0.01:nit=3534,1.318e-01,1.318e-01,9.999999e-01,7.877e-02,1.463e-09,yes,NOT COMPUTED (YET),n/a,report-only (n_tip > 1 at kappa > 1),[axisymmetric critical point; stability NOT COMPUTED (YET)]
CGR,1T,2,4.0,0.9,0.25,4.01025735553,3.58042152877,0.429835826759,NOT COMPUTED (YET),NOT COMPUTED (YET),n/a,n/a,-1,9.506e-16,8.284e-14,NOT COMPUTED (YET),n/a,1.216e-14,4.075e-14,0.000e+00,1.669e-09,h=0.02:nit=3824;h=0.01:nit=4572,2.460e-03,1.223e-02,8.064683e-01,5.237e-02,1.669e-09,yes,NOT COMPUTED (YET),n/a,graded,[axisymmetric critical point; stability NOT COMPUTED (YET)]
CGR,1T,2,4.0,0.9,0.5,5.08178930123,4.99117989022,0.0906094110105,NOT COMPUTED (YET),NOT COMPUTED (YET),n/a,n/a,-1,1.077e-14,7.386e-14,NOT COMPUTED (YET),n/a,1.809e-14,3.618e-14,0.000e+00,2.001e-09,h=0.02:nit=2715;h=0.01:nit=5816,7.264e-03,1.068e-02,9.764477e-01,3.290e-02,2.001e-09,yes,NOT COMPUTED (YET),n/a,graded,[axisymmetric critical point; stability NOT COMPUTED (YET)]
CGR,1T,2,4.0,0.9,1.0,6.28318530718,6.26913766834,0.0140476388383,NOT COMPUTED (YET),NOT COMPUTED (YET),n/a,n/a,-1,1.188e-14,6.918e-14,NOT COMPUTED (YET),n/a,4.015e-14,1.993e-14,0.000e+00,2.012e-09,h=0.02:nit=185;h=0.01:nit=241,4.757e-14,1.679e-14,9.985477e-01,5.428e-14,2.012e-09,no,NOT COMPUTED (YET),n/a,graded,[axisymmetric critical point; stability NOT COMPUTED (YET)]
CGR,1T,2,4.0,0.9,2.0,7.71721361463,7.7135653532,0.00364826142677,NOT COMPUTED (YET),NOT COMPUTED (YET),n/a,n/a,-1,6.689e-14,6.161e-14,NOT COMPUTED (YET),n/a,4.948e-15,6.330e-15,0.000e+00,1.810e-09,h=0.02:nit=2188;h=0.01:nit=4042,3.554e-02,3.554e-02,9.999689e-01,3.777e-02,1.810e-09,yes,NOT COMPUTED (YET),n/a,report-only (n_tip > 1 at kappa > 1),[axisymmetric critical point; stability NOT COMPUTED (YET)]
CGR,1T,2,4.0,0.9,4.0,9.45186933779,9.44983912305,0.0020302147463,NOT COMPUTED (YET),NOT COMPUTED (YET),n/a,n/a,-1,1.882e-13,5.554e-14,NOT COMPUTED (YET),n/a,9.047e-15,8.946e-14,0.000e+00,1.463e-09,h=0.02:nit=1715;h=0.01:nit=4011,1.392e-01,1.392e-01,9.999998e-01,7.877e-02,1.463e-09,yes,NOT COMPUTED (YET),n/a,report-only (n_tip > 1 at kappa > 1),[axisymmetric critical point; stability NOT COMPUTED (YET)]
CGR,1T,2,4.0,1,0.25,4.04261471899,3.57466492715,0.467949791841,NOT COMPUTED (YET),NOT COMPUTED (YET),n/a,n/a,-1,3.922e-15,7.284e-14,NOT COMPUTED (YET),n/a,1.131e-14,3.252e-14,0.000e+00,1.423e-10,h=0.02:nit=2660;h=0.01:nit=5198,2.857e-03,1.217e-02,7.792590e-01,5.237e-02,1.669e-09,yes,NOT COMPUTED (YET),n/a,graded,[axisymmetric critical point; stability NOT COMPUTED (YET)]
CGR,1T,2,4.0,1,0.5,5.10913916064,5.00448552213,0.104653638506,NOT COMPUTED (YET),NOT COMPUTED (YET),n/a,n/a,-1,1.532e-14,6.904e-14,NOT COMPUTED (YET),n/a,1.739e-14,3.286e-14,0.000e+00,1.797e-10,h=0.02:nit=2390;h=0.01:nit=4832,7.689e-03,1.050e-02,9.708017e-01,3.290e-02,2.001e-09,yes,NOT COMPUTED (YET),n/a,graded,[axisymmetric critical point; stability NOT COMPUTED (YET)]
CGR,1T,2,4.0,1,1.0,6.28318530718,6.26527278209,0.0179125250889,NOT COMPUTED (YET),NOT COMPUTED (YET),n/a,n/a,-1,1.020e-14,6.509e-14,NOT COMPUTED (YET),n/a,3.251e-14,1.583e-14,0.000e+00,1.855e-10,h=0.02:nit=192;h=0.01:nit=215,4.267e-14,1.506e-14,9.979519e-01,5.428e-14,2.012e-09,no,NOT COMPUTED (YET),n/a,graded,[axisymmetric critical point; stability NOT COMPUTED (YET)]
CGR,1T,2,4.0,1,2.0,7.67058762509,7.66564421024,0.00494341485272,NOT COMPUTED (YET),NOT COMPUTED (YET),n/a,n/a,-1,8.608e-14,6.058e-14,NOT COMPUTED (YET),n/a,5.796e-15,2.015e-14,0.000e+00,1.671e-10,h=0.02:nit=1615;h=0.01:nit=3058,3.747e-02,3.747e-02,9.999472e-01,3.777e-02,1.810e-09,yes,NOT COMPUTED (YET),n/a,report-only (n_tip > 1 at kappa > 1),[axisymmetric critical point; stability NOT COMPUTED (YET)]
CGR,1T,2,4.0,1,4.0,9.33522011869,9.33237931007,0.00284080861699,NOT COMPUTED (YET),NOT COMPUTED (YET),n/a,n/a,-1,2.500e-13,5.342e-14,NOT COMPUTED (YET),n/a,1.159e-14,1.165e-13,0.000e+00,1.293e-10,h=0.02:nit=2107;h=0.01:nit=3026,1.461e-01,1.461e-01,9.999995e-01,7.877e-02,1.463e-09,yes,NOT COMPUTED (YET),n/a,report-only (n_tip > 1 at kappa > 1),[axisymmetric critical point; stability NOT COMPUTED (YET)]
CGR,1T,2,99.0,0.5,0.25,4.03892265601,4.03892265601,3.68324158343e-12,17.7551229022,15.5131496439,n/a,n/a,-1,1.259e-15,5.911e-14,4.5139832621e-07,n/a,6.700e-14,5.278e-14,1.843e-08,5.781e-11,h=0.02:nit=742;h=0.01:nit=1413,1.027e-02,1.137e-02,1.000000e+00,7.346e-02,1.098e-09,yes,yes,n/a,graded,[axisymmetric critical point; stability NOT COMPUTED (YET)]
CGR,1T,2,99.0,0.5,0.5,5.01991277262,5.01991277262,2.10271037819e-17,13.1410660954,12.2157265185,n/a,n/a,-1,2.831e-15,5.826e-14,6.50475159465e-07,n/a,6.177e-14,5.290e-14,4.059e-08,5.904e-11,h=0.02:nit=702;h=0.01:nit=1272,9.282e-03,1.051e-02,1.000000e+00,3.779e-02,1.046e-09,yes,yes,n/a,graded,[axisymmetric critical point; stability NOT COMPUTED (YET)]
CGR,1T,2,99.0,0.5,1.0,6.28318530718,6.28318530718,1.34331268079e-24,9.82072241155,9.43079675276,n/a,n/a,-1,6.023e-15,5.521e-14,4.63089692956e-18,n/a,2.248e-14,4.834e-14,1.802e-08,5.610e-11,h=0.02:nit=267;h=0.01:nit=92,5.819e-14,1.696e-14,1.000000e+00,4.962e-14,9.448e-10,no,yes,n/a,graded,[axisymmetric critical point; stability NOT COMPUTED (YET)]
CGR,1T,2,99.0,0.5,2.0,7.90610696289,7.90610696289,2.56595799104e-25,9.36151853077,9.02340009563,n/a,n/a,-1,1.699e-14,4.735e-14,-7.77287102784e-07,n/a,1.173e-14,5.078e-14,6.634e-09,4.702e-11,h=0.02:nit=774;h=0.01:nit=1397,3.128e-02,3.499e-02,1.000000e+00,3.983e-02,7.997e-10,yes,yes,n/a,report-only (n_tip > 1 at kappa > 1),[axisymmetric critical point; stability NOT COMPUTED (YET)]
CGR,1T,2,99.0,0.5,4.0,9.97701603347,9.97701603347,1.24401918926e-25,9.01643412207,8.71410579566,n/a,n/a,-1,4.286e-14,3.953e-14,-7.61500559614e-07,n/a,2.841e-14,5.377e-14,5.296e-08,3.592e-11,h=0.02:nit=886;h=0.01:nit=1615,1.168e-01,1.258e-01,1.000000e+00,8.174e-02,6.281e-10,yes,yes,n/a,report-only (n_tip > 1 at kappa > 1),[axisymmetric critical point; stability NOT COMPUTED (YET)]
CGR,1T,2,99.0,0.6,0.25,4.11607559458,4.11607559454,3.65558457082e-11,17.1813592823,14.7553514718,n/a,n/a,-1,7.241e-15,6.099e-14,5.68390751925e-07,n/a,5.428e-14,4.424e-14,3.586e-09,1.098e-09,h=0.02:nit=663;h=0.01:nit=1220,1.138e-02,1.138e-02,1.000000e+00,7.346e-02,1.098e-09,yes,yes,n/a,graded,[axisymmetric critical point; stability NOT COMPUTED (YET)]
CGR,1T,2,99.0,0.6,0.5,5.06783783446,5.06783783446,5.89812019333e-16,12.6638890517,11.6725597389,n/a,n/a,-1,9.339e-16,4.918e-14,8.64612799305e-07,n/a,4.637e-14,4.960e-14,3.997e-08,1.046e-09,h=0.02:nit=649;h=0.01:nit=1271,1.024e-02,1.024e-02,1.000000e+00,3.779e-02,1.046e-09,yes,yes,n/a,graded,[axisymmetric critical point; stability NOT COMPUTED (YET)]
CGR,1T,2,99.0,0.6,1.0,6.28318530718,6.28318530718,1.6715816629e-22,9.4261201418,9.0129024162,n/a,n/a,-1,1.230e-14,5.275e-14,1.10114742336e-17,n/a,9.754e-15,4.382e-14,2.793e-08,9.448e-10,h=0.02:nit=267;h=0.01:nit=314,7.785e-14,2.606e-14,1.000000e+00,4.962e-14,9.448e-10,no,yes,n/a,graded,[axisymmetric critical point; stability NOT COMPUTED (YET)]
CGR,1T,2,99.0,0.6,2.0,7.83091052073,7.83091052073,3.55548183596e-23,9.01881579728,8.65647412474,n/a,n/a,-1,3.155e-14,4.672e-14,-1.05693589619e-06,n/a,1.399e-14,4.525e-14,4.269e-08,7.997e-10,h=0.02:nit=623;h=0.01:nit=1459,3.419e-02,3.419e-02,1.000000e+00,3.983e-02,7.997e-10,yes,yes,n/a,report-only (n_tip > 1 at kappa > 1),[axisymmetric critical point; stability NOT COMPUTED (YET)]
CGR,1T,2,99.0,0.6,4.0,9.78741602386,9.78741602386,1.8807653146e-23,8.71558433822,8.38831164214,n/a,n/a,-1,7.334e-14,3.909e-14,-1.03948656826e-06,n/a,2.799e-14,4.356e-14,1.161e-08,6.281e-10,h=0.02:nit=745;h=0.01:nit=1501,1.271e-01,1.271e-01,1.000000e+00,8.174e-02,6.281e-10,yes,yes,n/a,report-only (n_tip > 1 at kappa > 1),[axisymmetric critical point; stability NOT COMPUTED (YET)]
CGR,1T,2,99.0,0.7,0.25,4.18529201743,4.18529201721,2.17736568845e-10,16.7287167757,14.1284889342,n/a,n/a,-1,9.507e-15,4.264e-14,6.79243409154e-07,n/a,3.831e-14,4.860e-14,3.496e-09,1.176e-10,h=0.02:nit=622;h=0.01:nit=1107,1.243e-02,1.243e-02,1.000000e+00,7.346e-02,1.098e-09,yes,yes,n/a,graded,[axisymmetric critical point; stability NOT COMPUTED (YET)]
CGR,1T,2,99.0,0.7,0.5,5.11060269275,5.11060269275,7.87487771749e-15,12.2867551293,11.2329804529,n/a,n/a,-1,4.140e-15,4.148e-14,1.0946700091e-06,n/a,3.449e-14,4.675e-14,1.898e-08,1.206e-10,h=0.02:nit=636;h=0.01:nit=1158,1.114e-02,1.114e-02,1.000000e+00,3.779e-02,1.046e-09,yes,yes,n/a,graded,[axisymmetric critical point; stability NOT COMPUTED (YET)]
CGR,1T,2,99.0,0.7,1.0,6.28318530718,6.28318530718,7.10144216281e-21,9.11446653175,8.67916050912,n/a,n/a,-1,1.323e-14,4.596e-14,-5.08809083641e-18,n/a,7.068e-16,3.435e-14,5.950e-08,1.131e-10,h=0.02:nit=218;h=0.01:nit=281,7.398e-14,2.474e-14,1.000000e+00,4.962e-14,9.448e-10,no,yes,n/a,graded,[axisymmetric critical point; stability NOT COMPUTED (YET)]
CGR,1T,2,99.0,0.7,2.0,7.76465732874,7.76465732874,1.64120053403e-21,8.74711231639,8.36190542095,n/a,n/a,-1,3.933e-14,3.458e-14,-1.36856950422e-06,n/a,4.368e-14,2.928e-14,1.581e-08,9.524e-11,h=0.02:nit=599;h=0.01:nit=1215,3.684e-02,3.684e-02,1.000000e+00,3.983e-02,7.997e-10,yes,yes,n/a,report-only (n_tip > 1 at kappa > 1),[axisymmetric critical point; stability NOT COMPUTED (YET)]
CGR,1T,2,99.0,0.7,4.0,9.62164306279,9.62164306279,9.28098145776e-22,8.47590825452,8.12514515336,n/a,n/a,-1,1.038e-13,2.907e-14,-1.35023019504e-06,n/a,5.994e-14,2.880e-14,4.561e-08,7.161e-11,h=0.02:nit=653;h=0.01:nit=1348,1.363e-01,1.363e-01,1.000000e+00,8.174e-02,6.281e-10,yes,yes,n/a,report-only (n_tip > 1 at kappa > 1),[axisymmetric critical point; stability NOT COMPUTED (YET)]
CGR,1T,2,99.0,0.8,0.25,4.24817633958,4.24817633866,9.17720373513e-10,16.3589406493,13.592632007,n/a,n/a,-1,1.949e-14,3.700e-14,7.79846923712e-07,n/a,2.855e-14,4.600e-14,1.179e-08,1.555e-10,h=0.02:nit=603;h=0.01:nit=1257,1.343e-02,1.343e-02,1.000000e+00,7.346e-02,1.098e-09,yes,yes,n/a,graded,[axisymmetric critical point; stability NOT COMPUTED (YET)]
CGR,1T,2,99.0,0.8,0.5,5.14926449848,5.14926449848,6.36066410237e-14,11.9779541268,10.864720002,n/a,n/a,-1,1.116e-14,3.612e-14,1.33717724723e-06,n/a,2.488e-14,4.105e-14,4.535e-08,1.597e-10,h=0.02:nit=585;h=0.01:nit=1105,1.198e-02,1.198e-02,1.000000e+00,3.779e-02,1.046e-09,yes,yes,n/a,graded,[axisymmetric critical point; stability NOT COMPUTED (YET)]
CGR,1T,2,99.0,0.8,1.0,6.28318530718,6.28318530718,1.4577755919e-19,8.85940317363,8.40304886123,n/a,n/a,-1,1.367e-14,4.053e-14,-1.05337164678e-17,n/a,6.502e-15,2.544e-14,2.808e-08,1.496e-10,h=0.02:nit=234;h=0.01:nit=315,6.706e-14,2.251e-14,1.000000e+00,4.962e-14,9.448e-10,no,yes,n/a,graded,[axisymmetric critical point; stability NOT COMPUTED (YET)]
CGR,1T,2,99.0,0.8,2.0,7.70545624249,7.70545624249,3.60030100295e-20,8.52395016591,8.11702146712,n/a,n/a,-1,5.497e-14,3.016e-14,-1.70954654075e-06,n/a,4.114e-14,3.804e-15,4.826e-08,1.255e-10,h=0.02:nit=557;h=0.01:nit=1251,3.929e-02,3.929e-02,1.000000e+00,3.983e-02,7.997e-10,yes,yes,n/a,report-only (n_tip > 1 at kappa > 1),[axisymmetric critical point; stability NOT COMPUTED (YET)]
CGR,1T,2,99.0,0.8,4.0,9.47455529301,9.47455529301,2.1470040604e-20,8.27817627906,7.90513357838,n/a,n/a,-1,1.484e-13,2.530e-14,-1.69110408075e-06,n/a,5.244e-14,6.787e-14,5.001e-08,9.359e-11,h=0.02:nit=623;h=0.01:nit=1386,1.448e-01,1.448e-01,1.000000e+00,8.174e-02,6.281e-10,yes,yes,n/a,report-only (n_tip > 1 at kappa > 1),[axisymmetric critical point; stability NOT COMPUTED (YET)]
CGR,1T,2,99.0,0.9,0.25,4.30585311797,4.30585311495,3.02125548841e-09,16.0489437317,13.1234566996,n/a,n/a,-1,3.051e-14,3.403e-14,8.66718373544e-07,n/a,2.120e-14,4.373e-14,1.264e-08,1.985e-10,h=0.02:nit=620;h=0.01:nit=1089,1.438e-02,1.438e-02,1.000000e+00,7.346e-02,1.098e-09,yes,yes,n/a,graded,[axisymmetric critical point; stability NOT COMPUTED (YET)]
CGR,1T,2,99.0,0.9,0.5,5.18456327846,5.18456327846,3.58827994917e-13,11.7183702133,10.5482384692,n/a,n/a,-1,1.901e-14,3.269e-14,1.58906577876e-06,n/a,1.753e-14,3.700e-14,1.136e-08,2.041e-10,h=0.02:nit=535;h=0.01:nit=1127,1.277e-02,1.277e-02,1.000000e+00,3.779e-02,1.046e-09,yes,yes,n/a,graded,[axisymmetric critical point; stability NOT COMPUTED (YET)]
CGR,1T,2,99.0,0.9,1.0,6.28318530718,6.28318530718,1.78040186271e-18,8.64505419519,8.16855901054,n/a,n/a,-1,1.406e-14,3.653e-14,4.69664259499e-18,n/a,1.060e-14,1.894e-14,4.688e-08,1.910e-10,h=0.02:nit=211;h=0.01:nit=226,6.048e-14,2.028e-14,1.000000e+00,4.962e-14,9.448e-10,no,yes,n/a,graded,[axisymmetric critical point; stability NOT COMPUTED (YET)]
CGR,1T,2,99.0,0.9,2.0,7.65198749531,7.65198749531,4.6437419862e-19,8.33578381742,7.90811433624,n/a,n/a,-1,7.477e-14,2.739e-14,-2.07752058187e-06,n/a,3.534e-14,1.788e-14,2.512e-08,1.596e-10,h=0.02:nit=627;h=0.01:nit=1153,4.156e-02,4.156e-02,1.000000e+00,3.983e-02,7.997e-10,yes,yes,n/a,report-only (n_tip > 1 at kappa > 1),[axisymmetric critical point; stability NOT COMPUTED (YET)]
CGR,1T,2,99.0,0.9,4.0,9.34257280415,9.34257280415,2.89210138115e-19,8.11076687957,7.71647616335,n/a,n/a,-1,2.044e-13,4.280e-14,-2.05976325428e-06,n/a,4.622e-14,1.036e-13,2.791e-10,1.182e-10,h=0.02:nit=623;h=0.01:nit=1254,1.525e-01,1.525e-01,1.000000e+00,8.174e-02,6.281e-10,yes,yes,n/a,report-only (n_tip > 1 at kappa > 1),[axisymmetric critical point; stability NOT COMPUTED (YET)]
CGR,1T,2,99.0,1,0.25,4.3591483593,4.35914835103,8.27655079203e-09,15.7838364539,12.7051276722,n/a,n/a,-1,4.504e-14,3.130e-14,9.36889648326e-07,n/a,1.470e-14,4.401e-14,1.568e-08,2.469e-10,h=0.02:nit=578;h=0.01:nit=1069,1.530e-02,1.530e-02,1.000000e+00,7.346e-02,1.098e-09,yes,yes,n/a,graded,[axisymmetric critical point; stability NOT COMPUTED (YET)]
CGR,1T,2,99.0,1,0.5,5.21704186558,5.21704186558,1.55012283906e-12,11.4956861631,10.2708887872,n/a,n/a,-1,2.905e-14,3.054e-14,1.84758442705e-06,n/a,1.202e-14,3.473e-14,1.943e-08,2.540e-10,h=0.02:nit=507;h=0.01:nit=1059,1.353e-02,1.353e-02,1.000000e+00,3.779e-02,1.046e-09,yes,yes,n/a,graded,[axisymmetric critical point; stability NOT COMPUTED (YET)]
CGR,1T,2,99.0,1,1.0,6.28318530718,6.28318530718,1.47808261318e-17,8.46120058514,7.96536411925,n/a,n/a,-1,1.469e-14,3.369e-14,1.97403201411e-18,n/a,1.315e-14,1.343e-14,2.727e-08,2.373e-10,h=0.02:nit=212;h=0.01:nit=266,5.518e-14,1.854e-14,1.000000e+00,4.962e-14,9.448e-10,no,yes,n/a,graded,[axisymmetric critical point; stability NOT COMPUTED (YET)]
CGR,1T,2,99.0,1,2.0,7.60328629496,7.60328629496,4.03596707768e-18,8.17388055259,7.72632524301,n/a,n/a,-1,9.767e-14,4.769e-14,-2.47037249756e-06,n/a,3.181e-14,3.481e-14,2.475e-08,1.977e-10,h=0.02:nit=563;h=0.01:nit=1046,4.368e-02,4.368e-02,1.000000e+00,3.983e-02,7.997e-10,yes,yes,n/a,report-only (n_tip > 1 at kappa > 1),[axisymmetric critical point; stability NOT COMPUTED (YET)]
CGR,1T,2,99.0,1,4.0,9.2230854375,9.2230854375,2.60635823589e-18,7.96617399457,7.55152991119,n/a,n/a,-1,2.752e-13,5.083e-14,-2.45408493635e-06,n/a,4.085e-14,1.369e-13,1.155e-08,1.454e-10,h=0.02:nit=630;h=0.01:nit=1229,1.596e-01,1.596e-01,1.000000e+00,8.174e-02,6.281e-10,yes,yes,n/a,report-only (n_tip > 1 at kappa > 1),[axisymmetric critical point; stability NOT COMPUTED (YET)]
CGR,1T,3,1.0,0.5,0.25,4.71238898038,2.35619449019,2.35619449019,NOT COMPUTED (YET),NOT COMPUTED (YET),n/a,n/a,-1,2.104e-30,9.249e-18,NOT COMPUTED (YET),n/a,2.733e-14,1.078e-13,0.000e+00,8.949e-12,h=0.02:nit=7325;h=0.01:nit=14634,8.937e-15,8.937e-15,2.808172e-55,NOT COMPUTED (YET),8.949e-12,n/a (set has a normal-state row),NOT COMPUTED (YET),n/a,graded,[axisymmetric critical point; stability NOT COMPUTED (YET)]
CGR,1T,3,1.0,0.5,0.5,7.02243643971,4.48448597404,2.53795046567,NOT COMPUTED (YET),NOT COMPUTED (YET),n/a,n/a,-1,2.072e-16,6.559e-14,NOT COMPUTED (YET),n/a,4.109e-14,2.884e-14,0.000e+00,2.772e-10,h=0.02:nit=4933;h=0.01:nit=11678,1.030e-02,1.686e-02,6.629169e-01,NOT COMPUTED (YET),5.277e-10,n/a (set has a normal-state row),NOT COMPUTED (YET),n/a,graded,[axisymmetric critical point; stability NOT COMPUTED (YET)]
CGR,1T,3,1.0,0.5,1.0,9.42477796077,8.78350547864,0.64127248213,NOT COMPUTED (YET),NOT COMPUTED (YET),n/a,n/a,-1,1.442e-15,2.720e-14,NOT COMPUTED (YET),n/a,7.256e-14,3.581e-14,0.000e+00,5.634e-10,h=0.02:nit=204;h=0.01:nit=233,2.522e-14,5.308e-15,9.860066e-01,2.544e-14,2.230e-09,no,NOT COMPUTED (YET),n/a,graded,[axisymmetric critical point; stability NOT COMPUTED (YET)]
CGR,1T,3,1.0,0.5,2.0,12.2899778805,12.1826069817,0.107370898779,NOT COMPUTED (YET),NOT COMPUTED (YET),n/a,n/a,-1,3.100e-15,3.583e-14,NOT COMPUTED (YET),n/a,7.709e-14,3.209e-14,0.000e+00,6.421e-10,h=0.02:nit=3013;h=0.01:nit=7964,1.267e-02,4.375e-02,9.996773e-01,2.958e-02,2.396e-09,yes,NOT COMPUTED (YET),n/a,report-only (n_tip > 1 at kappa > 1),[axisymmetric critical point; stability NOT COMPUTED (YET)]
CGR,1T,3,1.0,0.5,4.0,15.8946245768,15.8655145388,0.0291100380193,NOT COMPUTED (YET),NOT COMPUTED (YET),n/a,n/a,-1,1.327e-14,3.411e-14,NOT COMPUTED (YET),n/a,7.690e-14,3.230e-14,0.000e+00,5.967e-10,h=0.02:nit=3613;h=0.01:nit=7393,6.713e-02,1.530e-01,9.999971e-01,6.428e-02,2.167e-09,yes,NOT COMPUTED (YET),n/a,report-only (n_tip > 1 at kappa > 1),[axisymmetric critical point; stability NOT COMPUTED (YET)]
CGR,1T,3,1.0,0.6,0.25,4.71238898038,2.35619449019,2.35619449019,NOT COMPUTED (YET),NOT COMPUTED (YET),n/a,n/a,-1,4.207e-30,9.252e-18,NOT COMPUTED (YET),n/a,1.640e-14,1.263e-13,0.000e+00,4.071e-13,h=0.02:nit=5661;h=0.01:nit=12860,9.590e-15,9.590e-15,1.818590e-61,NOT COMPUTED (YET),8.949e-12,n/a (set has a normal-state row),NOT COMPUTED (YET),n/a,graded,[axisymmetric critical point; stability NOT COMPUTED (YET)]
CGR,1T,3,1.0,0.6,0.5,7.03990261055,4.40081278562,2.63908982493,NOT COMPUTED (YET),NOT COMPUTED (YET),n/a,n/a,-1,1.136e-15,5.461e-14,NOT COMPUTED (YET),n/a,3.166e-14,2.233e-14,0.000e+00,5.069e-11,h=0.02:nit=6923;h=0.01:nit=10391,1.274e-02,1.794e-02,5.689869e-01,NOT COMPUTED (YET),5.277e-10,n/a (set has a normal-state row),NOT COMPUTED (YET),n/a,graded,[axisymmetric critical point; stability NOT COMPUTED (YET)]
CGR,1T,3,1.0,0.6,1.0,9.42477796077,8.72779899848,0.696978962292,NOT COMPUTED (YET),NOT COMPUTED (YET),n/a,n/a,-1,4.610e-15,3.072e-14,NOT COMPUTED (YET),n/a,5.956e-14,3.261e-14,0.000e+00,6.633e-11,h=0.02:nit=220;h=0.01:nit=256,4.788e-14,1.185e-14,9.785013e-01,2.544e-14,2.230e-09,no,NOT COMPUTED (YET),n/a,graded,[axisymmetric critical point; stability NOT COMPUTED (YET)]
CGR,1T,3,1.0,0.6,2.0,12.2037778481,12.0653235188,0.138454329265,NOT COMPUTED (YET),NOT COMPUTED (YET),n/a,n/a,-1,4.371e-15,2.928e-14,NOT COMPUTED (YET),n/a,6.540e-14,2.882e-14,0.000e+00,8.115e-11,h=0.02:nit=3254;h=0.01:nit=6103,1.412e-02,4.294e-02,9.993251e-01,2.958e-02,2.396e-09,yes,NOT COMPUTED (YET),n/a,report-only (n_tip > 1 at kappa > 1),[axisymmetric critical point; stability NOT COMPUTED (YET)]
CGR,1T,3,1.0,0.6,4.0,15.6584540803,15.6158118877,0.0426421925929,NOT COMPUTED (YET),NOT COMPUTED (YET),n/a,n/a,-1,2.132e-14,3.032e-14,NOT COMPUTED (YET),n/a,6.239e-14,2.859e-14,0.000e+00,7.793e-11,h=0.02:nit=3651;h=0.01:nit=6942,7.408e-02,1.489e-01,9.999911e-01,6.428e-02,2.167e-09,yes,NOT COMPUTED (YET),n/a,report-only (n_tip > 1 at kappa > 1),[axisymmetric critical point; stability NOT COMPUTED (YET)]
CGR,1T,3,1.0,0.7,0.25,4.71238898038,2.35619449019,2.35619449019,NOT COMPUTED (YET),NOT COMPUTED (YET),n/a,n/a,-1,4.207e-30,1.850e-17,NOT COMPUTED (YET),n/a,3.525e-14,1.691e-13,0.000e+00,2.047e-13,h=0.02:nit=5427;h=0.01:nit=9536,7.855e-15,7.855e-15,1.247873e-53,NOT COMPUTED (YET),8.949e-12,n/a (set has a normal-state row),NOT COMPUTED (YET),n/a,graded,[axisymmetric critical point; stability NOT COMPUTED (YET)]
CGR,1T,3,1.0,0.7,0.5,7.05195616137,4.29978750416,2.75216865721,NOT COMPUTED (YET),NOT COMPUTED (YET),n/a,n/a,-1,2.127e-15,9.731e-15,NOT COMPUTED (YET),n/a,2.394e-14,1.033e-14,0.000e+00,5.277e-10,h=0.02:nit=7531;h=0.01:nit=9666,1.536e-02,1.926e-02,4.760751e-01,NOT COMPUTED (YET),5.277e-10,n/a (set has a normal-state row),NOT COMPUTED (YET),n/a,graded,[axisymmetric critical point; stability NOT COMPUTED (YET)]
CGR,1T,3,1.0,0.7,1.0,9.42477796077,8.67772763094,0.747050329829,NOT COMPUTED (YET),NOT COMPUTED (YET),n/a,n/a,-1,6.239e-15,2.919e-14,NOT COMPUTED (YET),n/a,5.145e-14,2.676e-14,0.000e+00,1.219e-09,h=0.02:nit=188;h=0.01:nit=241,4.215e-14,1.321e-14,9.701029e-01,2.544e-14,2.230e-09,no,NOT COMPUTED (YET),n/a,graded,[axisymmetric critical point; stability NOT COMPUTED (YET)]
CGR,1T,3,1.0,0.7,2.0,12.127011755,11.9578518346,0.169159920445,NOT COMPUTED (YET),NOT COMPUTED (YET),n/a,n/a,-1,9.742e-15,2.934e-14,NOT COMPUTED (YET),n/a,5.560e-14,2.637e-14,0.000e+00,1.348e-09,h=0.02:nit=2917;h=0.01:nit=5589,1.547e-02,4.219e-02,9.988095e-01,2.958e-02,2.396e-09,yes,NOT COMPUTED (YET),n/a,report-only (n_tip > 1 at kappa > 1),[axisymmetric critical point; stability NOT COMPUTED (YET)]
CGR,1T,3,1.0,0.7,4.0,15.4491577791,15.3916636774,0.057494101675,NOT COMPUTED (YET),NOT COMPUTED (YET),n/a,n/a,-1,3.239e-14,2.635e-14,NOT COMPUTED (YET),n/a,5.372e-14,2.564e-14,0.000e+00,1.245e-09,h=0.02:nit=2669;h=0.01:nit=6951,8.048e-02,1.451e-01,9.999790e-01,6.428e-02,2.167e-09,yes,NOT COMPUTED (YET),n/a,report-only (n_tip > 1 at kappa > 1),[axisymmetric critical point; stability NOT COMPUTED (YET)]
CGR,1T,3,1.0,0.8,0.25,4.71238898038,2.35619449019,2.35619449019,NOT COMPUTED (YET),NOT COMPUTED (YET),n/a,n/a,-1,0.000e+00,1.849e-17,NOT COMPUTED (YET),n/a,3.091e-14,1.760e-13,0.000e+00,1.591e-12,h=0.02:nit=4252;h=0.01:nit=8625,9.603e-15,9.603e-15,1.307643e-51,NOT COMPUTED (YET),8.949e-12,n/a (set has a normal-state row),NOT COMPUTED (YET),n/a,graded,[axisymmetric critical point; stability NOT COMPUTED (YET)]
CGR,1T,3,1.0,0.8,0.5,7.05986657536,4.18387910813,2.87598746723,NOT COMPUTED (YET),NOT COMPUTED (YET),n/a,n/a,-1,2.080e-15,3.597e-14,NOT COMPUTED (YET),n/a,1.696e-14,3.397e-15,0.000e+00,1.543e-10,h=0.02:nit=5428;h=0.01:nit=10374,1.811e-02,2.083e-02,3.846576e-01,NOT COMPUTED (YET),5.277e-10,n/a (set has a normal-state row),NOT COMPUTED (YET),n/a,graded,[axisymmetric critical point; stability NOT COMPUTED (YET)]
CGR,1T,3,1.0,0.8,1.0,9.42477796077,8.63214705226,0.792630908506,NOT COMPUTED (YET),NOT COMPUTED (YET),n/a,n/a,-1,6.250e-15,2.644e-14,NOT COMPUTED (YET),n/a,4.523e-14,2.318e-14,0.000e+00,1.336e-10,h=0.02:nit=325;h=0.01:nit=248,3.735e-14,1.199e-14,9.611229e-01,2.544e-14,2.230e-09,no,NOT COMPUTED (YET),n/a,graded,[axisymmetric critical point; stability NOT COMPUTED (YET)]
CGR,1T,3,1.0,0.8,2.0,12.0577778278,11.8586193374,0.199158490447,NOT COMPUTED (YET),NOT COMPUTED (YET),n/a,n/a,-1,1.612e-14,2.973e-14,NOT COMPUTED (YET),n/a,4.505e-14,2.372e-14,0.000e+00,1.577e-10,h=0.02:nit=2814;h=0.01:nit=6327,1.673e-02,4.148e-02,9.981273e-01,2.958e-02,2.396e-09,yes,NOT COMPUTED (YET),n/a,report-only (n_tip > 1 at kappa > 1),[axisymmetric critical point; stability NOT COMPUTED (YET)]
CGR,1T,3,1.0,0.8,4.0,15.261172681,15.1879244378,0.0732482432405,NOT COMPUTED (YET),NOT COMPUTED (YET),n/a,n/a,-1,4.794e-14,2.548e-14,NOT COMPUTED (YET),n/a,4.693e-14,2.235e-14,0.000e+00,1.463e-10,h=0.02:nit=2481;h=0.01:nit=6071,8.642e-02,1.415e-01,9.999584e-01,6.428e-02,2.167e-09,yes,NOT COMPUTED (YET),n/a,report-only (n_tip > 1 at kappa > 1),[axisymmetric critical point; stability NOT COMPUTED (YET)]
CGR,1T,3,1.0,0.9,0.25,4.71238898038,2.35619449019,2.35619449019,NOT COMPUTED (YET),NOT COMPUTED (YET),n/a,n/a,-1,0.000e+00,1.849e-17,NOT COMPUTED (YET),n/a,2.940e-14,1.683e-13,0.000e+00,1.365e-13,h=0.02:nit=3760;h=0.01:nit=7628,1.120e-14,1.120e-14,1.377015e-53,NOT COMPUTED (YET),8.949e-12,n/a (set has a normal-state row),NOT COMPUTED (YET),n/a,graded,[axisymmetric critical point; stability NOT COMPUTED (YET)]
CGR,1T,3,1.0,0.9,0.5,7.06466863639,4.05502959672,3.00963903967,NOT COMPUTED (YET),NOT COMPUTED (YET),n/a,n/a,-1,2.100e-15,1.112e-14,NOT COMPUTED (YET),n/a,1.018e-14,1.572e-14,0.000e+00,2.747e-10,h=0.02:nit=6033;h=0.01:nit=14785,2.097e-02,2.267e-02,2.949098e-01,NOT COMPUTED (YET),5.277e-10,n/a (set has a normal-state row),NOT COMPUTED (YET),n/a,graded,[axisymmetric critical point; stability NOT COMPUTED (YET)]
CGR,1T,3,1.0,0.9,1.0,9.42477796077,8.59025466762,0.834523293153,NOT COMPUTED (YET),NOT COMPUTED (YET),n/a,n/a,-1,5.116e-15,5.172e-14,NOT COMPUTED (YET),n/a,3.996e-14,1.941e-14,0.000e+00,1.776e-10,h=0.02:nit=368;h=0.01:nit=181,3.274e-14,1.044e-14,9.518004e-01,2.544e-14,2.230e-09,no,NOT COMPUTED (YET),n/a,graded,[axisymmetric critical point; stability NOT COMPUTED (YET)]
CGR,1T,3,1.0,0.9,2.0,11.9947429264,11.7664639209,0.228279005528,NOT COMPUTED (YET),NOT COMPUTED (YET),n/a,n/a,-1,1.896e-14,2.467e-14,NOT COMPUTED (YET),n/a,3.355e-14,2.014e-14,0.000e+00,2.058e-10,h=0.02:nit=2638;h=0.01:nit=4251,1.791e-02,4.081e-02,9.972842e-01,2.958e-02,2.396e-09,yes,NOT COMPUTED (YET),n/a,report-only (n_tip > 1 at kappa > 1),[axisymmetric critical point; stability NOT COMPUTED (YET)]
CGR,1T,3,1.0,0.9,4.0,15.0906088261,15.0010199399,0.0895888861547,NOT COMPUTED (YET),NOT COMPUTED (YET),n/a,n/a,-1,6.763e-14,2.545e-14,NOT COMPUTED (YET),n/a,4.165e-14,3.261e-14,0.000e+00,1.903e-10,h=0.02:nit=2897;h=0.01:nit=4594,9.196e-02,1.382e-01,9.999269e-01,6.428e-02,2.167e-09,yes,NOT COMPUTED (YET),n/a,report-only (n_tip > 1 at kappa > 1),[axisymmetric critical point; stability NOT COMPUTED (YET)]
CGR,1T,3,1.0,1,0.25,NOT COMPUTED (YET),NOT COMPUTED (YET),NOT COMPUTED (YET),NOT COMPUTED (YET),NOT COMPUTED (YET),NOT COMPUTED (YET),NOT COMPUTED (YET),NOT COMPUTED (YET),n/a (normal state),n/a (normal state),NOT COMPUTED (YET),NOT COMPUTED (YET),n/a (normal state),n/a (normal state),n/a (normal state),n/a (normal state),n/a (normal state),1.388e-17,1.388e-17,0.000000e+00,n/a (normal state),n/a (normal state),n/a (normal state),n/a (normal state),n/a,n/a (normal state),"[normal state: exact solution, linearly stable for B > κ/2, marginal at B = κ/2; whether a vortex branch coexists (κ < 1, subcritical) is NOT COMPUTED (YET)] [by construction; not a test] [Venus 20:44]; normal-state energy (not a vortex value) = 4.71238898038"
CGR,1T,3,1.0,1,0.5,NOT COMPUTED (YET),NOT COMPUTED (YET),NOT COMPUTED (YET),NOT COMPUTED (YET),NOT COMPUTED (YET),NOT COMPUTED (YET),NOT COMPUTED (YET),NOT COMPUTED (YET),n/a (normal state),n/a (normal state),NOT COMPUTED (YET),NOT COMPUTED (YET),n/a (normal state),n/a (normal state),n/a (normal state),n/a (normal state),n/a (normal state),3.125e-02,3.125e-02,0.000000e+00,n/a (normal state),n/a (normal state),n/a (normal state),n/a (normal state),n/a,n/a (normal state),"[normal state: exact solution, linearly stable for B > κ/2, marginal at B = κ/2; whether a vortex branch coexists (κ < 1, subcritical) is NOT COMPUTED (YET)] [by construction; not a test] [Venus 20:44]; normal-state energy (not a vortex value) = 7.06858347058"
CGR,1T,3,1.0,1,1.0,9.42477796077,8.55146103485,0.873316925921,NOT COMPUTED (YET),NOT COMPUTED (YET),n/a,n/a,-1,4.212e-15,5.668e-14,NOT COMPUTED (YET),n/a,3.525e-14,1.621e-14,0.000e+00,2.230e-09,h=0.02:nit=367;h=0.01:nit=245,2.937e-14,9.284e-15,9.423145e-01,2.544e-14,2.230e-09,no,NOT COMPUTED (YET),n/a,graded,[axisymmetric critical point; stability NOT COMPUTED (YET)]
CGR,1T,3,1.0,1,2.0,11.9369272232,11.6804868679,0.256440355327,NOT COMPUTED (YET),NOT COMPUTED (YET),n/a,n/a,-1,2.331e-14,2.105e-14,NOT COMPUTED (YET),n/a,2.733e-14,1.696e-14,0.000e+00,2.396e-09,h=0.02:nit=2643;h=0.01:nit=4375,1.903e-02,4.017e-02,9.962915e-01,2.958e-02,2.396e-09,yes,NOT COMPUTED (YET),n/a,report-only (n_tip > 1 at kappa > 1),[axisymmetric critical point; stability NOT COMPUTED (YET)]
CGR,1T,3,1.0,1,4.0,14.9346162733,14.8283379911,0.106278282222,NOT COMPUTED (YET),NOT COMPUTED (YET),n/a,n/a,-1,8.952e-14,2.257e-14,NOT COMPUTED (YET),n/a,3.638e-14,4.341e-14,0.000e+00,2.167e-09,h=0.02:nit=1944;h=0.01:nit=4187,9.717e-02,1.351e-01,9.998827e-01,6.428e-02,2.167e-09,yes,NOT COMPUTED (YET),n/a,report-only (n_tip > 1 at kappa > 1),[axisymmetric critical point; stability NOT COMPUTED (YET)]
CGR,1T,3,24.0,0.5,0.25,5.79475190433,5.79474808695,3.81738182525e-06,NOT COMPUTED (YET),NOT COMPUTED (YET),n/a,n/a,-1,3.417e-15,9.252e-14,NOT COMPUTED (YET),n/a,4.938e-14,3.249e-14,0.000e+00,1.106e-10,h=0.02:nit=437;h=0.01:nit=753,7.411e-03,1.197e-02,9.999995e-01,6.516e-02,3.755e-09,yes,NOT COMPUTED (YET),n/a,graded,[axisymmetric critical point; stability NOT COMPUTED (YET)]
CGR,1T,3,24.0,0.5,0.5,7.37148273058,7.37148272642,4.16012373643e-09,14.5351968534,11.355498887,n/a,n/a,-1,5.216e-15,8.202e-14,2.51933738673e-07,n/a,4.787e-14,3.253e-14,4.026e-08,1.152e-10,h=0.02:nit=356;h=0.01:nit=700,7.023e-03,1.120e-02,1.000000e+00,3.344e-02,3.666e-09,yes,yes,n/a,graded,[axisymmetric critical point; stability NOT COMPUTED (YET)]
CGR,1T,3,24.0,0.5,1.0,9.42477796077,9.42477796077,4.35241864678e-13,10.8941662528,9.51332901626,n/a,n/a,-1,9.933e-15,6.874e-14,-2.92469478262e-18,n/a,3.883e-14,3.298e-14,4.818e-08,1.102e-10,h=0.02:nit=171;h=0.01:nit=244,5.186e-14,1.726e-14,1.000000e+00,2.884e-14,3.364e-09,no,yes,n/a,graded,[axisymmetric critical point; stability NOT COMPUTED (YET)]
CGR,1T,3,24.0,0.5,2.0,12.1006774055,12.1006774055,6.13446303379e-14,10.2816731281,9.11584979681,n/a,n/a,-1,1.573e-14,5.606e-14,-5.68038803612e-07,n/a,2.676e-14,3.464e-14,1.793e-08,9.551e-11,h=0.02:nit=338;h=0.01:nit=728,2.498e-02,3.802e-02,1.000000e+00,3.494e-02,2.877e-09,yes,yes,n/a,report-only (n_tip > 1 at kappa > 1),[axisymmetric critical point; stability NOT COMPUTED (YET)]
CGR,1T,3,24.0,0.5,4.0,15.5734174701,15.5734174701,2.33972478307e-14,9.81640146124,8.79862097279,n/a,n/a,-1,2.643e-14,4.850e-14,-5.75821699255e-07,n/a,1.734e-14,3.570e-14,5.320e-08,7.462e-11,h=0.02:nit=422;h=0.01:nit=873,9.495e-02,1.380e-01,1.000000e+00,7.144e-02,2.274e-09,yes,yes,n/a,report-only (n_tip > 1 at kappa > 1),[axisymmetric critical point; stability NOT COMPUTED (YET)]
CGR,1T,3,24.0,0.6,0.25,5.89083250391,5.89082071304,1.17908680028e-05,NOT COMPUTED (YET),NOT COMPUTED (YET),n/a,n/a,-1,1.388e-15,7.894e-14,NOT COMPUTED (YET),n/a,4.090e-14,2.970e-14,0.000e+00,1.246e-09,h=0.02:nit=548;h=0.01:nit=804,8.201e-03,1.177e-02,9.999980e-01,6.516e-02,3.755e-09,yes,NOT COMPUTED (YET),n/a,graded,[axisymmetric critical point; stability NOT COMPUTED (YET)]
CGR,1T,3,24.0,0.6,0.5,7.43257807443,7.4325780515,2.29317361297e-08,13.9866594774,10.6135077583,n/a,n/a,-1,1.890e-15,7.127e-14,2.68398978404e-07,n/a,4.071e-14,2.928e-14,2.560e-08,1.196e-09,h=0.02:nit=322;h=0.01:nit=589,7.745e-03,1.096e-02,1.000000e+00,3.344e-02,3.666e-09,yes,yes,n/a,graded,[axisymmetric critical point; stability NOT COMPUTED (YET)]
CGR,1T,3,24.0,0.6,1.0,9.42477796077,9.42477796076,5.57749785195e-12,10.4307925115,8.98211834908,n/a,n/a,-1,7.422e-15,6.017e-14,-2.12656433791e-18,n/a,3.449e-14,2.733e-14,4.452e-08,1.091e-09,h=0.02:nit=183;h=0.01:nit=239,4.249e-14,1.388e-14,1.000000e+00,2.884e-14,3.364e-09,no,yes,n/a,graded,[axisymmetric critical point; stability NOT COMPUTED (YET)]
CGR,1T,3,24.0,0.6,2.0,12.0010971324,12.0010971324,8.9980824535e-13,9.88355177164,8.64563113949,n/a,n/a,-1,1.802e-14,5.031e-14,-7.29421546098e-07,n/a,2.450e-14,2.842e-14,4.376e-08,9.440e-10,h=0.02:nit=328;h=0.01:nit=751,2.735e-02,3.686e-02,1.000000e+00,3.494e-02,2.877e-09,yes,yes,n/a,report-only (n_tip > 1 at kappa > 1),[axisymmetric critical point; stability NOT COMPUTED (YET)]
CGR,1T,3,24.0,0.6,4.0,15.3175739181,15.3175739181,3.83190697889e-13,9.47137587379,8.37847402617,n/a,n/a,-1,3.697e-14,4.333e-14,-7.44886969372e-07,n/a,1.659e-14,3.004e-14,4.927e-08,7.694e-10,h=0.02:nit=417;h=0.01:nit=732,1.036e-01,1.331e-01,1.000000e+00,7.144e-02,2.274e-09,yes,yes,n/a,report-only (n_tip > 1 at kappa > 1),[axisymmetric critical point; stability NOT COMPUTED (YET)]
CGR,1T,3,24.0,0.7,0.25,5.97765339887,5.97762500983,2.83890437055e-05,NOT COMPUTED (YET),NOT COMPUTED (YET),n/a,n/a,-1,3.586e-15,6.496e-14,NOT COMPUTED (YET),n/a,3.468e-14,2.942e-14,0.000e+00,2.317e-10,h=0.02:nit=790;h=0.01:nit=1210,8.941e-03,1.159e-02,9.999945e-01,6.516e-02,3.755e-09,yes,NOT COMPUTED (YET),n/a,graded,[axisymmetric critical point; stability NOT COMPUTED (YET)]
CGR,1T,3,24.0,0.7,0.5,7.48755577355,7.48755568695,8.65976839531e-08,13.5585457243,10.0006439287,n/a,n/a,-1,5.210e-16,6.151e-14,2.5957338286e-07,n/a,3.487e-14,2.835e-14,1.721e-08,2.411e-10,h=0.02:nit=295;h=0.01:nit=550,8.417e-03,1.074e-02,1.000000e+00,3.344e-02,3.666e-09,yes,yes,n/a,graded,[axisymmetric critical point; stability NOT COMPUTED (YET)]
CGR,1T,3,24.0,0.7,1.0,9.42477796077,9.42477796073,4.05497153565e-11,10.0674253321,8.55359625176,n/a,n/a,-1,5.298e-15,5.272e-14,1.68652805252e-18,n/a,3.110e-14,2.224e-14,1.269e-08,2.302e-10,h=0.02:nit=169;h=0.01:nit=237,3.553e-14,1.145e-14,1.000000e+00,2.884e-14,3.364e-09,no,yes,n/a,graded,[axisymmetric critical point; stability NOT COMPUTED (YET)]
CGR,1T,3,24.0,0.7,2.0,11.9124097662,11.9124097662,7.26219784925e-12,9.57051104204,8.26401281391,n/a,n/a,-1,2.102e-14,4.569e-14,-8.9202552606e-07,n/a,2.337e-14,2.386e-14,2.148e-08,1.983e-10,h=0.02:nit=325;h=0.01:nit=712,2.952e-02,3.580e-02,1.000000e+00,3.494e-02,2.877e-09,yes,yes,n/a,report-only (n_tip > 1 at kappa > 1),[axisymmetric critical point; stability NOT COMPUTED (YET)]
CGR,1T,3,24.0,0.7,4.0,15.0911518477,15.0911518477,3.36666997546e-12,9.19912607102,8.03511098294,n/a,n/a,-1,5.111e-14,3.968e-14,-9.17035601964e-07,n/a,1.489e-14,2.519e-14,1.784e-08,1.530e-10,h=0.02:nit=461;h=0.01:nit=731,1.114e-01,1.287e-01,1.000000e+00,7.144e-02,2.274e-09,yes,yes,n/a,report-only (n_tip > 1 at kappa > 1),[axisymmetric critical point; stability NOT COMPUTED (YET)]
CGR,1T,3,24.0,0.8,0.25,6.05708472119,6.05702699969,5.77214987851e-05,NOT COMPUTED (YET),NOT COMPUTED (YET),n/a,n/a,-1,7.936e-15,5.434e-14,NOT COMPUTED (YET),n/a,2.997e-14,2.874e-14,0.000e+00,3.119e-10,h=0.02:nit=1639;h=0.01:nit=1430,9.643e-03,1.142e-02,9.999875e-01,6.516e-02,3.755e-09,yes,NOT COMPUTED (YET),n/a,graded,[axisymmetric critical point; stability NOT COMPUTED (YET)]
CGR,1T,3,24.0,0.8,0.5,7.53766276254,7.53766250946,2.53075608112e-07,13.2125007646,9.47731519096,n/a,n/a,-1,5.292e-15,5.061e-14,2.2269001841e-07,n/a,2.959e-14,2.816e-14,1.586e-08,3.220e-10,h=0.02:nit=304;h=0.01:nit=574,9.049e-03,1.054e-02,1.000000e+00,3.344e-02,3.666e-09,yes,yes,n/a,graded,[axisymmetric critical point; stability NOT COMPUTED (YET)]
CGR,1T,3,24.0,0.8,1.0,9.42477796077,9.42477796057,2.00822984364e-10,9.77210634337,8.1955948639,n/a,n/a,-1,4.327e-15,4.509e-14,1.87715161489e-18,n/a,2.789e-14,2.017e-14,2.045e-08,3.073e-10,h=0.02:nit=158;h=0.01:nit=227,3.188e-14,8.576e-15,1.000000e+00,2.884e-14,3.364e-09,no,yes,n/a,graded,[axisymmetric critical point; stability NOT COMPUTED (YET)]
CGR,1T,3,24.0,0.8,2.0,11.8323477286,11.8323477286,3.91096808207e-11,9.3154553918,7.94341060976,n/a,n/a,-1,2.618e-14,4.109e-14,-1.05182319582e-06,n/a,2.167e-14,1.952e-14,9.680e-09,2.639e-10,h=0.02:nit=313;h=0.01:nit=581,3.153e-02,3.482e-02,1.000000e+00,3.494e-02,2.877e-09,yes,yes,n/a,report-only (n_tip > 1 at kappa > 1),[axisymmetric critical point; stability NOT COMPUTED (YET)]
CGR,1T,3,24.0,0.8,4.0,14.8879425359,14.8879425359,1.94025856421e-11,8.976582301,7.74481750948,n/a,n/a,-1,7.024e-14,3.515e-14,-1.08808309965e-06,n/a,1.414e-14,3.508e-14,1.316e-08,2.025e-10,h=0.02:nit=370;h=0.01:nit=711,1.186e-01,1.247e-01,1.000000e+00,7.144e-02,2.274e-09,yes,yes,n/a,report-only (n_tip > 1 at kappa > 1),[axisymmetric critical point; stability NOT COMPUTED (YET)]
CGR,1T,3,24.0,0.9,0.25,6.13043401874,6.13033003213,0.000103986605353,NOT COMPUTED (YET),NOT COMPUTED (YET),n/a,n/a,-1,1.053e-14,4.984e-14,NOT COMPUTED (YET),n/a,2.658e-14,2.593e-14,0.000e+00,3.755e-09,h=0.02:nit=1683;h=0.01:nit=3228,1.031e-02,1.125e-02,9.999755e-01,6.516e-02,3.755e-09,yes,NOT COMPUTED (YET),n/a,graded,[axisymmetric critical point; stability NOT COMPUTED (YET)]
CGR,1T,3,24.0,0.9,0.5,7.58377016,7.58376954423,6.15768551529e-07,12.9254595371,9.01943461847,n/a,n/a,-1,6.822e-15,4.739e-14,1.55829586412e-07,n/a,2.582e-14,2.577e-14,2.266e-08,3.666e-09,h=0.02:nit=296;h=0.01:nit=571,9.649e-03,1.034e-02,9.999999e-01,3.344e-02,3.666e-09,yes,yes,n/a,graded,[axisymmetric critical point; stability NOT COMPUTED (YET)]
CGR,1T,3,24.0,0.9,1.0,9.42477796077,9.42477796001,7.56016990584e-10,9.52562378331,7.88867043603,n/a,n/a,-1,4.338e-15,4.165e-14,5.7585216574e-18,n/a,2.488e-14,1.772e-14,3.990e-08,3.364e-09,h=0.02:nit=168;h=0.01:nit=221,2.878e-14,7.480e-15,1.000000e+00,2.884e-14,3.364e-09,no,yes,n/a,graded,[axisymmetric critical point; stability NOT COMPUTED (YET)]
CGR,1T,3,24.0,0.9,2.0,11.7593293521,11.7593293519,1.57759902672e-10,9.10207868633,7.66712274934,n/a,n/a,-1,3.406e-14,3.778e-14,-1.2053408317e-06,n/a,1.828e-14,1.767e-14,3.378e-08,2.877e-09,h=0.02:nit=314;h=0.01:nit=671,3.342e-02,3.391e-02,1.000000e+00,3.494e-02,2.877e-09,yes,yes,n/a,report-only (n_tip > 1 at kappa > 1),[axisymmetric critical point; stability NOT COMPUTED (YET)]
CGR,1T,3,24.0,0.9,4.0,14.7036199219,14.7036199218,8.27432726323e-11,8.78983993523,7.49320221069,n/a,n/a,-1,9.549e-14,3.247e-14,-1.2543977085e-06,n/a,1.150e-14,4.893e-14,6.928e-09,2.274e-09,h=0.02:nit=359;h=0.01:nit=687,1.253e-01,1.253e-01,1.000000e+00,7.144e-02,2.274e-09,yes,yes,n/a,report-only (n_tip > 1 at kappa > 1),[axisymmetric critical point; stability NOT COMPUTED (YET)]
CGR,1T,3,24.0,1,0.25,6.19865949078,6.19848830551,0.000171185266353,NOT COMPUTED (YET),NOT COMPUTED (YET),n/a,n/a,-1,1.675e-14,4.421e-14,NOT COMPUTED (YET),n/a,2.318e-14,2.493e-14,0.000e+00,4.985e-10,h=0.02:nit=1494;h=0.01:nit=2858,1.095e-02,1.109e-02,9.999568e-01,6.516e-02,3.755e-09,yes,NOT COMPUTED (YET),n/a,graded,[axisymmetric critical point; stability NOT COMPUTED (YET)]
CGR,1T,3,24.0,1,0.5,7.62651581903,7.62651451177,1.30726057095e-06,12.6825977878,8.61133784545,n/a,n/a,-1,1.131e-14,4.336e-14,5.77584530743e-08,n/a,2.262e-14,2.318e-14,1.875e-08,5.203e-10,h=0.02:nit=290;h=0.01:nit=564,1.022e-02,1.022e-02,9.999998e-01,3.344e-02,3.666e-09,yes,yes,n/a,graded,[axisymmetric critical point; stability NOT COMPUTED (YET)]
CGR,1T,3,24.0,1,1.0,9.42477796077,9.42477795845,2.32088309209e-09,9.31563266036,7.62025998879,n/a,n/a,-1,4.802e-15,3.882e-14,-3.76966254131e-19,n/a,2.205e-14,1.546e-14,1.880e-08,4.953e-10,h=0.02:nit=156;h=0.01:nit=216,2.606e-14,7.036e-15,1.000000e+00,2.884e-14,3.364e-09,no,yes,n/a,graded,[axisymmetric critical point; stability NOT COMPUTED (YET)]
CGR,1T,3,24.0,1,2.0,11.6921984827,11.6921984822,5.13297214196e-10,8.91989081054,7.42433907318,n/a,n/a,-1,4.611e-14,3.657e-14,-1.34954738041e-06,n/a,3.204e-15,2.887e-15,3.036e-08,4.228e-10,h=0.02:nit=309;h=0.01:nit=597,3.518e-02,3.518e-02,1.000000e+00,3.494e-02,2.877e-09,yes,yes,n/a,report-only (n_tip > 1 at kappa > 1),[axisymmetric critical point; stability NOT COMPUTED (YET)]
CGR,1T,3,24.0,1,4.0,14.5350256537,14.5350256534,2.82067080034e-10,8.62994138574,7.27092988557,n/a,n/a,-1,1.288e-13,3.194e-14,-1.41279520522e-06,n/a,2.827e-15,5.011e-14,2.959e-08,3.210e-10,h=0.02:nit=342;h=0.01:nit=624,1.315e-01,1.315e-01,1.000000e+00,7.144e-02,2.274e-09,yes,yes,n/a,report-only (n_tip > 1 at kappa > 1),[axisymmetric critical point; stability NOT COMPUTED (YET)]
CGR,1T,3,4.0,0.5,0.25,5.57756662921,5.31036628307,0.267200346138,NOT COMPUTED (YET),NOT COMPUTED (YET),n/a,n/a,-1,5.195e-15,4.487e-14,NOT COMPUTED (YET),n/a,5.202e-14,2.850e-14,0.000e+00,5.884e-11,h=0.02:nit=6408;h=0.01:nit=11572,1.867e-03,1.287e-02,9.650706e-01,5.081e-02,3.149e-09,yes,NOT COMPUTED (YET),n/a,graded,[axisymmetric critical point; stability NOT COMPUTED (YET)]
CGR,1T,3,4.0,0.5,0.5,7.28684079083,7.26308884919,0.0237519416428,NOT COMPUTED (YET),NOT COMPUTED (YET),n/a,n/a,-1,4.989e-15,5.852e-14,NOT COMPUTED (YET),n/a,5.767e-14,3.254e-14,0.000e+00,7.561e-11,h=0.02:nit=3940;h=0.01:nit=7795,4.180e-03,1.196e-02,9.985615e-01,2.981e-02,3.747e-09,yes,NOT COMPUTED (YET),n/a,graded,[axisymmetric critical point; stability NOT COMPUTED (YET)]
CGR,1T,3,4.0,0.5,1.0,9.42477796077,9.42377447902,0.00100348175067,NOT COMPUTED (YET),NOT COMPUTED (YET),n/a,n/a,-1,5.363e-15,5.508e-14,NOT COMPUTED (YET),n/a,6.861e-14,3.072e-14,0.000e+00,8.291e-11,h=0.02:nit=154;h=0.01:nit=99,4.115e-14,1.300e-14,9.999828e-01,2.073e-14,3.791e-09,no,NOT COMPUTED (YET),n/a,graded,[axisymmetric critical point; stability NOT COMPUTED (YET)]
CGR,1T,3,4.0,0.5,2.0,12.160761597,12.1606350983,0.000126498650289,NOT COMPUTED (YET),NOT COMPUTED (YET),n/a,n/a,-1,8.086e-15,4.756e-14,NOT COMPUTED (YET),n/a,6.898e-14,3.257e-14,0.000e+00,8.134e-11,h=0.02:nit=1267;h=0.01:nit=1416,2.130e-02,3.969e-02,1.000000e+00,3.337e-02,3.443e-09,yes,NOT COMPUTED (YET),n/a,report-only (n_tip > 1 at kappa > 1),[axisymmetric critical point; stability NOT COMPUTED (YET)]
CGR,1T,3,4.0,0.5,4.0,15.6785846842,15.6785402607,4.44234832926e-05,NOT COMPUTED (YET),NOT COMPUTED (YET),n/a,n/a,-1,2.193e-14,4.160e-14,NOT COMPUTED (YET),n/a,6.371e-14,3.399e-14,0.000e+00,6.760e-11,h=0.02:nit=1196;h=0.01:nit=1441,8.622e-02,1.426e-01,1.000000e+00,6.921e-02,2.826e-09,yes,NOT COMPUTED (YET),n/a,report-only (n_tip > 1 at kappa > 1),[axisymmetric critical point; stability NOT COMPUTED (YET)]
CGR,1T,3,4.0,0.6,0.25,5.65102429403,5.3325824256,0.318441868426,NOT COMPUTED (YET),NOT COMPUTED (YET),n/a,n/a,-1,3.384e-15,3.689e-14,NOT COMPUTED (YET),n/a,4.354e-14,2.609e-14,0.000e+00,8.700e-10,h=0.02:nit=4249;h=0.01:nit=7939,1.978e-03,1.276e-02,9.485386e-01,5.081e-02,3.149e-09,yes,NOT COMPUTED (YET),n/a,graded,[axisymmetric critical point; stability NOT COMPUTED (YET)]
CGR,1T,3,4.0,0.6,0.5,7.34069006726,7.30597262624,0.0347174410257,NOT COMPUTED (YET),NOT COMPUTED (YET),n/a,n/a,-1,2.758e-15,4.651e-14,NOT COMPUTED (YET),n/a,4.938e-14,2.674e-14,0.000e+00,1.007e-09,h=0.02:nit=3712;h=0.01:nit=7241,4.628e-03,1.177e-02,9.972895e-01,2.981e-02,3.747e-09,yes,NOT COMPUTED (YET),n/a,graded,[axisymmetric critical point; stability NOT COMPUTED (YET)]
CGR,1T,3,4.0,0.6,1.0,9.42477796077,9.4228067539,0.00197120687176,NOT COMPUTED (YET),NOT COMPUTED (YET),n/a,n/a,-1,2.949e-15,4.519e-14,NOT COMPUTED (YET),n/a,5.730e-14,2.639e-14,0.000e+00,1.011e-09,h=0.02:nit=155;h=0.01:nit=132,3.435e-14,8.729e-15,9.999532e-01,2.073e-14,3.791e-09,no,NOT COMPUTED (YET),n/a,graded,[axisymmetric critical point; stability NOT COMPUTED (YET)]
CGR,1T,3,4.0,0.6,2.0,12.065139303,12.0648489546,0.000290348386416,NOT COMPUTED (YET),NOT COMPUTED (YET),n/a,n/a,-1,1.084e-14,4.250e-14,NOT COMPUTED (YET),n/a,5.843e-14,2.650e-14,0.000e+00,9.256e-10,h=0.02:nit=1708;h=0.01:nit=3367,2.342e-02,3.862e-02,9.999998e-01,3.337e-02,3.443e-09,yes,NOT COMPUTED (YET),n/a,report-only (n_tip > 1 at kappa > 1),[axisymmetric critical point; stability NOT COMPUTED (YET)]
CGR,1T,3,4.0,0.6,4.0,15.4288383517,15.4287246061,0.00011374558325,NOT COMPUTED (YET),NOT COMPUTED (YET),n/a,n/a,-1,3.048e-14,3.679e-14,NOT COMPUTED (YET),n/a,5.617e-14,2.798e-14,0.000e+00,7.755e-10,h=0.02:nit=1945;h=0.01:nit=2524,9.436e-02,1.380e-01,1.000000e+00,6.921e-02,2.826e-09,yes,NOT COMPUTED (YET),n/a,report-only (n_tip > 1 at kappa > 1),[axisymmetric critical point; stability NOT COMPUTED (YET)]
CGR,1T,3,4.0,0.7,0.25,5.71628341732,5.34903391292,0.367249504404,NOT COMPUTED (YET),NOT COMPUTED (YET),n/a,n/a,-1,1.861e-16,3.148e-14,NOT COMPUTED (YET),n/a,3.638e-14,2.439e-14,0.000e+00,1.259e-10,h=0.02:nit=4269;h=0.01:nit=8136,2.052e-03,1.267e-02,9.305851e-01,5.081e-02,3.149e-09,yes,NOT COMPUTED (YET),n/a,graded,[axisymmetric critical point; stability NOT COMPUTED (YET)]
CGR,1T,3,4.0,0.7,0.5,7.38905781679,7.34228035076,0.0467774660293,NOT COMPUTED (YET),NOT COMPUTED (YET),n/a,n/a,-1,2.391e-15,4.077e-14,NOT COMPUTED (YET),n/a,4.260e-14,2.236e-14,0.000e+00,1.637e-10,h=0.02:nit=3229;h=0.01:nit=5945,5.044e-03,1.160e-02,9.955804e-01,2.981e-02,3.747e-09,yes,NOT COMPUTED (YET),n/a,graded,[axisymmetric critical point; stability NOT COMPUTED (YET)]
CGR,1T,3,4.0,0.7,1.0,9.42477796077,9.42144201891,0.00333594185777,NOT COMPUTED (YET),NOT COMPUTED (YET),n/a,n/a,-1,1.356e-15,3.872e-14,NOT COMPUTED (YET),n/a,4.825e-14,2.224e-14,0.000e+00,1.775e-10,h=0.02:nit=145;h=0.01:nit=162,2.939e-14,6.675e-15,9.998985e-01,2.073e-14,3.791e-09,no,NOT COMPUTED (YET),n/a,graded,[axisymmetric critical point; stability NOT COMPUTED (YET)]
CGR,1T,3,4.0,0.7,2.0,11.9799060252,11.9793505073,0.0005555179526,NOT COMPUTED (YET),NOT COMPUTED (YET),n/a,n/a,-1,1.399e-14,3.637e-14,NOT COMPUTED (YET),n/a,5.013e-14,2.239e-14,0.000e+00,1.675e-10,h=0.02:nit=1804;h=0.01:nit=3659,2.538e-02,3.763e-02,9.999995e-01,3.337e-02,3.443e-09,yes,NOT COMPUTED (YET),n/a,report-only (n_tip > 1 at kappa > 1),[axisymmetric critical point; stability NOT COMPUTED (YET)]
CGR,1T,3,4.0,0.7,4.0,15.2076372366,15.2074008161,0.000236420568641,NOT COMPUTED (YET),NOT COMPUTED (YET),n/a,n/a,-1,4.409e-14,3.189e-14,NOT COMPUTED (YET),n/a,4.900e-14,2.418e-14,0.000e+00,1.368e-10,h=0.02:nit=1597;h=0.01:nit=2916,1.018e-01,1.337e-01,1.000000e+00,6.921e-02,2.826e-09,yes,NOT COMPUTED (YET),n/a,report-only (n_tip > 1 at kappa > 1),[axisymmetric critical point; stability NOT COMPUTED (YET)]
CGR,1T,3,4.0,0.8,0.25,5.77487659555,5.36088525161,0.413991343947,NOT COMPUTED (YET),NOT COMPUTED (YET),n/a,n/a,-1,2.529e-15,2.773e-14,NOT COMPUTED (YET),n/a,3.110e-14,2.015e-14,0.000e+00,1.718e-10,h=0.02:nit=4174;h=0.01:nit=7250,2.092e-03,1.258e-02,9.117766e-01,5.081e-02,3.149e-09,yes,NOT COMPUTED (YET),n/a,graded,[axisymmetric critical point; stability NOT COMPUTED (YET)]
CGR,1T,3,4.0,0.8,0.5,7.43304156168,7.37342700037,0.0596145613041,NOT COMPUTED (YET),NOT COMPUTED (YET),n/a,n/a,-1,2.376e-15,4.059e-14,NOT COMPUTED (YET),n/a,3.638e-14,2.294e-14,0.000e+00,2.269e-10,h=0.02:nit=3304;h=0.01:nit=5950,5.436e-03,1.144e-02,9.934627e-01,2.981e-02,3.747e-09,yes,NOT COMPUTED (YET),n/a,graded,[axisymmetric critical point; stability NOT COMPUTED (YET)]
CGR,1T,3,4.0,0.8,1.0,9.42477796077,9.41967627631,0.0051016844598,NOT COMPUTED (YET),NOT COMPUTED (YET),n/a,n/a,-1,1.372e-15,3.500e-14,NOT COMPUTED (YET),n/a,4.109e-14,2.167e-14,0.000e+00,2.392e-10,h=0.02:nit=148;h=0.01:nit=213,2.560e-14,6.231e-15,9.998112e-01,2.073e-14,3.791e-09,no,NOT COMPUTED (YET),n/a,graded,[axisymmetric critical point; stability NOT COMPUTED (YET)]
CGR,1T,3,4.0,0.8,2.0,11.9029131213,11.9019740159,0.000939105384646,NOT COMPUTED (YET),NOT COMPUTED (YET),n/a,n/a,-1,2.009e-14,3.277e-14,NOT COMPUTED (YET),n/a,4.373e-14,2.119e-14,0.000e+00,2.236e-10,h=0.02:nit=1785;h=0.01:nit=3334,2.719e-02,3.671e-02,9.999987e-01,3.337e-02,3.443e-09,yes,NOT COMPUTED (YET),n/a,report-only (n_tip > 1 at kappa > 1),[axisymmetric critical point; stability NOT COMPUTED (YET)]
CGR,1T,3,4.0,0.8,4.0,15.0089877944,15.0085612362,0.000426558148389,NOT COMPUTED (YET),NOT COMPUTED (YET),n/a,n/a,-1,6.166e-14,2.909e-14,NOT COMPUTED (YET),n/a,4.260e-14,3.125e-14,0.000e+00,1.817e-10,h=0.02:nit=1463;h=0.01:nit=3241,1.086e-01,1.298e-01,1.000000e+00,6.921e-02,2.826e-09,yes,NOT COMPUTED (YET),n/a,report-only (n_tip > 1 at kappa > 1),[axisymmetric critical point; stability NOT COMPUTED (YET)]
CGR,1T,3,4.0,0.9,0.25,5.82788887837,5.36892270919,0.458966169178,NOT COMPUTED (YET),NOT COMPUTED (YET),n/a,n/a,-1,3.932e-15,2.517e-14,NOT COMPUTED (YET),n/a,2.733e-14,1.707e-14,0.000e+00,2.254e-10,h=0.02:nit=3554;h=0.01:nit=5286,2.100e-03,1.250e-02,8.925211e-01,5.081e-02,3.149e-09,yes,NOT COMPUTED (YET),n/a,graded,[axisymmetric critical point; stability NOT COMPUTED (YET)]
CGR,1T,3,4.0,0.9,0.5,7.47340897365,7.40041943045,0.0729895431986,NOT COMPUTED (YET),NOT COMPUTED (YET),n/a,n/a,-1,4.904e-15,3.093e-14,NOT COMPUTED (YET),n/a,2.544e-14,1.878e-14,0.000e+00,2.892e-10,h=0.02:nit=2447;h=0.01:nit=4385,5.806e-03,1.129e-02,9.909776e-01,2.981e-02,3.747e-09,yes,NOT COMPUTED (YET),n/a,graded,[axisymmetric critical point; stability NOT COMPUTED (YET)]
CGR,1T,3,4.0,0.9,1.0,9.42477796077,9.41752196911,0.00725599166016,NOT COMPUTED (YET),NOT COMPUTED (YET),n/a,n/a,-1,4.955e-15,3.585e-14,NOT COMPUTED (YET),n/a,3.619e-14,2.111e-14,0.000e+00,3.104e-10,h=0.02:nit=153;h=0.01:nit=204,4.154e-14,9.881e-15,9.996850e-01,2.073e-14,3.791e-09,no,NOT COMPUTED (YET),n/a,graded,[axisymmetric critical point; stability NOT COMPUTED (YET)]
CGR,1T,3,4.0,0.9,2.0,11.8326599779,11.831207281,0.00145269685911,NOT COMPUTED (YET),NOT COMPUTED (YET),n/a,n/a,-1,2.794e-14,3.038e-14,NOT COMPUTED (YET),n/a,3.901e-14,2.027e-14,0.000e+00,2.898e-10,h=0.02:nit=1460;h=0.01:nit=2830,2.890e-02,3.585e-02,9.999971e-01,3.337e-02,3.443e-09,yes,NOT COMPUTED (YET),n/a,report-only (n_tip > 1 at kappa > 1),[axisymmetric critical point; stability NOT COMPUTED (YET)]
CGR,1T,3,4.0,0.9,4.0,14.8287092908,14.8280137902,0.000695500591773,NOT COMPUTED (YET),NOT COMPUTED (YET),n/a,n/a,-1,8.528e-14,2.687e-14,NOT COMPUTED (YET),n/a,3.694e-14,4.516e-14,0.000e+00,2.341e-10,h=0.02:nit=1610;h=0.01:nit=2749,1.150e-01,1.262e-01,1.000000e+00,6.921e-02,2.826e-09,yes,NOT COMPUTED (YET),n/a,report-only (n_tip > 1 at kappa > 1),[axisymmetric critical point; stability NOT COMPUTED (YET)]
CGR,1T,3,4.0,1,0.25,5.87612867331,5.3737178948,0.502410778514,NOT COMPUTED (YET),NOT COMPUTED (YET),n/a,n/a,-1,5.088e-15,2.318e-14,NOT COMPUTED (YET),n/a,2.375e-14,1.391e-14,0.000e+00,3.149e-09,h=0.02:nit=2569;h=0.01:nit=6308,2.079e-03,1.242e-02,8.731104e-01,5.081e-02,3.149e-09,yes,NOT COMPUTED (YET),n/a,graded,[axisymmetric critical point; stability NOT COMPUTED (YET)]
CGR,1T,3,4.0,1,0.5,7.51072290259,7.42400060806,0.086722294533,NOT COMPUTED (YET),NOT COMPUTED (YET),n/a,n/a,-1,7.857e-15,2.793e-14,NOT COMPUTED (YET),n/a,1.998e-14,2.010e-14,0.000e+00,3.747e-09,h=0.02:nit=2077;h=0.01:nit=4663,6.157e-03,1.114e-02,9.881709e-01,2.981e-02,3.747e-09,yes,NOT COMPUTED (YET),n/a,graded,[axisymmetric critical point; stability NOT COMPUTED (YET)]
CGR,1T,3,4.0,1,1.0,9.42477796077,9.4150013414,0.00977661936803,NOT COMPUTED (YET),NOT COMPUTED (YET),n/a,n/a,-1,7.076e-15,3.501e-14,NOT COMPUTED (YET),n/a,3.223e-14,1.866e-14,0.000e+00,3.791e-09,h=0.02:nit=150;h=0.01:nit=203,3.754e-14,1.223e-14,9.995155e-01,2.073e-14,3.791e-09,no,NOT COMPUTED (YET),n/a,graded,[axisymmetric critical point; stability NOT COMPUTED (YET)]
CGR,1T,3,4.0,1,2.0,11.7680483478,11.7659452766,0.00210307120683,NOT COMPUTED (YET),NOT COMPUTED (YET),n/a,n/a,-1,4.128e-14,3.297e-14,NOT COMPUTED (YET),n/a,3.543e-14,1.811e-14,0.000e+00,3.443e-09,h=0.02:nit=1192;h=0.01:nit=2498,3.051e-02,3.504e-02,9.999943e-01,3.337e-02,3.443e-09,yes,NOT COMPUTED (YET),n/a,report-only (n_tip > 1 at kappa > 1),[axisymmetric critical point; stability NOT COMPUTED (YET)]
CGR,1T,3,4.0,1,4.0,14.663746272,14.6626946363,0.00105163565524,NOT COMPUTED (YET),NOT COMPUTED (YET),n/a,n/a,-1,1.174e-13,2.877e-14,NOT COMPUTED (YET),n/a,3.393e-14,5.948e-14,0.000e+00,2.826e-09,h=0.02:nit=1202;h=0.01:nit=2670,1.210e-01,1.228e-01,1.000000e+00,6.921e-02,2.826e-09,yes,NOT COMPUTED (YET),n/a,report-only (n_tip > 1 at kappa > 1),[axisymmetric critical point; stability NOT COMPUTED (YET)]
CGR,1T,3,99.0,0.5,0.25,5.8280711555,5.8280711555,1.4942371669e-14,19.1998059706,17.2933044953,n/a,n/a,-1,4.133e-15,1.028e-13,5.77213631242e-07,n/a,4.486e-14,3.353e-14,2.179e-08,8.452e-10,h=0.02:nit=735;h=0.01:nit=1369,8.190e-03,1.185e-02,1.000000e+00,6.669e-02,3.847e-09,yes,yes,n/a,graded,[axisymmetric critical point; stability NOT COMPUTED (YET)]
CGR,1T,3,99.0,0.5,0.5,7.38561326993,7.38561326993,5.84142694092e-21,14.3407180776,13.5354059283,n/a,n/a,-1,7.821e-15,8.949e-14,7.65276421148e-07,n/a,4.561e-14,3.415e-14,2.454e-08,7.941e-10,h=0.02:nit=577;h=0.01:nit=1125,7.472e-03,1.108e-02,1.000000e+00,3.396e-02,3.678e-09,yes,yes,n/a,graded,[axisymmetric critical point; stability NOT COMPUTED (YET)]
CGR,1T,3,99.0,0.5,1.0,9.42477796077,9.42477796077,8.55838544387e-30,10.8142598861,10.4663598559,n/a,n/a,-1,1.057e-14,7.210e-14,-1.41685211227e-18,n/a,2.356e-14,3.411e-14,5.175e-08,7.159e-10,h=0.02:nit=311;h=0.01:nit=212,5.593e-14,1.686e-14,1.000000e+00,3.034e-14,3.326e-09,no,yes,n/a,graded,[axisymmetric critical point; stability NOT COMPUTED (YET)]
CGR,1T,3,99.0,0.5,2.0,12.0899615502,12.0899615502,1.25096576125e-30,10.219312795,9.92542456563,n/a,n/a,-1,1.408e-14,5.542e-14,-8.79278625689e-07,n/a,7.539e-15,3.423e-14,7.299e-08,6.168e-10,h=0.02:nit=623;h=0.01:nit=1261,2.561e-02,3.774e-02,1.000000e+00,3.520e-02,2.815e-09,yes,yes,n/a,report-only (n_tip > 1 at kappa > 1),[axisymmetric critical point; stability NOT COMPUTED (YET)]
CGR,1T,3,99.0,0.5,4.0,15.5543770994,15.5543770994,4.8851494014e-31,9.76381854091,9.50730764973,n/a,n/a,-1,2.322e-14,4.628e-14,-8.53610841918e-07,n/a,9.424e-16,3.552e-14,4.461e-08,5.038e-10,h=0.02:nit=707;h=0.01:nit=1413,9.650e-02,1.371e-01,1.000000e+00,7.183e-02,2.207e-09,yes,yes,n/a,report-only (n_tip > 1 at kappa > 1),[axisymmetric critical point; stability NOT COMPUTED (YET)]
CGR,1T,3,99.0,0.6,0.25,5.92709026923,5.92709026923,2.47216036282e-13,18.5194143931,16.4736595744,n/a,n/a,-1,4.039e-17,8.987e-14,7.49623145613e-07,n/a,4.128e-14,3.102e-14,3.615e-08,1.805e-10,h=0.02:nit=584;h=0.01:nit=1334,9.060e-03,1.165e-02,1.000000e+00,6.669e-02,3.847e-09,yes,yes,n/a,graded,[axisymmetric critical point; stability NOT COMPUTED (YET)]
CGR,1T,3,99.0,0.6,0.5,7.44782704091,7.44782704091,3.45266095206e-19,13.7758911811,12.9208395521,n/a,n/a,-1,3.847e-15,7.925e-14,1.02656228982e-06,n/a,4.015e-14,2.957e-14,4.319e-08,1.839e-10,h=0.02:nit=521;h=0.01:nit=1005,8.235e-03,1.084e-02,1.000000e+00,3.396e-02,3.678e-09,yes,yes,n/a,graded,[axisymmetric critical point; stability NOT COMPUTED (YET)]
CGR,1T,3,99.0,0.6,1.0,9.42477796077,9.42477796077,2.93118030694e-27,10.3462109283,9.98097566408,n/a,n/a,-1,1.029e-14,6.526e-14,-9.79927530901e-19,n/a,2.167e-14,2.921e-14,1.109e-08,1.725e-10,h=0.02:nit=263;h=0.01:nit=345,4.670e-14,1.575e-14,1.000000e+00,3.034e-14,3.326e-09,no,yes,n/a,graded,[axisymmetric critical point; stability NOT COMPUTED (YET)]
CGR,1T,3,99.0,0.6,2.0,11.9897006593,11.9897006593,4.81078429037e-28,9.81599880529,9.50375292207,n/a,n/a,-1,2.042e-14,5.402e-14,-1.19849158288e-06,n/a,7.162e-15,3.022e-14,2.324e-08,1.469e-10,h=0.02:nit=544;h=0.01:nit=1222,2.803e-02,3.656e-02,1.000000e+00,3.520e-02,2.815e-09,yes,yes,n/a,report-only (n_tip > 1 at kappa > 1),[axisymmetric critical point; stability NOT COMPUTED (YET)]
CGR,1T,3,99.0,0.6,4.0,15.2974633213,15.2974633213,2.07353094855e-28,9.41329980809,9.13771496263,n/a,n/a,-1,3.930e-14,4.747e-14,-1.16837301783e-06,n/a,1.885e-16,3.193e-14,6.189e-08,1.129e-10,h=0.02:nit=683;h=0.01:nit=1410,1.052e-01,1.323e-01,1.000000e+00,7.183e-02,2.207e-09,yes,yes,n/a,report-only (n_tip > 1 at kappa > 1),[axisymmetric critical point; stability NOT COMPUTED (YET)]
CGR,1T,3,99.0,0.7,0.25,6.01658246613,6.01658246612,2.19270302578e-12,17.9838309976,15.8057659139,n/a,n/a,-1,3.133e-15,7.828e-14,9.2667641296e-07,n/a,3.487e-14,2.982e-14,2.630e-08,2.515e-10,h=0.02:nit=551;h=0.01:nit=974,9.876e-03,1.146e-02,1.000000e+00,6.669e-02,3.847e-09,yes,yes,n/a,graded,[axisymmetric critical point; stability NOT COMPUTED (YET)]
CGR,1T,3,99.0,0.7,0.5,7.50380432532,7.50380432532,8.23619185861e-18,13.3311004717,12.4286682846,n/a,n/a,-1,1.251e-15,6.944e-14,1.31243709812e-06,n/a,3.487e-14,2.793e-14,2.927e-08,2.568e-10,h=0.02:nit=479;h=0.01:nit=887,8.944e-03,1.061e-02,1.000000e+00,3.396e-02,3.678e-09,yes,yes,n/a,graded,[axisymmetric critical point; stability NOT COMPUTED (YET)]
CGR,1T,3,99.0,0.7,1.0,9.42477796077,9.42477796077,2.886297153e-25,9.97796391612,9.5961027434,n/a,n/a,-1,8.196e-15,5.889e-14,-3.25291035365e-19,n/a,1.847e-14,2.488e-14,3.700e-08,2.409e-10,h=0.02:nit=230;h=0.01:nit=314,3.962e-14,1.309e-14,1.000000e+00,3.034e-14,3.326e-09,no,yes,n/a,graded,[axisymmetric critical point; stability NOT COMPUTED (YET)]
CGR,1T,3,99.0,0.7,2.0,11.9004250517,11.9004250517,5.27928483774e-26,9.49772051672,9.16802579248,n/a,n/a,-1,2.421e-14,4.951e-14,-1.55630183783e-06,n/a,4.900e-15,2.567e-14,5.333e-09,2.046e-10,h=0.02:nit=501;h=0.01:nit=1059,3.024e-02,3.549e-02,1.000000e+00,3.520e-02,2.815e-09,yes,yes,n/a,report-only (n_tip > 1 at kappa > 1),[axisymmetric critical point; stability NOT COMPUTED (YET)]
CGR,1T,3,99.0,0.7,4.0,15.0701327731,15.0701327731,2.47070937797e-26,9.13560333689,8.84196848448,n/a,n/a,-1,5.394e-14,4.300e-14,-1.5224043011e-06,n/a,3.770e-16,2.687e-14,5.071e-08,1.563e-10,h=0.02:nit=622;h=0.01:nit=1210,1.131e-01,1.279e-01,1.000000e+00,7.183e-02,2.207e-09,yes,yes,n/a,report-only (n_tip > 1 at kappa > 1),[axisymmetric critical point; stability NOT COMPUTED (YET)]
CGR,1T,3,99.0,0.8,0.25,6.0984745708,6.09847457079,1.27500653111e-11,17.5470512605,15.2425145127,n/a,n/a,-1,8.322e-15,6.786e-14,1.10428688174e-06,n/a,3.016e-14,3.000e-14,1.862e-08,3.002e-09,h=0.02:nit=468;h=0.01:nit=915,1.065e-02,1.128e-02,1.000000e+00,6.669e-02,3.847e-09,yes,yes,n/a,graded,[axisymmetric critical point; stability NOT COMPUTED (YET)]
CGR,1T,3,99.0,0.8,0.5,7.55481790922,7.55481790922,1.06297301797e-16,12.9681046612,12.0203329832,n/a,n/a,-1,4.773e-15,6.075e-14,1.61966623342e-06,n/a,3.016e-14,2.727e-14,2.441e-08,2.871e-09,h=0.02:nit=446;h=0.01:nit=848,9.611e-03,1.040e-02,1.000000e+00,3.396e-02,3.678e-09,yes,yes,n/a,graded,[axisymmetric critical point; stability NOT COMPUTED (YET)]
CGR,1T,3,99.0,0.8,1.0,9.42477796077,9.42477796077,1.16887263397e-23,9.67765402192,9.27981911662,n/a,n/a,-1,5.118e-15,5.238e-14,3.35808951535e-18,n/a,1.715e-14,2.054e-14,2.338e-08,2.600e-09,h=0.02:nit=225;h=0.01:nit=316,3.381e-14,1.088e-14,1.000000e+00,3.034e-14,3.326e-09,no,yes,n/a,graded,[axisymmetric critical point; stability NOT COMPUTED (YET)]
CGR,1T,3,99.0,0.8,2.0,11.8198455563,11.8198455563,2.32208152486e-24,9.23742261013,8.89106279028,n/a,n/a,-1,2.954e-14,4.510e-14,-1.95023634912e-06,n/a,4.900e-15,2.179e-14,4.384e-08,2.209e-09,h=0.02:nit=466;h=0.01:nit=957,3.228e-02,3.451e-02,1.000000e+00,3.520e-02,2.815e-09,yes,yes,n/a,report-only (n_tip > 1 at kappa > 1),[axisymmetric critical point; stability NOT COMPUTED (YET)]
CGR,1T,3,99.0,0.8,4.0,14.8661372567,14.8661372567,1.16231874847e-24,8.90766663721,8.59684331826,n/a,n/a,-1,7.334e-14,3.919e-14,-1.91328014949e-06,n/a,7.539e-16,3.477e-14,2.171e-08,1.743e-09,h=0.02:nit=517;h=0.01:nit=1117,1.204e-01,1.238e-01,1.000000e+00,7.183e-02,2.207e-09,yes,yes,n/a,report-only (n_tip > 1 at kappa > 1),[axisymmetric critical point; stability NOT COMPUTED (YET)]
CGR,1T,3,99.0,0.9,0.25,6.17411339187,6.17411339182,5.48337700007e-11,17.1813592823,14.7553514718,n/a,n/a,-1,1.316e-14,5.886e-14,1.27887919223e-06,n/a,2.526e-14,3.050e-14,3.587e-09,3.847e-09,h=0.02:nit=464;h=0.01:nit=810,1.138e-02,1.138e-02,1.000000e+00,6.669e-02,3.847e-09,yes,yes,n/a,graded,[axisymmetric critical point; stability NOT COMPUTED (YET)]
CGR,1T,3,99.0,0.9,0.5,7.6017567517,7.6017567517,8.8471778968e-16,12.6638890517,11.6725597389,n/a,n/a,-1,8.274e-15,5.377e-14,1.94537879797e-06,n/a,2.488e-14,2.816e-14,3.997e-08,3.678e-09,h=0.02:nit=419;h=0.01:nit=780,1.024e-02,1.024e-02,1.000000e+00,3.396e-02,3.678e-09,yes,yes,n/a,graded,[axisymmetric critical point; stability NOT COMPUTED (YET)]
CGR,1T,3,99.0,0.9,1.0,9.42477796077,9.42477796077,2.50737144574e-22,9.42612014182,9.01290241621,n/a,n/a,-1,4.592e-15,4.588e-14,5.36666879034e-18,n/a,1.414e-14,1.866e-14,2.792e-08,3.326e-09,h=0.02:nit=212;h=0.01:nit=323,3.067e-14,8.840e-15,1.000000e+00,3.034e-14,3.326e-09,no,yes,n/a,graded,[axisymmetric critical point; stability NOT COMPUTED (YET)]
CGR,1T,3,99.0,0.9,2.0,11.7463657811,11.7463657811,5.33317868019e-23,9.01881579727,8.65647412473,n/a,n/a,-1,3.557e-14,4.176e-14,-2.3781057666e-06,n/a,4.147e-15,1.784e-14,4.269e-08,2.815e-09,h=0.02:nit=479;h=0.01:nit=857,3.419e-02,3.419e-02,1.000000e+00,3.520e-02,2.815e-09,yes,yes,n/a,report-only (n_tip > 1 at kappa > 1),[axisymmetric critical point; stability NOT COMPUTED (YET)]
CGR,1T,3,99.0,0.9,4.0,14.6811240358,14.6811240358,2.8211503268e-23,8.71558433819,8.38831164212,n/a,n/a,-1,9.740e-14,3.581e-14,-2.33884477907e-06,n/a,1.696e-15,4.864e-14,1.161e-08,2.207e-09,h=0.02:nit=492;h=0.01:nit=950,1.271e-01,1.271e-01,1.000000e+00,7.183e-02,2.207e-09,yes,yes,n/a,report-only (n_tip > 1 at kappa > 1),[axisymmetric critical point; stability NOT COMPUTED (YET)]
CGR,1T,3,99.0,1,0.25,6.24448563283,6.24448563264,1.88427735572e-10,16.8689104321,14.3257797077,n/a,n/a,-1,2.002e-14,5.224e-14,1.44729580302e-06,n/a,2.224e-14,3.030e-14,4.198e-08,5.372e-10,h=0.02:nit=470;h=0.01:nit=775,1.209e-02,1.209e-02,1.000000e+00,6.669e-02,3.847e-09,yes,yes,n/a,graded,[axisymmetric critical point; stability NOT COMPUTED (YET)]
CGR,1T,3,99.0,1,0.5,7.64527161177,7.64527161177,5.31403435328e-15,12.4036477263,11.3703321432,n/a,n/a,-1,1.307e-14,4.780e-14,2.28698657969e-06,n/a,2.167e-14,2.765e-14,4.097e-08,5.509e-10,h=0.02:nit=364;h=0.01:nit=844,1.084e-02,1.084e-02,1.000000e+00,3.396e-02,3.678e-09,yes,yes,n/a,graded,[axisymmetric critical point; stability NOT COMPUTED (YET)]
CGR,1T,3,99.0,1,1.0,9.42477796077,9.42477796077,3.35435200275e-21,9.21104483719,8.78297859449,n/a,n/a,-1,4.465e-15,4.281e-14,1.53624821283e-18,n/a,1.150e-14,1.715e-14,4.699e-08,5.164e-10,h=0.02:nit=207;h=0.01:nit=275,2.838e-14,7.563e-15,1.000000e+00,3.034e-14,3.326e-09,no,yes,n/a,graded,[axisymmetric critical point; stability NOT COMPUTED (YET)]
CGR,1T,3,99.0,1,2.0,11.6788190477,11.6788190477,7.55691479082e-22,8.83141821033,8.45369667622,n/a,n/a,-1,4.764e-14,3.999e-14,-2.83794230667e-06,n/a,9.801e-15,2.890e-15,2.080e-08,4.355e-10,h=0.02:nit=448;h=0.01:nit=864,3.598e-02,3.598e-02,1.000000e+00,3.520e-02,2.815e-09,yes,yes,n/a,report-only (n_tip > 1 at kappa > 1),[axisymmetric critical point; stability NOT COMPUTED (YET)]
CGR,1T,3,99.0,1,4.0,14.5119158619,14.5119158619,4.18678455953e-22,8.55039541245,8.2073175028,n/a,n/a,-1,1.313e-13,3.520e-14,-2.7971501745e-06,n/a,1.527e-14,4.982e-14,3.214e-08,3.277e-10,h=0.02:nit=523;h=0.01:nit=984,1.334e-01,1.334e-01,1.000000e+00,7.183e-02,2.207e-09,yes,yes,n/a,report-only (n_tip > 1 at kappa > 1),[axisymmetric critical point; stability NOT COMPUTED (YET)]
CGR,1T,4,1.0,0.5,0.25,6.28318530718,3.14159265359,3.14159265359,NOT COMPUTED (YET),NOT COMPUTED (YET),n/a,n/a,-1,7.889e-31,6.937e-18,NOT COMPUTED (YET),n/a,3.704e-14,1.883e-13,0.000e+00,4.760e-13,h=0.02:nit=8491;h=0.01:nit=10476,3.123e-15,3.123e-15,2.159456e-45,NOT COMPUTED (YET),4.369e-12,n/a (set has a normal-state row),NOT COMPUTED (YET),n/a,graded,[axisymmetric critical point; stability NOT COMPUTED (YET)]
CGR,1T,4,1.0,0.5,0.5,9.32058151876,6.07997864042,3.24060287834,NOT COMPUTED (YET),NOT COMPUTED (YET),n/a,n/a,-1,2.265e-15,5.546e-14,NOT COMPUTED (YET),n/a,3.590e-14,2.154e-14,0.000e+00,3.565e-10,h=0.02:nit=5981;h=0.01:nit=12038,7.542e-03,1.581e-02,7.799256e-01,NOT COMPUTED (YET),3.565e-10,n/a (set has a normal-state row),NOT COMPUTED (YET),n/a,graded,[axisymmetric critical point; stability NOT COMPUTED (YET)]
CGR,1T,4,1.0,0.5,1.0,12.5663706144,11.8184076949,0.747962919456,NOT COMPUTED (YET),NOT COMPUTED (YET),n/a,n/a,-1,8.219e-16,4.218e-14,NOT COMPUTED (YET),n/a,5.541e-14,2.375e-14,0.000e+00,6.954e-10,h=0.02:nit=201;h=0.01:nit=243,2.462e-14,8.549e-15,9.935394e-01,1.583e-14,6.954e-10,no,NOT COMPUTED (YET),n/a,graded,[axisymmetric critical point; stability NOT COMPUTED (YET)]
CGR,1T,4,1.0,0.5,2.0,16.5540815354,16.4621172134,0.0919643219348,NOT COMPUTED (YET),NOT COMPUTED (YET),n/a,n/a,-1,5.063e-15,4.040e-14,NOT COMPUTED (YET),n/a,6.234e-14,2.275e-14,0.000e+00,7.971e-10,h=0.02:nit=3851;h=0.01:nit=7636,1.067e-02,4.486e-02,9.999143e-01,2.680e-02,7.971e-10,yes,NOT COMPUTED (YET),n/a,report-only (n_tip > 1 at kappa > 1),[axisymmetric critical point; stability NOT COMPUTED (YET)]
CGR,1T,4,1.0,0.5,4.0,21.6546857333,21.6348287362,0.0198569971064,NOT COMPUTED (YET),NOT COMPUTED (YET),n/a,n/a,-1,8.443e-15,3.511e-14,NOT COMPUTED (YET),n/a,6.163e-14,2.362e-14,0.000e+00,7.624e-10,h=0.02:nit=3019;h=0.01:nit=7857,5.742e-02,1.587e-01,9.999996e-01,5.786e-02,7.624e-10,yes,NOT COMPUTED (YET),n/a,report-only (n_tip > 1 at kappa > 1),[axisymmetric critical point; stability NOT COMPUTED (YET)]
CGR,1T,4,1.0,0.6,0.25,6.28318530718,3.14159265359,3.14159265359,NOT COMPUTED (YET),NOT COMPUTED (YET),n/a,n/a,-1,0.000e+00,1.388e-17,NOT COMPUTED (YET),n/a,3.265e-14,4.962e-14,0.000e+00,1.356e-13,h=0.02:nit=6736;h=0.01:nit=10981,4.372e-15,4.372e-15,2.223897e-45,NOT COMPUTED (YET),4.369e-12,n/a (set has a normal-state row),NOT COMPUTED (YET),n/a,graded,[axisymmetric critical point; stability NOT COMPUTED (YET)]
CGR,1T,4,1.0,0.6,0.5,9.34824218168,6.02517166031,3.32307052137,NOT COMPUTED (YET),NOT COMPUTED (YET),n/a,n/a,-1,3.816e-15,5.963e-14,NOT COMPUTED (YET),n/a,3.237e-14,1.729e-14,0.000e+00,6.434e-11,h=0.02:nit=4578;h=0.01:nit=10378,9.152e-03,1.641e-02,7.099544e-01,NOT COMPUTED (YET),3.565e-10,n/a (set has a normal-state row),NOT COMPUTED (YET),n/a,graded,[axisymmetric critical point; stability NOT COMPUTED (YET)]
CGR,1T,4,1.0,0.6,1.0,12.5663706144,11.7519734645,0.814397149878,NOT COMPUTED (YET),NOT COMPUTED (YET),n/a,n/a,-1,2.601e-16,3.723e-14,NOT COMPUTED (YET),n/a,4.735e-14,1.894e-14,0.000e+00,1.029e-10,h=0.02:nit=198;h=0.01:nit=235,1.993e-14,6.023e-15,9.893061e-01,1.583e-14,6.954e-10,no,NOT COMPUTED (YET),n/a,graded,[axisymmetric critical point; stability NOT COMPUTED (YET)]
CGR,1T,4,1.0,0.6,2.0,16.4499484458,16.3274637464,0.122484699455,NOT COMPUTED (YET),NOT COMPUTED (YET),n/a,n/a,-1,3.941e-15,3.885e-14,NOT COMPUTED (YET),n/a,5.216e-14,1.965e-14,0.000e+00,1.295e-10,h=0.02:nit=3506;h=0.01:nit=6819,1.190e-02,4.418e-02,9.997966e-01,2.680e-02,7.971e-10,yes,NOT COMPUTED (YET),n/a,report-only (n_tip > 1 at kappa > 1),[axisymmetric critical point; stability NOT COMPUTED (YET)]
CGR,1T,4,1.0,0.6,4.0,21.3670206455,21.3363493823,0.0306712632687,NOT COMPUTED (YET),NOT COMPUTED (YET),n/a,n/a,-1,1.641e-14,3.762e-14,NOT COMPUTED (YET),n/a,5.287e-14,2.045e-14,0.000e+00,1.304e-10,h=0.02:nit=3416;h=0.01:nit=6814,6.340e-02,1.552e-01,9.999986e-01,5.786e-02,7.624e-10,yes,NOT COMPUTED (YET),n/a,report-only (n_tip > 1 at kappa > 1),[axisymmetric critical point; stability NOT COMPUTED (YET)]
CGR,1T,4,1.0,0.7,0.25,6.28318530718,3.14159265359,3.14159265359,NOT COMPUTED (YET),NOT COMPUTED (YET),n/a,n/a,-1,0.000e+00,1.388e-17,NOT COMPUTED (YET),n/a,3.958e-15,1.474e-13,0.000e+00,3.257e-13,h=0.02:nit=6008;h=0.01:nit=9338,7.799e-15,7.799e-15,2.651530e-84,NOT COMPUTED (YET),4.369e-12,n/a (set has a normal-state row),NOT COMPUTED (YET),n/a,graded,[axisymmetric critical point; stability NOT COMPUTED (YET)]
CGR,1T,4,1.0,0.7,0.5,9.36985583461,5.95380310553,3.41605272908,NOT COMPUTED (YET),NOT COMPUTED (YET),n/a,n/a,-1,2.829e-15,5.538e-14,NOT COMPUTED (YET),n/a,2.403e-14,1.308e-14,0.000e+00,1.028e-10,h=0.02:nit=4432;h=0.01:nit=8809,1.089e-02,1.711e-02,6.393842e-01,NOT COMPUTED (YET),3.565e-10,n/a (set has a normal-state row),NOT COMPUTED (YET),n/a,graded,[axisymmetric critical point; stability NOT COMPUTED (YET)]
CGR,1T,4,1.0,0.7,1.0,12.5663706144,11.6919590069,0.874411607415,NOT COMPUTED (YET),NOT COMPUTED (YET),n/a,n/a,-1,7.569e-16,3.140e-14,NOT COMPUTED (YET),n/a,4.128e-14,1.696e-14,0.000e+00,1.508e-10,h=0.02:nit=226;h=0.01:nit=219,1.747e-14,3.220e-15,9.842340e-01,1.583e-14,6.954e-10,no,NOT COMPUTED (YET),n/a,graded,[axisymmetric critical point; stability NOT COMPUTED (YET)]
CGR,1T,4,1.0,0.7,2.0,16.3565442528,16.2030107495,0.153533503246,NOT COMPUTED (YET),NOT COMPUTED (YET),n/a,n/a,-1,5.116e-15,3.507e-14,NOT COMPUTED (YET),n/a,4.495e-14,1.694e-14,0.000e+00,1.866e-10,h=0.02:nit=2984;h=0.01:nit=5865,1.304e-02,4.354e-02,9.996039e-01,2.680e-02,7.971e-10,yes,NOT COMPUTED (YET),n/a,report-only (n_tip > 1 at kappa > 1),[axisymmetric critical point; stability NOT COMPUTED (YET)]
CGR,1T,4,1.0,0.7,4.0,21.1102218178,21.0670992101,0.0431226076597,NOT COMPUTED (YET),NOT COMPUTED (YET),n/a,n/a,-1,2.105e-14,3.439e-14,NOT COMPUTED (YET),n/a,4.594e-14,1.750e-14,0.000e+00,1.863e-10,h=0.02:nit=3087;h=0.01:nit=6178,6.893e-02,1.519e-01,9.999960e-01,5.786e-02,7.624e-10,yes,NOT COMPUTED (YET),n/a,report-only (n_tip > 1 at kappa > 1),[axisymmetric critical point; stability NOT COMPUTED (YET)]
CGR,1T,4,1.0,0.8,0.25,6.28318530718,3.14159265359,3.14159265359,NOT COMPUTED (YET),NOT COMPUTED (YET),n/a,n/a,-1,6.311e-30,1.387e-17,NOT COMPUTED (YET),n/a,4.382e-15,7.238e-14,0.000e+00,4.369e-12,h=0.02:nit=5229;h=0.01:nit=8012,8.896e-15,8.896e-15,5.438079e-87,NOT COMPUTED (YET),4.369e-12,n/a (set has a normal-state row),NOT COMPUTED (YET),n/a,graded,[axisymmetric critical point; stability NOT COMPUTED (YET)]
CGR,1T,4,1.0,0.8,0.5,9.38653681407,5.86775038083,3.51878643324,NOT COMPUTED (YET),NOT COMPUTED (YET),n/a,n/a,-1,1.049e-15,4.949e-14,NOT COMPUTED (YET),n/a,2.064e-14,1.003e-14,0.000e+00,1.599e-10,h=0.02:nit=3570;h=0.01:nit=7816,1.274e-02,1.794e-02,5.689869e-01,NOT COMPUTED (YET),3.565e-10,n/a (set has a normal-state row),NOT COMPUTED (YET),n/a,graded,[axisymmetric critical point; stability NOT COMPUTED (YET)]
CGR,1T,4,1.0,0.8,1.0,12.5663706144,11.6370653313,0.929305283057,NOT COMPUTED (YET),NOT COMPUTED (YET),n/a,n/a,-1,1.030e-15,2.746e-14,NOT COMPUTED (YET),n/a,3.689e-14,1.626e-14,0.000e+00,2.094e-10,h=0.02:nit=323;h=0.01:nit=243,1.564e-14,2.703e-15,9.785013e-01,1.583e-14,6.954e-10,no,NOT COMPUTED (YET),n/a,graded,[axisymmetric critical point; stability NOT COMPUTED (YET)]
CGR,1T,4,1.0,0.8,2.0,16.2717037975,16.0870980251,0.184605772353,NOT COMPUTED (YET),NOT COMPUTED (YET),n/a,n/a,-1,6.790e-15,3.200e-14,NOT COMPUTED (YET),n/a,3.930e-14,1.485e-14,0.000e+00,2.556e-10,h=0.02:nit=2754;h=0.01:nit=6238,1.412e-02,4.294e-02,9.993251e-01,2.680e-02,7.971e-10,yes,NOT COMPUTED (YET),n/a,report-only (n_tip > 1 at kappa > 1),[axisymmetric critical point; stability NOT COMPUTED (YET)]
CGR,1T,4,1.0,0.8,4.0,20.8779387737,20.8210825169,0.0568562567906,NOT COMPUTED (YET),NOT COMPUTED (YET),n/a,n/a,-1,2.840e-14,3.217e-14,NOT COMPUTED (YET),n/a,4.057e-14,1.531e-14,0.000e+00,2.441e-10,h=0.02:nit=2946;h=0.01:nit=4506,7.408e-02,1.489e-01,9.999911e-01,5.786e-02,7.624e-10,yes,NOT COMPUTED (YET),n/a,report-only (n_tip > 1 at kappa > 1),[axisymmetric critical point; stability NOT COMPUTED (YET)]
CGR,1T,4,1.0,0.9,0.25,6.28318530718,3.14159265359,3.14159265359,NOT COMPUTED (YET),NOT COMPUTED (YET),n/a,n/a,-1,6.311e-30,1.387e-17,NOT COMPUTED (YET),n/a,2.332e-14,1.746e-13,0.000e+00,1.111e-12,h=0.02:nit=3391;h=0.01:nit=7775,8.341e-15,8.341e-15,5.212342e-51,NOT COMPUTED (YET),4.369e-12,n/a (set has a normal-state row),NOT COMPUTED (YET),n/a,graded,[axisymmetric critical point; stability NOT COMPUTED (YET)]
CGR,1T,4,1.0,0.9,0.5,9.39916804632,5.76870076762,3.6304672787,NOT COMPUTED (YET),NOT COMPUTED (YET),n/a,n/a,-1,1.260e-14,8.045e-14,NOT COMPUTED (YET),n/a,1.922e-14,1.039e-14,0.000e+00,2.438e-10,h=0.02:nit=4404;h=0.01:nit=8100,1.469e-02,1.891e-02,4.991747e-01,NOT COMPUTED (YET),3.565e-10,n/a (set has a normal-state row),NOT COMPUTED (YET),n/a,graded,[axisymmetric critical point; stability NOT COMPUTED (YET)]
CGR,1T,4,1.0,0.9,1.0,12.5663706144,11.5863825845,0.979988029817,NOT COMPUTED (YET),NOT COMPUTED (YET),n/a,n/a,-1,1.221e-15,2.909e-14,NOT COMPUTED (YET),n/a,3.223e-14,1.583e-14,0.000e+00,2.795e-10,h=0.02:nit=333;h=0.01:nit=234,3.414e-14,4.940e-15,9.722679e-01,1.583e-14,6.954e-10,no,NOT COMPUTED (YET),n/a,graded,[axisymmetric critical point; stability NOT COMPUTED (YET)]
CGR,1T,4,1.0,0.9,2.0,16.193913079,15.9785259321,0.215387146933,NOT COMPUTED (YET),NOT COMPUTED (YET),n/a,n/a,-1,8.788e-15,2.879e-14,NOT COMPUTED (YET),n/a,3.463e-14,1.404e-14,0.000e+00,3.359e-10,h=0.02:nit=2500;h=0.01:nit=4680,1.514e-02,4.237e-02,9.989541e-01,2.680e-02,7.971e-10,yes,NOT COMPUTED (YET),n/a,report-only (n_tip > 1 at kappa > 1),[axisymmetric critical point; stability NOT COMPUTED (YET)]
CGR,1T,4,1.0,0.9,4.0,20.6657357407,20.5941595145,0.0715762261589,NOT COMPUTED (YET),NOT COMPUTED (YET),n/a,n/a,-1,3.867e-14,2.965e-14,NOT COMPUTED (YET),n/a,3.548e-14,1.771e-14,0.000e+00,3.178e-10,h=0.02:nit=2215;h=0.01:nit=4207,7.893e-02,1.460e-01,9.999828e-01,5.786e-02,7.624e-10,yes,NOT COMPUTED (YET),n/a,report-only (n_tip > 1 at kappa > 1),[axisymmetric critical point; stability NOT COMPUTED (YET)]
CGR,1T,4,1.0,1,0.25,NOT COMPUTED (YET),NOT COMPUTED (YET),NOT COMPUTED (YET),NOT COMPUTED (YET),NOT COMPUTED (YET),NOT COMPUTED (YET),NOT COMPUTED (YET),NOT COMPUTED (YET),n/a (normal state),n/a (normal state),NOT COMPUTED (YET),NOT COMPUTED (YET),n/a (normal state),n/a (normal state),n/a (normal state),n/a (normal state),n/a (normal state),2.082e-17,2.082e-17,0.000000e+00,n/a (normal state),n/a (normal state),n/a (normal state),n/a (normal state),n/a,n/a (normal state),"[normal state: exact solution, linearly stable for B > κ/2, marginal at B = κ/2; whether a vortex branch coexists (κ < 1, subcritical) is NOT COMPUTED (YET)] [by construction; not a test] [Venus 20:44]; normal-state energy (not a vortex value) = 6.28318530718"
CGR,1T,4,1.0,1,0.5,NOT COMPUTED (YET),NOT COMPUTED (YET),NOT COMPUTED (YET),NOT COMPUTED (YET),NOT COMPUTED (YET),NOT COMPUTED (YET),NOT COMPUTED (YET),NOT COMPUTED (YET),n/a (normal state),n/a (normal state),NOT COMPUTED (YET),NOT COMPUTED (YET),n/a (normal state),n/a (normal state),n/a (normal state),n/a (normal state),n/a (normal state),3.125e-02,3.125e-02,0.000000e+00,n/a (normal state),n/a (normal state),n/a (normal state),n/a (normal state),n/a,n/a (normal state),"[normal state: exact solution, linearly stable for B > κ/2, marginal at B = κ/2; whether a vortex branch coexists (κ < 1, subcritical) is NOT COMPUTED (YET)] [by construction; not a test] [Venus 20:44]; normal-state energy (not a vortex value) = 9.42477796077"
CGR,1T,4,1.0,1,1.0,12.5663706144,11.5392430422,1.02712757215,NOT COMPUTED (YET),NOT COMPUTED (YET),n/a,n/a,-1,2.433e-15,2.719e-14,NOT COMPUTED (YET),n/a,2.870e-14,1.555e-14,0.000e+00,3.612e-10,h=0.02:nit=296;h=0.01:nit=237,3.149e-14,6.009e-15,9.656691e-01,1.583e-14,6.954e-10,no,NOT COMPUTED (YET),n/a,graded,[axisymmetric critical point; stability NOT COMPUTED (YET)]
CGR,1T,4,1.0,1,2.0,16.1220623515,15.8763810472,0.245681304228,NOT COMPUTED (YET),NOT COMPUTED (YET),n/a,n/a,-1,1.192e-14,2.686e-14,NOT COMPUTED (YET),n/a,2.997e-14,1.410e-14,0.000e+00,4.293e-10,h=0.02:nit=2084;h=0.01:nit=3972,1.611e-02,4.183e-02,9.984890e-01,2.680e-02,7.971e-10,yes,NOT COMPUTED (YET),n/a,report-only (n_tip > 1 at kappa > 1),[axisymmetric critical point; stability NOT COMPUTED (YET)]
CGR,1T,4,1.0,1,4.0,20.4703658506,20.383325567,0.087040283627,NOT COMPUTED (YET),NOT COMPUTED (YET),n/a,n/a,-1,5.144e-14,2.765e-14,NOT COMPUTED (YET),n/a,3.181e-14,2.464e-14,0.000e+00,4.033e-10,h=0.02:nit=2178;h=0.01:nit=4232,8.350e-02,1.433e-01,9.999699e-01,5.786e-02,7.624e-10,yes,NOT COMPUTED (YET),n/a,report-only (n_tip > 1 at kappa > 1),[axisymmetric critical point; stability NOT COMPUTED (YET)]
CGR,1T,4,24.0,0.5,0.25,7.54283660923,7.54283591677,6.92456111461e-07,20.8278298359,14.0742152643,n/a,n/a,-1,4.606e-15,8.531e-14,1.87583400623e-08,n/a,3.590e-14,2.732e-14,1.758e-08,1.839e-10,h=0.02:nit=385;h=0.01:nit=737,6.329e-03,1.223e-02,9.999999e-01,6.000e-02,6.261e-09,yes,yes,n/a,graded,[axisymmetric critical point; stability NOT COMPUTED (YET)]
CGR,1T,4,24.0,0.5,0.5,9.71134138909,9.71134138882,2.69694923107e-10,15.5025500971,12.579081156,n/a,n/a,-1,2.486e-15,6.368e-14,3.58726892921e-07,n/a,3.633e-14,2.762e-14,3.202e-09,1.915e-10,h=0.02:nit=305;h=0.01:nit=527,6.025e-03,1.153e-02,1.000000e+00,3.057e-02,6.129e-09,yes,yes,n/a,graded,[axisymmetric critical point; stability NOT COMPUTED (YET)]
CGR,1T,4,24.0,0.5,1.0,12.5663706144,12.5663706144,6.2997396336e-15,11.7076728011,10.415453,n/a,n/a,-1,3.600e-16,3.818e-14,1.27118145624e-18,n/a,2.841e-14,2.658e-14,3.397e-08,1.835e-10,h=0.02:nit=171;h=0.01:nit=157,1.449e-14,4.913e-15,1.000000e+00,2.233e-14,5.644e-09,no,yes,n/a,graded,[axisymmetric critical point; stability NOT COMPUTED (YET)]
CGR,1T,4,24.0,0.5,2.0,16.3279243211,16.3279243211,6.9763845849e-16,10.978264457,9.908409202,n/a,n/a,-1,4.170e-15,3.222e-14,-6.67270962316e-07,n/a,2.007e-14,2.198e-14,2.536e-08,1.595e-10,h=0.02:nit=307;h=0.01:nit=674,2.164e-02,3.967e-02,1.000000e+00,3.155e-02,4.853e-09,yes,yes,n/a,report-only (n_tip > 1 at kappa > 1),[axisymmetric critical point; stability NOT COMPUTED (YET)]
CGR,1T,4,24.0,0.5,4.0,21.2661251232,21.2661251232,2.18331899176e-16,10.4174197845,9.50054708398,n/a,n/a,-1,1.140e-14,2.777e-14,-6.69094315295e-07,n/a,1.583e-14,2.322e-14,4.571e-08,1.258e-10,h=0.02:nit=383;h=0.01:nit=786,8.267e-02,1.449e-01,1.000000e+00,6.423e-02,3.866e-09,yes,yes,n/a,report-only (n_tip > 1 at kappa > 1),[axisymmetric critical point; stability NOT COMPUTED (YET)]
CGR,1T,4,24.0,0.6,0.25,7.65654120722,7.65653867606,2.53115718662e-06,20.0998067106,12.9087023627,n/a,n/a,-1,9.839e-16,9.386e-14,-5.8499660499e-08,n/a,2.771e-14,2.250e-14,6.262e-09,1.502e-09,h=0.02:nit=422;h=0.01:nit=619,6.993e-03,1.207e-02,9.999998e-01,6.000e-02,6.261e-09,yes,yes,n/a,graded,[axisymmetric critical point; stability NOT COMPUTED (YET)]
CGR,1T,4,24.0,0.6,0.5,9.78411325522,9.7841132533,1.92506580842e-09,14.8743855406,11.7951211388,n/a,n/a,-1,3.355e-15,7.186e-14,4.18434446526e-07,n/a,2.827e-14,2.378e-14,2.186e-08,1.436e-09,h=0.02:nit=277;h=0.01:nit=494,6.639e-03,1.132e-02,1.000000e+00,3.057e-02,6.129e-09,yes,yes,n/a,graded,[axisymmetric critical point; stability NOT COMPUTED (YET)]
CGR,1T,4,24.0,0.6,1.0,12.5663706144,12.5663706144,1.19250663393e-13,11.179827844,9.83394732091,n/a,n/a,-1,1.132e-15,5.869e-14,-8.21258281307e-19,n/a,2.332e-14,2.149e-14,1.860e-08,1.311e-09,h=0.02:nit=147;h=0.01:nit=242,2.356e-14,5.745e-15,1.000000e+00,2.233e-14,5.644e-09,no,yes,n/a,graded,[axisymmetric critical point; stability NOT COMPUTED (YET)]
CGR,1T,4,24.0,0.6,2.0,16.2074196257,16.2074196257,1.54509763516e-14,10.5265900932,9.39831564879,n/a,n/a,-1,6.524e-15,4.598e-14,-8.69782864388e-07,n/a,1.824e-14,1.885e-14,3.286e-08,1.143e-09,h=0.02:nit=279;h=0.01:nit=552,2.370e-02,3.865e-02,1.000000e+00,3.155e-02,4.853e-09,yes,yes,n/a,report-only (n_tip > 1 at kappa > 1),[axisymmetric critical point; stability NOT COMPUTED (YET)]
CGR,1T,4,24.0,0.6,4.0,20.9535283698,20.9535283698,5.50073278417e-15,10.0280679505,9.0496138751,n/a,n/a,-1,1.897e-14,4.271e-14,-8.78116420953e-07,n/a,1.470e-14,2.001e-14,2.661e-09,9.455e-10,h=0.02:nit=382;h=0.01:nit=638,9.027e-02,1.406e-01,1.000000e+00,6.423e-02,3.866e-09,yes,yes,n/a,report-only (n_tip > 1 at kappa > 1),[axisymmetric critical point; stability NOT COMPUTED (YET)]
CGR,1T,4,24.0,0.7,0.25,7.75969780593,7.75969085504,6.95088620241e-06,NOT COMPUTED (YET),NOT COMPUTED (YET),n/a,n/a,-1,7.363e-16,9.019e-14,NOT COMPUTED (YET),n/a,2.460e-14,2.037e-14,0.000e+00,2.889e-09,h=0.02:nit=351;h=0.01:nit=626,7.614e-03,1.192e-02,9.999992e-01,6.000e-02,6.261e-09,yes,yes,n/a,graded,[axisymmetric critical point; stability NOT COMPUTED (YET)]
CGR,1T,4,24.0,0.7,0.5,9.84989194115,9.84989193226,8.89135089763e-09,14.3837414942,11.1547882483,n/a,n/a,-1,3.305e-15,7.844e-14,4.5907876162e-07,n/a,2.403e-14,2.038e-14,3.995e-08,2.829e-09,h=0.02:nit=263;h=0.01:nit=485,7.209e-03,1.114e-02,1.000000e+00,3.057e-02,6.129e-09,yes,yes,n/a,graded,[axisymmetric critical point; stability NOT COMPUTED (YET)]
CGR,1T,4,24.0,0.7,1.0,12.5663706144,12.5663706144,1.1748030593e-12,10.766420812,9.36836478797,n/a,n/a,-1,6.462e-15,6.326e-14,-4.93516338409e-18,n/a,2.135e-14,1.696e-14,3.745e-08,2.615e-09,h=0.02:nit=157;h=0.01:nit=216,3.775e-14,7.591e-15,1.000000e+00,2.233e-14,5.644e-09,no,yes,n/a,graded,[axisymmetric critical point; stability NOT COMPUTED (YET)]
CGR,1T,4,24.0,0.7,2.0,16.0994658441,16.0994658441,1.71895942237e-13,10.1720260936,8.98781786427,n/a,n/a,-1,1.272e-14,4.634e-14,-1.08093320229e-06,n/a,1.682e-14,1.677e-14,2.467e-08,2.269e-09,h=0.02:nit=272;h=0.01:nit=519,2.559e-02,3.772e-02,1.000000e+00,3.155e-02,4.853e-09,yes,yes,n/a,report-only (n_tip > 1 at kappa > 1),[axisymmetric critical point; stability NOT COMPUTED (YET)]
CGR,1T,4,24.0,0.7,4.0,20.6750069214,20.6750069214,6.75988899399e-14,9.72150182158,8.68452204014,n/a,n/a,-1,2.962e-14,4.124e-14,-1.09785886978e-06,n/a,1.343e-14,1.753e-14,4.545e-08,1.837e-09,h=0.02:nit=317;h=0.01:nit=657,9.720e-02,1.367e-01,1.000000e+00,6.423e-02,3.866e-09,yes,yes,n/a,report-only (n_tip > 1 at kappa > 1),[axisymmetric critical point; stability NOT COMPUTED (YET)]
CGR,1T,4,24.0,0.8,0.25,7.85444333855,7.85442761739,1.57211573373e-05,NOT COMPUTED (YET),NOT COMPUTED (YET),n/a,n/a,-1,2.565e-15,8.276e-14,NOT COMPUTED (YET),n/a,2.403e-14,1.888e-14,0.000e+00,5.213e-10,h=0.02:nit=444;h=0.01:nit=567,8.201e-03,1.177e-02,9.999980e-01,6.000e-02,6.261e-09,yes,yes,n/a,graded,[axisymmetric critical point; stability NOT COMPUTED (YET)]
CGR,1T,4,24.0,0.8,0.5,9.91010409924,9.91010406866,3.0575648183e-08,13.9866594774,10.6135077583,n/a,n/a,-1,2.863e-15,7.388e-14,4.77153739453e-07,n/a,2.262e-14,1.792e-14,2.560e-08,5.438e-10,h=0.02:nit=237;h=0.01:nit=446,7.745e-03,1.096e-02,1.000000e+00,3.057e-02,6.129e-09,yes,yes,n/a,graded,[axisymmetric critical point; stability NOT COMPUTED (YET)]
CGR,1T,4,24.0,0.8,1.0,12.5663706144,12.5663706144,7.43666419432e-12,10.4307925115,8.98211834908,n/a,n/a,-1,9.295e-15,6.134e-14,-2.84178518622e-18,n/a,1.965e-14,1.555e-14,4.452e-08,5.197e-10,h=0.02:nit=166;h=0.01:nit=217,3.375e-14,9.895e-15,1.000000e+00,2.233e-14,5.644e-09,no,yes,n/a,graded,[axisymmetric critical point; stability NOT COMPUTED (YET)]
CGR,1T,4,24.0,0.8,2.0,16.0014628432,16.0014628432,1.19974418549e-12,9.88355177163,8.64563113949,n/a,n/a,-1,2.239e-14,5.036e-14,-1.29674941537e-06,n/a,1.527e-14,1.599e-14,4.376e-08,4.490e-10,h=0.02:nit=268;h=0.01:nit=529,2.735e-02,3.686e-02,1.000000e+00,3.155e-02,4.853e-09,yes,yes,n/a,report-only (n_tip > 1 at kappa > 1),[axisymmetric critical point; stability NOT COMPUTED (YET)]
CGR,1T,4,24.0,0.8,4.0,20.4234318907,20.4234318907,5.10920872613e-13,9.47137587377,8.37847402616,n/a,n/a,-1,4.751e-14,4.605e-14,-1.32424350113e-06,n/a,1.272e-14,1.948e-14,4.927e-08,3.485e-10,h=0.02:nit=286;h=0.01:nit=576,1.036e-01,1.331e-01,1.000000e+00,6.423e-02,3.866e-09,yes,yes,n/a,report-only (n_tip > 1 at kappa > 1),[axisymmetric critical point; stability NOT COMPUTED (YET)]
CGR,1T,4,24.0,0.9,0.25,7.94226955273,7.94223860558,3.0947152184e-05,NOT COMPUTED (YET),NOT COMPUTED (YET),n/a,n/a,-1,5.683e-15,7.528e-14,NOT COMPUTED (YET),n/a,2.149e-14,1.912e-14,0.000e+00,4.993e-09,h=0.02:nit=469;h=0.01:nit=942,8.760e-03,1.163e-02,9.999956e-01,6.000e-02,6.261e-09,yes,yes,n/a,graded,[axisymmetric critical point; stability NOT COMPUTED (YET)]
CGR,1T,4,24.0,0.9,0.5,9.9657450385,9.96574495335,8.51553242327e-08,13.6567211845,10.1442624848,n/a,n/a,-1,2.199e-15,6.726e-14,4.69898787259e-07,n/a,2.092e-14,1.711e-14,1.192e-08,4.888e-09,h=0.02:nit=236;h=0.01:nit=444,8.253e-03,1.079e-02,1.000000e+00,3.057e-02,6.129e-09,yes,yes,n/a,graded,[axisymmetric critical point; stability NOT COMPUTED (YET)]
CGR,1T,4,24.0,0.9,1.0,12.5663706144,12.5663706143,3.43214830813e-11,10.1509221337,8.65314091408,n/a,n/a,-1,9.039e-15,5.728e-14,-8.61202543428e-18,n/a,1.894e-14,1.456e-14,1.486e-08,4.507e-09,h=0.02:nit=146;h=0.01:nit=198,2.938e-14,9.839e-15,1.000000e+00,2.233e-14,5.644e-09,no,yes,n/a,graded,[axisymmetric critical point; stability NOT COMPUTED (YET)]
CGR,1T,4,24.0,0.9,2.0,15.9115984541,15.9115984541,6.00172036794e-12,9.64251603188,8.35286068096,n/a,n/a,-1,2.764e-14,4.880e-14,-1.51376127429e-06,n/a,1.513e-14,1.507e-14,3.750e-08,3.886e-09,h=0.02:nit=255;h=0.01:nit=494,2.899e-02,3.606e-02,1.000000e+00,3.155e-02,4.853e-09,yes,yes,n/a,report-only (n_tip > 1 at kappa > 1),[axisymmetric critical point; stability NOT COMPUTED (YET)]
CGR,1T,4,24.0,0.9,4.0,20.1938376842,20.1938376842,2.72894856535e-12,9.26183053346,8.11525646172,n/a,n/a,-1,6.310e-14,4.344e-14,-1.55368605089e-06,n/a,1.300e-14,2.956e-14,3.791e-09,3.112e-09,h=0.02:nit=292;h=0.01:nit=535,1.095e-01,1.298e-01,1.000000e+00,6.423e-02,3.866e-09,yes,yes,n/a,report-only (n_tip > 1 at kappa > 1),[axisymmetric critical point; stability NOT COMPUTED (YET)]
CGR,1T,4,24.0,1,0.25,8.02426796669,8.02421303431,5.49323760195e-05,NOT COMPUTED (YET),NOT COMPUTED (YET),n/a,n/a,-1,9.489e-15,6.711e-14,NOT COMPUTED (YET),n/a,1.894e-14,1.970e-14,0.000e+00,6.261e-09,h=0.02:nit=842;h=0.01:nit=1119,9.296e-03,1.150e-02,9.999915e-01,6.000e-02,6.261e-09,yes,yes,n/a,graded,[axisymmetric critical point; stability NOT COMPUTED (YET)]
CGR,1T,4,24.0,1,0.5,10.0175425914,10.0175423886,2.02722381152e-07,13.3769565347,9.72954831794,n/a,n/a,-1,6.439e-15,6.097e-14,4.35158095324e-07,n/a,1.937e-14,1.702e-14,1.153e-09,6.129e-09,h=0.02:nit=227;h=0.01:nit=426,8.738e-03,1.064e-02,1.000000e+00,3.057e-02,6.129e-09,yes,yes,n/a,graded,[axisymmetric critical point; stability NOT COMPUTED (YET)]
CGR,1T,4,24.0,1,1.0,12.5663706144,12.5663706142,1.25222735399e-10,9.91266933282,8.36720460144,n/a,n/a,-1,7.487e-15,5.300e-14,6.37270973226e-18,n/a,1.781e-14,1.286e-14,1.687e-08,5.644e-09,h=0.02:nit=152;h=0.01:nit=207,2.595e-14,8.646e-15,1.000000e+00,2.233e-14,5.644e-09,no,yes,n/a,graded,[axisymmetric critical point; stability NOT COMPUTED (YET)]
CGR,1T,4,24.0,1,2.0,15.8285489249,15.8285489249,2.34364274284e-11,9.43693097162,8.09730732204,n/a,n/a,-1,3.290e-14,4.600e-14,-1.72889535179e-06,n/a,1.456e-14,1.324e-14,1.821e-08,4.853e-09,h=0.02:nit=249;h=0.01:nit=498,3.055e-02,3.530e-02,1.000000e+00,3.155e-02,4.853e-09,yes,yes,n/a,report-only (n_tip > 1 at kappa > 1),[axisymmetric critical point; stability NOT COMPUTED (YET)]
CGR,1T,4,24.0,1,4.0,19.9825994906,19.9825994906,1.12594171787e-11,9.08266024472,7.88438332441,n/a,n/a,-1,8.115e-14,4.177e-14,-1.78299633244e-06,n/a,1.244e-14,3.805e-14,3.458e-08,3.866e-09,h=0.02:nit=306;h=0.01:nit=558,1.151e-01,1.267e-01,1.000000e+00,6.423e-02,3.866e-09,yes,yes,n/a,report-only (n_tip > 1 at kappa > 1),[axisymmetric critical point; stability NOT COMPUTED (YET)]
CGR,1T,4,4.0,0.5,0.25,7.29407507577,7.0286373354,0.265437740369,NOT COMPUTED (YET),NOT COMPUTED (YET),n/a,n/a,-1,4.967e-15,7.085e-14,NOT COMPUTED (YET),n/a,3.760e-14,2.387e-14,0.000e+00,9.165e-11,h=0.02:nit=5182;h=0.01:nit=9699,1.668e-03,1.302e-02,9.825397e-01,4.799e-02,1.889e-09,yes,NOT COMPUTED (YET),n/a,graded,[axisymmetric critical point; stability NOT COMPUTED (YET)]
CGR,1T,4,4.0,0.5,0.5,9.61223978778,9.59593350554,0.0163062822372,NOT COMPUTED (YET),NOT COMPUTED (YET),n/a,n/a,-1,1.495e-15,7.020e-14,NOT COMPUTED (YET),n/a,4.212e-14,2.439e-14,0.000e+00,1.230e-10,h=0.02:nit=2524;h=0.01:nit=5850,3.564e-03,1.220e-02,9.995375e-01,2.730e-02,2.243e-09,yes,NOT COMPUTED (YET),n/a,graded,[axisymmetric critical point; stability NOT COMPUTED (YET)]
CGR,1T,4,4.0,0.5,1.0,12.5663706144,12.5659649392,0.000405675175283,NOT COMPUTED (YET),NOT COMPUTED (YET),n/a,n/a,-1,8.066e-16,5.493e-14,NOT COMPUTED (YET),n/a,5.089e-14,2.445e-14,0.000e+00,1.352e-10,h=0.02:nit=98;h=0.01:nit=95,2.580e-14,7.702e-15,9.999971e-01,1.852e-14,2.299e-09,no,NOT COMPUTED (YET),n/a,graded,[axisymmetric critical point; stability NOT COMPUTED (YET)]
CGR,1T,4,4.0,0.5,2.0,16.4001026224,16.4000636548,3.89676015394e-05,NOT COMPUTED (YET),NOT COMPUTED (YET),n/a,n/a,-1,3.575e-15,4.283e-14,NOT COMPUTED (YET),n/a,5.174e-14,2.231e-14,0.000e+00,1.304e-10,h=0.02:nit=353;h=0.01:nit=577,1.834e-02,4.120e-02,1.000000e+00,3.012e-02,2.132e-09,yes,NOT COMPUTED (YET),n/a,report-only (n_tip > 1 at kappa > 1),[axisymmetric critical point; stability NOT COMPUTED (YET)]
CGR,1T,4,4.0,0.5,4.0,21.3938258619,21.3938146573,1.1204590567e-05,NOT COMPUTED (YET),NOT COMPUTED (YET),n/a,n/a,-1,1.028e-14,3.972e-14,NOT COMPUTED (YET),n/a,4.778e-14,2.341e-14,0.000e+00,1.100e-10,h=0.02:nit=444;h=0.01:nit=622,7.470e-02,1.492e-01,1.000000e+00,6.220e-02,1.804e-09,yes,NOT COMPUTED (YET),n/a,report-only (n_tip > 1 at kappa > 1),[axisymmetric critical point; stability NOT COMPUTED (YET)]
CGR,1T,4,4.0,0.6,0.25,7.3827804438,7.06206728409,0.320713159714,NOT COMPUTED (YET),NOT COMPUTED (YET),n/a,n/a,-1,4.746e-15,6.037e-14,NOT COMPUTED (YET),n/a,3.195e-14,2.057e-14,0.000e+00,1.042e-09,h=0.02:nit=4537;h=0.01:nit=8566,1.796e-03,1.293e-02,9.725715e-01,4.799e-02,1.889e-09,yes,NOT COMPUTED (YET),n/a,graded,[axisymmetric critical point; stability NOT COMPUTED (YET)]
CGR,1T,4,4.0,0.6,0.5,9.67649561437,9.65142158713,0.0250740272424,NOT COMPUTED (YET),NOT COMPUTED (YET),n/a,n/a,-1,3.585e-15,6.587e-14,NOT COMPUTED (YET),n/a,3.647e-14,2.019e-14,0.000e+00,1.209e-09,h=0.02:nit=2576;h=0.01:nit=4983,3.943e-03,1.205e-02,9.990313e-01,2.730e-02,2.243e-09,yes,NOT COMPUTED (YET),n/a,graded,[axisymmetric critical point; stability NOT COMPUTED (YET)]
CGR,1T,4,4.0,0.6,1.0,12.5663706144,12.5654898115,0.000880802849463,NOT COMPUTED (YET),NOT COMPUTED (YET),n/a,n/a,-1,6.301e-15,5.842e-14,NOT COMPUTED (YET),n/a,4.368e-14,1.979e-14,0.000e+00,1.215e-09,h=0.02:nit=146;h=0.01:nit=118,3.664e-14,1.027e-14,9.999908e-01,1.852e-14,2.299e-09,no,NOT COMPUTED (YET),n/a,graded,[axisymmetric critical point; stability NOT COMPUTED (YET)]
CGR,1T,4,4.0,0.6,2.0,16.2845690772,16.2844681688,0.000100908482324,NOT COMPUTED (YET),NOT COMPUTED (YET),n/a,n/a,-1,1.003e-14,4.553e-14,NOT COMPUTED (YET),n/a,4.538e-14,1.963e-14,0.000e+00,1.119e-09,h=0.02:nit=686;h=0.01:nit=986,2.017e-02,4.027e-02,1.000000e+00,3.012e-02,2.132e-09,yes,NOT COMPUTED (YET),n/a,report-only (n_tip > 1 at kappa > 1),[axisymmetric critical point; stability NOT COMPUTED (YET)]
CGR,1T,4,4.0,0.6,4.0,21.0891167411,21.0890836729,3.30681985509e-05,NOT COMPUTED (YET),NOT COMPUTED (YET),n/a,n/a,-1,1.790e-14,3.832e-14,NOT COMPUTED (YET),n/a,4.255e-14,2.005e-14,0.000e+00,9.590e-10,h=0.02:nit=525;h=0.01:nit=953,8.182e-02,1.451e-01,1.000000e+00,6.220e-02,1.804e-09,yes,NOT COMPUTED (YET),n/a,report-only (n_tip > 1 at kappa > 1),[axisymmetric critical point; stability NOT COMPUTED (YET)]
CGR,1T,4,4.0,0.7,0.25,7.46241090664,7.08872884403,0.373682062609,NOT COMPUTED (YET),NOT COMPUTED (YET),n/a,n/a,-1,4.314e-15,5.123e-14,NOT COMPUTED (YET),n/a,2.827e-14,1.738e-14,0.000e+00,1.889e-09,h=0.02:nit=3564;h=0.01:nit=6481,1.898e-03,1.284e-02,9.611091e-01,4.799e-02,1.889e-09,yes,NOT COMPUTED (YET),n/a,graded,[axisymmetric critical point; stability NOT COMPUTED (YET)]
CGR,1T,4,4.0,0.7,0.5,9.73452687413,9.69936715368,0.0351597204564,NOT COMPUTED (YET),NOT COMPUTED (YET),n/a,n/a,-1,2.757e-15,5.863e-14,NOT COMPUTED (YET),n/a,3.181e-14,1.861e-14,0.000e+00,2.243e-09,h=0.02:nit=3080;h=0.01:nit=5933,4.295e-03,1.191e-02,9.982852e-01,2.730e-02,2.243e-09,yes,NOT COMPUTED (YET),n/a,graded,[axisymmetric critical point; stability NOT COMPUTED (YET)]
CGR,1T,4,4.0,0.7,1.0,12.5663706144,12.5647582549,0.00161235942651,NOT COMPUTED (YET),NOT COMPUTED (YET),n/a,n/a,-1,5.357e-15,5.427e-14,NOT COMPUTED (YET),n/a,3.930e-14,1.654e-14,0.000e+00,2.299e-09,h=0.02:nit=136;h=0.01:nit=134,3.002e-14,9.409e-15,9.999773e-01,1.852e-14,2.299e-09,no,NOT COMPUTED (YET),n/a,graded,[axisymmetric critical point; stability NOT COMPUTED (YET)]
CGR,1T,4,4.0,0.7,2.0,16.180971891,16.1807597407,0.000212150308722,NOT COMPUTED (YET),NOT COMPUTED (YET),n/a,n/a,-1,1.468e-14,4.671e-14,NOT COMPUTED (YET),n/a,4.057e-14,1.691e-14,0.000e+00,2.132e-09,h=0.02:nit=1146;h=0.01:nit=1692,2.185e-02,3.941e-02,9.999999e-01,3.012e-02,2.132e-09,yes,NOT COMPUTED (YET),n/a,report-only (n_tip > 1 at kappa > 1),[axisymmetric critical point; stability NOT COMPUTED (YET)]
CGR,1T,4,4.0,0.7,4.0,20.8173926991,20.8173158877,7.68113820664e-05,NOT COMPUTED (YET),NOT COMPUTED (YET),n/a,n/a,-1,3.092e-14,4.282e-14,NOT COMPUTED (YET),n/a,3.760e-14,1.809e-14,0.000e+00,1.804e-09,h=0.02:nit=1137;h=0.01:nit=1659,8.833e-02,1.414e-01,1.000000e+00,6.220e-02,1.804e-09,yes,NOT COMPUTED (YET),n/a,report-only (n_tip > 1 at kappa > 1),[axisymmetric critical point; stability NOT COMPUTED (YET)]
CGR,1T,4,4.0,0.8,0.25,7.53469905871,7.11010990081,0.424589157901,NOT COMPUTED (YET),NOT COMPUTED (YET),n/a,n/a,-1,3.835e-15,4.425e-14,NOT COMPUTED (YET),n/a,2.559e-14,1.462e-14,0.000e+00,2.870e-10,h=0.02:nit=4244;h=0.01:nit=6107,1.978e-03,1.276e-02,9.485386e-01,4.799e-02,1.889e-09,yes,NOT COMPUTED (YET),n/a,graded,[axisymmetric critical point; stability NOT COMPUTED (YET)]
CGR,1T,4,4.0,0.8,0.5,9.78758675635,9.74129683499,0.0462899213676,NOT COMPUTED (YET),NOT COMPUTED (YET),n/a,n/a,-1,1.732e-15,5.205e-14,NOT COMPUTED (YET),n/a,2.841e-14,1.724e-14,0.000e+00,3.622e-10,h=0.02:nit=2707;h=0.01:nit=4819,4.628e-03,1.177e-02,9.972895e-01,2.730e-02,2.243e-09,yes,NOT COMPUTED (YET),n/a,graded,[axisymmetric critical point; stability NOT COMPUTED (YET)]
CGR,1T,4,4.0,0.8,1.0,12.5663706144,12.5637423385,0.00262827582901,NOT COMPUTED (YET),NOT COMPUTED (YET),n/a,n/a,-1,4.430e-15,4.887e-14,NOT COMPUTED (YET),n/a,3.520e-14,1.414e-14,0.000e+00,3.964e-10,h=0.02:nit=128;h=0.01:nit=175,2.585e-14,8.091e-15,9.999532e-01,1.852e-14,2.299e-09,no,NOT COMPUTED (YET),n/a,graded,[axisymmetric critical point; stability NOT COMPUTED (YET)]
CGR,1T,4,4.0,0.8,2.0,16.086852404,16.0864652728,0.000387131181889,NOT COMPUTED (YET),NOT COMPUTED (YET),n/a,n/a,-1,1.738e-14,4.434e-14,NOT COMPUTED (YET),n/a,3.704e-14,1.546e-14,0.000e+00,3.755e-10,h=0.02:nit=1380;h=0.01:nit=2450,2.342e-02,3.862e-02,9.999998e-01,3.012e-02,2.132e-09,yes,NOT COMPUTED (YET),n/a,report-only (n_tip > 1 at kappa > 1),[axisymmetric critical point; stability NOT COMPUTED (YET)]
CGR,1T,4,4.0,0.8,4.0,20.5717844689,20.5716328081,0.000151660777667,NOT COMPUTED (YET),NOT COMPUTED (YET),n/a,n/a,-1,4.158e-14,3.979e-14,NOT COMPUTED (YET),n/a,3.506e-14,1.710e-14,0.000e+00,3.099e-10,h=0.02:nit=1420;h=0.01:nit=2617,9.436e-02,1.380e-01,1.000000e+00,6.220e-02,1.804e-09,yes,NOT COMPUTED (YET),n/a,report-only (n_tip > 1 at kappa > 1),[axisymmetric critical point; stability NOT COMPUTED (YET)]
CGR,1T,4,4.0,0.9,0.25,7.60085866845,7.12718608294,0.473672585517,NOT COMPUTED (YET),NOT COMPUTED (YET),n/a,n/a,-1,3.215e-15,3.881e-14,NOT COMPUTED (YET),n/a,2.332e-14,1.192e-14,0.000e+00,3.651e-10,h=0.02:nit=3901;h=0.01:nit=6203,2.037e-03,1.269e-02,9.351727e-01,4.799e-02,1.889e-09,yes,NOT COMPUTED (YET),n/a,graded,[axisymmetric critical point; stability NOT COMPUTED (YET)]
CGR,1T,4,4.0,0.9,0.5,9.83655041752,9.77831213734,0.0582382801827,NOT COMPUTED (YET),NOT COMPUTED (YET),n/a,n/a,-1,5.544e-16,4.530e-14,NOT COMPUTED (YET),n/a,2.601e-14,1.679e-14,0.000e+00,4.744e-10,h=0.02:nit=2454;h=0.01:nit=4936,4.943e-03,1.165e-02,9.960474e-01,2.730e-02,2.243e-09,yes,NOT COMPUTED (YET),n/a,graded,[axisymmetric critical point; stability NOT COMPUTED (YET)]
CGR,1T,4,4.0,0.9,1.0,12.5663706144,12.562427977,0.0039426373871,NOT COMPUTED (YET),NOT COMPUTED (YET),n/a,n/a,-1,4.507e-15,4.457e-14,NOT COMPUTED (YET),n/a,3.181e-14,1.272e-14,0.000e+00,5.166e-10,h=0.02:nit=123;h=0.01:nit=198,2.290e-14,7.341e-15,9.999150e-01,1.852e-14,2.299e-09,no,NOT COMPUTED (YET),n/a,graded,[axisymmetric critical point; stability NOT COMPUTED (YET)]
CGR,1T,4,4.0,0.9,2.0,16.0004953486,15.9998570901,0.000638258447723,NOT COMPUTED (YET),NOT COMPUTED (YET),n/a,n/a,-1,1.822e-14,4.092e-14,NOT COMPUTED (YET),n/a,3.336e-14,1.354e-14,0.000e+00,4.864e-10,h=0.02:nit=1335;h=0.01:nit=2395,2.490e-02,3.787e-02,9.999996e-01,3.012e-02,2.132e-09,yes,NOT COMPUTED (YET),n/a,report-only (n_tip > 1 at kappa > 1),[axisymmetric critical point; stability NOT COMPUTED (YET)]
CGR,1T,4,4.0,0.9,4.0,20.3475030858,20.3472365061,0.000266579728064,NOT COMPUTED (YET),NOT COMPUTED (YET),n/a,n/a,-1,5.441e-14,3.752e-14,NOT COMPUTED (YET),n/a,3.223e-14,2.549e-14,0.000e+00,3.992e-10,h=0.02:nit=1353;h=0.01:nit=2270,9.999e-02,1.348e-01,1.000000e+00,6.220e-02,1.804e-09,yes,NOT COMPUTED (YET),n/a,report-only (n_tip > 1 at kappa > 1),[axisymmetric critical point; stability NOT COMPUTED (YET)]
CGR,1T,4,4.0,1,0.25,7.66178327514,7.14063874259,0.521144532549,NOT COMPUTED (YET),NOT COMPUTED (YET),n/a,n/a,-1,2.202e-15,3.451e-14,NOT COMPUTED (YET),n/a,2.135e-14,1.206e-14,0.000e+00,4.663e-10,h=0.02:nit=3342;h=0.01:nit=5202,2.076e-03,1.262e-02,9.212591e-01,4.799e-02,1.889e-09,yes,NOT COMPUTED (YET),n/a,graded,[axisymmetric critical point; stability NOT COMPUTED (YET)]
CGR,1T,4,4.0,1,0.5,9.88205841567,9.8112378574,0.0708205582698,NOT COMPUTED (YET),NOT COMPUTED (YET),n/a,n/a,-1,2.540e-15,4.017e-14,NOT COMPUTED (YET),n/a,2.361e-14,1.510e-14,0.000e+00,6.037e-10,h=0.02:nit=2131;h=0.01:nit=4338,5.243e-03,1.152e-02,9.945702e-01,2.730e-02,2.243e-09,yes,NOT COMPUTED (YET),n/a,graded,[axisymmetric critical point; stability NOT COMPUTED (YET)]
CGR,1T,4,4.0,1,1.0,12.5663706144,12.5608117228,0.00555889152195,NOT COMPUTED (YET),NOT COMPUTED (YET),n/a,n/a,-1,4.029e-15,3.973e-14,NOT COMPUTED (YET),n/a,2.898e-14,1.159e-14,0.000e+00,6.541e-10,h=0.02:nit=127;h=0.01:nit=192,2.107e-14,6.051e-15,9.998593e-01,1.852e-14,2.299e-09,no,NOT COMPUTED (YET),n/a,graded,[axisymmetric critical point; stability NOT COMPUTED (YET)]
CGR,1T,4,4.0,1,2.0,15.9206465357,15.9196709855,0.000975550210999,NOT COMPUTED (YET),NOT COMPUTED (YET),n/a,n/a,-1,2.328e-14,3.871e-14,NOT COMPUTED (YET),n/a,2.983e-14,1.194e-14,0.000e+00,6.132e-10,h=0.02:nit=1207;h=0.01:nit=2461,2.630e-02,3.716e-02,9.999992e-01,3.012e-02,2.132e-09,yes,NOT COMPUTED (YET),n/a,report-only (n_tip > 1 at kappa > 1),[axisymmetric critical point; stability NOT COMPUTED (YET)]
CGR,1T,4,4.0,1,4.0,20.1410496816,20.1406199775,0.000429704111356,NOT COMPUTED (YET),NOT COMPUTED (YET),n/a,n/a,-1,6.949e-14,3.457e-14,NOT COMPUTED (YET),n/a,2.997e-14,3.334e-14,0.000e+00,4.999e-10,h=0.02:nit=1299;h=0.01:nit=2059,1.053e-01,1.318e-01,1.000000e+00,6.220e-02,1.804e-09,yes,NOT COMPUTED (YET),n/a,report-only (n_tip > 1 at kappa > 1),[axisymmetric critical point; stability NOT COMPUTED (YET)]
CGR,1T,4,99.0,0.5,0.25,7.58167982242,7.58167982242,1.37516025606e-16,20.3884025069,18.6680465841,n/a,n/a,-1,1.243e-15,5.609e-14,6.67630600392e-07,n/a,4.015e-14,3.046e-14,3.470e-08,1.414e-09,h=0.02:nit=644;h=0.01:nit=1353,6.998e-03,1.213e-02,1.000000e+00,6.142e-02,5.135e-09,yes,yes,n/a,graded,[axisymmetric critical point; stability NOT COMPUTED (YET)]
CGR,1T,4,99.0,0.5,0.5,9.7280110684,9.7280110684,5.60256579289e-24,15.327460591,14.5882122712,n/a,n/a,-1,9.550e-16,5.022e-14,8.51511160986e-07,n/a,3.647e-14,3.104e-14,1.889e-09,1.355e-09,h=0.02:nit=548;h=0.01:nit=1047,6.418e-03,1.142e-02,1.000000e+00,3.106e-02,4.924e-09,yes,yes,n/a,graded,[axisymmetric critical point; stability NOT COMPUTED (YET)]
CGR,1T,4,99.0,0.5,1.0,12.5663706144,12.5663706144,1.6794307731e-34,11.6330111143,11.3078030945,n/a,n/a,-1,5.411e-16,4.319e-14,-1.87436681176e-18,n/a,2.064e-14,2.997e-14,4.331e-08,1.238e-09,h=0.02:nit=309;h=0.01:nit=213,1.651e-14,5.260e-15,1.000000e+00,2.248e-14,4.475e-09,no,yes,n/a,graded,[axisymmetric critical point; stability NOT COMPUTED (YET)]
CGR,1T,4,99.0,0.5,2.0,16.3150152952,16.3150152952,1.91501075855e-35,10.922191079,10.6527588871,n/a,n/a,-1,4.254e-15,3.563e-14,-9.58168561954e-07,n/a,8.764e-15,2.308e-14,1.712e-08,1.069e-09,h=0.02:nit=562;h=0.01:nit=1012,2.221e-02,3.941e-02,1.000000e+00,3.180e-02,3.818e-09,yes,yes,n/a,report-only (n_tip > 1 at kappa > 1),[axisymmetric critical point; stability NOT COMPUTED (YET)]
CGR,1T,4,99.0,0.5,4.0,21.2429564369,21.2429564369,6.21562068603e-36,10.3717206083,10.1408381703,n/a,n/a,-1,1.144e-14,3.177e-14,-9.23872876138e-07,n/a,4.948e-15,2.425e-14,3.426e-08,8.696e-10,h=0.02:nit=673;h=0.01:nit=1537,8.408e-02,1.441e-01,1.000000e+00,6.459e-02,3.033e-09,yes,yes,n/a,report-only (n_tip > 1 at kappa > 1),[axisymmetric critical point; stability NOT COMPUTED (YET)]
CGR,1T,4,99.0,0.6,0.25,7.69884030059,7.69884030059,3.4941697942e-15,19.6179711366,17.7841459339,n/a,n/a,-1,6.408e-15,8.497e-14,8.7858132015e-07,n/a,2.813e-14,2.688e-14,2.057e-08,3.047e-10,h=0.02:nit=596;h=0.01:nit=1142,7.729e-03,1.196e-02,1.000000e+00,6.142e-02,5.135e-09,yes,yes,n/a,graded,[axisymmetric critical point; stability NOT COMPUTED (YET)]
CGR,1T,4,99.0,0.6,0.5,9.80213340604,9.80213340604,6.19546859377e-22,14.6878342538,13.9083923141,n/a,n/a,-1,4.002e-15,6.802e-14,1.14665329861e-06,n/a,2.870e-14,2.628e-14,5.189e-08,3.092e-10,h=0.02:nit=471;h=0.01:nit=917,7.066e-03,1.121e-02,1.000000e+00,3.106e-02,4.924e-09,yes,yes,n/a,graded,[axisymmetric critical point; stability NOT COMPUTED (YET)]
CGR,1T,4,99.0,0.6,1.0,12.5663706144,12.5663706144,2.29442629027e-31,11.1021286109,10.7631727339,n/a,n/a,-1,6.992e-16,5.547e-14,6.0186794243e-18,n/a,1.597e-14,2.375e-14,1.358e-08,2.898e-10,h=0.02:nit=281;h=0.01:nit=353,2.238e-14,6.398e-15,1.000000e+00,2.248e-14,4.475e-09,no,yes,n/a,graded,[axisymmetric critical point; stability NOT COMPUTED (YET)]
CGR,1T,4,99.0,0.6,2.0,16.1936448538,16.1936448538,5.1033282597e-32,10.4667860185,10.1824636833,n/a,n/a,-1,5.773e-15,4.487e-14,-1.30671051867e-06,n/a,5.372e-15,1.909e-14,6.975e-08,2.477e-10,h=0.02:nit=469;h=0.01:nit=984,2.431e-02,3.838e-02,1.000000e+00,3.180e-02,3.818e-09,yes,yes,n/a,report-only (n_tip > 1 at kappa > 1),[axisymmetric critical point; stability NOT COMPUTED (YET)]
CGR,1T,4,99.0,0.6,4.0,20.9289597043,20.9289597043,1.26054266999e-32,9.97824158463,9.73171799769,n/a,n/a,-1,1.920e-14,3.973e-14,-1.26543846594e-06,n/a,3.817e-15,2.037e-14,2.663e-08,1.919e-10,h=0.02:nit=625;h=0.01:nit=1260,9.176e-02,1.398e-01,1.000000e+00,6.459e-02,3.033e-09,yes,yes,n/a,report-only (n_tip > 1 at kappa > 1),[axisymmetric critical point; stability NOT COMPUTED (YET)]
CGR,1T,4,99.0,0.7,0.25,7.80514179741,7.80514179741,4.3283890343e-14,19.0125005155,17.0704613212,n/a,n/a,-1,8.063e-16,9.592e-14,1.10157190107e-06,n/a,2.149e-14,2.242e-14,2.695e-08,2.978e-09,h=0.02:nit=507;h=0.01:nit=885,8.414e-03,1.180e-02,1.000000e+00,6.142e-02,5.135e-09,yes,yes,n/a,graded,[axisymmetric critical point; stability NOT COMPUTED (YET)]
CGR,1T,4,99.0,0.7,0.5,9.86912279996,9.86912279996,2.40654036026e-20,14.1852371949,13.3672492807,n/a,n/a,-1,4.736e-15,7.381e-14,1.47217628898e-06,n/a,2.233e-14,2.304e-14,1.661e-08,2.855e-09,h=0.02:nit=408;h=0.01:nit=845,7.669e-03,1.102e-02,1.000000e+00,3.106e-02,4.924e-09,yes,yes,n/a,graded,[axisymmetric critical point; stability NOT COMPUTED (YET)]
CGR,1T,4,99.0,0.7,1.0,12.5663706144,12.5663706144,5.39407922763e-29,10.6853728209,10.3330700791,n/a,n/a,-1,6.346e-16,6.040e-14,5.88210618353e-18,n/a,1.230e-14,1.979e-14,2.611e-08,2.601e-09,h=0.02:nit=266;h=0.01:nit=366,2.112e-14,4.857e-15,1.000000e+00,2.248e-14,4.475e-09,no,yes,n/a,graded,[axisymmetric critical point; stability NOT COMPUTED (YET)]
CGR,1T,4,99.0,0.7,2.0,16.0849375342,16.0849375342,8.21903319698e-30,10.1083751964,9.80980452275,n/a,n/a,-1,1.086e-14,4.663e-14,-1.69833641397e-06,n/a,5.796e-15,1.679e-14,7.035e-08,2.233e-09,h=0.02:nit=465;h=0.01:nit=880,2.624e-02,3.743e-02,1.000000e+00,3.180e-02,3.818e-09,yes,yes,n/a,report-only (n_tip > 1 at kappa > 1),[axisymmetric critical point; stability NOT COMPUTED (YET)]
CGR,1T,4,99.0,0.7,4.0,20.6492389698,20.6492389698,3.26909285035e-30,9.66754203715,9.40615578529,n/a,n/a,-1,2.970e-14,4.372e-14,-1.6506217727e-06,n/a,2.544e-15,1.807e-14,5.858e-08,1.793e-09,h=0.02:nit=539;h=0.01:nit=1046,9.876e-02,1.359e-01,1.000000e+00,6.459e-02,3.033e-09,yes,yes,n/a,report-only (n_tip > 1 at kappa > 1),[axisymmetric critical point; stability NOT COMPUTED (YET)]
CGR,1T,4,99.0,0.8,0.25,7.90278702564,7.90278702564,3.29621336199e-13,18.5194143931,16.4736595744,n/a,n/a,-1,2.990e-15,9.018e-14,1.33266337001e-06,n/a,1.908e-14,2.068e-14,3.616e-08,3.983e-09,h=0.02:nit=424;h=0.01:nit=834,9.060e-03,1.165e-02,1.000000e+00,6.142e-02,5.135e-09,yes,yes,n/a,graded,[axisymmetric critical point; stability NOT COMPUTED (YET)]
CGR,1T,4,99.0,0.8,0.5,9.93043605455,9.93043605455,4.60354707812e-19,13.7758911811,12.9208395521,n/a,n/a,-1,1.137e-15,7.957e-14,1.82499962605e-06,n/a,1.965e-14,1.986e-14,4.318e-08,3.819e-09,h=0.02:nit=374;h=0.01:nit=734,8.235e-03,1.084e-02,1.000000e+00,3.106e-02,4.924e-09,yes,yes,n/a,graded,[axisymmetric critical point; stability NOT COMPUTED (YET)]
CGR,1T,4,99.0,0.8,1.0,12.5663706144,12.5663706144,3.9119497668e-27,10.3462109283,9.98097566408,n/a,n/a,-1,8.055e-15,6.592e-14,2.04424278529e-18,n/a,1.103e-14,1.569e-14,1.109e-08,3.475e-09,h=0.02:nit=243;h=0.01:nit=328,3.617e-14,7.647e-15,1.000000e+00,2.248e-14,4.475e-09,no,yes,n/a,graded,[axisymmetric critical point; stability NOT COMPUTED (YET)]
CGR,1T,4,99.0,0.8,2.0,15.9862675457,15.9862675457,6.4463992604e-28,9.81599880529,9.50375292207,n/a,n/a,-1,1.897e-14,5.025e-14,-2.13065170326e-06,n/a,4.948e-15,1.533e-14,2.324e-08,2.974e-09,h=0.02:nit=455;h=0.01:nit=827,2.803e-02,3.656e-02,1.000000e+00,3.180e-02,3.818e-09,yes,yes,n/a,report-only (n_tip > 1 at kappa > 1),[axisymmetric critical point; stability NOT COMPUTED (YET)]
CGR,1T,4,99.0,0.8,4.0,20.3966177617,20.3966177617,2.75658538666e-28,9.41329980811,9.13771496265,n/a,n/a,-1,4.392e-14,4.381e-14,-2.07710758669e-06,n/a,2.827e-15,1.846e-14,6.189e-08,2.375e-09,h=0.02:nit=501;h=0.01:nit=1087,1.052e-01,1.323e-01,1.000000e+00,6.459e-02,3.033e-09,yes,yes,n/a,report-only (n_tip > 1 at kappa > 1),[axisymmetric critical point; stability NOT COMPUTED (YET)]
CGR,1T,4,99.0,0.9,0.25,7.99331331939,7.99331331939,1.77324854373e-12,18.1070723104,15.9614996847,n/a,n/a,-1,4.431e-15,8.489e-14,1.56837448608e-06,n/a,1.922e-14,1.978e-14,1.124e-09,5.135e-09,h=0.02:nit=438;h=0.01:nit=776,9.676e-03,1.150e-02,1.000000e+00,6.142e-02,5.135e-09,yes,yes,n/a,graded,[axisymmetric critical point; stability NOT COMPUTED (YET)]
CGR,1T,4,99.0,0.9,0.5,9.98708932397,9.98708932397,5.31032495337e-18,13.4334736693,12.5426839724,n/a,n/a,-1,7.428e-16,7.558e-14,2.20239414417e-06,n/a,1.908e-14,1.761e-14,4.024e-08,4.924e-09,h=0.02:nit=366;h=0.01:nit=682,8.771e-03,1.067e-02,1.000000e+00,3.106e-02,4.924e-09,yes,yes,n/a,graded,[axisymmetric critical point; stability NOT COMPUTED (YET)]
CGR,1T,4,99.0,0.9,1.0,12.5663706144,12.5663706144,1.34503833875e-25,10.0626934189,9.68492522429,n/a,n/a,-1,1.012e-14,6.222e-14,8.97395214403e-18,n/a,1.060e-14,1.484e-14,6.933e-08,4.475e-09,h=0.02:nit=209;h=0.01:nit=300,3.214e-14,9.603e-15,1.000000e+00,2.248e-14,4.475e-09,no,yes,n/a,graded,[axisymmetric critical point; stability NOT COMPUTED (YET)]
CGR,1T,4,99.0,0.9,2.0,15.8958051364,15.8958051364,2.40254079045e-26,9.57103655032,9.24562610281,n/a,n/a,-1,2.838e-14,5.121e-14,-2.60155014295e-06,n/a,4.665e-15,1.486e-14,4.875e-08,3.818e-09,h=0.02:nit=417;h=0.01:nit=789,2.970e-02,3.575e-02,1.000000e+00,3.180e-02,3.818e-09,yes,yes,n/a,report-only (n_tip > 1 at kappa > 1),[axisymmetric critical point; stability NOT COMPUTED (YET)]
CGR,1T,4,99.0,0.9,4.0,20.1660980991,20.1660980991,1.10230167483e-26,9.19966471676,8.91045604105,n/a,n/a,-1,6.425e-14,4.706e-14,-2.54284974384e-06,n/a,2.403e-15,2.872e-14,4.576e-08,3.033e-09,h=0.02:nit=469;h=0.01:nit=972,1.112e-01,1.289e-01,1.000000e+00,6.459e-02,3.033e-09,yes,yes,n/a,report-only (n_tip > 1 at kappa > 1),[axisymmetric critical point; stability NOT COMPUTED (YET)]
CGR,1T,4,99.0,1,0.25,8.07784531202,8.07784531201,7.36648243032e-12,17.7551229022,15.5131496439,n/a,n/a,-1,1.160e-14,7.800e-14,1.80559330542e-06,n/a,1.908e-14,1.957e-14,1.843e-08,4.588e-09,h=0.02:nit=381;h=0.01:nit=729,1.027e-02,1.137e-02,1.000000e+00,6.142e-02,5.135e-09,yes,yes,n/a,graded,[axisymmetric critical point; stability NOT COMPUTED (YET)]
CGR,1T,4,99.0,1,0.5,10.0398255452,10.0398255452,4.20541813281e-17,13.1410660954,12.2157265185,n/a,n/a,-1,3.871e-15,6.946e-14,2.60190063831e-06,n/a,1.767e-14,1.769e-14,4.060e-08,4.283e-09,h=0.02:nit=366;h=0.01:nit=678,9.282e-03,1.051e-02,1.000000e+00,3.106e-02,4.924e-09,yes,yes,n/a,graded,[axisymmetric critical point; stability NOT COMPUTED (YET)]
CGR,1T,4,99.0,1,1.0,12.5663706144,12.5663706144,2.68662291516e-24,9.82072241156,9.43079675276,n/a,n/a,-1,1.005e-14,5.819e-14,3.81626442852e-18,n/a,1.004e-14,1.385e-14,1.802e-08,3.831e-09,h=0.02:nit=208;h=0.01:nit=274,2.875e-14,9.603e-15,1.000000e+00,2.248e-14,4.475e-09,no,yes,n/a,graded,[axisymmetric critical point; stability NOT COMPUTED (YET)]
CGR,1T,4,99.0,1,2.0,15.8122139258,15.8122139258,5.13191354842e-25,9.36151853078,9.02340009563,n/a,n/a,-1,3.555e-14,5.051e-14,-3.10914841075e-06,n/a,4.523e-15,1.415e-14,6.635e-09,3.263e-09,h=0.02:nit=375;h=0.01:nit=740,3.128e-02,3.499e-02,1.000000e+00,3.180e-02,3.818e-09,yes,yes,n/a,report-only (n_tip > 1 at kappa > 1),[axisymmetric critical point; stability NOT COMPUTED (YET)]
CGR,1T,4,99.0,1,4.0,19.9540320669,19.9540320669,2.4880946073e-25,9.01643412206,8.71410579564,n/a,n/a,-1,8.442e-14,4.421e-14,-3.04600223901e-06,n/a,2.686e-15,3.881e-14,5.296e-08,2.622e-09,h=0.02:nit=434;h=0.01:nit=843,1.168e-01,1.258e-01,1.000000e+00,6.459e-02,3.033e-09,yes,yes,n/a,report-only (n_tip > 1 at kappa > 1),[axisymmetric critical point; stability NOT COMPUTED (YET)]
CGR,2T,2,1.0,0.5,0.25,NOT COMPUTED (YET),NOT COMPUTED (YET),NOT COMPUTED (YET),NOT COMPUTED (YET),NOT COMPUTED (YET),NOT COMPUTED (YET),NOT COMPUTED (YET),NOT COMPUTED (YET),NOT COMPUTED (YET),NOT COMPUTED (YET),NOT COMPUTED (YET),NOT COMPUTED (YET),NOT COMPUTED (YET),NOT COMPUTED (YET),NOT COMPUTED (YET),NOT COMPUTED (YET),NOT COMPUTED (YET),NOT COMPUTED (YET),NOT COMPUTED (YET),NOT COMPUTED (YET),NOT COMPUTED (YET),NOT COMPUTED (YET),NOT COMPUTED (YET),NOT COMPUTED (YET),NOT COMPUTED (YET),FAILED,"FAILED: failed upstream (row CGR 2T n=2 eps=1 alpha=0.5 stage NC kappa=0.5): not converged (cap hit) at NC kappa=0.5 alpha=0.5 [node cap MAX_NODES = 100000 reached; status 1, max|phi|^2 = 4.174e-07, iterations 5, nodes 59033]"
CGR,2T,2,1.0,0.5,0.5,NOT COMPUTED (YET),NOT COMPUTED (YET),NOT COMPUTED (YET),NOT COMPUTED (YET),NOT COMPUTED (YET),NOT COMPUTED (YET),NOT COMPUTED (YET),NOT COMPUTED (YET),NOT COMPUTED (YET),NOT COMPUTED (YET),NOT COMPUTED (YET),NOT COMPUTED (YET),NOT COMPUTED (YET),NOT COMPUTED (YET),NOT COMPUTED (YET),NOT COMPUTED (YET),NOT COMPUTED (YET),NOT COMPUTED (YET),NOT COMPUTED (YET),NOT COMPUTED (YET),NOT COMPUTED (YET),NOT COMPUTED (YET),NOT COMPUTED (YET),NOT COMPUTED (YET),NOT COMPUTED (YET),FAILED,"FAILED: failed directly: not converged (cap hit) at NC kappa=0.5 alpha=0.5 [node cap MAX_NODES = 100000 reached; status 1, max|phi|^2 = 4.174e-07, iterations 5, nodes 59033]"
CGR,2T,2,1.0,0.5,1.0,6.28318530718,3.14159265359,3.14159265359,NOT COMPUTED (YET),NOT COMPUTED (YET),NOT COMPUTED (YET),NOT COMPUTED (YET),-1,1.395e-18,4.113e-14,NOT COMPUTED (YET),NOT COMPUTED (YET),4.326e-14,3.633e-14,0.000e+00,1.140e-11,h=0.02:nit=232;h=0.01:nit=27,1.677e-13,5.447e-14,7.800889e-01,7.290e-13,9.531e-10,no,NOT COMPUTED (YET),n/a,graded,[axisymmetric critical point; stability NOT COMPUTED (YET)]
CGR,2T,2,1.0,0.5,2.0,7.71359577532,3.85679788766,3.85679788766,NOT COMPUTED (YET),NOT COMPUTED (YET),NOT COMPUTED (YET),NOT COMPUTED (YET),-1,1.775e-18,4.251e-14,NOT COMPUTED (YET),NOT COMPUTED (YET),3.901e-14,2.982e-14,0.000e+00,1.117e-11,h=0.02:nit=786;h=0.01:nit=1389,3.162e-02,3.405e-02,9.568238e-01,3.433e-02,7.069e-10,yes,NOT COMPUTED (YET),n/a,graded,[axisymmetric critical point; stability NOT COMPUTED (YET)]
CGR,2T,2,1.0,0.5,4.0,9.38321642867,4.69160821434,4.69160821434,NOT COMPUTED (YET),NOT COMPUTED (YET),NOT COMPUTED (YET),NOT COMPUTED (YET),-1,0.000e+00,3.481e-14,NOT COMPUTED (YET),NOT COMPUTED (YET),1.173e-14,6.796e-14,0.000e+00,8.136e-12,h=0.02:nit=838;h=0.01:nit=1480,1.389e-01,1.389e-01,9.947711e-01,8.218e-02,4.527e-10,yes,NOT COMPUTED (YET),n/a,graded,[axisymmetric critical point; stability NOT COMPUTED (YET)]
CGR,2T,2,1.0,0.6,0.25,NOT COMPUTED (YET),NOT COMPUTED (YET),NOT COMPUTED (YET),NOT COMPUTED (YET),NOT COMPUTED (YET),NOT COMPUTED (YET),NOT COMPUTED (YET),NOT COMPUTED (YET),NOT COMPUTED (YET),NOT COMPUTED (YET),NOT COMPUTED (YET),NOT COMPUTED (YET),NOT COMPUTED (YET),NOT COMPUTED (YET),NOT COMPUTED (YET),NOT COMPUTED (YET),NOT COMPUTED (YET),NOT COMPUTED (YET),NOT COMPUTED (YET),NOT COMPUTED (YET),NOT COMPUTED (YET),NOT COMPUTED (YET),NOT COMPUTED (YET),NOT COMPUTED (YET),NOT COMPUTED (YET),FAILED,"FAILED: failed upstream (row CGR 2T n=2 eps=1 alpha=0.6 stage NC kappa=0.5): not converged (cap hit) at NC kappa=0.5 alpha=0.6 [node cap MAX_NODES = 100000 reached; status 1, max|phi|^2 = 2.437e-07, iterations 5, nodes 65669]"
CGR,2T,2,1.0,0.6,0.5,NOT COMPUTED (YET),NOT COMPUTED (YET),NOT COMPUTED (YET),NOT COMPUTED (YET),NOT COMPUTED (YET),NOT COMPUTED (YET),NOT COMPUTED (YET),NOT COMPUTED (YET),NOT COMPUTED (YET),NOT COMPUTED (YET),NOT COMPUTED (YET),NOT COMPUTED (YET),NOT COMPUTED (YET),NOT COMPUTED (YET),NOT COMPUTED (YET),NOT COMPUTED (YET),NOT COMPUTED (YET),NOT COMPUTED (YET),NOT COMPUTED (YET),NOT COMPUTED (YET),NOT COMPUTED (YET),NOT COMPUTED (YET),NOT COMPUTED (YET),NOT COMPUTED (YET),NOT COMPUTED (YET),FAILED,"FAILED: failed directly: not converged (cap hit) at NC kappa=0.5 alpha=0.6 [node cap MAX_NODES = 100000 reached; status 1, max|phi|^2 = 2.437e-07, iterations 5, nodes 65669]"
CGR,2T,2,1.0,0.6,1.0,6.28318530718,3.14159265359,3.14159265359,NOT COMPUTED (YET),NOT COMPUTED (YET),NOT COMPUTED (YET),NOT COMPUTED (YET),-1,5.764e-19,3.988e-14,NOT COMPUTED (YET),NOT COMPUTED (YET),2.969e-14,2.714e-14,0.000e+00,3.852e-10,h=0.02:nit=265;h=0.01:nit=187,1.948e-13,5.965e-14,7.553186e-01,7.290e-13,9.531e-10,no,NOT COMPUTED (YET),n/a,graded,[axisymmetric critical point; stability NOT COMPUTED (YET)]
CGR,2T,2,1.0,0.6,2.0,7.64303525558,3.82151762779,3.82151762779,NOT COMPUTED (YET),NOT COMPUTED (YET),NOT COMPUTED (YET),NOT COMPUTED (YET),-1,1.250e-18,3.718e-14,NOT COMPUTED (YET),NOT COMPUTED (YET),2.177e-14,3.905e-14,0.000e+00,3.228e-10,h=0.02:nit=759;h=0.01:nit=1452,3.366e-02,3.366e-02,9.469427e-01,3.433e-02,7.069e-10,yes,NOT COMPUTED (YET),n/a,graded,[axisymmetric critical point; stability NOT COMPUTED (YET)]
CGR,2T,2,1.0,0.6,4.0,9.19001664948,4.59500832474,4.59500832474,NOT COMPUTED (YET),NOT COMPUTED (YET),NOT COMPUTED (YET),NOT COMPUTED (YET),-1,6.926e-18,2.831e-14,NOT COMPUTED (YET),NOT COMPUTED (YET),9.047e-15,1.436e-13,0.000e+00,2.552e-10,h=0.02:nit=783;h=0.01:nit=1505,1.496e-01,1.496e-01,9.926412e-01,8.218e-02,4.527e-10,yes,NOT COMPUTED (YET),n/a,graded,[axisymmetric critical point; stability NOT COMPUTED (YET)]
CGR,2T,2,1.0,0.7,0.25,NOT COMPUTED (YET),NOT COMPUTED (YET),NOT COMPUTED (YET),NOT COMPUTED (YET),NOT COMPUTED (YET),NOT COMPUTED (YET),NOT COMPUTED (YET),NOT COMPUTED (YET),NOT COMPUTED (YET),NOT COMPUTED (YET),NOT COMPUTED (YET),NOT COMPUTED (YET),NOT COMPUTED (YET),NOT COMPUTED (YET),NOT COMPUTED (YET),NOT COMPUTED (YET),NOT COMPUTED (YET),NOT COMPUTED (YET),NOT COMPUTED (YET),NOT COMPUTED (YET),NOT COMPUTED (YET),NOT COMPUTED (YET),NOT COMPUTED (YET),NOT COMPUTED (YET),NOT COMPUTED (YET),FAILED,"FAILED: failed upstream (row CGR 2T n=2 eps=1 alpha=0.7 stage NC kappa=0.5): not converged (cap hit) at NC kappa=0.5 alpha=0.7 [node cap MAX_NODES = 100000 reached; status 1, max|phi|^2 = 1.747e-07, iterations 5, nodes 72309]"
CGR,2T,2,1.0,0.7,0.5,NOT COMPUTED (YET),NOT COMPUTED (YET),NOT COMPUTED (YET),NOT COMPUTED (YET),NOT COMPUTED (YET),NOT COMPUTED (YET),NOT COMPUTED (YET),NOT COMPUTED (YET),NOT COMPUTED (YET),NOT COMPUTED (YET),NOT COMPUTED (YET),NOT COMPUTED (YET),NOT COMPUTED (YET),NOT COMPUTED (YET),NOT COMPUTED (YET),NOT COMPUTED (YET),NOT COMPUTED (YET),NOT COMPUTED (YET),NOT COMPUTED (YET),NOT COMPUTED (YET),NOT COMPUTED (YET),NOT COMPUTED (YET),NOT COMPUTED (YET),NOT COMPUTED (YET),NOT COMPUTED (YET),FAILED,"FAILED: failed directly: not converged (cap hit) at NC kappa=0.5 alpha=0.7 [node cap MAX_NODES = 100000 reached; status 1, max|phi|^2 = 1.747e-07, iterations 5, nodes 72309]"
CGR,2T,2,1.0,0.7,1.0,6.28318530718,3.14159265359,3.14159265359,NOT COMPUTED (YET),NOT COMPUTED (YET),NOT COMPUTED (YET),NOT COMPUTED (YET),-1,1.906e-18,5.925e-14,NOT COMPUTED (YET),NOT COMPUTED (YET),3.251e-14,2.248e-14,0.000e+00,5.114e-10,h=0.02:nit=262;h=0.01:nit=273,1.896e-13,5.873e-14,7.347213e-01,7.290e-13,9.531e-10,no,NOT COMPUTED (YET),n/a,graded,[axisymmetric critical point; stability NOT COMPUTED (YET)]
CGR,2T,2,1.0,0.7,2.0,7.58464836756,3.79232418378,3.79232418378,NOT COMPUTED (YET),NOT COMPUTED (YET),NOT COMPUTED (YET),NOT COMPUTED (YET),-1,1.311e-18,4.323e-14,NOT COMPUTED (YET),NOT COMPUTED (YET),2.304e-14,5.457e-14,0.000e+00,4.159e-10,h=0.02:nit=726;h=0.01:nit=1447,3.537e-02,3.537e-02,9.379198e-01,3.433e-02,7.069e-10,yes,NOT COMPUTED (YET),n/a,graded,[axisymmetric critical point; stability NOT COMPUTED (YET)]
CGR,2T,2,1.0,0.7,4.0,9.02850666897,4.51425333448,4.51425333448,NOT COMPUTED (YET),NOT COMPUTED (YET),NOT COMPUTED (YET),NOT COMPUTED (YET),-1,4.541e-18,2.406e-14,NOT COMPUTED (YET),NOT COMPUTED (YET),7.492e-15,1.938e-13,0.000e+00,3.166e-10,h=0.02:nit=780;h=0.01:nit=1530,1.588e-01,1.588e-01,9.904374e-01,8.218e-02,4.527e-10,yes,NOT COMPUTED (YET),n/a,graded,[axisymmetric critical point; stability NOT COMPUTED (YET)]
CGR,2T,2,1.0,0.8,0.25,NOT COMPUTED (YET),NOT COMPUTED (YET),NOT COMPUTED (YET),NOT COMPUTED (YET),NOT COMPUTED (YET),NOT COMPUTED (YET),NOT COMPUTED (YET),NOT COMPUTED (YET),NOT COMPUTED (YET),NOT COMPUTED (YET),NOT COMPUTED (YET),NOT COMPUTED (YET),NOT COMPUTED (YET),NOT COMPUTED (YET),NOT COMPUTED (YET),NOT COMPUTED (YET),NOT COMPUTED (YET),NOT COMPUTED (YET),NOT COMPUTED (YET),NOT COMPUTED (YET),NOT COMPUTED (YET),NOT COMPUTED (YET),NOT COMPUTED (YET),NOT COMPUTED (YET),NOT COMPUTED (YET),FAILED,"FAILED: failed upstream (row CGR 2T n=2 eps=1 alpha=0.8 stage NC kappa=0.5): not converged (cap hit) at NC kappa=0.5 alpha=0.8 [node cap MAX_NODES = 100000 reached; status 1, max|phi|^2 = 1.340e-07, iterations 5, nodes 78799]"
CGR,2T,2,1.0,0.8,0.5,NOT COMPUTED (YET),NOT COMPUTED (YET),NOT COMPUTED (YET),NOT COMPUTED (YET),NOT COMPUTED (YET),NOT COMPUTED (YET),NOT COMPUTED (YET),NOT COMPUTED (YET),NOT COMPUTED (YET),NOT COMPUTED (YET),NOT COMPUTED (YET),NOT COMPUTED (YET),NOT COMPUTED (YET),NOT COMPUTED (YET),NOT COMPUTED (YET),NOT COMPUTED (YET),NOT COMPUTED (YET),NOT COMPUTED (YET),NOT COMPUTED (YET),NOT COMPUTED (YET),NOT COMPUTED (YET),NOT COMPUTED (YET),NOT COMPUTED (YET),NOT COMPUTED (YET),NOT COMPUTED (YET),FAILED,"FAILED: failed directly: not converged (cap hit) at NC kappa=0.5 alpha=0.8 [node cap MAX_NODES = 100000 reached; status 1, max|phi|^2 = 1.340e-07, iterations 5, nodes 78799]"
CGR,2T,2,1.0,0.8,1.0,6.28318530718,3.14159265359,3.14159265359,NOT COMPUTED (YET),NOT COMPUTED (YET),NOT COMPUTED (YET),NOT COMPUTED (YET),-1,9.071e-19,5.535e-14,NOT COMPUTED (YET),NOT COMPUTED (YET),3.124e-14,1.922e-14,0.000e+00,5.866e-10,h=0.02:nit=278;h=0.01:nit=294,1.771e-13,6.843e-14,7.173056e-01,7.290e-13,9.531e-10,no,NOT COMPUTED (YET),n/a,graded,[axisymmetric critical point; stability NOT COMPUTED (YET)]
CGR,2T,2,1.0,0.8,2.0,7.53552873744,3.76776436872,3.76776436872,NOT COMPUTED (YET),NOT COMPUTED (YET),NOT COMPUTED (YET),NOT COMPUTED (YET),-1,1.367e-18,4.284e-14,NOT COMPUTED (YET),NOT COMPUTED (YET),2.304e-14,6.671e-14,0.000e+00,4.542e-10,h=0.02:nit=727;h=0.01:nit=1352,3.683e-02,3.683e-02,9.296938e-01,3.433e-02,7.069e-10,yes,NOT COMPUTED (YET),n/a,graded,[axisymmetric critical point; stability NOT COMPUTED (YET)]
CGR,2T,2,1.0,0.8,4.0,8.89130485149,4.44565242575,4.44565242575,NOT COMPUTED (YET),NOT COMPUTED (YET),NOT COMPUTED (YET),NOT COMPUTED (YET),-1,2.402e-18,2.085e-14,NOT COMPUTED (YET),NOT COMPUTED (YET),6.502e-15,2.435e-13,0.000e+00,3.266e-10,h=0.02:nit=769;h=0.01:nit=1493,1.667e-01,1.667e-01,9.882172e-01,8.218e-02,4.527e-10,yes,NOT COMPUTED (YET),n/a,graded,[axisymmetric critical point; stability NOT COMPUTED (YET)]
CGR,2T,2,1.0,0.9,0.25,NOT COMPUTED (YET),NOT COMPUTED (YET),NOT COMPUTED (YET),NOT COMPUTED (YET),NOT COMPUTED (YET),NOT COMPUTED (YET),NOT COMPUTED (YET),NOT COMPUTED (YET),NOT COMPUTED (YET),NOT COMPUTED (YET),NOT COMPUTED (YET),NOT COMPUTED (YET),NOT COMPUTED (YET),NOT COMPUTED (YET),NOT COMPUTED (YET),NOT COMPUTED (YET),NOT COMPUTED (YET),NOT COMPUTED (YET),NOT COMPUTED (YET),NOT COMPUTED (YET),NOT COMPUTED (YET),NOT COMPUTED (YET),NOT COMPUTED (YET),NOT COMPUTED (YET),NOT COMPUTED (YET),FAILED,"FAILED: failed upstream (row CGR 2T n=2 eps=1 alpha=0.9 stage NC kappa=0.5): not converged (cap hit) at NC kappa=0.5 alpha=0.9 [node cap MAX_NODES = 100000 reached; status 1, max|phi|^2 = 1.087e-07, iterations 5, nodes 85243]"
CGR,2T,2,1.0,0.9,0.5,NOT COMPUTED (YET),NOT COMPUTED (YET),NOT COMPUTED (YET),NOT COMPUTED (YET),NOT COMPUTED (YET),NOT COMPUTED (YET),NOT COMPUTED (YET),NOT COMPUTED (YET),NOT COMPUTED (YET),NOT COMPUTED (YET),NOT COMPUTED (YET),NOT COMPUTED (YET),NOT COMPUTED (YET),NOT COMPUTED (YET),NOT COMPUTED (YET),NOT COMPUTED (YET),NOT COMPUTED (YET),NOT COMPUTED (YET),NOT COMPUTED (YET),NOT COMPUTED (YET),NOT COMPUTED (YET),NOT COMPUTED (YET),NOT COMPUTED (YET),NOT COMPUTED (YET),NOT COMPUTED (YET),FAILED,"FAILED: failed directly: not converged (cap hit) at NC kappa=0.5 alpha=0.9 [node cap MAX_NODES = 100000 reached; status 1, max|phi|^2 = 1.087e-07, iterations 5, nodes 85243]"
CGR,2T,2,1.0,0.9,1.0,6.28318530718,3.14159265359,3.14159265359,NOT COMPUTED (YET),NOT COMPUTED (YET),NOT COMPUTED (YET),NOT COMPUTED (YET),-1,7.018e-19,4.996e-14,NOT COMPUTED (YET),NOT COMPUTED (YET),3.067e-14,2.658e-14,0.000e+00,7.972e-10,h=0.02:nit=267;h=0.01:nit=339,1.630e-13,7.461e-14,7.023729e-01,7.290e-13,9.531e-10,no,NOT COMPUTED (YET),n/a,graded,[axisymmetric critical point; stability NOT COMPUTED (YET)]
CGR,2T,2,1.0,0.9,2.0,7.49365428165,3.74682714083,3.74682714083,NOT COMPUTED (YET),NOT COMPUTED (YET),NOT COMPUTED (YET),NOT COMPUTED (YET),-1,0.000e+00,4.032e-14,NOT COMPUTED (YET),NOT COMPUTED (YET),2.248e-14,1.314e-13,0.000e+00,6.103e-10,h=0.02:nit=764;h=0.01:nit=1437,3.810e-02,3.810e-02,9.221836e-01,3.433e-02,7.069e-10,yes,NOT COMPUTED (YET),n/a,graded,[axisymmetric critical point; stability NOT COMPUTED (YET)]
CGR,2T,2,1.0,0.9,4.0,8.7732644841,4.38663224205,4.38663224205,NOT COMPUTED (YET),NOT COMPUTED (YET),NOT COMPUTED (YET),NOT COMPUTED (YET),-1,2.527e-18,1.884e-14,NOT COMPUTED (YET),NOT COMPUTED (YET),5.937e-15,3.804e-13,0.000e+00,4.189e-10,h=0.02:nit=803;h=0.01:nit=1577,1.737e-01,1.737e-01,9.860159e-01,8.218e-02,4.527e-10,yes,NOT COMPUTED (YET),n/a,graded,[axisymmetric critical point; stability NOT COMPUTED (YET)]
CGR,2T,2,1.0,1,0.25,NOT COMPUTED (YET),NOT COMPUTED (YET),NOT COMPUTED (YET),NOT COMPUTED (YET),NOT COMPUTED (YET),NOT COMPUTED (YET),NOT COMPUTED (YET),NOT COMPUTED (YET),n/a (normal state),n/a (normal state),NOT COMPUTED (YET),NOT COMPUTED (YET),n/a (normal state),n/a (normal state),n/a (normal state),n/a (normal state),n/a (normal state),0.000e+00,0.000e+00,0.000000e+00,n/a (normal state),n/a (normal state),n/a (normal state),n/a (normal state),n/a,n/a (normal state),"[normal state: exact solution, linearly stable for B > κ/2, marginal at B = κ/2; whether a vortex branch coexists (κ < 1, subcritical) is NOT COMPUTED (YET)] [by construction; not a test] [Venus 20:44]; normal-state energy (not a vortex value) = 3.14159265359"
CGR,2T,2,1.0,1,0.5,NOT COMPUTED (YET),NOT COMPUTED (YET),NOT COMPUTED (YET),NOT COMPUTED (YET),NOT COMPUTED (YET),NOT COMPUTED (YET),NOT COMPUTED (YET),NOT COMPUTED (YET),n/a (normal state),n/a (normal state),NOT COMPUTED (YET),NOT COMPUTED (YET),n/a (normal state),n/a (normal state),n/a (normal state),n/a (normal state),n/a (normal state),3.125e-02,3.125e-02,0.000000e+00,n/a (normal state),n/a (normal state),n/a (normal state),n/a (normal state),n/a,n/a (normal state),"[normal state: exact solution, linearly stable for B > κ/2, marginal at B = κ/2; whether a vortex branch coexists (κ < 1, subcritical) is NOT COMPUTED (YET)] [by construction; not a test] [Venus 20:44]; normal-state energy (not a vortex value) = 4.71238898038"
CGR,2T,2,1.0,1,1.0,6.28318530717,3.14159265359,3.14159265359,NOT COMPUTED (YET),NOT COMPUTED (YET),NOT COMPUTED (YET),NOT COMPUTED (YET),-1,7.186e-19,4.518e-14,NOT COMPUTED (YET),NOT COMPUTED (YET),3.082e-14,7.297e-13,0.000e+00,9.531e-10,h=0.02:nit=281;h=0.01:nit=385,1.500e-13,7.788e-14,6.894170e-01,7.290e-13,9.531e-10,no,NOT COMPUTED (YET),n/a,graded,[axisymmetric critical point; stability NOT COMPUTED (YET)]
CGR,2T,2,1.0,1,2.0,7.45756369995,3.72878184998,3.72878184998,NOT COMPUTED (YET),NOT COMPUTED (YET),NOT COMPUTED (YET),NOT COMPUTED (YET),-1,2.934e-18,3.755e-14,NOT COMPUTED (YET),NOT COMPUTED (YET),2.219e-14,1.350e-12,0.000e+00,7.069e-10,h=0.02:nit=741;h=0.01:nit=1461,3.921e-02,3.921e-02,9.153080e-01,3.433e-02,7.069e-10,yes,NOT COMPUTED (YET),n/a,graded,[axisymmetric critical point; stability NOT COMPUTED (YET)]
CGR,2T,2,1.0,1,4.0,8.67064856176,4.33532428088,4.33532428088,NOT COMPUTED (YET),NOT COMPUTED (YET),NOT COMPUTED (YET),NOT COMPUTED (YET),-1,2.644e-18,1.715e-14,NOT COMPUTED (YET),NOT COMPUTED (YET),5.372e-15,2.301e-12,0.000e+00,4.527e-10,h=0.02:nit=747;h=0.01:nit=1473,1.798e-01,1.798e-01,9.838546e-01,8.218e-02,4.527e-10,yes,NOT COMPUTED (YET),n/a,graded,[axisymmetric critical point; stability NOT COMPUTED (YET)]
CGR,2T,2,24.0,0.5,0.25,4.34721291643,2.17360645821,2.17360645821,NOT COMPUTED (YET),NOT COMPUTED (YET),NOT COMPUTED (YET),NOT COMPUTED (YET),-1,6.989e-18,6.634e-14,NOT COMPUTED (YET),NOT COMPUTED (YET),6.856e-14,7.416e-14,0.000e+00,3.434e-10,h=0.02:nit=940;h=0.01:nit=1825,1.483e-02,1.483e-02,9.975571e-01,8.038e-02,1.280e-09,yes,NOT COMPUTED (YET),n/a,graded,[axisymmetric critical point; stability NOT COMPUTED (YET)]
CGR,2T,2,24.0,0.5,0.5,5.21224142389,2.60612071195,2.60612071195,11.6118444917,9.17275462787,11.6118444917,9.17275462787,-1,1.480e-18,6.531e-14,1.58334295104e-07,1.58334295104e-07,3.025e-14,6.884e-14,2.948e-09,3.256e-10,h=0.02:nit=856;h=0.01:nit=1687,1.328e-02,1.328e-02,9.998929e-01,4.206e-02,1.194e-09,yes,yes,n/a,graded,[axisymmetric critical point; stability NOT COMPUTED (YET)]
CGR,2T,2,24.0,0.5,1.0,6.28318530718,3.14159265359,3.14159265359,8.50276921944,7.51463139189,8.50276921944,7.51463139189,-1,8.124e-19,5.256e-14,-1.19717763744e-18,-2.38996969564e-19,4.622e-14,4.594e-14,3.107e-08,2.906e-10,h=0.02:nit=212;h=0.01:nit=57,1.040e-13,4.796e-14,9.999987e-01,9.868e-13,1.052e-09,no,yes,n/a,graded,[axisymmetric critical point; stability NOT COMPUTED (YET)]
CGR,2T,2,24.0,0.5,2.0,7.60659449926,3.80329724963,3.80329724963,8.21044768342,7.31858192568,8.21044768342,7.31858192568,-1,2.091e-18,4.489e-14,-4.60862997184e-07,-4.60862997184e-07,7.464e-14,2.744e-14,2.566e-08,2.429e-10,h=0.02:nit=869;h=0.01:nit=1676,4.338e-02,4.338e-02,1.000000e+00,4.545e-02,8.532e-10,yes,yes,n/a,graded,[axisymmetric critical point; stability NOT COMPUTED (YET)]
CGR,2T,2,24.0,0.5,4.0,9.22870359743,4.61435179872,4.61435179872,7.99998357322,7.17354945323,7.99998357322,7.17354945323,-1,2.639e-18,3.801e-14,-4.65693755893e-07,-4.65693755892e-07,9.499e-14,8.238e-14,2.705e-08,1.860e-10,h=0.02:nit=1001;h=0.01:nit=1903,1.590e-01,1.590e-01,1.000000e+00,9.397e-02,6.218e-10,yes,yes,n/a,graded,[axisymmetric critical point; stability NOT COMPUTED (YET)]
CGR,2T,2,24.0,0.6,0.25,4.4420387931,2.22101939655,2.22101939655,NOT COMPUTED (YET),NOT COMPUTED (YET),NOT COMPUTED (YET),NOT COMPUTED (YET),-1,3.993e-18,5.145e-14,NOT COMPUTED (YET),NOT COMPUTED (YET),5.004e-14,5.279e-14,0.000e+00,2.265e-11,h=0.02:nit=942;h=0.01:nit=1789,1.651e-02,1.651e-02,9.960358e-01,8.038e-02,1.280e-09,yes,NOT COMPUTED (YET),n/a,graded,[axisymmetric critical point; stability NOT COMPUTED (YET)]
CGR,2T,2,24.0,0.6,0.5,5.26996710901,2.63498355451,2.63498355451,11.2752542881,8.61928220036,11.2752542881,8.61928220036,-1,6.094e-18,5.288e-14,-6.04220647792e-08,-6.04220647793e-08,2.177e-14,4.264e-14,1.585e-08,2.294e-11,h=0.02:nit=847;h=0.01:nit=1714,1.468e-02,1.468e-02,9.997773e-01,4.206e-02,1.194e-09,yes,yes,n/a,graded,[axisymmetric critical point; stability NOT COMPUTED (YET)]
CGR,2T,2,24.0,0.6,1.0,6.28318530718,3.14159265359,3.14159265359,8.20546310953,7.14430965295,8.20546310953,7.14430965295,-1,1.636e-18,4.951e-14,1.05913109327e-18,3.06653569083e-18,4.170e-14,1.824e-14,1.280e-08,2.297e-11,h=0.02:nit=220;h=0.01:nit=34,1.623e-13,5.240e-14,9.999961e-01,9.868e-13,1.052e-09,no,yes,n/a,graded,[axisymmetric critical point; stability NOT COMPUTED (YET)]
CGR,2T,2,24.0,0.6,2.0,7.52089111959,3.76044555979,3.76044555979,7.94807076217,6.98126447685,7.94807076217,6.98126447685,-1,5.189e-18,4.013e-14,-5.91100462108e-07,-5.91100462107e-07,5.824e-14,1.890e-14,4.030e-09,1.795e-11,h=0.02:nit=886;h=0.01:nit=1682,4.723e-02,4.723e-02,1.000000e+00,4.545e-02,8.532e-10,yes,yes,n/a,graded,[axisymmetric critical point; stability NOT COMPUTED (YET)]
CGR,2T,2,24.0,0.6,4.0,9.01998615406,4.50999307703,4.50999307703,7.76495476735,6.86188327873,7.76495476735,6.86188327873,-1,1.723e-18,3.492e-14,-6.00101407404e-07,-6.00101407405e-07,8.326e-14,1.566e-13,1.202e-08,1.310e-11,h=0.02:nit=942;h=0.01:nit=1775,1.718e-01,1.718e-01,1.000000e+00,9.397e-02,6.218e-10,yes,yes,n/a,graded,[axisymmetric critical point; stability NOT COMPUTED (YET)]
CGR,2T,2,24.0,0.7,0.25,4.52541126675,2.26270563338,2.26270563338,NOT COMPUTED (YET),NOT COMPUTED (YET),NOT COMPUTED (YET),NOT COMPUTED (YET),-1,3.313e-19,4.067e-14,NOT COMPUTED (YET),NOT COMPUTED (YET),3.647e-14,5.064e-14,0.000e+00,3.099e-11,h=0.02:nit=855;h=0.01:nit=1770,1.809e-02,1.809e-02,9.942446e-01,8.038e-02,1.280e-09,yes,NOT COMPUTED (YET),n/a,graded,[axisymmetric critical point; stability NOT COMPUTED (YET)]
CGR,2T,2,24.0,0.7,0.5,5.32038024254,2.66019012127,2.66019012127,11.0394728747,8.15743099561,11.0394728748,8.15743099561,-1,7.604e-18,4.111e-14,-8.27601254773e-07,-8.27601254776e-07,1.626e-14,3.522e-14,1.185e-08,3.135e-11,h=0.02:nit=871;h=0.01:nit=1671,1.597e-02,1.597e-02,9.996080e-01,4.206e-02,1.194e-09,yes,yes,n/a,graded,[axisymmetric critical point; stability NOT COMPUTED (YET)]
CGR,2T,2,24.0,0.7,1.0,6.28318530718,3.14159265359,3.14159265359,7.9695135187,6.83986377067,7.9695135187,6.83986377067,-1,1.358e-18,4.686e-14,-1.80039149519e-18,-2.60187115958e-18,3.704e-14,1.371e-14,2.423e-08,2.910e-11,h=0.02:nit=220;h=0.01:nit=272,2.067e-13,6.332e-14,9.999909e-01,9.868e-13,1.052e-09,no,yes,n/a,graded,[axisymmetric critical point; stability NOT COMPUTED (YET)]
CGR,2T,2,24.0,0.7,2.0,7.44730299344,3.72365149672,3.72365149672,7.7387847416,6.70180397556,7.7387847416,6.70180397556,-1,7.391e-19,3.621e-14,-7.20212370856e-07,-7.20212370856e-07,5.103e-14,4.997e-14,2.364e-08,2.409e-11,h=0.02:nit=864;h=0.01:nit=1637,5.068e-02,5.068e-02,1.000000e+00,4.545e-02,8.532e-10,yes,yes,n/a,graded,[axisymmetric critical point; stability NOT COMPUTED (YET)]
CGR,2T,2,24.0,0.7,4.0,8.84256836494,4.42128418247,4.42128418247,7.57635321809,6.60160883546,7.57635321809,6.60160883546,-1,9.920e-18,3.178e-14,-7.34322440245e-07,-7.34322440246e-07,7.732e-14,2.288e-13,3.290e-08,1.732e-11,h=0.02:nit=922;h=0.01:nit=1820,1.830e-01,1.830e-01,1.000000e+00,9.397e-02,6.218e-10,yes,yes,n/a,graded,[axisymmetric critical point; stability NOT COMPUTED (YET)]
CGR,2T,2,24.0,0.8,0.25,4.59969162179,2.2998458109,2.2998458109,NOT COMPUTED (YET),NOT COMPUTED (YET),NOT COMPUTED (YET),NOT COMPUTED (YET),-1,3.085e-18,3.059e-14,NOT COMPUTED (YET),NOT COMPUTED (YET),2.658e-14,5.484e-14,0.000e+00,9.303e-10,h=0.02:nit=871;h=0.01:nit=1714,1.958e-02,1.958e-02,9.922477e-01,8.038e-02,1.280e-09,yes,NOT COMPUTED (YET),n/a,graded,[axisymmetric critical point; stability NOT COMPUTED (YET)]
CGR,2T,2,24.0,0.8,0.5,5.36503168986,2.68251584493,2.68251584493,10.9163272398,7.76345795744,10.9163272398,7.76345795744,-1,4.111e-18,3.352e-14,-2.79253985883e-06,-2.79253985883e-06,1.597e-14,3.626e-14,1.481e-08,8.808e-10,h=0.02:nit=827;h=0.01:nit=1540,1.717e-02,1.717e-02,9.993836e-01,4.206e-02,1.194e-09,yes,yes,n/a,graded,[axisymmetric critical point; stability NOT COMPUTED (YET)]
CGR,2T,2,24.0,0.8,1.0,6.28318530718,3.14159265359,3.14159265359,7.77568422607,6.5812712226,7.77568422607,6.5812712226,-1,8.567e-19,3.969e-14,3.63845018444e-19,7.01661947084e-20,3.746e-14,1.244e-14,1.152e-09,7.824e-10,h=0.02:nit=277;h=0.01:nit=293,2.178e-13,8.386e-14,9.999821e-01,9.868e-13,1.052e-09,no,yes,n/a,graded,[axisymmetric critical point; stability NOT COMPUTED (YET)]
CGR,2T,2,24.0,0.8,2.0,7.38311359105,3.69155679553,3.69155679553,7.56606456861,6.46282822508,7.56606456861,6.46282822508,-1,4.321e-18,3.379e-14,-8.43250055666e-07,-8.43250055668e-07,4.580e-14,8.746e-14,3.536e-08,6.400e-10,h=0.02:nit=832;h=0.01:nit=1651,5.379e-02,5.379e-02,9.999999e-01,4.545e-02,8.532e-10,yes,yes,n/a,graded,[axisymmetric critical point; stability NOT COMPUTED (YET)]
CGR,2T,2,24.0,0.8,4.0,8.68919461453,4.34459730727,4.34459730727,7.41987223972,6.37752969553,7.41987223972,6.37752969553,-1,9.313e-18,2.978e-14,-8.63604495663e-07,-8.63604495665e-07,7.308e-14,2.981e-13,8.491e-09,4.718e-10,h=0.02:nit=860;h=0.01:nit=1781,1.930e-01,1.930e-01,1.000000e+00,9.397e-02,6.218e-10,yes,yes,n/a,graded,[axisymmetric critical point; stability NOT COMPUTED (YET)]
CGR,2T,2,24.0,0.9,0.25,4.66654080206,2.33327040103,2.33327040103,NOT COMPUTED (YET),NOT COMPUTED (YET),NOT COMPUTED (YET),NOT COMPUTED (YET),-1,8.496e-18,2.527e-14,NOT COMPUTED (YET),NOT COMPUTED (YET),2.262e-14,4.777e-14,0.000e+00,1.055e-09,h=0.02:nit=884;h=0.01:nit=1630,2.099e-02,2.099e-02,9.901003e-01,8.038e-02,1.280e-09,yes,NOT COMPUTED (YET),n/a,graded,[axisymmetric critical point; stability NOT COMPUTED (YET)]
CGR,2T,2,24.0,0.9,0.5,5.40500940113,2.70250470057,2.70250470057,11.0283575866,7.42259303221,11.0283575866,7.42259303221,-1,3.543e-18,3.109e-14,-6.97557734187e-06,-6.97557734187e-06,3.534e-15,2.859e-14,2.036e-08,9.889e-10,h=0.02:nit=809;h=0.01:nit=1594,1.830e-02,1.830e-02,9.991054e-01,4.206e-02,1.194e-09,yes,yes,n/a,graded,[axisymmetric critical point; stability NOT COMPUTED (YET)]
CGR,2T,2,24.0,0.9,1.0,6.28318530718,3.14159265359,3.14159265359,7.6123981285,6.35634446222,7.6123981285,6.35634446222,-1,6.920e-19,3.267e-14,-4.50319940244e-18,-8.62668244995e-18,3.859e-14,4.142e-14,1.613e-08,8.731e-10,h=0.02:nit=266;h=0.01:nit=319,2.157e-13,9.986e-14,9.999686e-01,9.868e-13,1.052e-09,no,yes,n/a,graded,[axisymmetric critical point; stability NOT COMPUTED (YET)]
CGR,2T,2,24.0,0.9,2.0,7.32643540489,3.66321770245,3.66321770245,7.41993500441,6.25372302576,7.41993500441,6.25372302576,-1,8.315e-18,2.975e-14,-9.53610253997e-07,-9.53610253997e-07,3.548e-14,1.708e-13,4.486e-09,7.104e-10,h=0.02:nit=825;h=0.01:nit=1574,5.663e-02,5.663e-02,9.999997e-01,4.545e-02,8.532e-10,yes,yes,n/a,graded,[axisymmetric critical point; stability NOT COMPUTED (YET)]
CGR,2T,2,24.0,0.9,4.0,8.55485917685,4.27742958843,4.27742958843,7.28684443783,6.18031631377,7.28684443783,6.18031631377,-1,4.261e-18,2.703e-14,-9.81993822915e-07,-9.81993822915e-07,7.167e-14,4.560e-13,1.927e-08,5.211e-10,h=0.02:nit=859;h=0.01:nit=1717,2.019e-01,2.019e-01,1.000000e+00,9.397e-02,6.218e-10,yes,yes,n/a,graded,[axisymmetric critical point; stability NOT COMPUTED (YET)]
CGR,2T,2,24.0,1,0.25,4.72718173098,2.36359086549,2.36359086549,NOT COMPUTED (YET),NOT COMPUTED (YET),NOT COMPUTED (YET),NOT COMPUTED (YET),-1,1.606e-17,2.243e-14,NOT COMPUTED (YET),NOT COMPUTED (YET),1.018e-14,4.162e-13,0.000e+00,1.280e-09,h=0.02:nit=815;h=0.01:nit=1626,2.233e-02,2.233e-02,9.878475e-01,8.038e-02,1.280e-09,yes,NOT COMPUTED (YET),n/a,graded,[axisymmetric critical point; stability NOT COMPUTED (YET)]
CGR,2T,2,24.0,1,0.5,5.4411117687,2.72055588435,2.72055588435,NOT COMPUTED (YET),NOT COMPUTED (YET),NOT COMPUTED (YET),NOT COMPUTED (YET),-1,4.600e-18,2.596e-14,NOT COMPUTED (YET),NOT COMPUTED (YET),3.817e-15,6.345e-13,0.000e+00,1.194e-09,h=0.02:nit=807;h=0.01:nit=1625,1.937e-02,1.937e-02,9.987765e-01,4.206e-02,1.194e-09,yes,yes,n/a,graded,[axisymmetric critical point; stability NOT COMPUTED (YET)]
CGR,2T,2,24.0,1,1.0,6.28318530717,3.14159265359,3.14159265359,7.47225205754,6.15716884931,7.47225205754,6.15716884931,-1,8.893e-19,3.146e-14,-2.80210289344e-18,-1.84179471492e-18,3.746e-14,9.880e-13,1.238e-08,1.052e-09,h=0.02:nit=270;h=0.01:nit=325,2.087e-13,1.097e-13,9.999498e-01,9.868e-13,1.052e-09,no,yes,n/a,graded,[axisymmetric critical point; stability NOT COMPUTED (YET)]
CGR,2T,2,24.0,1,2.0,7.27589705903,3.63794852952,3.63794852952,7.29399530286,6.06756992013,7.29399530286,6.06756992013,-1,4.434e-19,2.626e-14,-1.04091268548e-06,-1.04091268548e-06,3.195e-14,1.556e-12,1.500e-08,8.532e-10,h=0.02:nit=829;h=0.01:nit=1647,5.923e-02,5.923e-02,9.999994e-01,4.545e-02,8.532e-10,yes,yes,n/a,graded,[axisymmetric critical point; stability NOT COMPUTED (YET)]
CGR,2T,2,24.0,1,4.0,8.43595136014,4.21797568007,4.21797568007,7.17168932421,6.0038601716,7.17168932421,6.0038601716,-1,1.510e-17,2.453e-14,-1.08051508565e-06,-1.08051508565e-06,6.446e-14,2.538e-12,1.512e-08,6.218e-10,h=0.02:nit=842;h=0.01:nit=1688,2.100e-01,2.100e-01,1.000000e+00,9.397e-02,6.218e-10,yes,yes,n/a,graded,[axisymmetric critical point; stability NOT COMPUTED (YET)]
CGR,2T,2,4.0,0.5,0.25,4.13745726284,2.06872863142,2.06872863142,NOT COMPUTED (YET),NOT COMPUTED (YET),NOT COMPUTED (YET),NOT COMPUTED (YET),-1,8.424e-18,5.153e-14,NOT COMPUTED (YET),NOT COMPUTED (YET),1.908e-14,9.424e-14,0.000e+00,3.429e-10,h=0.02:nit=1108;h=0.01:nit=2105,4.127e-03,1.177e-02,6.250052e-01,3.479e-02,1.053e-09,yes,NOT COMPUTED (YET),n/a,graded,[axisymmetric critical point; stability NOT COMPUTED (YET)]
CGR,2T,2,4.0,0.5,0.5,5.16321765444,2.58160882722,2.58160882722,NOT COMPUTED (YET),NOT COMPUTED (YET),NOT COMPUTED (YET),NOT COMPUTED (YET),-1,1.884e-18,5.121e-14,NOT COMPUTED (YET),NOT COMPUTED (YET),5.018e-14,7.707e-14,0.000e+00,3.297e-10,h=0.02:nit=843;h=0.01:nit=1605,1.034e-02,1.034e-02,9.165750e-01,3.483e-02,1.166e-09,yes,NOT COMPUTED (YET),n/a,graded,[axisymmetric critical point; stability NOT COMPUTED (YET)]
CGR,2T,2,4.0,0.5,1.0,6.28318530718,3.14159265359,3.14159265359,NOT COMPUTED (YET),NOT COMPUTED (YET),NOT COMPUTED (YET),NOT COMPUTED (YET),-1,1.016e-18,5.329e-14,NOT COMPUTED (YET),NOT COMPUTED (YET),2.403e-14,3.704e-14,0.000e+00,2.890e-10,h=0.02:nit=209;h=0.01:nit=17,1.311e-13,4.798e-14,9.876162e-01,9.225e-13,9.637e-10,no,NOT COMPUTED (YET),n/a,graded,[axisymmetric critical point; stability NOT COMPUTED (YET)]
CGR,2T,2,4.0,0.5,2.0,7.63408200947,3.81704100473,3.81704100473,NOT COMPUTED (YET),NOT COMPUTED (YET),NOT COMPUTED (YET),NOT COMPUTED (YET),-1,3.934e-20,4.444e-14,NOT COMPUTED (YET),NOT COMPUTED (YET),1.272e-15,3.188e-14,0.000e+00,2.494e-10,h=0.02:nit=787;h=0.01:nit=1474,4.088e-02,4.088e-02,9.990793e-01,4.422e-02,7.885e-10,yes,NOT COMPUTED (YET),n/a,graded,[axisymmetric critical point; stability NOT COMPUTED (YET)]
CGR,2T,2,4.0,0.5,4.0,9.27482817934,4.63741408967,4.63741408967,NOT COMPUTED (YET),NOT COMPUTED (YET),NOT COMPUTED (YET),NOT COMPUTED (YET),-1,1.296e-19,3.706e-14,NOT COMPUTED (YET),NOT COMPUTED (YET),2.219e-14,7.987e-14,0.000e+00,1.958e-10,h=0.02:nit=859;h=0.01:nit=1602,1.535e-01,1.535e-01,9.999681e-01,9.235e-02,5.944e-10,yes,NOT COMPUTED (YET),n/a,graded,[axisymmetric critical point; stability NOT COMPUTED (YET)]
CGR,2T,2,4.0,0.6,0.25,4.1845257329,2.09226286645,2.09226286645,NOT COMPUTED (YET),NOT COMPUTED (YET),NOT COMPUTED (YET),NOT COMPUTED (YET),-1,8.369e-18,6.347e-14,NOT COMPUTED (YET),NOT COMPUTED (YET),1.993e-14,6.049e-14,0.000e+00,1.965e-11,h=0.02:nit=1045;h=0.01:nit=1744,5.240e-03,1.184e-02,5.739489e-01,3.479e-02,1.053e-09,yes,NOT COMPUTED (YET),n/a,graded,[axisymmetric critical point; stability NOT COMPUTED (YET)]
CGR,2T,2,4.0,0.6,0.5,5.21313997854,2.60656998927,2.60656998927,NOT COMPUTED (YET),NOT COMPUTED (YET),NOT COMPUTED (YET),NOT COMPUTED (YET),-1,1.958e-18,4.056e-14,NOT COMPUTED (YET),NOT COMPUTED (YET),3.463e-14,5.435e-14,0.000e+00,1.790e-11,h=0.02:nit=780;h=0.01:nit=1561,1.113e-02,1.113e-02,8.978084e-01,3.483e-02,1.166e-09,yes,NOT COMPUTED (YET),n/a,graded,[axisymmetric critical point; stability NOT COMPUTED (YET)]
CGR,2T,2,4.0,0.6,1.0,6.28318530718,3.14159265359,3.14159265359,NOT COMPUTED (YET),NOT COMPUTED (YET),NOT COMPUTED (YET),NOT COMPUTED (YET),-1,9.578e-19,4.570e-14,NOT COMPUTED (YET),NOT COMPUTED (YET),1.300e-14,2.120e-14,0.000e+00,2.079e-11,h=0.02:nit=212;h=0.01:nit=30,1.943e-13,6.206e-14,9.826879e-01,9.225e-13,9.637e-10,no,NOT COMPUTED (YET),n/a,graded,[axisymmetric critical point; stability NOT COMPUTED (YET)]
CGR,2T,2,4.0,0.6,2.0,7.54994660161,3.77497330081,3.77497330081,NOT COMPUTED (YET),NOT COMPUTED (YET),NOT COMPUTED (YET),NOT COMPUTED (YET),-1,1.265e-18,3.867e-14,NOT COMPUTED (YET),NOT COMPUTED (YET),1.117e-14,2.282e-14,0.000e+00,1.613e-11,h=0.02:nit=750;h=0.01:nit=1387,4.458e-02,4.458e-02,9.984336e-01,4.422e-02,7.885e-10,yes,NOT COMPUTED (YET),n/a,graded,[axisymmetric critical point; stability NOT COMPUTED (YET)]
CGR,2T,2,4.0,0.6,4.0,9.06812911659,4.5340645583,4.5340645583,NOT COMPUTED (YET),NOT COMPUTED (YET),NOT COMPUTED (YET),NOT COMPUTED (YET),-1,5.206e-18,3.290e-14,NOT COMPUTED (YET),NOT COMPUTED (YET),2.332e-14,1.612e-13,0.000e+00,1.191e-11,h=0.02:nit=819;h=0.01:nit=1587,1.661e-01,1.661e-01,9.999308e-01,9.235e-02,5.944e-10,yes,NOT COMPUTED (YET),n/a,graded,[axisymmetric critical point; stability NOT COMPUTED (YET)]
CGR,2T,2,4.0,0.7,0.25,4.22020662904,2.11010331452,2.11010331452,NOT COMPUTED (YET),NOT COMPUTED (YET),NOT COMPUTED (YET),NOT COMPUTED (YET),-1,0.000e+00,6.800e-14,NOT COMPUTED (YET),NOT COMPUTED (YET),1.640e-14,4.714e-14,0.000e+00,3.062e-11,h=0.02:nit=1033;h=0.01:nit=2030,6.259e-03,1.197e-02,5.307898e-01,3.479e-02,1.053e-09,yes,NOT COMPUTED (YET),n/a,graded,[axisymmetric critical point; stability NOT COMPUTED (YET)]
CGR,2T,2,4.0,0.7,0.5,5.25527914411,2.62763957205,2.62763957205,NOT COMPUTED (YET),NOT COMPUTED (YET),NOT COMPUTED (YET),NOT COMPUTED (YET),-1,2.025e-18,3.319e-14,NOT COMPUTED (YET),NOT COMPUTED (YET),2.276e-14,5.307e-14,0.000e+00,2.403e-11,h=0.02:nit=785;h=0.01:nit=1508,1.178e-02,1.178e-02,8.806425e-01,3.483e-02,1.166e-09,yes,NOT COMPUTED (YET),n/a,graded,[axisymmetric critical point; stability NOT COMPUTED (YET)]
CGR,2T,2,4.0,0.7,1.0,6.28318530718,3.14159265359,3.14159265359,NOT COMPUTED (YET),NOT COMPUTED (YET),NOT COMPUTED (YET),NOT COMPUTED (YET),-1,1.871e-18,3.626e-14,NOT COMPUTED (YET),NOT COMPUTED (YET),3.817e-15,1.725e-14,0.000e+00,2.624e-11,h=0.02:nit=219;h=0.01:nit=262,2.086e-13,6.505e-14,9.776217e-01,9.225e-13,9.637e-10,no,NOT COMPUTED (YET),n/a,graded,[axisymmetric critical point; stability NOT COMPUTED (YET)]
CGR,2T,2,4.0,0.7,2.0,7.47782585578,3.73891292789,3.73891292789,NOT COMPUTED (YET),NOT COMPUTED (YET),NOT COMPUTED (YET),NOT COMPUTED (YET),-1,1.977e-18,3.208e-14,NOT COMPUTED (YET),NOT COMPUTED (YET),9.188e-15,5.523e-14,0.000e+00,2.154e-11,h=0.02:nit=739;h=0.01:nit=1516,4.788e-02,4.788e-02,9.976443e-01,4.422e-02,7.885e-10,yes,NOT COMPUTED (YET),n/a,graded,[axisymmetric critical point; stability NOT COMPUTED (YET)]
CGR,2T,2,4.0,0.7,4.0,8.89249991331,4.44624995666,4.44624995666,NOT COMPUTED (YET),NOT COMPUTED (YET),NOT COMPUTED (YET),NOT COMPUTED (YET),-1,3.335e-18,2.882e-14,NOT COMPUTED (YET),NOT COMPUTED (YET),1.781e-14,2.261e-13,0.000e+00,1.547e-11,h=0.02:nit=811;h=0.01:nit=1525,1.772e-01,1.772e-01,9.998743e-01,9.235e-02,5.944e-10,yes,NOT COMPUTED (YET),n/a,graded,[axisymmetric critical point; stability NOT COMPUTED (YET)]
CGR,2T,2,4.0,0.8,0.25,4.24774650916,2.12387325458,2.12387325458,NOT COMPUTED (YET),NOT COMPUTED (YET),NOT COMPUTED (YET),NOT COMPUTED (YET),-1,8.195e-18,6.773e-14,NOT COMPUTED (YET),NOT COMPUTED (YET),1.216e-14,4.161e-14,0.000e+00,4.505e-11,h=0.02:nit=1017;h=0.01:nit=1898,7.172e-03,1.213e-02,4.942738e-01,3.479e-02,1.053e-09,yes,NOT COMPUTED (YET),n/a,graded,[axisymmetric critical point; stability NOT COMPUTED (YET)]
CGR,2T,2,4.0,0.8,0.5,5.29130729031,2.64565364515,2.64565364515,NOT COMPUTED (YET),NOT COMPUTED (YET),NOT COMPUTED (YET),NOT COMPUTED (YET),-1,3.128e-18,2.810e-14,NOT COMPUTED (YET),NOT COMPUTED (YET),1.513e-14,5.858e-14,0.000e+00,3.114e-11,h=0.02:nit=801;h=0.01:nit=1456,1.232e-02,1.232e-02,8.649979e-01,3.483e-02,1.166e-09,yes,NOT COMPUTED (YET),n/a,graded,[axisymmetric critical point; stability NOT COMPUTED (YET)]
CGR,2T,2,4.0,0.8,1.0,6.28318530718,3.14159265359,3.14159265359,NOT COMPUTED (YET),NOT COMPUTED (YET),NOT COMPUTED (YET),NOT COMPUTED (YET),-1,5.912e-19,3.550e-14,NOT COMPUTED (YET),NOT COMPUTED (YET),2.686e-15,1.498e-14,0.000e+00,3.417e-11,h=0.02:nit=267;h=0.01:nit=285,2.050e-13,8.184e-14,9.725571e-01,9.225e-13,9.637e-10,no,NOT COMPUTED (YET),n/a,graded,[axisymmetric critical point; stability NOT COMPUTED (YET)]
CGR,2T,2,4.0,0.8,2.0,7.4150698068,3.7075349034,3.7075349034,NOT COMPUTED (YET),NOT COMPUTED (YET),NOT COMPUTED (YET),NOT COMPUTED (YET),-1,5.714e-19,2.727e-14,NOT COMPUTED (YET),NOT COMPUTED (YET),7.916e-15,7.642e-14,0.000e+00,2.771e-11,h=0.02:nit=754;h=0.01:nit=1448,5.085e-02,5.085e-02,9.967391e-01,4.422e-02,7.885e-10,yes,NOT COMPUTED (YET),n/a,graded,[axisymmetric critical point; stability NOT COMPUTED (YET)]
CGR,2T,2,4.0,0.8,4.0,8.74078989258,4.37039494629,4.37039494629,NOT COMPUTED (YET),NOT COMPUTED (YET),NOT COMPUTED (YET),NOT COMPUTED (YET),-1,3.569e-18,2.496e-14,NOT COMPUTED (YET),NOT COMPUTED (YET),9.754e-15,2.847e-13,0.000e+00,1.927e-11,h=0.02:nit=803;h=0.01:nit=1514,1.870e-01,1.870e-01,9.997976e-01,9.235e-02,5.944e-10,yes,NOT COMPUTED (YET),n/a,graded,[axisymmetric critical point; stability NOT COMPUTED (YET)]
CGR,2T,2,4.0,0.9,0.25,4.26935809556,2.13467904778,2.13467904778,NOT COMPUTED (YET),NOT COMPUTED (YET),NOT COMPUTED (YET),NOT COMPUTED (YET),-1,1.620e-17,6.401e-14,NOT COMPUTED (YET),NOT COMPUTED (YET),7.351e-15,2.288e-14,0.000e+00,1.053e-09,h=0.02:nit=898;h=0.01:nit=1966,7.978e-03,1.230e-02,4.633190e-01,3.479e-02,1.053e-09,yes,NOT COMPUTED (YET),n/a,graded,[axisymmetric critical point; stability NOT COMPUTED (YET)]
CGR,2T,2,4.0,0.9,0.5,5.3224295112,2.6612147556,2.6612147556,NOT COMPUTED (YET),NOT COMPUTED (YET),NOT COMPUTED (YET),NOT COMPUTED (YET),-1,0.000e+00,2.414e-14,NOT COMPUTED (YET),NOT COMPUTED (YET),1.060e-14,4.105e-14,0.000e+00,1.166e-09,h=0.02:nit=743;h=0.01:nit=1502,1.279e-02,1.279e-02,8.507474e-01,3.483e-02,1.166e-09,yes,NOT COMPUTED (YET),n/a,graded,[axisymmetric critical point; stability NOT COMPUTED (YET)]
CGR,2T,2,4.0,0.9,1.0,6.28318530718,3.14159265359,3.14159265359,NOT COMPUTED (YET),NOT COMPUTED (YET),NOT COMPUTED (YET),NOT COMPUTED (YET),-1,3.101e-18,3.490e-14,NOT COMPUTED (YET),NOT COMPUTED (YET),3.393e-15,3.732e-14,0.000e+00,9.637e-10,h=0.02:nit=274;h=0.01:nit=301,1.958e-13,9.211e-14,9.675799e-01,9.225e-13,9.637e-10,no,NOT COMPUTED (YET),n/a,graded,[axisymmetric critical point; stability NOT COMPUTED (YET)]
CGR,2T,2,4.0,0.9,2.0,7.35983226171,3.67991613085,3.67991613085,NOT COMPUTED (YET),NOT COMPUTED (YET),NOT COMPUTED (YET),NOT COMPUTED (YET),-1,2.009e-19,2.416e-14,NOT COMPUTED (YET),NOT COMPUTED (YET),7.068e-15,1.551e-13,0.000e+00,7.885e-10,h=0.02:nit=752;h=0.01:nit=1445,5.354e-02,5.354e-02,9.957438e-01,4.422e-02,7.885e-10,yes,NOT COMPUTED (YET),n/a,graded,[axisymmetric critical point; stability NOT COMPUTED (YET)]
CGR,2T,2,4.0,0.9,4.0,8.60806143063,4.30403071532,4.30403071532,NOT COMPUTED (YET),NOT COMPUTED (YET),NOT COMPUTED (YET),NOT COMPUTED (YET),-1,6.909e-19,2.228e-14,NOT COMPUTED (YET),NOT COMPUTED (YET),1.838e-15,4.373e-13,0.000e+00,5.944e-10,h=0.02:nit=798;h=0.01:nit=1537,1.958e-01,1.958e-01,9.997005e-01,9.235e-02,5.944e-10,yes,NOT COMPUTED (YET),n/a,graded,[axisymmetric critical point; stability NOT COMPUTED (YET)]
CGR,2T,2,4.0,1,0.25,4.28658096154,2.14329048077,2.14329048077,NOT COMPUTED (YET),NOT COMPUTED (YET),NOT COMPUTED (YET),NOT COMPUTED (YET),-1,0.000e+00,1.885e-14,NOT COMPUTED (YET),NOT COMPUTED (YET),2.403e-15,2.267e-13,0.000e+00,8.256e-11,h=0.02:nit=974;h=0.01:nit=1973,8.684e-03,1.248e-02,4.369982e-01,3.479e-02,1.053e-09,yes,NOT COMPUTED (YET),n/a,graded,[axisymmetric critical point; stability NOT COMPUTED (YET)]
CGR,2T,2,4.0,1,0.5,5.34954609042,2.67477304521,2.67477304521,NOT COMPUTED (YET),NOT COMPUTED (YET),NOT COMPUTED (YET),NOT COMPUTED (YET),-1,2.190e-18,2.104e-14,NOT COMPUTED (YET),NOT COMPUTED (YET),8.481e-16,5.301e-13,0.000e+00,4.871e-11,h=0.02:nit=737;h=0.01:nit=1468,1.318e-02,1.318e-02,8.377541e-01,3.483e-02,1.166e-09,yes,NOT COMPUTED (YET),n/a,graded,[axisymmetric critical point; stability NOT COMPUTED (YET)]
CGR,2T,2,4.0,1,1.0,6.28318530717,3.14159265359,3.14159265359,NOT COMPUTED (YET),NOT COMPUTED (YET),NOT COMPUTED (YET),NOT COMPUTED (YET),-1,3.377e-18,3.249e-14,NOT COMPUTED (YET),NOT COMPUTED (YET),7.492e-15,9.221e-13,0.000e+00,5.193e-11,h=0.02:nit=256;h=0.01:nit=338,1.864e-13,9.850e-14,9.627417e-01,9.225e-13,9.637e-10,no,NOT COMPUTED (YET),n/a,graded,[axisymmetric critical point; stability NOT COMPUTED (YET)]
CGR,2T,2,4.0,1,2.0,7.31076675682,3.65538337841,3.65538337841,NOT COMPUTED (YET),NOT COMPUTED (YET),NOT COMPUTED (YET),NOT COMPUTED (YET),-1,4.224e-19,2.139e-14,NOT COMPUTED (YET),NOT COMPUTED (YET),6.502e-15,1.485e-12,0.000e+00,4.113e-11,h=0.02:nit=750;h=0.01:nit=1472,5.600e-02,5.600e-02,9.946807e-01,4.422e-02,7.885e-10,yes,NOT COMPUTED (YET),n/a,graded,[axisymmetric critical point; stability NOT COMPUTED (YET)]
CGR,2T,2,4.0,1,4.0,8.49074852102,4.24537426051,4.24537426051,NOT COMPUTED (YET),NOT COMPUTED (YET),NOT COMPUTED (YET),NOT COMPUTED (YET),-1,1.172e-17,1.998e-14,NOT COMPUTED (YET),NOT COMPUTED (YET),4.948e-15,2.466e-12,0.000e+00,2.507e-11,h=0.02:nit=759;h=0.01:nit=1505,2.037e-01,2.037e-01,9.995839e-01,9.235e-02,5.944e-10,yes,NOT COMPUTED (YET),n/a,graded,[axisymmetric critical point; stability NOT COMPUTED (YET)]
CGR,2T,2,99.0,0.5,0.25,4.36500428689,2.18250214345,2.18250214345,15.639726219,14.0938025038,15.639726219,14.0938025038,-1,6.507e-18,7.633e-14,4.66960379215e-07,4.66960379215e-07,2.742e-14,7.101e-14,1.408e-08,1.615e-11,h=0.02:nit=1370;h=0.01:nit=2951,1.552e-02,1.552e-02,9.999994e-01,8.131e-02,5.313e-10,yes,yes,n/a,graded,[axisymmetric critical point; stability NOT COMPUTED (YET)]
CGR,2T,2,99.0,0.5,0.5,5.21941491866,2.60970745933,2.60970745933,11.442960094,10.8287841932,11.442960094,10.8287841932,-1,1.241e-18,6.292e-14,6.1472969715e-07,6.1472969715e-07,4.241e-15,6.977e-14,2.057e-10,1.649e-11,h=0.02:nit=1354;h=0.01:nit=2401,1.365e-02,1.365e-02,1.000000e+00,4.235e-02,5.001e-10,yes,yes,n/a,graded,[axisymmetric critical point; stability NOT COMPUTED (YET)]
CGR,2T,2,99.0,0.5,1.0,6.28318530718,3.14159265359,3.14159265359,8.44101132946,8.19263885898,8.44101132946,8.19263885898,-1,1.090e-18,5.305e-14,1.2029921986e-18,-8.08285497934e-19,5.683e-14,5.174e-14,1.998e-08,1.763e-11,h=0.02:nit=289;h=0.01:nit=30,1.192e-13,5.017e-14,1.000000e+00,9.894e-13,4.434e-10,no,yes,n/a,graded,[axisymmetric critical point; stability NOT COMPUTED (YET)]
CGR,2T,2,99.0,0.5,2.0,7.60164098265,3.80082049133,3.80082049133,8.15609359631,7.93189988148,8.15609359631,7.93189988148,-1,4.522e-18,4.553e-14,-7.03744582295e-07,-7.03744582295e-07,1.643e-13,2.769e-14,3.662e-08,1.442e-11,h=0.02:nit=1448;h=0.01:nit=2726,4.382e-02,4.382e-02,1.000000e+00,4.561e-02,3.650e-10,yes,yes,n/a,graded,[axisymmetric critical point; stability NOT COMPUTED (YET)]
CGR,2T,2,99.0,0.5,4.0,9.22028734625,4.61014367313,4.61014367313,7.94971312324,7.74202497228,7.94971312324,7.74202497228,-1,3.177e-18,3.781e-14,-6.94400247903e-07,-6.94400247903e-07,1.896e-13,8.034e-14,2.488e-08,9.607e-12,h=0.02:nit=1576;h=0.01:nit=2967,1.600e-01,1.600e-01,1.000000e+00,9.422e-02,2.741e-10,yes,yes,n/a,graded,[axisymmetric critical point; stability NOT COMPUTED (YET)]
CGR,2T,2,99.0,0.6,0.25,4.46129840028,2.23064920014,2.23064920014,15.1863770612,13.4947819527,15.1863770612,13.4947819527,-1,3.549e-18,5.694e-14,6.04383812766e-07,6.04383812768e-07,1.428e-14,5.754e-14,1.333e-08,5.313e-10,h=0.02:nit=1248;h=0.01:nit=2598,1.728e-02,1.728e-02,9.999979e-01,8.131e-02,5.313e-10,yes,yes,n/a,graded,[axisymmetric critical point; stability NOT COMPUTED (YET)]
CGR,2T,2,99.0,0.6,0.5,5.27763382458,2.63881691229,2.63881691229,11.0709573826,10.4048601603,11.0709573826,10.4048601603,-1,2.090e-18,5.352e-14,8.27590396658e-07,8.27590396659e-07,9.895e-15,5.167e-14,1.766e-08,5.001e-10,h=0.02:nit=1188;h=0.01:nit=2396,1.508e-02,1.508e-02,1.000000e+00,4.235e-02,5.001e-10,yes,yes,n/a,graded,[axisymmetric critical point; stability NOT COMPUTED (YET)]
CGR,2T,2,99.0,0.6,1.0,6.28318530718,3.14159265359,3.14159265359,8.13701539256,7.87029811539,8.13701539256,7.87029811539,-1,6.941e-19,4.798e-14,-5.74975514847e-18,-1.8126877765e-18,7.266e-14,2.149e-14,5.378e-08,4.434e-10,h=0.02:nit=227;h=0.01:nit=263,1.365e-13,4.537e-14,1.000000e+00,9.894e-13,4.434e-10,no,yes,n/a,graded,[axisymmetric critical point; stability NOT COMPUTED (YET)]
CGR,2T,2,99.0,0.6,2.0,7.51570185418,3.75785092709,3.75785092709,7.88697205501,7.64394881745,7.88697205501,7.64394881745,-1,1.390e-18,4.085e-14,-9.64101832488e-07,-9.64101832489e-07,1.474e-13,1.761e-14,2.115e-08,3.650e-10,h=0.02:nit=1232;h=0.01:nit=2602,4.770e-02,4.770e-02,1.000000e+00,4.561e-02,3.650e-10,yes,yes,n/a,graded,[axisymmetric critical point; stability NOT COMPUTED (YET)]
CGR,2T,2,99.0,0.6,4.0,9.01124580255,4.50562290128,4.50562290128,7.70789131831,7.48095414036,7.70789131831,7.48095414036,-1,2.814e-22,3.479e-14,-9.54205211202e-07,-9.54205211201e-07,1.766e-13,1.565e-13,1.598e-08,2.741e-10,h=0.02:nit=1455;h=0.01:nit=2784,1.728e-01,1.728e-01,1.000000e+00,9.422e-02,2.741e-10,yes,yes,n/a,graded,[axisymmetric critical point; stability NOT COMPUTED (YET)]
CGR,2T,2,99.0,0.7,0.25,4.54600820631,2.27300410315,2.27300410315,14.8241100549,12.9955635893,14.8241100549,12.9955635893,-1,1.340e-18,4.179e-14,7.42934017244e-07,7.42934017244e-07,1.682e-14,5.549e-14,3.820e-09,3.137e-11,h=0.02:nit=1160;h=0.01:nit=2470,1.893e-02,1.893e-02,9.999949e-01,8.131e-02,5.313e-10,yes,yes,n/a,graded,[axisymmetric critical point; stability NOT COMPUTED (YET)]
CGR,2T,2,99.0,0.7,0.5,5.32847883389,2.66423941694,2.66423941694,10.7735757483,10.0587985413,10.7735757483,10.0587985413,-1,6.684e-23,4.479e-14,1.06024710305e-06,1.06024710306e-06,2.248e-14,4.234e-14,1.919e-08,3.209e-11,h=0.02:nit=1163;h=0.01:nit=2447,1.640e-02,1.640e-02,1.000000e+00,4.235e-02,5.001e-10,yes,yes,n/a,graded,[axisymmetric critical point; stability NOT COMPUTED (YET)]
CGR,2T,2,99.0,0.7,1.0,6.28318530718,3.14159265359,3.14159265359,7.89448419995,7.61059411744,7.89448419995,7.61059411744,-1,9.165e-19,4.508e-14,7.60579386181e-19,-3.15275660913e-18,6.912e-14,1.371e-14,5.253e-08,4.858e-11,h=0.02:nit=269;h=0.01:nit=8,1.914e-13,5.825e-14,1.000000e+00,9.894e-13,4.434e-10,no,yes,n/a,graded,[axisymmetric critical point; stability NOT COMPUTED (YET)]
CGR,2T,2,99.0,0.7,2.0,7.44191661958,3.72095830979,3.72095830979,7.67108637556,7.41046262591,7.67108637556,7.41046262591,-1,7.427e-19,3.677e-14,-1.25646096121e-06,-1.25646096121e-06,1.334e-13,4.977e-14,2.453e-08,2.472e-11,h=0.02:nit=1298;h=0.01:nit=2296,5.116e-02,5.116e-02,1.000000e+00,4.561e-02,3.650e-10,yes,yes,n/a,graded,[axisymmetric critical point; stability NOT COMPUTED (YET)]
CGR,2T,2,99.0,0.7,4.0,8.83356347456,4.41678173728,4.41678173728,7.51266295811,7.26775213107,7.51266295811,7.26775213107,-1,2.490e-18,3.216e-14,-1.24661022059e-06,-1.24661022058e-06,1.679e-13,2.234e-13,3.715e-08,1.777e-11,h=0.02:nit=1325;h=0.01:nit=2603,1.841e-01,1.841e-01,1.000000e+00,9.422e-02,2.741e-10,yes,yes,n/a,graded,[axisymmetric critical point; stability NOT COMPUTED (YET)]
CGR,2T,2,99.0,0.8,0.25,4.62153469945,2.31076734972,2.31076734972,14.5246183746,12.5663115746,14.5246183746,12.5663115746,-1,5.556e-18,3.445e-14,8.78122412407e-07,8.78122412409e-07,1.272e-14,5.938e-14,1.902e-08,4.069e-11,h=0.02:nit=1135;h=0.01:nit=2379,2.048e-02,2.048e-02,9.999895e-01,8.131e-02,5.313e-10,yes,yes,n/a,graded,[axisymmetric critical point; stability NOT COMPUTED (YET)]
CGR,2T,2,99.0,0.8,0.5,5.37351489037,2.68675744519,2.68675744519,10.5274920787,9.76672436039,10.5274920787,9.76672436039,-1,4.578e-18,4.114e-14,1.30973996865e-06,1.30973996865e-06,2.276e-14,4.430e-14,3.489e-10,4.191e-11,h=0.02:nit=1164;h=0.01:nit=2145,1.763e-02,1.763e-02,9.999999e-01,4.235e-02,5.001e-10,yes,yes,n/a,graded,[axisymmetric critical point; stability NOT COMPUTED (YET)]
CGR,2T,2,99.0,0.8,1.0,6.28318530718,3.14159265359,3.14159265359,7.69413644935,7.39405098715,7.69413644935,7.39405098715,-1,2.327e-18,4.262e-14,-2.83461782354e-18,1.60905208553e-18,6.290e-14,1.103e-14,2.824e-08,3.865e-11,h=0.02:nit=337;h=0.01:nit=352,2.178e-13,8.284e-14,1.000000e+00,9.894e-13,4.434e-10,no,yes,n/a,graded,[axisymmetric critical point; stability NOT COMPUTED (YET)]
CGR,2T,2,99.0,0.8,2.0,7.37755878953,3.68877939477,3.68877939477,7.49186497514,7.21465932851,7.49186497514,7.21465932851,-1,2.370e-18,3.395e-14,-1.57859346743e-06,-1.57859346743e-06,1.105e-13,7.861e-14,3.942e-08,3.178e-11,h=0.02:nit=1105;h=0.01:nit=2232,5.429e-02,5.429e-02,1.000000e+00,4.561e-02,3.650e-10,yes,yes,n/a,graded,[axisymmetric critical point; stability NOT COMPUTED (YET)]
CGR,2T,2,99.0,0.8,4.0,8.67996832435,4.33998416218,4.33998416218,7.34967277925,7.08784262223,7.34967277925,7.08784262223,-1,5.346e-18,3.001e-14,-1.56939350904e-06,-1.56939350904e-06,1.630e-13,2.961e-13,3.127e-08,2.247e-11,h=0.02:nit=1249;h=0.01:nit=2422,1.941e-01,1.941e-01,1.000000e+00,9.422e-02,2.741e-10,yes,yes,n/a,graded,[axisymmetric critical point; stability NOT COMPUTED (YET)]
CGR,2T,2,99.0,0.9,0.25,4.68956814107,2.34478407054,2.34478407054,14.2707799075,12.1887704005,14.2707799075,12.1887704005,-1,2.155e-18,3.118e-14,1.00467928065e-06,1.00467928065e-06,0.000e+00,5.720e-14,3.535e-08,5.189e-11,h=0.02:nit=1181;h=0.01:nit=2095,2.196e-02,2.196e-02,9.999809e-01,8.131e-02,5.313e-10,yes,yes,n/a,graded,[axisymmetric critical point; stability NOT COMPUTED (YET)]
CGR,2T,2,99.0,0.9,0.5,5.41383978055,2.70691989028,2.70691989028,10.3185854295,9.51411195814,10.3185854295,9.51411195814,-1,4.175e-18,3.705e-14,1.57344508794e-06,1.57344508794e-06,1.484e-14,2.756e-14,2.592e-08,5.274e-11,h=0.02:nit=1062;h=0.01:nit=2187,1.878e-02,1.878e-02,9.999998e-01,4.235e-02,5.001e-10,yes,yes,n/a,graded,[axisymmetric critical point; stability NOT COMPUTED (YET)]
CGR,2T,2,99.0,0.9,1.0,6.28318530718,3.14159265359,3.14159265359,7.52431238555,7.20886434092,7.52431238555,7.20886434092,-1,2.338e-18,3.907e-14,-1.6964487069e-19,-4.29650798227e-20,6.305e-14,4.340e-14,1.829e-08,4.857e-11,h=0.02:nit=320;h=0.01:nit=405,2.253e-13,1.022e-13,1.000000e+00,9.894e-13,4.434e-10,no,yes,n/a,graded,[axisymmetric critical point; stability NOT COMPUTED (YET)]
CGR,2T,2,99.0,0.9,2.0,7.32073425074,3.66036712537,3.66036712537,7.33926232875,7.04633928938,7.33926232875,7.04633928938,-1,3.345e-18,3.169e-14,-1.92852118211e-06,-1.92852118211e-06,9.231e-14,1.760e-13,4.562e-08,3.938e-11,h=0.02:nit=1083;h=0.01:nit=2170,5.714e-02,5.714e-02,1.000000e+00,4.561e-02,3.650e-10,yes,yes,n/a,graded,[axisymmetric critical point; stability NOT COMPUTED (YET)]
CGR,2T,2,99.0,0.9,4.0,8.54544396325,4.27272198162,4.27272198162,7.21018967288,6.93233353688,7.21018967288,6.93233353688,-1,8.556e-18,2.887e-14,-1.92057714663e-06,-1.92057714663e-06,1.563e-13,4.617e-13,1.662e-08,2.835e-11,h=0.02:nit=1192;h=0.01:nit=2209,2.030e-01,2.030e-01,1.000000e+00,9.422e-02,2.741e-10,yes,yes,n/a,graded,[axisymmetric critical point; stability NOT COMPUTED (YET)]
CGR,2T,2,99.0,1,0.25,4.75135367295,2.37567683647,2.37567683647,14.051577794,11.8510245413,14.051577794,11.8510245413,-1,1.484e-18,2.619e-14,1.11512941796e-06,1.11512941797e-06,1.838e-15,4.305e-13,3.243e-08,6.273e-11,h=0.02:nit=1041;h=0.01:nit=2168,2.338e-02,2.338e-02,9.999684e-01,8.131e-02,5.313e-10,yes,yes,n/a,graded,[axisymmetric critical point; stability NOT COMPUTED (YET)]
CGR,2T,2,99.0,1,0.5,5.4502591642,2.7251295821,2.7251295821,10.1377187331,9.29151632781,10.1377187331,9.29151632781,-1,4.961e-18,3.104e-14,1.84900355702e-06,1.84900355702e-06,1.202e-14,6.483e-13,2.095e-08,6.427e-11,h=0.02:nit=1069;h=0.01:nit=2111,1.987e-02,1.987e-02,9.999997e-01,4.235e-02,5.001e-10,yes,yes,n/a,graded,[axisymmetric critical point; stability NOT COMPUTED (YET)]
CGR,2T,2,99.0,1,1.0,6.28318530717,3.14159265359,3.14159265359,7.37747713812,7.04738807578,7.37747713812,7.04738807578,-1,3.795e-18,3.295e-14,7.99243161077e-18,1.18900635377e-18,5.909e-14,1.001e-12,1.535e-08,5.874e-11,h=0.02:nit=353;h=0.01:nit=388,2.229e-13,1.156e-13,1.000000e+00,9.894e-13,4.434e-10,no,yes,n/a,graded,[axisymmetric critical point; stability NOT COMPUTED (YET)]
CGR,2T,2,99.0,1,2.0,7.27006702182,3.63503351091,3.63503351091,7.20677155628,6.89887823886,7.20677155628,6.89887823886,-1,7.060e-18,2.999e-14,-2.30446388046e-06,-2.30446388046e-06,7.746e-14,1.572e-12,1.711e-08,4.677e-11,h=0.02:nit=1109;h=0.01:nit=2095,5.975e-02,5.975e-02,1.000000e+00,4.561e-02,3.650e-10,yes,yes,n/a,graded,[axisymmetric critical point; stability NOT COMPUTED (YET)]
CGR,2T,2,99.0,1,4.0,8.42637241292,4.21318620646,4.21318620646,7.08854002717,6.79542911715,7.08854002717,6.79542911715,-1,6.067e-18,2.816e-14,-2.29837679579e-06,-2.29837679579e-06,1.401e-13,2.555e-12,3.062e-09,3.282e-11,h=0.02:nit=1126;h=0.01:nit=2160,2.111e-01,2.111e-01,1.000000e+00,9.422e-02,2.741e-10,yes,yes,n/a,graded,[axisymmetric critical point; stability NOT COMPUTED (YET)]
CGR,2T,4,1.0,0.5,0.25,NOT COMPUTED (YET),NOT COMPUTED (YET),NOT COMPUTED (YET),NOT COMPUTED (YET),NOT COMPUTED (YET),NOT COMPUTED (YET),NOT COMPUTED (YET),NOT COMPUTED (YET),NOT COMPUTED (YET),NOT COMPUTED (YET),NOT COMPUTED (YET),NOT COMPUTED (YET),NOT COMPUTED (YET),NOT COMPUTED (YET),NOT COMPUTED (YET),NOT COMPUTED (YET),NOT COMPUTED (YET),NOT COMPUTED (YET),NOT COMPUTED (YET),NOT COMPUTED (YET),NOT COMPUTED (YET),NOT COMPUTED (YET),NOT COMPUTED (YET),NOT COMPUTED (YET),NOT COMPUTED (YET),FAILED,"FAILED: failed upstream (row CGR 2T n=4 eps=1 alpha=0.5 stage NC kappa=0.5): not converged (cap hit) at NC kappa=0.5 alpha=0.5 [node cap MAX_NODES = 100000 reached; status 1, max|phi|^2 = 4.679e-06, iterations 5, nodes 44809]"
CGR,2T,4,1.0,0.5,0.5,NOT COMPUTED (YET),NOT COMPUTED (YET),NOT COMPUTED (YET),NOT COMPUTED (YET),NOT COMPUTED (YET),NOT COMPUTED (YET),NOT COMPUTED (YET),NOT COMPUTED (YET),NOT COMPUTED (YET),NOT COMPUTED (YET),NOT COMPUTED (YET),NOT COMPUTED (YET),NOT COMPUTED (YET),NOT COMPUTED (YET),NOT COMPUTED (YET),NOT COMPUTED (YET),NOT COMPUTED (YET),NOT COMPUTED (YET),NOT COMPUTED (YET),NOT COMPUTED (YET),NOT COMPUTED (YET),NOT COMPUTED (YET),NOT COMPUTED (YET),NOT COMPUTED (YET),NOT COMPUTED (YET),FAILED,"FAILED: failed directly: not converged (cap hit) at NC kappa=0.5 alpha=0.5 [node cap MAX_NODES = 100000 reached; status 1, max|phi|^2 = 4.679e-06, iterations 5, nodes 44809]"
CGR,2T,4,1.0,0.5,1.0,12.5663706144,6.28318530718,6.28318530718,NOT COMPUTED (YET),NOT COMPUTED (YET),NOT COMPUTED (YET),NOT COMPUTED (YET),-1,7.638e-19,1.981e-14,NOT COMPUTED (YET),NOT COMPUTED (YET),5.866e-14,5.301e-14,0.000e+00,5.506e-10,h=0.02:nit=191;h=0.01:nit=107,8.110e-14,2.744e-14,8.715282e-01,5.343e-14,5.506e-10,no,NOT COMPUTED (YET),n/a,graded,[axisymmetric critical point; stability NOT COMPUTED (YET)]
CGR,2T,4,1.0,0.5,2.0,15.9593712817,7.97968564086,7.97968564086,NOT COMPUTED (YET),NOT COMPUTED (YET),NOT COMPUTED (YET),NOT COMPUTED (YET),-1,8.596e-19,1.862e-14,NOT COMPUTED (YET),NOT COMPUTED (YET),5.329e-14,5.276e-14,0.000e+00,5.106e-10,h=0.02:nit=446;h=0.01:nit=838,2.392e-02,3.825e-02,9.845650e-01,3.450e-02,5.106e-10,yes,NOT COMPUTED (YET),n/a,report-only (n_tip > 1 at kappa > 1),[axisymmetric critical point; stability NOT COMPUTED (YET)]
CGR,2T,4,1.0,0.5,4.0,20.1966907645,10.0983453822,10.0983453822,NOT COMPUTED (YET),NOT COMPUTED (YET),NOT COMPUTED (YET),NOT COMPUTED (YET),-1,4.395e-19,1.595e-14,NOT COMPUTED (YET),NOT COMPUTED (YET),5.046e-14,5.207e-14,0.000e+00,4.365e-10,h=0.02:nit=441;h=0.01:nit=799,1.015e-01,1.338e-01,9.990296e-01,7.621e-02,4.365e-10,yes,NOT COMPUTED (YET),n/a,report-only (n_tip > 1 at kappa > 1),[axisymmetric critical point; stability NOT COMPUTED (YET)]
CGR,2T,4,1.0,0.6,0.25,NOT COMPUTED (YET),NOT COMPUTED (YET),NOT COMPUTED (YET),NOT COMPUTED (YET),NOT COMPUTED (YET),NOT COMPUTED (YET),NOT COMPUTED (YET),NOT COMPUTED (YET),NOT COMPUTED (YET),NOT COMPUTED (YET),NOT COMPUTED (YET),NOT COMPUTED (YET),NOT COMPUTED (YET),NOT COMPUTED (YET),NOT COMPUTED (YET),NOT COMPUTED (YET),NOT COMPUTED (YET),NOT COMPUTED (YET),NOT COMPUTED (YET),NOT COMPUTED (YET),NOT COMPUTED (YET),NOT COMPUTED (YET),NOT COMPUTED (YET),NOT COMPUTED (YET),NOT COMPUTED (YET),FAILED,"FAILED: failed upstream (row CGR 2T n=4 eps=1 alpha=0.6 stage NC kappa=0.5): not converged (cap hit) at NC kappa=0.5 alpha=0.6 [node cap MAX_NODES = 100000 reached; status 1, max|phi|^2 = 5.887e-06, iterations 5, nodes 50477]"
CGR,2T,4,1.0,0.6,0.5,NOT COMPUTED (YET),NOT COMPUTED (YET),NOT COMPUTED (YET),NOT COMPUTED (YET),NOT COMPUTED (YET),NOT COMPUTED (YET),NOT COMPUTED (YET),NOT COMPUTED (YET),NOT COMPUTED (YET),NOT COMPUTED (YET),NOT COMPUTED (YET),NOT COMPUTED (YET),NOT COMPUTED (YET),NOT COMPUTED (YET),NOT COMPUTED (YET),NOT COMPUTED (YET),NOT COMPUTED (YET),NOT COMPUTED (YET),NOT COMPUTED (YET),NOT COMPUTED (YET),NOT COMPUTED (YET),NOT COMPUTED (YET),NOT COMPUTED (YET),NOT COMPUTED (YET),NOT COMPUTED (YET),FAILED,"FAILED: failed directly: not converged (cap hit) at NC kappa=0.5 alpha=0.6 [node cap MAX_NODES = 100000 reached; status 1, max|phi|^2 = 5.887e-06, iterations 5, nodes 50477]"
CGR,2T,4,1.0,0.6,1.0,12.5663706144,6.28318530718,6.28318530718,NOT COMPUTED (YET),NOT COMPUTED (YET),NOT COMPUTED (YET),NOT COMPUTED (YET),-1,9.501e-19,1.729e-14,NOT COMPUTED (YET),NOT COMPUTED (YET),4.552e-14,4.184e-14,0.000e+00,5.408e-11,h=0.02:nit=185;h=0.01:nit=125,6.782e-14,2.347e-14,8.486255e-01,5.343e-14,5.506e-10,no,NOT COMPUTED (YET),n/a,graded,[axisymmetric critical point; stability NOT COMPUTED (YET)]
CGR,2T,4,1.0,0.6,2.0,15.8232272136,7.91161360681,7.91161360681,NOT COMPUTED (YET),NOT COMPUTED (YET),NOT COMPUTED (YET),NOT COMPUTED (YET),-1,7.705e-19,1.586e-14,NOT COMPUTED (YET),NOT COMPUTED (YET),4.000e-14,4.064e-14,0.000e+00,5.454e-11,h=0.02:nit=445;h=0.01:nit=834,2.591e-02,3.720e-02,9.788891e-01,3.450e-02,5.106e-10,yes,NOT COMPUTED (YET),n/a,report-only (n_tip > 1 at kappa > 1),[axisymmetric critical point; stability NOT COMPUTED (YET)]
CGR,2T,4,1.0,0.6,4.0,19.8335916705,9.91679583526,9.91679583526,NOT COMPUTED (YET),NOT COMPUTED (YET),NOT COMPUTED (YET),NOT COMPUTED (YET),-1,4.341e-18,1.352e-14,NOT COMPUTED (YET),NOT COMPUTED (YET),3.647e-14,3.780e-14,0.000e+00,4.339e-11,h=0.02:nit=473;h=0.01:nit=910,1.106e-01,1.285e-01,9.983840e-01,7.621e-02,4.365e-10,yes,NOT COMPUTED (YET),n/a,report-only (n_tip > 1 at kappa > 1),[axisymmetric critical point; stability NOT COMPUTED (YET)]
CGR,2T,4,1.0,0.7,0.25,NOT COMPUTED (YET),NOT COMPUTED (YET),NOT COMPUTED (YET),NOT COMPUTED (YET),NOT COMPUTED (YET),NOT COMPUTED (YET),NOT COMPUTED (YET),NOT COMPUTED (YET),NOT COMPUTED (YET),NOT COMPUTED (YET),NOT COMPUTED (YET),NOT COMPUTED (YET),NOT COMPUTED (YET),NOT COMPUTED (YET),NOT COMPUTED (YET),NOT COMPUTED (YET),NOT COMPUTED (YET),NOT COMPUTED (YET),NOT COMPUTED (YET),NOT COMPUTED (YET),NOT COMPUTED (YET),NOT COMPUTED (YET),NOT COMPUTED (YET),NOT COMPUTED (YET),NOT COMPUTED (YET),FAILED,"FAILED: failed upstream (row CGR 2T n=4 eps=1 alpha=0.7 stage NC kappa=0.5): not converged (cap hit) at NC kappa=0.5 alpha=0.7 [node cap MAX_NODES = 100000 reached; status 1, max|phi|^2 = 1.559e-06, iterations 5, nodes 52307]"
CGR,2T,4,1.0,0.7,0.5,NOT COMPUTED (YET),NOT COMPUTED (YET),NOT COMPUTED (YET),NOT COMPUTED (YET),NOT COMPUTED (YET),NOT COMPUTED (YET),NOT COMPUTED (YET),NOT COMPUTED (YET),NOT COMPUTED (YET),NOT COMPUTED (YET),NOT COMPUTED (YET),NOT COMPUTED (YET),NOT COMPUTED (YET),NOT COMPUTED (YET),NOT COMPUTED (YET),NOT COMPUTED (YET),NOT COMPUTED (YET),NOT COMPUTED (YET),NOT COMPUTED (YET),NOT COMPUTED (YET),NOT COMPUTED (YET),NOT COMPUTED (YET),NOT COMPUTED (YET),NOT COMPUTED (YET),NOT COMPUTED (YET),FAILED,"FAILED: failed directly: not converged (cap hit) at NC kappa=0.5 alpha=0.7 [node cap MAX_NODES = 100000 reached; status 1, max|phi|^2 = 1.559e-06, iterations 5, nodes 52307]"
CGR,2T,4,1.0,0.7,1.0,12.5663706144,6.28318530718,6.28318530718,NOT COMPUTED (YET),NOT COMPUTED (YET),NOT COMPUTED (YET),NOT COMPUTED (YET),-1,1.098e-18,3.516e-14,NOT COMPUTED (YET),NOT COMPUTED (YET),3.209e-14,2.870e-14,0.000e+00,7.638e-11,h=0.02:nit=181;h=0.01:nit=182,5.697e-14,1.964e-14,8.284125e-01,5.343e-14,5.506e-10,no,NOT COMPUTED (YET),n/a,graded,[axisymmetric critical point; stability NOT COMPUTED (YET)]
CGR,2T,4,1.0,0.7,2.0,15.7051606763,7.85258033816,7.85258033816,NOT COMPUTED (YET),NOT COMPUTED (YET),NOT COMPUTED (YET),NOT COMPUTED (YET),-1,1.604e-18,2.731e-14,NOT COMPUTED (YET),NOT COMPUTED (YET),2.742e-14,2.839e-14,0.000e+00,7.712e-11,h=0.02:nit=436;h=0.01:nit=802,2.762e-02,3.628e-02,9.731744e-01,3.450e-02,5.106e-10,yes,NOT COMPUTED (YET),n/a,report-only (n_tip > 1 at kappa > 1),[axisymmetric critical point; stability NOT COMPUTED (YET)]
CGR,2T,4,1.0,0.7,4.0,19.5175175649,9.75875878245,9.75875878245,NOT COMPUTED (YET),NOT COMPUTED (YET),NOT COMPUTED (YET),NOT COMPUTED (YET),-1,5.222e-18,2.439e-14,NOT COMPUTED (YET),NOT COMPUTED (YET),2.375e-14,4.496e-14,0.000e+00,5.998e-11,h=0.02:nit=420;h=0.01:nit=861,1.188e-01,1.237e-01,9.976095e-01,7.621e-02,4.365e-10,yes,NOT COMPUTED (YET),n/a,report-only (n_tip > 1 at kappa > 1),[axisymmetric critical point; stability NOT COMPUTED (YET)]
CGR,2T,4,1.0,0.8,0.25,NOT COMPUTED (YET),NOT COMPUTED (YET),NOT COMPUTED (YET),NOT COMPUTED (YET),NOT COMPUTED (YET),NOT COMPUTED (YET),NOT COMPUTED (YET),NOT COMPUTED (YET),NOT COMPUTED (YET),NOT COMPUTED (YET),NOT COMPUTED (YET),NOT COMPUTED (YET),NOT COMPUTED (YET),NOT COMPUTED (YET),NOT COMPUTED (YET),NOT COMPUTED (YET),NOT COMPUTED (YET),NOT COMPUTED (YET),NOT COMPUTED (YET),NOT COMPUTED (YET),NOT COMPUTED (YET),NOT COMPUTED (YET),NOT COMPUTED (YET),NOT COMPUTED (YET),NOT COMPUTED (YET),FAILED,"FAILED: failed upstream (row CGR 2T n=4 eps=1 alpha=0.8 stage NC kappa=0.5): not converged (cap hit) at NC kappa=0.5 alpha=0.8 [node cap MAX_NODES = 100000 reached; status 1, max|phi|^2 = 8.940e-07, iterations 5, nodes 55773]"
CGR,2T,4,1.0,0.8,0.5,NOT COMPUTED (YET),NOT COMPUTED (YET),NOT COMPUTED (YET),NOT COMPUTED (YET),NOT COMPUTED (YET),NOT COMPUTED (YET),NOT COMPUTED (YET),NOT COMPUTED (YET),NOT COMPUTED (YET),NOT COMPUTED (YET),NOT COMPUTED (YET),NOT COMPUTED (YET),NOT COMPUTED (YET),NOT COMPUTED (YET),NOT COMPUTED (YET),NOT COMPUTED (YET),NOT COMPUTED (YET),NOT COMPUTED (YET),NOT COMPUTED (YET),NOT COMPUTED (YET),NOT COMPUTED (YET),NOT COMPUTED (YET),NOT COMPUTED (YET),NOT COMPUTED (YET),NOT COMPUTED (YET),FAILED,"FAILED: failed directly: not converged (cap hit) at NC kappa=0.5 alpha=0.8 [node cap MAX_NODES = 100000 reached; status 1, max|phi|^2 = 8.940e-07, iterations 5, nodes 55773]"
CGR,2T,4,1.0,0.8,1.0,12.5663706144,6.28318530718,6.28318530718,NOT COMPUTED (YET),NOT COMPUTED (YET),NOT COMPUTED (YET),NOT COMPUTED (YET),-1,2.326e-18,3.729e-14,NOT COMPUTED (YET),NOT COMPUTED (YET),2.149e-14,2.686e-14,0.000e+00,1.032e-10,h=0.02:nit=190;h=0.01:nit=179,4.996e-14,1.767e-14,8.104772e-01,5.343e-14,5.506e-10,no,NOT COMPUTED (YET),n/a,graded,[axisymmetric critical point; stability NOT COMPUTED (YET)]
CGR,2T,4,1.0,0.8,2.0,15.6014567544,7.8007283772,7.8007283772,NOT COMPUTED (YET),NOT COMPUTED (YET),NOT COMPUTED (YET),NOT COMPUTED (YET),-1,1.664e-18,3.313e-14,NOT COMPUTED (YET),NOT COMPUTED (YET),1.937e-14,1.594e-14,0.000e+00,1.040e-10,h=0.02:nit=427;h=0.01:nit=792,2.912e-02,3.546e-02,9.675504e-01,3.450e-02,5.106e-10,yes,NOT COMPUTED (YET),n/a,report-only (n_tip > 1 at kappa > 1),[axisymmetric critical point; stability NOT COMPUTED (YET)]
CGR,2T,4,1.0,0.8,4.0,19.2386167656,9.6193083828,9.6193083828,NOT COMPUTED (YET),NOT COMPUTED (YET),NOT COMPUTED (YET),NOT COMPUTED (YET),-1,6.613e-18,2.656e-14,NOT COMPUTED (YET),NOT COMPUTED (YET),1.131e-15,5.411e-14,0.000e+00,7.945e-11,h=0.02:nit=456;h=0.01:nit=850,1.261e-01,1.261e-01,9.967338e-01,7.621e-02,4.365e-10,yes,NOT COMPUTED (YET),n/a,report-only (n_tip > 1 at kappa > 1),[axisymmetric critical point; stability NOT COMPUTED (YET)]
CGR,2T,4,1.0,0.9,0.25,NOT COMPUTED (YET),NOT COMPUTED (YET),NOT COMPUTED (YET),NOT COMPUTED (YET),NOT COMPUTED (YET),NOT COMPUTED (YET),NOT COMPUTED (YET),NOT COMPUTED (YET),NOT COMPUTED (YET),NOT COMPUTED (YET),NOT COMPUTED (YET),NOT COMPUTED (YET),NOT COMPUTED (YET),NOT COMPUTED (YET),NOT COMPUTED (YET),NOT COMPUTED (YET),NOT COMPUTED (YET),NOT COMPUTED (YET),NOT COMPUTED (YET),NOT COMPUTED (YET),NOT COMPUTED (YET),NOT COMPUTED (YET),NOT COMPUTED (YET),NOT COMPUTED (YET),NOT COMPUTED (YET),FAILED,"FAILED: failed upstream (row CGR 2T n=4 eps=1 alpha=0.9 stage NC kappa=0.5): not converged (cap hit) at NC kappa=0.5 alpha=0.9 [node cap MAX_NODES = 100000 reached; status 1, max|phi|^2 = 5.919e-07, iterations 5, nodes 59371]"
CGR,2T,4,1.0,0.9,0.5,NOT COMPUTED (YET),NOT COMPUTED (YET),NOT COMPUTED (YET),NOT COMPUTED (YET),NOT COMPUTED (YET),NOT COMPUTED (YET),NOT COMPUTED (YET),NOT COMPUTED (YET),NOT COMPUTED (YET),NOT COMPUTED (YET),NOT COMPUTED (YET),NOT COMPUTED (YET),NOT COMPUTED (YET),NOT COMPUTED (YET),NOT COMPUTED (YET),NOT COMPUTED (YET),NOT COMPUTED (YET),NOT COMPUTED (YET),NOT COMPUTED (YET),NOT COMPUTED (YET),NOT COMPUTED (YET),NOT COMPUTED (YET),NOT COMPUTED (YET),NOT COMPUTED (YET),NOT COMPUTED (YET),FAILED,"FAILED: failed directly: not converged (cap hit) at NC kappa=0.5 alpha=0.9 [node cap MAX_NODES = 100000 reached; status 1, max|phi|^2 = 5.919e-07, iterations 5, nodes 59371]"
CGR,2T,4,1.0,0.9,1.0,12.5663706144,6.28318530718,6.28318530718,NOT COMPUTED (YET),NOT COMPUTED (YET),NOT COMPUTED (YET),NOT COMPUTED (YET),-1,7.115e-19,3.792e-14,NOT COMPUTED (YET),NOT COMPUTED (YET),1.626e-14,2.149e-14,0.000e+00,1.346e-10,h=0.02:nit=190;h=0.01:nit=233,4.399e-14,1.568e-14,7.944666e-01,5.343e-14,5.506e-10,no,NOT COMPUTED (YET),n/a,graded,[axisymmetric critical point; stability NOT COMPUTED (YET)]
CGR,2T,4,1.0,0.9,2.0,15.5094602344,7.75473011718,7.75473011718,NOT COMPUTED (YET),NOT COMPUTED (YET),NOT COMPUTED (YET),NOT COMPUTED (YET),-1,5.735e-19,3.342e-14,NOT COMPUTED (YET),NOT COMPUTED (YET),1.470e-14,1.168e-14,0.000e+00,1.351e-10,h=0.02:nit=417;h=0.01:nit=759,3.044e-02,3.473e-02,9.620880e-01,3.450e-02,5.106e-10,yes,NOT COMPUTED (YET),n/a,report-only (n_tip > 1 at kappa > 1),[axisymmetric critical point; stability NOT COMPUTED (YET)]
CGR,2T,4,1.0,0.9,4.0,18.9899579538,9.4949789769,9.4949789769,NOT COMPUTED (YET),NOT COMPUTED (YET),NOT COMPUTED (YET),NOT COMPUTED (YET),-1,0.000e+00,2.883e-14,NOT COMPUTED (YET),NOT COMPUTED (YET),1.131e-15,8.269e-14,0.000e+00,1.021e-10,h=0.02:nit=412;h=0.01:nit=817,1.328e-01,1.328e-01,9.957810e-01,7.621e-02,4.365e-10,yes,NOT COMPUTED (YET),n/a,report-only (n_tip > 1 at kappa > 1),[axisymmetric critical point; stability NOT COMPUTED (YET)]
CGR,2T,4,1.0,1,0.25,NOT COMPUTED (YET),NOT COMPUTED (YET),NOT COMPUTED (YET),NOT COMPUTED (YET),NOT COMPUTED (YET),NOT COMPUTED (YET),NOT COMPUTED (YET),NOT COMPUTED (YET),n/a (normal state),n/a (normal state),NOT COMPUTED (YET),NOT COMPUTED (YET),n/a (normal state),n/a (normal state),n/a (normal state),n/a (normal state),n/a (normal state),2.082e-17,2.082e-17,0.000000e+00,n/a (normal state),n/a (normal state),n/a (normal state),n/a (normal state),n/a,n/a (normal state),"[normal state: exact solution, linearly stable for B > κ/2, marginal at B = κ/2; whether a vortex branch coexists (κ < 1, subcritical) is NOT COMPUTED (YET)] [by construction; not a test] [Venus 20:44]; normal-state energy (not a vortex value) = 6.28318530718"
CGR,2T,4,1.0,1,0.5,NOT COMPUTED (YET),NOT COMPUTED (YET),NOT COMPUTED (YET),NOT COMPUTED (YET),NOT COMPUTED (YET),NOT COMPUTED (YET),NOT COMPUTED (YET),NOT COMPUTED (YET),n/a (normal state),n/a (normal state),NOT COMPUTED (YET),NOT COMPUTED (YET),n/a (normal state),n/a (normal state),n/a (normal state),n/a (normal state),n/a (normal state),3.125e-02,3.125e-02,0.000000e+00,n/a (normal state),n/a (normal state),n/a (normal state),n/a (normal state),n/a,n/a (normal state),"[normal state: exact solution, linearly stable for B > κ/2, marginal at B = κ/2; whether a vortex branch coexists (κ < 1, subcritical) is NOT COMPUTED (YET)] [by construction; not a test] [Venus 20:44]; normal-state energy (not a vortex value) = 9.42477796077"
CGR,2T,4,1.0,1,1.0,12.5663706144,6.28318530718,6.28318530718,NOT COMPUTED (YET),NOT COMPUTED (YET),NOT COMPUTED (YET),NOT COMPUTED (YET),-1,1.017e-18,3.683e-14,NOT COMPUTED (YET),NOT COMPUTED (YET),1.286e-14,1.767e-14,0.000e+00,1.708e-10,h=0.02:nit=178;h=0.01:nit=258,3.941e-14,1.413e-14,7.800889e-01,5.343e-14,5.506e-10,no,NOT COMPUTED (YET),n/a,graded,[axisymmetric critical point; stability NOT COMPUTED (YET)]
CGR,2T,4,1.0,1,2.0,15.4271915506,7.71359577532,7.71359577532,NOT COMPUTED (YET),NOT COMPUTED (YET),NOT COMPUTED (YET),NOT COMPUTED (YET),-1,2.366e-18,3.209e-14,NOT COMPUTED (YET),NOT COMPUTED (YET),1.187e-14,2.084e-14,0.000e+00,1.705e-10,h=0.02:nit=415;h=0.01:nit=778,3.162e-02,3.405e-02,9.568238e-01,3.450e-02,5.106e-10,yes,NOT COMPUTED (YET),n/a,report-only (n_tip > 1 at kappa > 1),[axisymmetric critical point; stability NOT COMPUTED (YET)]
CGR,2T,4,1.0,1,4.0,18.7664328573,9.38321642867,9.38321642867,NOT COMPUTED (YET),NOT COMPUTED (YET),NOT COMPUTED (YET),NOT COMPUTED (YET),-1,4.957e-19,2.748e-14,NOT COMPUTED (YET),NOT COMPUTED (YET),1.272e-15,1.083e-13,0.000e+00,1.280e-10,h=0.02:nit=444;h=0.01:nit=832,1.389e-01,1.389e-01,9.947711e-01,7.621e-02,4.365e-10,yes,NOT COMPUTED (YET),n/a,report-only (n_tip > 1 at kappa > 1),[axisymmetric critical point; stability NOT COMPUTED (YET)]
CGR,2T,4,24.0,0.5,0.25,8.06031803326,4.03015901663,4.03015901663,17.98233955,13.5136167551,17.98233955,13.5136167551,-1,1.780e-18,3.395e-14,-1.11022253152e-07,-1.1102225315e-07,6.729e-14,4.981e-14,3.153e-08,5.645e-11,h=0.02:nit=522;h=0.01:nit=1009,9.951e-03,1.141e-02,9.997652e-01,7.293e-02,3.117e-09,yes,yes,n/a,graded,[axisymmetric critical point; stability NOT COMPUTED (YET)]
CGR,2T,4,24.0,0.5,0.5,10.0324868031,5.01624340154,5.01624340154,13.21579514,11.3745307372,13.21579514,11.3745307372,-1,6.369e-19,2.732e-14,4.35422562199e-07,4.35422562201e-07,6.135e-14,5.170e-14,3.367e-08,5.792e-11,h=0.02:nit=479;h=0.01:nit=910,9.103e-03,1.055e-02,9.999969e-01,3.760e-02,2.983e-09,yes,yes,n/a,graded,[axisymmetric critical point; stability NOT COMPUTED (YET)]
CGR,2T,4,24.0,0.5,1.0,12.5663706144,6.28318530718,6.28318530718,9.85061091597,9.07317097307,9.85061091597,9.07317097307,-1,2.703e-18,2.576e-14,-1.18864918433e-18,9.10609536563e-19,2.672e-14,5.103e-14,2.007e-08,5.556e-11,h=0.02:nit=217;h=0.01:nit=48,5.558e-14,1.717e-14,1.000000e+00,5.046e-14,2.683e-09,no,yes,n/a,graded,[axisymmetric critical point; stability NOT COMPUTED (YET)]
CGR,2T,4,24.0,0.5,2.0,15.8176285781,7.90881428905,7.90881428905,9.38608424245,8.71201896878,9.38608424245,8.71201896878,-1,1.993e-18,2.286e-14,-6.52231058838e-07,-6.52231058838e-07,2.827e-16,5.099e-14,5.940e-09,4.658e-11,h=0.02:nit=540;h=0.01:nit=1135,3.103e-02,3.509e-02,1.000000e+00,3.973e-02,2.239e-09,yes,yes,n/a,report-only (n_tip > 1 at kappa > 1),[axisymmetric critical point; stability NOT COMPUTED (YET)]
CGR,2T,4,24.0,0.5,4.0,19.9635164653,9.98175823264,9.98175823264,9.03803332362,8.43524150502,9.03803332362,8.43524150502,-1,3.443e-18,1.898e-14,-6.47746385468e-07,-6.47746385468e-07,1.159e-14,5.357e-14,5.389e-08,3.567e-11,h=0.02:nit=633;h=0.01:nit=1282,1.162e-01,1.261e-01,1.000000e+00,8.160e-02,1.707e-09,yes,yes,n/a,report-only (n_tip > 1 at kappa > 1),[axisymmetric critical point; stability NOT COMPUTED (YET)]
CGR,2T,4,24.0,0.6,0.25,8.21312297294,4.10656148647,4.10656148647,17.5294036587,12.6182638209,17.5294036587,12.6182638209,-1,5.267e-18,2.924e-14,-1.17817451849e-06,-1.17817451848e-06,5.301e-14,4.304e-14,2.487e-09,9.305e-10,h=0.02:nit=474;h=0.01:nit=923,1.104e-02,1.115e-02,9.995264e-01,7.293e-02,3.117e-09,yes,yes,n/a,graded,[axisymmetric critical point; stability NOT COMPUTED (YET)]
CGR,2T,4,24.0,0.6,0.5,10.1277830404,5.06389152019,5.06389152019,12.7460895927,10.7739399138,12.7460895927,10.7739399138,-1,2.193e-19,2.287e-14,5.40714114033e-07,5.40714114036e-07,4.523e-14,4.911e-14,1.436e-08,8.816e-10,h=0.02:nit=472;h=0.01:nit=884,1.005e-02,1.025e-02,9.999910e-01,3.760e-02,2.983e-09,yes,yes,n/a,graded,[axisymmetric critical point; stability NOT COMPUTED (YET)]
CGR,2T,4,24.0,0.6,1.0,12.5663706144,6.28318530718,6.28318530718,9.45835215625,8.63462490615,9.45835215625,8.63462490615,-1,1.085e-18,2.523e-14,2.22323894584e-18,8.48817067516e-18,1.682e-14,4.326e-14,5.128e-08,7.937e-10,h=0.02:nit=204;h=0.01:nit=214,8.078e-14,2.699e-14,1.000000e+00,5.046e-14,2.683e-09,no,yes,n/a,graded,[axisymmetric critical point; stability NOT COMPUTED (YET)]
CGR,2T,4,24.0,0.6,2.0,15.6675486767,7.83377433836,7.83377433836,9.04584495023,8.32360731709,9.04584495023,8.32360731709,-1,1.361e-19,2.229e-14,-8.66115335522e-07,-8.66115335521e-07,2.262e-15,4.376e-14,4.099e-08,6.742e-10,h=0.02:nit=532;h=0.01:nit=1039,3.393e-02,3.393e-02,1.000000e+00,3.973e-02,2.239e-09,yes,yes,n/a,report-only (n_tip > 1 at kappa > 1),[axisymmetric critical point; stability NOT COMPUTED (YET)]
CGR,2T,4,24.0,0.6,4.0,19.5847877371,9.79239386854,9.79239386854,8.73972004953,8.0872877961,8.73972004953,8.0872877961,-1,1.509e-18,1.850e-14,-8.64122027889e-07,-8.64122027887e-07,1.470e-14,4.299e-14,4.137e-08,5.348e-10,h=0.02:nit=605;h=0.01:nit=1272,1.265e-01,1.265e-01,1.000000e+00,8.160e-02,1.707e-09,yes,yes,n/a,report-only (n_tip > 1 at kappa > 1),[axisymmetric critical point; stability NOT COMPUTED (YET)]
CGR,2T,4,24.0,0.7,0.25,8.35019812296,4.17509906148,4.17509906148,17.4528314528,11.8792744937,17.4528314528,11.8792744937,-1,3.382e-18,1.989e-14,-4.49781028115e-06,-4.49781028115e-06,3.788e-14,4.744e-14,1.796e-08,1.512e-09,h=0.02:nit=474;h=0.01:nit=950,1.205e-02,1.205e-02,9.991848e-01,7.293e-02,3.117e-09,yes,yes,n/a,graded,[axisymmetric critical point; stability NOT COMPUTED (YET)]
CGR,2T,4,24.0,0.7,0.5,10.2128213465,5.10641067327,5.10641067327,12.3765263298,10.2803369441,12.3765263298,10.2803369441,-1,3.287e-18,1.935e-14,6.33978380319e-07,6.33978380323e-07,3.336e-14,4.487e-14,1.095e-08,1.450e-09,h=0.02:nit=458;h=0.01:nit=901,1.093e-02,1.093e-02,9.999795e-01,3.760e-02,2.983e-09,yes,yes,n/a,graded,[axisymmetric critical point; stability NOT COMPUTED (YET)]
CGR,2T,4,24.0,0.7,1.0,12.5663706144,6.28318530718,6.28318530718,9.14905111333,8.28140472675,9.14905111333,8.28140472675,-1,4.192e-18,2.189e-14,5.47372637904e-18,5.66095418584e-18,7.068e-15,3.336e-14,3.353e-08,1.313e-09,h=0.02:nit=166;h=0.01:nit=240,7.302e-14,2.442e-14,9.999999e-01,5.046e-14,2.683e-09,no,yes,n/a,graded,[axisymmetric critical point; stability NOT COMPUTED (YET)]
CGR,2T,4,24.0,0.7,2.0,15.5353095554,7.7676547777,7.7676547777,8.77657453225,8.00884902136,8.77657453225,8.00884902136,-1,2.556e-18,1.619e-14,-1.0955001304e-06,-1.0955001304e-06,3.181e-14,2.801e-14,4.665e-08,1.109e-09,h=0.02:nit=492;h=0.01:nit=922,3.658e-02,3.658e-02,1.000000e+00,3.973e-02,2.239e-09,yes,yes,n/a,report-only (n_tip > 1 at kappa > 1),[axisymmetric critical point; stability NOT COMPUTED (YET)]
CGR,2T,4,24.0,0.7,4.0,19.2536359988,9.62681799941,9.62681799941,8.5025280845,7.80333725418,8.5025280845,7.80333725418,-1,1.112e-22,1.360e-14,-1.09719157938e-06,-1.09719157938e-06,4.241e-14,2.860e-14,2.930e-08,8.658e-10,h=0.02:nit=555;h=0.01:nit=1108,1.357e-01,1.357e-01,1.000000e+00,8.160e-02,1.707e-09,yes,yes,n/a,report-only (n_tip > 1 at kappa > 1),[axisymmetric critical point; stability NOT COMPUTED (YET)]
CGR,2T,4,24.0,0.8,0.25,8.47472103415,4.23736051708,4.23736051708,NOT COMPUTED (YET),NOT COMPUTED (YET),NOT COMPUTED (YET),NOT COMPUTED (YET),-1,2.356e-18,1.760e-14,NOT COMPUTED (YET),NOT COMPUTED (YET),2.884e-14,4.381e-14,0.000e+00,1.523e-10,h=0.02:nit=482;h=0.01:nit=911,1.302e-02,1.302e-02,9.987397e-01,7.293e-02,3.117e-09,yes,yes,n/a,graded,[axisymmetric critical point; stability NOT COMPUTED (YET)]
CGR,2T,4,24.0,0.8,0.5,10.2897023069,5.14485115344,5.14485115344,12.0755863526,9.86097416104,12.0755863526,9.86097416104,-1,2.803e-18,1.713e-14,7.02049845838e-07,7.02049845842e-07,2.403e-14,3.867e-14,1.563e-08,1.570e-10,h=0.02:nit=432;h=0.01:nit=881,1.175e-02,1.175e-02,9.999606e-01,3.760e-02,2.983e-09,yes,yes,n/a,graded,[axisymmetric critical point; stability NOT COMPUTED (YET)]
CGR,2T,4,24.0,0.8,1.0,12.5663706144,6.28318530718,6.28318530718,8.89633162845,7.98681096421,8.89633162845,7.98681096421,-1,1.862e-18,1.938e-14,6.82531782178e-18,3.06676652835e-18,5.654e-16,2.502e-14,2.254e-08,1.476e-10,h=0.02:nit=167;h=0.01:nit=226,6.509e-14,2.193e-14,9.999997e-01,5.046e-14,2.683e-09,no,yes,n/a,graded,[axisymmetric critical point; stability NOT COMPUTED (YET)]
CGR,2T,4,24.0,0.8,2.0,15.4171399806,7.70856999032,7.70856999032,8.55581231501,7.74485637259,8.55581231501,7.74485637259,-1,1.336e-18,1.439e-14,-1.33686865948e-06,-1.33686865949e-06,2.870e-14,4.148e-15,4.600e-08,1.243e-10,h=0.02:nit=488;h=0.01:nit=1013,3.901e-02,3.901e-02,1.000000e+00,3.973e-02,2.239e-09,yes,yes,n/a,report-only (n_tip > 1 at kappa > 1),[axisymmetric critical point; stability NOT COMPUTED (YET)]
CGR,2T,4,24.0,0.8,4.0,18.9597972022,9.4798986011,9.4798986011,8.30723300736,7.56368014268,8.30723300736,7.56368014268,-1,9.601e-19,1.213e-14,-1.34338169286e-06,-1.34338169285e-06,3.901e-14,6.858e-14,3.816e-08,9.317e-11,h=0.02:nit=532;h=0.01:nit=963,1.441e-01,1.441e-01,1.000000e+00,8.160e-02,1.707e-09,yes,yes,n/a,report-only (n_tip > 1 at kappa > 1),[axisymmetric critical point; stability NOT COMPUTED (YET)]
CGR,2T,4,24.0,0.9,0.25,8.58891853928,4.29445926964,4.29445926964,NOT COMPUTED (YET),NOT COMPUTED (YET),NOT COMPUTED (YET),NOT COMPUTED (YET),-1,6.018e-19,1.645e-14,NOT COMPUTED (YET),NOT COMPUTED (YET),2.092e-14,4.116e-14,0.000e+00,2.524e-09,h=0.02:nit=475;h=0.01:nit=949,1.395e-02,1.395e-02,9.981949e-01,7.293e-02,3.117e-09,yes,yes,n/a,graded,[axisymmetric critical point; stability NOT COMPUTED (YET)]
CGR,2T,4,24.0,0.9,0.5,10.3598965279,5.17994826394,5.17994826394,11.8245620193,9.49603509058,11.8245620193,9.49603509058,-1,1.561e-18,1.574e-14,7.1857947047e-07,7.18579470467e-07,1.682e-14,3.498e-14,1.460e-08,2.418e-09,h=0.02:nit=450;h=0.01:nit=832,1.254e-02,1.254e-02,9.999322e-01,3.760e-02,2.983e-09,yes,yes,n/a,graded,[axisymmetric critical point; stability NOT COMPUTED (YET)]
CGR,2T,4,24.0,0.9,1.0,12.5663706144,6.28318530718,6.28318530718,8.68431186875,7.73469857953,8.68431186875,7.73469857953,-1,2.349e-18,1.757e-14,8.10554989846e-18,1.8579631742e-17,4.382e-15,1.824e-14,2.230e-08,2.179e-09,h=0.02:nit=174;h=0.01:nit=166,5.869e-14,1.979e-14,9.999993e-01,5.046e-14,2.683e-09,no,yes,n/a,graded,[axisymmetric critical point; stability NOT COMPUTED (YET)]
CGR,2T,4,24.0,0.9,2.0,15.310407891,7.65520394552,7.65520394552,8.37001358293,7.51776128307,8.37001358293,7.51776128307,-1,1.856e-18,1.320e-14,-1.58711510676e-06,-1.58711510676e-06,2.643e-14,1.822e-14,2.115e-08,1.825e-09,h=0.02:nit=466;h=0.01:nit=896,4.127e-02,4.127e-02,1.000000e+00,3.973e-02,2.239e-09,yes,yes,n/a,report-only (n_tip > 1 at kappa > 1),[axisymmetric critical point; stability NOT COMPUTED (YET)]
CGR,2T,4,24.0,0.9,4.0,18.6961246458,9.34806232292,9.34806232292,8.14221868872,7.35634249499,8.14221868872,7.35634249499,-1,3.024e-18,2.387e-14,-1.59952515896e-06,-1.59952515896e-06,3.378e-14,1.036e-13,1.298e-08,1.402e-09,h=0.02:nit=503;h=0.01:nit=997,1.518e-01,1.518e-01,1.000000e+00,8.160e-02,1.707e-09,yes,yes,n/a,report-only (n_tip > 1 at kappa > 1),[axisymmetric critical point; stability NOT COMPUTED (YET)]
CGR,2T,4,24.0,1,0.25,8.69442583285,4.34721291643,4.34721291643,NOT COMPUTED (YET),NOT COMPUTED (YET),NOT COMPUTED (YET),NOT COMPUTED (YET),-1,1.843e-18,1.507e-14,NOT COMPUTED (YET),NOT COMPUTED (YET),1.399e-14,4.188e-14,0.000e+00,3.117e-09,h=0.02:nit=468;h=0.01:nit=969,1.483e-02,1.483e-02,9.975571e-01,7.293e-02,3.117e-09,yes,yes,n/a,graded,[axisymmetric critical point; stability NOT COMPUTED (YET)]
CGR,2T,4,24.0,1,0.5,10.4244828478,5.21224142389,5.21224142389,11.6118444917,9.17275462786,11.6118444917,9.17275462786,-1,9.867e-19,1.490e-14,6.33337180938e-07,6.33337180924e-07,1.103e-14,3.306e-14,2.947e-09,2.983e-09,h=0.02:nit=438;h=0.01:nit=851,1.328e-02,1.328e-02,9.998929e-01,3.760e-02,2.983e-09,yes,yes,n/a,graded,[axisymmetric critical point; stability NOT COMPUTED (YET)]
CGR,2T,4,24.0,1,1.0,12.5663706144,6.28318530718,6.28318530718,8.50276921942,7.51463139188,8.50276921942,7.51463139188,-1,9.471e-19,2.226e-14,9.42125775165e-18,6.84692958516e-18,8.623e-15,1.272e-14,3.107e-08,2.683e-09,h=0.02:nit=182;h=0.01:nit=226,5.346e-14,1.806e-14,9.999987e-01,5.046e-14,2.683e-09,no,yes,n/a,graded,[axisymmetric critical point; stability NOT COMPUTED (YET)]
CGR,2T,4,24.0,1,2.0,15.2131889985,7.60659449926,7.60659449926,8.21044768341,7.31858192567,8.21044768341,7.31858192567,-1,2.252e-18,2.723e-14,-1.84345198908e-06,-1.84345198908e-06,2.460e-14,3.410e-14,2.565e-08,2.239e-09,h=0.02:nit=454;h=0.01:nit=943,4.338e-02,4.338e-02,1.000000e+00,3.973e-02,2.239e-09,yes,yes,n/a,report-only (n_tip > 1 at kappa > 1),[axisymmetric critical point; stability NOT COMPUTED (YET)]
CGR,2T,4,24.0,1,4.0,18.4574071949,9.22870359743,9.22870359743,7.99998357325,7.17354945326,7.99998357325,7.17354945326,-1,8.443e-18,2.560e-14,-1.86277502285e-06,-1.86277502285e-06,2.884e-14,1.361e-13,2.704e-08,1.707e-09,h=0.02:nit=506;h=0.01:nit=1042,1.590e-01,1.590e-01,1.000000e+00,8.160e-02,1.707e-09,yes,yes,n/a,report-only (n_tip > 1 at kappa > 1),[axisymmetric critical point; stability NOT COMPUTED (YET)]
CGR,2T,4,4.0,0.5,0.25,7.860011051,3.9300055255,3.9300055255,NOT COMPUTED (YET),NOT COMPUTED (YET),NOT COMPUTED (YET),NOT COMPUTED (YET),-1,1.037e-18,2.172e-14,NOT COMPUTED (YET),NOT COMPUTED (YET),5.725e-14,5.119e-14,0.000e+00,3.851e-11,h=0.02:nit=579;h=0.01:nit=1481,5.011e-03,1.202e-02,7.974751e-01,5.014e-02,1.446e-09,yes,NOT COMPUTED (YET),n/a,graded,[axisymmetric critical point; stability NOT COMPUTED (YET)]
CGR,2T,4,4.0,0.5,0.5,9.96877057616,4.98438528808,4.98438528808,NOT COMPUTED (YET),NOT COMPUTED (YET),NOT COMPUTED (YET),NOT COMPUTED (YET),-1,8.812e-19,2.682e-14,NOT COMPUTED (YET),NOT COMPUTED (YET),5.527e-14,5.150e-14,0.000e+00,4.857e-11,h=0.02:nit=426;h=0.01:nit=909,7.458e-03,1.095e-02,9.690675e-01,3.464e-02,1.393e-09,yes,NOT COMPUTED (YET),n/a,graded,[axisymmetric critical point; stability NOT COMPUTED (YET)]
CGR,2T,4,4.0,0.5,1.0,12.5663706144,6.28318530718,6.28318530718,NOT COMPUTED (YET),NOT COMPUTED (YET),NOT COMPUTED (YET),NOT COMPUTED (YET),-1,2.378e-19,2.494e-14,NOT COMPUTED (YET),NOT COMPUTED (YET),4.580e-14,5.329e-14,0.000e+00,4.909e-11,h=0.02:nit=181;h=0.01:nit=38,8.822e-14,2.914e-14,9.975919e-01,5.810e-14,1.287e-09,no,NOT COMPUTED (YET),n/a,graded,[axisymmetric critical point; stability NOT COMPUTED (YET)]
CGR,2T,4,4.0,0.5,2.0,15.8620706777,7.93103533883,7.93103533883,NOT COMPUTED (YET),NOT COMPUTED (YET),NOT COMPUTED (YET),NOT COMPUTED (YET),-1,9.030e-19,2.205e-14,NOT COMPUTED (YET),NOT COMPUTED (YET),3.760e-14,5.431e-14,0.000e+00,4.282e-11,h=0.02:nit=408;h=0.01:nit=771,2.903e-02,3.596e-02,9.999308e-01,3.890e-02,1.119e-09,yes,NOT COMPUTED (YET),n/a,report-only (n_tip > 1 at kappa > 1),[axisymmetric critical point; stability NOT COMPUTED (YET)]
CGR,2T,4,4.0,0.5,4.0,20.0407878737,10.0203939369,10.0203939369,9.79530262546,6.32302163895,9.79530262546,6.32302163895,-1,2.497e-19,1.852e-14,3.84987951224e-06,3.84987951224e-06,3.152e-14,5.389e-14,1.818e-07,3.384e-11,h=0.02:nit=479;h=0.01:nit=952,1.115e-01,1.285e-01,9.999993e-01,8.039e-02,8.923e-10,yes,NOT COMPUTED (YET),n/a,report-only (n_tip > 1 at kappa > 1),[axisymmetric critical point; stability NOT COMPUTED (YET)]
CGR,2T,4,4.0,0.6,0.25,7.97327330342,3.98663665171,3.98663665171,NOT COMPUTED (YET),NOT COMPUTED (YET),NOT COMPUTED (YET),NOT COMPUTED (YET),-1,2.092e-18,1.845e-14,NOT COMPUTED (YET),NOT COMPUTED (YET),4.368e-14,3.709e-14,0.000e+00,9.241e-10,h=0.02:nit=556;h=0.01:nit=1342,4.804e-03,1.191e-02,7.569430e-01,5.014e-02,1.446e-09,yes,NOT COMPUTED (YET),n/a,graded,[axisymmetric critical point; stability NOT COMPUTED (YET)]
CGR,2T,4,4.0,0.6,0.5,10.0576069968,5.02880349839,5.02880349839,NOT COMPUTED (YET),NOT COMPUTED (YET),NOT COMPUTED (YET),NOT COMPUTED (YET),-1,7.479e-19,2.287e-14,NOT COMPUTED (YET),NOT COMPUTED (YET),4.241e-14,4.327e-14,0.000e+00,8.583e-10,h=0.02:nit=424;h=0.01:nit=869,8.174e-03,1.069e-02,9.583100e-01,3.464e-02,1.393e-09,yes,NOT COMPUTED (YET),n/a,graded,[axisymmetric critical point; stability NOT COMPUTED (YET)]
CGR,2T,4,4.0,0.6,1.0,12.5663706144,6.28318530718,6.28318530718,NOT COMPUTED (YET),NOT COMPUTED (YET),NOT COMPUTED (YET),NOT COMPUTED (YET),-1,7.747e-19,2.117e-14,NOT COMPUTED (YET),NOT COMPUTED (YET),3.378e-14,4.198e-14,0.000e+00,7.904e-10,h=0.02:nit=167;h=0.01:nit=200,7.715e-14,2.581e-14,9.960588e-01,5.810e-14,1.287e-09,no,NOT COMPUTED (YET),n/a,graded,[axisymmetric critical point; stability NOT COMPUTED (YET)]
CGR,2T,4,4.0,0.6,2.0,15.7146406353,7.85732031767,7.85732031767,NOT COMPUTED (YET),NOT COMPUTED (YET),NOT COMPUTED (YET),NOT COMPUTED (YET),-1,3.831e-18,1.863e-14,NOT COMPUTED (YET),NOT COMPUTED (YET),2.615e-14,4.137e-14,0.000e+00,6.900e-10,h=0.02:nit=443;h=0.01:nit=877,3.180e-02,3.460e-02,9.998494e-01,3.890e-02,1.119e-09,yes,NOT COMPUTED (YET),n/a,report-only (n_tip > 1 at kappa > 1),[axisymmetric critical point; stability NOT COMPUTED (YET)]
CGR,2T,4,4.0,0.6,4.0,19.6659984206,9.83299921028,9.83299921028,NOT COMPUTED (YET),NOT COMPUTED (YET),NOT COMPUTED (YET),NOT COMPUTED (YET),-1,6.058e-18,1.566e-14,NOT COMPUTED (YET),NOT COMPUTED (YET),1.951e-14,3.884e-14,0.000e+00,5.578e-10,h=0.02:nit=438;h=0.01:nit=929,1.216e-01,1.229e-01,9.999977e-01,8.039e-02,8.923e-10,yes,NOT COMPUTED (YET),n/a,report-only (n_tip > 1 at kappa > 1),[axisymmetric critical point; stability NOT COMPUTED (YET)]
CGR,2T,4,4.0,0.7,0.25,8.06807061486,4.03403530743,4.03403530743,NOT COMPUTED (YET),NOT COMPUTED (YET),NOT COMPUTED (YET),NOT COMPUTED (YET),-1,4.206e-18,1.585e-14,NOT COMPUTED (YET),NOT COMPUTED (YET),3.294e-14,3.170e-14,0.000e+00,1.446e-09,h=0.02:nit=520;h=0.01:nit=1443,4.450e-03,1.183e-02,7.196754e-01,5.014e-02,1.446e-09,yes,NOT COMPUTED (YET),n/a,graded,[axisymmetric critical point; stability NOT COMPUTED (YET)]
CGR,2T,4,4.0,0.7,0.5,10.1360650141,5.06803250705,5.06803250705,NOT COMPUTED (YET),NOT COMPUTED (YET),NOT COMPUTED (YET),NOT COMPUTED (YET),-1,8.786e-19,1.562e-14,NOT COMPUTED (YET),NOT COMPUTED (YET),2.771e-14,3.645e-14,0.000e+00,1.393e-09,h=0.02:nit=447;h=0.01:nit=836,8.810e-03,1.045e-02,9.475114e-01,3.464e-02,1.393e-09,yes,NOT COMPUTED (YET),n/a,graded,[axisymmetric critical point; stability NOT COMPUTED (YET)]
CGR,2T,4,4.0,0.7,1.0,12.5663706144,6.28318530718,6.28318530718,NOT COMPUTED (YET),NOT COMPUTED (YET),NOT COMPUTED (YET),NOT COMPUTED (YET),-1,1.819e-18,1.861e-14,NOT COMPUTED (YET),NOT COMPUTED (YET),2.502e-14,3.251e-14,0.000e+00,1.287e-09,h=0.02:nit=176;h=0.01:nit=221,6.684e-14,2.263e-14,9.942357e-01,5.810e-14,1.287e-09,no,NOT COMPUTED (YET),n/a,graded,[axisymmetric critical point; stability NOT COMPUTED (YET)]
CGR,2T,4,4.0,0.7,2.0,15.5846961776,7.79234808879,7.79234808879,NOT COMPUTED (YET),NOT COMPUTED (YET),NOT COMPUTED (YET),NOT COMPUTED (YET),-1,3.279e-18,1.642e-14,NOT COMPUTED (YET),NOT COMPUTED (YET),1.654e-14,3.032e-14,0.000e+00,1.119e-09,h=0.02:nit=416;h=0.01:nit=855,3.434e-02,3.434e-02,9.997254e-01,3.890e-02,1.119e-09,yes,NOT COMPUTED (YET),n/a,report-only (n_tip > 1 at kappa > 1),[axisymmetric critical point; stability NOT COMPUTED (YET)]
CGR,2T,4,4.0,0.7,4.0,19.3381739412,9.6690869706,9.6690869706,NOT COMPUTED (YET),NOT COMPUTED (YET),NOT COMPUTED (YET),NOT COMPUTED (YET),-1,4.154e-18,1.393e-14,NOT COMPUTED (YET),NOT COMPUTED (YET),1.004e-14,5.493e-14,0.000e+00,8.923e-10,h=0.02:nit=435;h=0.01:nit=913,1.306e-01,1.306e-01,9.999945e-01,8.039e-02,8.923e-10,yes,NOT COMPUTED (YET),n/a,report-only (n_tip > 1 at kappa > 1),[axisymmetric critical point; stability NOT COMPUTED (YET)]
CGR,2T,4,4.0,0.8,0.25,8.14818715631,4.07409357815,4.07409357815,NOT COMPUTED (YET),NOT COMPUTED (YET),NOT COMPUTED (YET),NOT COMPUTED (YET),-1,4.217e-18,3.352e-14,NOT COMPUTED (YET),NOT COMPUTED (YET),1.951e-14,3.401e-14,0.000e+00,1.069e-10,h=0.02:nit=543;h=0.01:nit=1209,3.994e-03,1.178e-02,6.854237e-01,5.014e-02,1.446e-09,yes,NOT COMPUTED (YET),n/a,graded,[axisymmetric critical point; stability NOT COMPUTED (YET)]
CGR,2T,4,4.0,0.8,0.5,10.2061341932,5.10306709662,5.10306709662,NOT COMPUTED (YET),NOT COMPUTED (YET),NOT COMPUTED (YET),NOT COMPUTED (YET),-1,1.802e-18,1.479e-14,NOT COMPUTED (YET),NOT COMPUTED (YET),2.064e-14,3.359e-14,0.000e+00,1.299e-10,h=0.02:nit=424;h=0.01:nit=806,9.376e-03,1.024e-02,9.368846e-01,3.464e-02,1.393e-09,yes,NOT COMPUTED (YET),n/a,graded,[axisymmetric critical point; stability NOT COMPUTED (YET)]
CGR,2T,4,4.0,0.8,1.0,12.5663706144,6.28318530718,6.28318530718,NOT COMPUTED (YET),NOT COMPUTED (YET),NOT COMPUTED (YET),NOT COMPUTED (YET),-1,9.411e-19,1.698e-14,NOT COMPUTED (YET),NOT COMPUTED (YET),2.007e-14,2.403e-14,0.000e+00,1.324e-10,h=0.02:nit=169;h=0.01:nit=222,5.893e-14,2.023e-14,9.921856e-01,5.810e-14,1.287e-09,no,NOT COMPUTED (YET),n/a,graded,[axisymmetric critical point; stability NOT COMPUTED (YET)]
CGR,2T,4,4.0,0.8,2.0,15.468562919,7.73428145949,7.73428145949,NOT COMPUTED (YET),NOT COMPUTED (YET),NOT COMPUTED (YET),NOT COMPUTED (YET),-1,5.570e-18,2.320e-14,NOT COMPUTED (YET),NOT COMPUTED (YET),6.927e-15,6.661e-15,0.000e+00,1.144e-10,h=0.02:nit=398;h=0.01:nit=751,3.667e-02,3.667e-02,9.995558e-01,3.890e-02,1.119e-09,yes,NOT COMPUTED (YET),n/a,report-only (n_tip > 1 at kappa > 1),[axisymmetric critical point; stability NOT COMPUTED (YET)]
CGR,2T,4,4.0,0.8,4.0,19.0472145557,9.52360727784,9.52360727784,NOT COMPUTED (YET),NOT COMPUTED (YET),NOT COMPUTED (YET),NOT COMPUTED (YET),-1,3.309e-18,2.366e-14,NOT COMPUTED (YET),NOT COMPUTED (YET),1.117e-14,6.416e-14,0.000e+00,8.774e-11,h=0.02:nit=430;h=0.01:nit=867,1.389e-01,1.389e-01,9.999890e-01,8.039e-02,8.923e-10,yes,NOT COMPUTED (YET),n/a,report-only (n_tip > 1 at kappa > 1),[axisymmetric critical point; stability NOT COMPUTED (YET)]
CGR,2T,4,4.0,0.9,0.25,8.21642129456,4.10821064728,4.10821064728,NOT COMPUTED (YET),NOT COMPUTED (YET),NOT COMPUTED (YET),NOT COMPUTED (YET),-1,0.000e+00,3.758e-14,NOT COMPUTED (YET),NOT COMPUTED (YET),3.110e-15,4.086e-14,0.000e+00,1.429e-10,h=0.02:nit=565;h=0.01:nit=1115,3.546e-03,1.177e-02,6.539426e-01,5.014e-02,1.446e-09,yes,NOT COMPUTED (YET),n/a,graded,[axisymmetric critical point; stability NOT COMPUTED (YET)]
CGR,2T,4,4.0,0.9,0.5,10.2692356037,5.13461780184,5.13461780184,NOT COMPUTED (YET),NOT COMPUTED (YET),NOT COMPUTED (YET),NOT COMPUTED (YET),-1,2.305e-18,3.320e-14,NOT COMPUTED (YET),NOT COMPUTED (YET),1.173e-14,3.287e-14,0.000e+00,1.639e-10,h=0.02:nit=426;h=0.01:nit=824,9.884e-03,1.004e-02,9.265506e-01,3.464e-02,1.393e-09,yes,NOT COMPUTED (YET),n/a,graded,[axisymmetric critical point; stability NOT COMPUTED (YET)]
CGR,2T,4,4.0,0.9,1.0,12.5663706144,6.28318530718,6.28318530718,NOT COMPUTED (YET),NOT COMPUTED (YET),NOT COMPUTED (YET),NOT COMPUTED (YET),-1,6.129e-19,3.380e-14,NOT COMPUTED (YET),NOT COMPUTED (YET),1.018e-14,1.739e-14,0.000e+00,1.695e-10,h=0.02:nit=160;h=0.01:nit=205,5.243e-14,1.803e-14,9.899637e-01,5.810e-14,1.287e-09,no,NOT COMPUTED (YET),n/a,graded,[axisymmetric critical point; stability NOT COMPUTED (YET)]
CGR,2T,4,4.0,0.9,2.0,15.3636768981,7.68183844903,7.68183844903,NOT COMPUTED (YET),NOT COMPUTED (YET),NOT COMPUTED (YET),NOT COMPUTED (YET),-1,4.244e-18,2.848e-14,NOT COMPUTED (YET),NOT COMPUTED (YET),6.644e-15,1.307e-14,0.000e+00,1.452e-10,h=0.02:nit=432;h=0.01:nit=753,3.885e-02,3.885e-02,9.993400e-01,3.890e-02,1.119e-09,yes,NOT COMPUTED (YET),n/a,report-only (n_tip > 1 at kappa > 1),[axisymmetric critical point; stability NOT COMPUTED (YET)]
CGR,2T,4,4.0,0.9,4.0,18.7860855781,9.39304278904,9.39304278904,NOT COMPUTED (YET),NOT COMPUTED (YET),NOT COMPUTED (YET),NOT COMPUTED (YET),-1,6.197e-18,2.564e-14,NOT COMPUTED (YET),NOT COMPUTED (YET),5.372e-15,9.910e-14,0.000e+00,1.103e-10,h=0.02:nit=430;h=0.01:nit=864,1.465e-01,1.465e-01,9.999804e-01,8.039e-02,8.923e-10,yes,NOT COMPUTED (YET),n/a,report-only (n_tip > 1 at kappa > 1),[axisymmetric critical point; stability NOT COMPUTED (YET)]
CGR,2T,4,4.0,1,0.25,8.27491452569,4.13745726284,4.13745726284,NOT COMPUTED (YET),NOT COMPUTED (YET),NOT COMPUTED (YET),NOT COMPUTED (YET),-1,0.000e+00,3.669e-14,NOT COMPUTED (YET),NOT COMPUTED (YET),3.393e-15,3.177e-14,0.000e+00,1.885e-10,h=0.02:nit=547;h=0.01:nit=1029,4.127e-03,1.177e-02,6.250052e-01,5.014e-02,1.446e-09,yes,NOT COMPUTED (YET),n/a,graded,[axisymmetric critical point; stability NOT COMPUTED (YET)]
CGR,2T,4,4.0,1,0.5,10.3264353089,5.16321765444,5.16321765444,NOT COMPUTED (YET),NOT COMPUTED (YET),NOT COMPUTED (YET),NOT COMPUTED (YET),-1,6.123e-18,3.426e-14,NOT COMPUTED (YET),NOT COMPUTED (YET),9.471e-15,2.890e-14,0.000e+00,2.012e-10,h=0.02:nit=427;h=0.01:nit=790,1.034e-02,1.034e-02,9.165750e-01,3.464e-02,1.393e-09,yes,NOT COMPUTED (YET),n/a,graded,[axisymmetric critical point; stability NOT COMPUTED (YET)]
CGR,2T,4,4.0,1,1.0,12.5663706144,6.28318530718,6.28318530718,NOT COMPUTED (YET),NOT COMPUTED (YET),NOT COMPUTED (YET),NOT COMPUTED (YET),-1,3.154e-18,3.354e-14,NOT COMPUTED (YET),NOT COMPUTED (YET),8.481e-15,1.300e-14,0.000e+00,2.109e-10,h=0.02:nit=160;h=0.01:nit=218,4.716e-14,1.607e-14,9.876162e-01,5.810e-14,1.287e-09,no,NOT COMPUTED (YET),n/a,graded,[axisymmetric critical point; stability NOT COMPUTED (YET)]
CGR,2T,4,4.0,1,2.0,15.2681640189,7.63408200947,7.63408200947,NOT COMPUTED (YET),NOT COMPUTED (YET),NOT COMPUTED (YET),NOT COMPUTED (YET),-1,3.856e-18,3.020e-14,NOT COMPUTED (YET),NOT COMPUTED (YET),4.382e-15,2.722e-14,0.000e+00,1.790e-10,h=0.02:nit=405;h=0.01:nit=785,4.088e-02,4.088e-02,9.990793e-01,3.890e-02,1.119e-09,yes,NOT COMPUTED (YET),n/a,report-only (n_tip > 1 at kappa > 1),[axisymmetric critical point; stability NOT COMPUTED (YET)]
CGR,2T,4,4.0,1,4.0,18.5496563587,9.27482817934,9.27482817934,NOT COMPUTED (YET),NOT COMPUTED (YET),NOT COMPUTED (YET),NOT COMPUTED (YET),-1,6.739e-18,2.674e-14,NOT COMPUTED (YET),NOT COMPUTED (YET),4.948e-15,1.258e-13,0.000e+00,1.347e-10,h=0.02:nit=434;h=0.01:nit=810,1.535e-01,1.535e-01,9.999681e-01,8.039e-02,8.923e-10,yes,NOT COMPUTED (YET),n/a,report-only (n_tip > 1 at kappa > 1),[axisymmetric critical point; stability NOT COMPUTED (YET)]
CGR,2T,4,99.0,0.5,0.25,8.08649119492,4.04324559746,4.04324559746,17.6626266581,16.5368483985,17.6626266581,16.5368483985,-1,6.879e-19,3.148e-14,6.42535459168e-07,6.42535459168e-07,6.700e-14,5.338e-14,3.269e-08,7.409e-10,h=0.02:nit=1000;h=0.01:nit=1888,1.042e-02,1.134e-02,1.000000e+00,7.371e-02,2.590e-09,yes,yes,n/a,graded,[axisymmetric critical point; stability NOT COMPUTED (YET)]
CGR,2T,4,99.0,0.5,0.5,10.0434626884,5.0217313442,5.0217313442,13.1049610596,12.6410836662,13.1049610596,12.6410836662,-1,1.599e-18,3.142e-14,7.72177992219e-07,7.72177992219e-07,6.305e-14,5.607e-14,3.067e-08,7.044e-10,h=0.02:nit=863;h=0.01:nit=1736,9.370e-03,1.048e-02,1.000000e+00,3.787e-02,2.413e-09,yes,yes,n/a,graded,[axisymmetric critical point; stability NOT COMPUTED (YET)]
CGR,2T,4,99.0,0.5,1.0,12.5663706144,6.28318530718,6.28318530718,9.80604210945,9.61077477158,9.80604210945,9.61077477158,-1,2.354e-18,2.874e-14,8.4473905483e-18,7.0115852798e-18,2.290e-14,5.244e-14,6.228e-09,6.364e-10,h=0.02:nit=266;h=0.01:nit=107,6.056e-14,1.700e-14,1.000000e+00,4.863e-14,2.133e-09,no,yes,n/a,graded,[axisymmetric critical point; stability NOT COMPUTED (YET)]
CGR,2T,4,99.0,0.5,2.0,15.8095178221,7.90475891106,7.90475891106,9.34943532123,9.18010216991,9.34943532123,9.18010216991,-1,1.548e-18,2.454e-14,-8.43769835148e-07,-8.43769835148e-07,1.739e-14,5.011e-14,3.035e-08,5.402e-10,h=0.02:nit=1054;h=0.01:nit=2078,3.140e-02,3.494e-02,1.000000e+00,3.988e-02,1.769e-09,yes,yes,n/a,report-only (n_tip > 1 at kappa > 1),[axisymmetric critical point; stability NOT COMPUTED (YET)]
CGR,2T,4,99.0,0.5,4.0,19.9493040108,9.97465200541,9.97465200541,9.00580137411,8.8544019743,9.00580137411,8.8544019743,-1,4.060e-18,2.011e-14,-8.21719422883e-07,-8.21719422886e-07,3.393e-14,5.414e-14,6.010e-08,4.281e-10,h=0.02:nit=1117;h=0.01:nit=2462,1.171e-01,1.257e-01,1.000000e+00,8.182e-02,1.352e-09,yes,yes,n/a,report-only (n_tip > 1 at kappa > 1),[axisymmetric critical point; stability NOT COMPUTED (YET)]
CGR,2T,4,99.0,0.6,0.25,8.2415287673,4.12076438365,4.12076438365,17.0783988512,15.8600372293,17.0783988512,15.8600372293,-1,3.391e-18,3.110e-14,8.58990059036e-07,8.5899005904e-07,5.527e-14,4.419e-14,5.593e-08,8.631e-11,h=0.02:nit=841;h=0.01:nit=1671,1.156e-02,1.156e-02,1.000000e+00,7.371e-02,2.590e-09,yes,yes,n/a,graded,[axisymmetric critical point; stability NOT COMPUTED (YET)]
CGR,2T,4,99.0,0.6,0.5,10.1395852818,5.06979264088,5.06979264088,12.6243839144,12.1273592154,12.6243839144,12.1273592154,-1,2.869e-18,2.623e-14,1.05036543472e-06,1.05036543472e-06,4.750e-14,5.081e-14,3.261e-08,8.823e-11,h=0.02:nit=840;h=0.01:nit=1539,1.034e-02,1.034e-02,1.000000e+00,3.787e-02,2.413e-09,yes,yes,n/a,graded,[axisymmetric critical point; stability NOT COMPUTED (YET)]
CGR,2T,4,99.0,0.6,1.0,12.5663706144,6.28318530718,6.28318530718,9.41032539012,9.20337363545,9.41032539012,9.20337363545,-1,1.208e-18,2.710e-14,-7.88825260223e-18,-8.82456934602e-18,9.047e-15,4.523e-14,1.088e-08,8.257e-11,h=0.02:nit=283;h=0.01:nit=239,6.910e-14,2.352e-14,1.000000e+00,4.863e-14,2.133e-09,no,yes,n/a,graded,[axisymmetric critical point; stability NOT COMPUTED (YET)]
CGR,2T,4,99.0,0.6,2.0,15.6589697719,7.82948488593,7.82948488593,9.00555167331,8.82407154853,9.00555167331,8.82407154853,-1,1.087e-18,2.421e-14,-1.15911244697e-06,-1.15911244697e-06,1.993e-14,4.333e-14,3.421e-08,6.946e-11,h=0.02:nit=917;h=0.01:nit=1856,3.432e-02,3.432e-02,1.000000e+00,3.988e-02,1.769e-09,yes,yes,n/a,report-only (n_tip > 1 at kappa > 1),[axisymmetric critical point; stability NOT COMPUTED (YET)]
CGR,2T,4,99.0,0.6,4.0,19.5698699748,9.7849349874,9.7849349874,8.70373017435,8.53982659198,8.70373017435,8.53982659198,-1,2.108e-22,2.049e-14,-1.1329782571e-06,-1.1329782571e-06,3.746e-14,4.339e-14,2.063e-09,5.282e-11,h=0.02:nit=965;h=0.01:nit=2144,1.274e-01,1.274e-01,1.000000e+00,8.182e-02,1.352e-09,yes,yes,n/a,report-only (n_tip > 1 at kappa > 1),[axisymmetric critical point; stability NOT COMPUTED (YET)]
CGR,2T,4,99.0,0.7,0.25,8.38062108718,4.19031054359,4.19031054359,16.6153773353,15.309445335,16.6153773353,15.309445335,-1,3.475e-18,2.256e-14,1.09302596469e-06,1.09302596469e-06,3.887e-14,5.066e-14,1.577e-08,1.499e-09,h=0.02:nit=888;h=0.01:nit=1632,1.262e-02,1.262e-02,1.000000e+00,7.371e-02,2.590e-09,yes,yes,n/a,graded,[axisymmetric critical point; stability NOT COMPUTED (YET)]
CGR,2T,4,99.0,0.7,0.5,10.2253562808,5.11267814038,5.11267814038,12.2438848322,11.7155053261,12.2438848322,11.7155053261,-1,4.558e-18,2.203e-14,1.36058545535e-06,1.36058545535e-06,3.576e-14,4.812e-14,3.791e-08,1.424e-09,h=0.02:nit=771;h=0.01:nit=1617,1.124e-02,1.124e-02,1.000000e+00,3.787e-02,2.413e-09,yes,yes,n/a,graded,[axisymmetric critical point; stability NOT COMPUTED (YET)]
CGR,2T,4,99.0,0.7,1.0,12.5663706144,6.28318530718,6.28318530718,9.09755800983,8.87952831513,9.09755800983,8.87952831513,-1,1.484e-18,2.409e-14,-3.86456835615e-18,-2.24774788332e-18,2.686e-15,3.492e-14,4.990e-08,1.280e-09,h=0.02:nit=265;h=0.01:nit=218,7.436e-14,2.481e-14,1.000000e+00,4.863e-14,2.133e-09,no,yes,n/a,graded,[axisymmetric critical point; stability NOT COMPUTED (YET)]
CGR,2T,4,99.0,0.7,2.0,15.526331045,7.76316552252,7.76316552252,8.73268692859,8.53974255365,8.73268692859,8.53974255365,-1,1.142e-18,1.855e-14,-1.51579698043e-06,-1.51579698042e-06,5.329e-14,3.055e-14,1.412e-08,1.076e-09,h=0.02:nit=918;h=0.01:nit=1711,3.698e-02,3.698e-02,1.000000e+00,3.988e-02,1.769e-09,yes,yes,n/a,report-only (n_tip > 1 at kappa > 1),[axisymmetric critical point; stability NOT COMPUTED (YET)]
CGR,2T,4,99.0,0.7,4.0,19.2381285464,9.61906427321,9.61906427321,8.46286335824,8.28718560388,8.46286335824,8.28718560388,-1,2.735e-18,1.556e-14,-1.4860499899e-06,-1.4860499899e-06,6.955e-14,2.752e-14,6.137e-08,8.364e-10,h=0.02:nit=913;h=0.01:nit=1724,1.367e-01,1.367e-01,1.000000e+00,8.182e-02,1.352e-09,yes,yes,n/a,report-only (n_tip > 1 at kappa > 1),[axisymmetric critical point; stability NOT COMPUTED (YET)]
CGR,2T,4,99.0,0.8,0.25,8.50699209779,4.2534960489,4.2534960489,16.2352931363,14.8459653874,16.2352931363,14.8459653874,-1,2.373e-18,1.950e-14,1.34118420276e-06,1.34118420276e-06,2.912e-14,4.844e-14,4.307e-10,1.971e-09,h=0.02:nit=757;h=0.01:nit=1653,1.363e-02,1.363e-02,9.999999e-01,7.371e-02,2.590e-09,yes,yes,n/a,graded,[axisymmetric critical point; stability NOT COMPUTED (YET)]
CGR,2T,4,99.0,0.8,0.5,10.3028968175,5.15144840875,5.15144840875,11.9317590622,11.3735367504,11.9317590622,11.3735367504,-1,9.394e-19,1.911e-14,1.70024954396e-06,1.70024954397e-06,2.601e-14,4.293e-14,1.584e-08,1.871e-09,h=0.02:nit=755;h=0.01:nit=1362,1.208e-02,1.208e-02,1.000000e+00,3.787e-02,2.413e-09,yes,yes,n/a,graded,[axisymmetric critical point; stability NOT COMPUTED (YET)]
CGR,2T,4,99.0,0.8,1.0,12.5663706144,6.28318530718,6.28318530718,8.84138868643,8.61280526723,8.84138868643,8.61280526723,-1,2.013e-18,2.115e-14,-5.70896642854e-18,-3.01623393188e-18,9.330e-15,2.629e-14,2.151e-08,1.677e-09,h=0.02:nit=269;h=0.01:nit=312,6.802e-14,2.268e-14,1.000000e+00,4.863e-14,2.133e-09,no,yes,n/a,graded,[axisymmetric critical point; stability NOT COMPUTED (YET)]
CGR,2T,4,99.0,0.8,2.0,15.4078138371,7.70390691854,7.70390691854,8.50838440235,8.30455089562,8.50838440235,8.30455089562,-1,2.383e-18,1.608e-14,-1.91181788664e-06,-1.91181788663e-06,4.707e-14,4.727e-15,2.811e-08,1.404e-09,h=0.02:nit=713;h=0.01:nit=1424,3.942e-02,3.942e-02,1.000000e+00,3.988e-02,1.769e-09,yes,yes,n/a,report-only (n_tip > 1 at kappa > 1),[axisymmetric critical point; stability NOT COMPUTED (YET)]
CGR,2T,4,99.0,0.8,4.0,18.9437861927,9.47189309633,9.47189309633,8.26396867823,8.07712501985,8.26396867823,8.07712501985,-1,3.852e-18,1.341e-14,-1.87897424418e-06,-1.87897424417e-06,6.135e-14,6.864e-14,4.576e-08,1.082e-09,h=0.02:nit=869;h=0.01:nit=1685,1.451e-01,1.451e-01,1.000000e+00,8.182e-02,1.352e-09,yes,yes,n/a,report-only (n_tip > 1 at kappa > 1),[axisymmetric critical point; stability NOT COMPUTED (YET)]
CGR,2T,4,99.0,0.9,0.25,8.62290138527,4.31145069263,4.31145069263,15.9150448509,14.4458771305,15.9150448509,14.4458771305,-1,6.066e-18,1.773e-14,1.60038435176e-06,1.60038435177e-06,2.106e-14,4.573e-14,1.742e-08,2.502e-09,h=0.02:nit=735;h=0.01:nit=1558,1.460e-02,1.460e-02,9.999997e-01,7.371e-02,2.590e-09,yes,yes,n/a,graded,[axisymmetric critical point; stability NOT COMPUTED (YET)]
CGR,2T,4,99.0,0.9,0.5,10.373691649,5.18684582448,5.18684582448,11.6688905776,11.0821246223,11.6688905776,11.0821246223,-1,6.766e-18,1.715e-14,2.06705489963e-06,2.06705489963e-06,1.824e-14,3.887e-14,1.606e-08,2.372e-09,h=0.02:nit=708;h=0.01:nit=1335,1.289e-02,1.289e-02,1.000000e+00,3.787e-02,2.413e-09,yes,yes,n/a,graded,[axisymmetric critical point; stability NOT COMPUTED (YET)]
CGR,2T,4,99.0,0.9,1.0,12.5663706144,6.28318530718,6.28318530718,8.62594572182,8.38726609804,8.62594572182,8.38726609804,-1,1.278e-18,1.894e-14,-5.99361919633e-18,-3.37671688286e-20,1.428e-14,1.937e-14,7.399e-09,2.122e-09,h=0.02:nit=246;h=0.01:nit=257,6.174e-14,2.057e-14,1.000000e+00,4.863e-14,2.133e-09,no,yes,n/a,graded,[axisymmetric critical point; stability NOT COMPUTED (YET)]
CGR,2T,4,99.0,0.9,2.0,15.3007748863,7.65038744317,7.65038744317,8.31909777446,8.10486889613,8.31909777446,8.10486889613,-1,1.242e-18,1.436e-14,-2.34540708605e-06,-2.34540708605e-06,4.128e-14,1.869e-14,5.064e-08,1.768e-09,h=0.02:nit=755;h=0.01:nit=1562,4.170e-02,4.170e-02,1.000000e+00,3.988e-02,1.769e-09,yes,yes,n/a,report-only (n_tip > 1 at kappa > 1),[axisymmetric critical point; stability NOT COMPUTED (YET)]
CGR,2T,4,99.0,0.9,4.0,18.6796765422,9.3398382711,9.3398382711,8.0954213891,7.89793045874,8.0954213891,7.89793045874,-1,8.090e-18,1.218e-14,-2.31001260025e-06,-2.31001260025e-06,5.357e-14,1.048e-13,3.304e-08,1.352e-09,h=0.02:nit=850;h=0.01:nit=1674,1.528e-01,1.528e-01,1.000000e+00,8.182e-02,1.352e-09,yes,yes,n/a,report-only (n_tip > 1 at kappa > 1),[axisymmetric critical point; stability NOT COMPUTED (YET)]
CGR,2T,4,99.0,1,0.25,8.73000857379,4.36500428689,4.36500428689,15.6397262189,14.0938025038,15.6397262189,14.0938025038,-1,5.577e-18,1.622e-14,1.86784151715e-06,1.86784151714e-06,1.428e-14,4.517e-14,1.408e-08,2.590e-09,h=0.02:nit=696;h=0.01:nit=1430,1.552e-02,1.552e-02,9.999994e-01,7.371e-02,2.590e-09,yes,yes,n/a,graded,[axisymmetric critical point; stability NOT COMPUTED (YET)]
CGR,2T,4,99.0,1,0.5,10.4388298373,5.21941491866,5.21941491866,11.4429600939,10.8287841932,11.4429600939,10.8287841932,-1,2.483e-18,1.556e-14,2.45891878951e-06,2.45891878951e-06,1.286e-14,3.642e-14,2.062e-10,2.413e-09,h=0.02:nit=686;h=0.01:nit=1359,1.365e-02,1.365e-02,1.000000e+00,3.787e-02,2.413e-09,yes,yes,n/a,graded,[axisymmetric critical point; stability NOT COMPUTED (YET)]
CGR,2T,4,99.0,1,1.0,12.5663706144,6.28318530718,6.28318530718,8.44101132946,8.19263885898,8.44101132946,8.19263885898,-1,1.465e-19,1.748e-14,-9.25686681439e-18,-1.37090385471e-17,1.739e-14,1.399e-14,1.998e-08,2.133e-09,h=0.02:nit=259;h=0.01:nit=267,5.677e-14,1.893e-14,1.000000e+00,4.863e-14,2.133e-09,no,yes,n/a,graded,[axisymmetric critical point; stability NOT COMPUTED (YET)]
CGR,2T,4,99.0,1,2.0,15.2032819653,7.60164098265,7.60164098265,8.15609359629,7.93189988147,8.15609359629,7.93189988147,-1,1.292e-18,1.336e-14,-2.81497832988e-06,-2.81497832987e-06,3.732e-14,3.587e-14,3.662e-08,1.769e-09,h=0.02:nit=690;h=0.01:nit=1532,4.382e-02,4.382e-02,1.000000e+00,3.988e-02,1.769e-09,yes,yes,n/a,report-only (n_tip > 1 at kappa > 1),[axisymmetric critical point; stability NOT COMPUTED (YET)]
CGR,2T,4,99.0,1,4.0,18.4405746925,9.22028734625,9.22028734625,7.94971312326,7.74202497229,7.94971312326,7.74202497229,-1,5.170e-22,2.396e-14,-2.77760099121e-06,-2.77760099121e-06,5.046e-14,1.368e-13,2.488e-08,1.352e-09,h=0.02:nit=852;h=0.01:nit=1464,1.600e-01,1.600e-01,1.000000e+00,8.182e-02,1.352e-09,yes,yes,n/a,report-only (n_tip > 1 at kappa > 1),[axisymmetric critical point; stability NOT COMPUTED (YET)]
P0,1T,1,1.0,1,0.25,NOT COMPUTED (YET),NOT COMPUTED (YET),NOT COMPUTED (YET),NOT COMPUTED (YET),NOT COMPUTED (YET),NOT COMPUTED (YET),NOT COMPUTED (YET),NOT COMPUTED (YET),n/a (normal state),n/a (normal state),NOT COMPUTED (YET),NOT COMPUTED (YET),n/a (normal state),n/a (normal state),n/a (normal state),n/a (normal state),n/a (normal state),2.082e-17,2.082e-17,0.000000e+00,n/a (normal state),n/a (normal state),n/a (normal state),n/a (normal state),n/a,n/a (normal state),"[normal state: exact solution, linearly stable for B > κ/2, marginal at B = κ/2; whether a vortex branch coexists (κ < 1, subcritical) is NOT COMPUTED (YET)] [by construction; not a test] [Venus 20:44]; normal-state energy (not a vortex value) = 1.57079632679"
P0,1T,1,1.0,1,0.5,NOT COMPUTED (YET),NOT COMPUTED (YET),NOT COMPUTED (YET),NOT COMPUTED (YET),NOT COMPUTED (YET),NOT COMPUTED (YET),NOT COMPUTED (YET),NOT COMPUTED (YET),n/a (normal state),n/a (normal state),NOT COMPUTED (YET),NOT COMPUTED (YET),n/a (normal state),n/a (normal state),n/a (normal state),n/a (normal state),n/a (normal state),3.125e-02,3.125e-02,0.000000e+00,n/a (normal state),n/a (normal state),n/a (normal state),n/a (normal state),n/a,n/a (normal state),"[normal state: exact solution, linearly stable for B > κ/2, marginal at B = κ/2; whether a vortex branch coexists (κ < 1, subcritical) is NOT COMPUTED (YET)] [by construction; not a test] [Venus 20:44]; normal-state energy (not a vortex value) = 2.35619449019"
P0,1T,1,1.0,1,1.0,3.14159265359,2.69542465204,0.446168001544,NOT COMPUTED (YET),NOT COMPUTED (YET),n/a,n/a,-1,2.929e-15,6.866e-14,NOT COMPUTED (YET),n/a,6.418e-14,5.736e-13,0.000e+00,7.596e-10,h=0.02:nit=954;h=0.01:nit=370,1.267e-13,6.553e-14,7.912951e-01,n/a,n/a,n/a,n/a,n/a,graded,[axisymmetric critical point; stability NOT COMPUTED (YET)]
P0,1T,1,1.0,1,2.0,3.7678668359,3.55087327039,0.216993565515,NOT COMPUTED (YET),NOT COMPUTED (YET),n/a,n/a,-1,1.687e-13,6.354e-14,NOT COMPUTED (YET),n/a,6.997e-14,1.151e-12,0.000e+00,8.009e-10,h=0.02:nit=2913;h=0.01:nit=5162,3.322e-02,3.322e-02,9.632216e-01,n/a,n/a,n/a,n/a,n/a,graded,[axisymmetric critical point; stability NOT COMPUTED (YET)]
P0,1T,1,1.0,1,4.0,4.41217882453,4.27822903891,0.133949785617,NOT COMPUTED (YET),NOT COMPUTED (YET),n/a,n/a,-1,6.613e-13,5.082e-14,NOT COMPUTED (YET),n/a,1.951e-14,2.066e-12,0.000e+00,7.006e-10,h=0.02:nit=2742;h=0.01:nit=5454,1.624e-01,1.624e-01,9.960149e-01,n/a,n/a,n/a,n/a,n/a,graded,[axisymmetric critical point; stability NOT COMPUTED (YET)]
P0,1T,1,24.0,1,0.25,2.34685704955,2.34406660115,0.00279044839942,NOT COMPUTED (YET),NOT COMPUTED (YET),n/a,n/a,-1,1.733e-13,5.282e-14,NOT COMPUTED (YET),n/a,3.039e-14,3.987e-13,0.000e+00,6.052e-11,h=0.02:nit=2437;h=0.01:nit=5023,2.089e-02,2.089e-02,9.967710e-01,n/a,n/a,n/a,n/a,n/a,graded,[axisymmetric critical point; stability NOT COMPUTED (YET)]
P0,1T,1,24.0,1,0.5,2.71422001746,2.71406295656,0.000157060901702,NOT COMPUTED (YET),NOT COMPUTED (YET),n/a,n/a,-1,1.303e-13,5.173e-14,NOT COMPUTED (YET),n/a,3.110e-15,6.160e-13,0.000e+00,6.198e-11,h=0.02:nit=2221;h=0.01:nit=4315,1.867e-02,1.867e-02,9.998564e-01,n/a,n/a,n/a,n/a,n/a,graded,[axisymmetric critical point; stability NOT COMPUTED (YET)]
P0,1T,1,24.0,1,1.0,3.14159265359,3.14158781631,4.83728111549e-06,7.61463006211,4.99427217641,n/a,n/a,-1,1.441e-14,6.509e-14,1.12154470809e-18,n/a,8.623e-15,9.717e-13,1.603e-08,5.643e-11,h=0.02:nit=269;h=0.01:nit=373,2.007e-13,1.059e-13,9.999982e-01,n/a,n/a,n/a,n/a,n/a,graded,[axisymmetric critical point; stability NOT COMPUTED (YET)]
P0,1T,1,24.0,1,2.0,3.64190603373,3.64190437113,1.66259535307e-06,7.4247037912,4.98158337014,n/a,n/a,-1,3.399e-13,4.845e-14,2.94159434421e-08,n/a,2.149e-14,1.537e-12,6.211e-09,4.492e-11,h=0.02:nit=784;h=0.01:nit=1567,5.853e-02,5.853e-02,1.000000e+00,n/a,n/a,n/a,n/a,n/a,graded,[axisymmetric critical point; stability NOT COMPUTED (YET)]
P0,1T,1,24.0,1,4.0,4.2244494541,4.22444817406,1.28003442279e-06,7.29606545333,4.9689052364,n/a,n/a,-1,1.012e-12,4.516e-14,-2.13134212722e-08,n/a,1.131e-15,2.519e-12,1.405e-08,2.997e-11,h=0.02:nit=805;h=0.01:nit=1602,2.085e-01,2.085e-01,1.000000e+00,n/a,n/a,n/a,n/a,n/a,graded,[axisymmetric critical point; stability NOT COMPUTED (YET)]
P0,1T,1,4.0,1,0.25,2.11499229788,1.72283393684,0.392158361043,NOT COMPUTED (YET),NOT COMPUTED (YET),n/a,n/a,-1,2.531e-14,2.841e-14,NOT COMPUTED (YET),n/a,1.739e-14,1.982e-13,0.000e+00,8.507e-10,h=0.02:nit=2995;h=0.01:nit=6780,6.682e-03,1.224e-02,5.679779e-01,n/a,n/a,n/a,n/a,n/a,graded,[axisymmetric critical point; stability NOT COMPUTED (YET)]
P0,1T,1,4.0,1,0.5,2.64760886137,2.53176371083,0.115845150542,NOT COMPUTED (YET),NOT COMPUTED (YET),n/a,n/a,-1,6.636e-14,3.822e-14,NOT COMPUTED (YET),n/a,5.513e-15,4.492e-13,0.000e+00,1.120e-09,h=0.02:nit=3151;h=0.01:nit=5722,1.083e-02,1.083e-02,9.108139e-01,n/a,n/a,n/a,n/a,n/a,graded,[axisymmetric critical point; stability NOT COMPUTED (YET)]
P0,1T,1,4.0,1,1.0,3.14159265359,3.10861036706,0.0329822865313,NOT COMPUTED (YET),NOT COMPUTED (YET),n/a,n/a,-1,1.564e-14,7.661e-14,NOT COMPUTED (YET),n/a,6.064e-14,8.419e-13,0.000e+00,1.110e-09,h=0.02:nit=454;h=0.01:nit=362,1.701e-13,8.867e-14,9.875411e-01,n/a,n/a,n/a,n/a,n/a,graded,[axisymmetric critical point; stability NOT COMPUTED (YET)]
P0,1T,1,4.0,1,2.0,3.67700284727,3.66426749019,0.0127353570821,NOT COMPUTED (YET),NOT COMPUTED (YET),n/a,n/a,-1,2.838e-13,3.740e-14,NOT COMPUTED (YET),n/a,9.047e-15,1.399e-12,0.000e+00,9.809e-10,h=0.02:nit=2270;h=0.01:nit=3953,5.205e-02,5.205e-02,9.991257e-01,n/a,n/a,n/a,n/a,n/a,graded,[axisymmetric critical point; stability NOT COMPUTED (YET)]
P0,1T,1,4.0,1,4.0,4.28032915677,4.27178160954,0.00854754723417,NOT COMPUTED (YET),NOT COMPUTED (YET),n/a,n/a,-1,8.960e-13,3.517e-14,NOT COMPUTED (YET),n/a,3.661e-14,2.374e-12,0.000e+00,7.660e-10,h=0.02:nit=2179;h=0.01:nit=4811,1.956e-01,1.956e-01,9.999725e-01,n/a,n/a,n/a,n/a,n/a,graded,[axisymmetric critical point; stability NOT COMPUTED (YET)]
P0,1T,1,99.0,1,0.25,2.371785211,2.37178425758,9.53425861436e-07,14.2976443714,9.90071475946,n/a,n/a,-1,1.974e-13,4.853e-14,7.87527885344e-08,n/a,3.817e-15,4.260e-13,2.264e-08,1.395e-09,h=0.02:nit=939;h=0.01:nit=1855,2.304e-02,2.304e-02,9.999989e-01,n/a,n/a,n/a,n/a,n/a,graded,[axisymmetric critical point; stability NOT COMPUTED (YET)]
P0,1T,1,99.0,1,0.5,2.72362254471,2.72362254261,2.0977995213e-09,10.2213661301,8.53224306015,n/a,n/a,-1,1.313e-13,5.674e-14,1.08498942066e-06,n/a,1.103e-14,6.434e-13,2.590e-08,1.312e-09,h=0.02:nit=912;h=0.01:nit=1826,1.970e-02,1.970e-02,1.000000e+00,n/a,n/a,n/a,n/a,n/a,graded,[axisymmetric critical point; stability NOT COMPUTED (YET)]
P0,1T,1,99.0,1,1.0,3.14159265359,3.14159265359,6.85114023336e-13,7.40780288804,6.74863923851,n/a,n/a,-1,1.865e-14,6.027e-14,2.61601606579e-18,n/a,4.523e-14,9.963e-13,1.858e-08,1.151e-09,h=0.02:nit=320;h=0.01:nit=426,2.155e-13,1.126e-13,1.000000e+00,n/a,n/a,n/a,n/a,n/a,graded,[axisymmetric critical point; stability NOT COMPUTED (YET)]
P0,1T,1,99.0,1,2.0,3.63600023022,3.63600023022,2.37741061547e-13,7.23476464134,6.61994306912,n/a,n/a,-1,3.501e-13,5.670e-14,-1.85067870894e-06,n/a,4.990e-14,1.566e-12,9.534e-09,9.263e-10,h=0.02:nit=945;h=0.01:nit=1871,5.958e-02,5.958e-02,1.000000e+00,n/a,n/a,n/a,n/a,n/a,graded,[axisymmetric critical point; stability NOT COMPUTED (YET)]
P0,1T,1,99.0,1,4.0,4.21477652552,4.21477652552,1.84814983077e-13,7.1152728826,6.52991246482,n/a,n/a,-1,1.034e-12,5.238e-14,-1.86023390573e-06,n/a,1.032e-13,2.549e-12,2.974e-08,6.662e-10,h=0.02:nit=963;h=0.01:nit=1918,2.107e-01,2.107e-01,1.000000e+00,n/a,n/a,n/a,n/a,n/a,graded,[axisymmetric critical point; stability NOT COMPUTED (YET)]
P0,1T,2,1.0,1,0.25,NOT COMPUTED (YET),NOT COMPUTED (YET),NOT COMPUTED (YET),NOT COMPUTED (YET),NOT COMPUTED (YET),NOT COMPUTED (YET),NOT COMPUTED (YET),NOT COMPUTED (YET),n/a (normal state),n/a (normal state),NOT COMPUTED (YET),NOT COMPUTED (YET),n/a (normal state),n/a (normal state),n/a (normal state),n/a (normal state),n/a (normal state),0.000e+00,0.000e+00,0.000000e+00,n/a (normal state),n/a (normal state),n/a (normal state),n/a (normal state),n/a,n/a (normal state),"[normal state: exact solution, linearly stable for B > κ/2, marginal at B = κ/2; whether a vortex branch coexists (κ < 1, subcritical) is NOT COMPUTED (YET)] [by construction; not a test] [Venus 20:44]; normal-state energy (not a vortex value) = 3.14159265359"
P0,1T,2,1.0,1,0.5,NOT COMPUTED (YET),NOT COMPUTED (YET),NOT COMPUTED (YET),NOT COMPUTED (YET),NOT COMPUTED (YET),NOT COMPUTED (YET),NOT COMPUTED (YET),NOT COMPUTED (YET),n/a (normal state),n/a (normal state),NOT COMPUTED (YET),NOT COMPUTED (YET),n/a (normal state),n/a (normal state),n/a (normal state),n/a (normal state),n/a (normal state),3.125e-02,3.125e-02,0.000000e+00,n/a (normal state),n/a (normal state),n/a (normal state),n/a (normal state),n/a,n/a (normal state),"[normal state: exact solution, linearly stable for B > κ/2, marginal at B = κ/2; whether a vortex branch coexists (κ < 1, subcritical) is NOT COMPUTED (YET)] [by construction; not a test] [Venus 20:44]; normal-state energy (not a vortex value) = 4.71238898038"
P0,1T,2,1.0,1,1.0,6.28318530718,5.59412248905,0.689062818134,NOT COMPUTED (YET),NOT COMPUTED (YET),n/a,n/a,-1,5.072e-16,5.564e-14,NOT COMPUTED (YET),n/a,3.803e-14,2.375e-14,0.000e+00,1.817e-09,h=0.02:nit=564;h=0.01:nit=190,2.778e-14,9.576e-15,8.959617e-01,n/a,n/a,n/a,n/a,n/a,graded,[axisymmetric critical point; stability NOT COMPUTED (YET)]
P0,1T,2,1.0,1,2.0,7.80318222981,7.54804563865,0.255136591153,NOT COMPUTED (YET),NOT COMPUTED (YET),n/a,n/a,-1,4.755e-14,5.624e-14,NOT COMPUTED (YET),n/a,3.633e-14,6.716e-15,0.000e+00,1.939e-09,h=0.02:nit=2476;h=0.01:nit=5234,2.382e-02,3.741e-02,9.895876e-01,n/a,n/a,n/a,n/a,n/a,report-only (n_tip > 1 at kappa > 1),[axisymmetric critical point; stability NOT COMPUTED (YET)]
P0,1T,2,1.0,1,4.0,9.54102901925,9.41433748505,0.1266915342,NOT COMPUTED (YET),NOT COMPUTED (YET),n/a,n/a,-1,1.880e-13,5.069e-14,NOT COMPUTED (YET),n/a,3.647e-14,9.197e-14,0.000e+00,1.723e-09,h=0.02:nit=2152;h=0.01:nit=4383,1.193e-01,1.218e-01,9.994359e-01,n/a,n/a,n/a,n/a,n/a,report-only (n_tip > 1 at kappa > 1),[axisymmetric critical point; stability NOT COMPUTED (YET)]
P0,1T,2,24.0,1,0.25,4.32246368435,4.321843312,0.000620372350927,NOT COMPUTED (YET),NOT COMPUTED (YET),n/a,n/a,-1,4.418e-14,5.088e-14,NOT COMPUTED (YET),n/a,8.057e-15,4.274e-14,0.000e+00,2.579e-09,h=0.02:nit=1624;h=0.01:nit=3781,1.387e-02,1.387e-02,9.997099e-01,n/a,n/a,n/a,n/a,n/a,graded,[axisymmetric critical point; stability NOT COMPUTED (YET)]
P0,1T,2,24.0,1,0.5,5.20241404156,5.2024028006,1.12409654112e-05,NOT COMPUTED (YET),NOT COMPUTED (YET),n/a,n/a,-1,3.033e-14,5.347e-14,NOT COMPUTED (YET),n/a,8.481e-16,3.397e-14,0.000e+00,2.481e-09,h=0.02:nit=631;h=0.01:nit=890,1.277e-02,1.277e-02,9.999962e-01,n/a,n/a,n/a,n/a,n/a,graded,[axisymmetric critical point; stability NOT COMPUTED (YET)]
P0,1T,2,24.0,1,1.0,6.28318530718,6.28318523773,6.94538294198e-08,8.59131508128,6.62819130665,n/a,n/a,-1,1.310e-14,6.273e-14,1.2309822431e-18,n/a,8.481e-16,1.117e-14,1.613e-08,2.239e-09,h=0.02:nit=161;h=0.01:nit=229,5.110e-14,1.725e-14,1.000000e+00,n/a,n/a,n/a,n/a,n/a,graded,[axisymmetric critical point; stability NOT COMPUTED (YET)]
P0,1T,2,24.0,1,2.0,7.61328244676,7.6132824281,1.86632946188e-08,8.28806484189,6.5164947309,n/a,n/a,-1,9.630e-14,5.795e-14,-8.21228464227e-07,n/a,1.131e-14,3.243e-14,1.298e-08,1.882e-09,h=0.02:nit=434;h=0.01:nit=862,4.278e-02,4.278e-02,1.000000e+00,n/a,n/a,n/a,n/a,n/a,report-only (n_tip > 1 at kappa > 1),[axisymmetric critical point; stability NOT COMPUTED (YET)]
P0,1T,2,24.0,1,4.0,9.24002891738,9.24002890542,1.19637752348e-08,8.07158799266,6.42941614484,n/a,n/a,-1,2.743e-13,5.231e-14,-8.87952487706e-07,n/a,1.004e-14,1.334e-13,2.711e-08,1.454e-09,h=0.02:nit=487;h=0.01:nit=948,1.576e-01,1.576e-01,1.000000e+00,n/a,n/a,n/a,n/a,n/a,report-only (n_tip > 1 at kappa > 1),[axisymmetric critical point; stability NOT COMPUTED (YET)]
P0,1T,2,4.0,1,0.25,4.04261471899,3.57466492715,0.467949791841,NOT COMPUTED (YET),NOT COMPUTED (YET),n/a,n/a,-1,3.922e-15,7.284e-14,NOT COMPUTED (YET),n/a,1.131e-14,3.252e-14,0.000e+00,1.423e-10,h=0.02:nit=2660;h=0.01:nit=5198,2.857e-03,1.217e-02,7.792590e-01,n/a,n/a,n/a,n/a,n/a,graded,[axisymmetric critical point; stability NOT COMPUTED (YET)]
P0,1T,2,4.0,1,0.5,5.10913916064,5.00448552213,0.104653638506,NOT COMPUTED (YET),NOT COMPUTED (YET),n/a,n/a,-1,1.532e-14,6.904e-14,NOT COMPUTED (YET),n/a,1.739e-14,3.286e-14,0.000e+00,1.797e-10,h=0.02:nit=2390;h=0.01:nit=4832,7.689e-03,1.050e-02,9.708017e-01,n/a,n/a,n/a,n/a,n/a,graded,[axisymmetric critical point; stability NOT COMPUTED (YET)]
P0,1T,2,4.0,1,1.0,6.28318530718,6.26527278209,0.0179125250889,NOT COMPUTED (YET),NOT COMPUTED (YET),n/a,n/a,-1,1.020e-14,6.509e-14,NOT COMPUTED (YET),n/a,3.251e-14,1.583e-14,0.000e+00,1.855e-10,h=0.02:nit=192;h=0.01:nit=215,4.267e-14,1.506e-14,9.979519e-01,n/a,n/a,n/a,n/a,n/a,graded,[axisymmetric critical point; stability NOT COMPUTED (YET)]
P0,1T,2,4.0,1,2.0,7.67058762509,7.66564421024,0.00494341485272,NOT COMPUTED (YET),NOT COMPUTED (YET),n/a,n/a,-1,8.608e-14,6.058e-14,NOT COMPUTED (YET),n/a,5.796e-15,2.015e-14,0.000e+00,1.671e-10,h=0.02:nit=1615;h=0.01:nit=3058,3.747e-02,3.747e-02,9.999472e-01,n/a,n/a,n/a,n/a,n/a,report-only (n_tip > 1 at kappa > 1),[axisymmetric critical point; stability NOT COMPUTED (YET)]
P0,1T,2,4.0,1,4.0,9.33522011869,9.33237931007,0.00284080861699,NOT COMPUTED (YET),NOT COMPUTED (YET),n/a,n/a,-1,2.500e-13,5.342e-14,NOT COMPUTED (YET),n/a,1.159e-14,1.165e-13,0.000e+00,1.293e-10,h=0.02:nit=2107;h=0.01:nit=3026,1.461e-01,1.461e-01,9.999995e-01,n/a,n/a,n/a,n/a,n/a,report-only (n_tip > 1 at kappa > 1),[axisymmetric critical point; stability NOT COMPUTED (YET)]
P0,1T,2,99.0,1,0.25,4.3591483593,4.35914835103,8.27655079203e-09,15.7838364539,12.7051276722,n/a,n/a,-1,4.504e-14,3.130e-14,9.36889648326e-07,n/a,1.470e-14,4.401e-14,1.568e-08,2.469e-10,h=0.02:nit=578;h=0.01:nit=1069,1.530e-02,1.530e-02,1.000000e+00,n/a,n/a,n/a,n/a,n/a,graded,[axisymmetric critical point; stability NOT COMPUTED (YET)]
P0,1T,2,99.0,1,0.5,5.21704186558,5.21704186558,1.55012283906e-12,11.4956861631,10.2708887872,n/a,n/a,-1,2.905e-14,3.054e-14,1.84758442705e-06,n/a,1.202e-14,3.473e-14,1.943e-08,2.540e-10,h=0.02:nit=507;h=0.01:nit=1059,1.353e-02,1.353e-02,1.000000e+00,n/a,n/a,n/a,n/a,n/a,graded,[axisymmetric critical point; stability NOT COMPUTED (YET)]
P0,1T,2,99.0,1,1.0,6.28318530718,6.28318530718,1.47808261318e-17,8.46120058514,7.96536411925,n/a,n/a,-1,1.469e-14,3.369e-14,1.97403201411e-18,n/a,1.315e-14,1.343e-14,2.727e-08,2.373e-10,h=0.02:nit=212;h=0.01:nit=266,5.518e-14,1.854e-14,1.000000e+00,n/a,n/a,n/a,n/a,n/a,graded,[axisymmetric critical point; stability NOT COMPUTED (YET)]
P0,1T,2,99.0,1,2.0,7.60328629496,7.60328629496,4.03596707768e-18,8.17388055259,7.72632524301,n/a,n/a,-1,9.767e-14,4.769e-14,-2.47037249756e-06,n/a,3.181e-14,3.481e-14,2.475e-08,1.977e-10,h=0.02:nit=563;h=0.01:nit=1046,4.368e-02,4.368e-02,1.000000e+00,n/a,n/a,n/a,n/a,n/a,report-only (n_tip > 1 at kappa > 1),[axisymmetric critical point; stability NOT COMPUTED (YET)]
P0,1T,2,99.0,1,4.0,9.2230854375,9.2230854375,2.60635823589e-18,7.96617399457,7.55152991119,n/a,n/a,-1,2.752e-13,5.083e-14,-2.45408493635e-06,n/a,4.085e-14,1.369e-13,1.155e-08,1.454e-10,h=0.02:nit=630;h=0.01:nit=1229,1.596e-01,1.596e-01,1.000000e+00,n/a,n/a,n/a,n/a,n/a,report-only (n_tip > 1 at kappa > 1),[axisymmetric critical point; stability NOT COMPUTED (YET)]
P0,1T,3,1.0,1,0.25,NOT COMPUTED (YET),NOT COMPUTED (YET),NOT COMPUTED (YET),NOT COMPUTED (YET),NOT COMPUTED (YET),NOT COMPUTED (YET),NOT COMPUTED (YET),NOT COMPUTED (YET),n/a (normal state),n/a (normal state),NOT COMPUTED (YET),NOT COMPUTED (YET),n/a (normal state),n/a (normal state),n/a (normal state),n/a (normal state),n/a (normal state),1.388e-17,1.388e-17,0.000000e+00,n/a (normal state),n/a (normal state),n/a (normal state),n/a (normal state),n/a,n/a (normal state),"[normal state: exact solution, linearly stable for B > κ/2, marginal at B = κ/2; whether a vortex branch coexists (κ < 1, subcritical) is NOT COMPUTED (YET)] [by construction; not a test] [Venus 20:44]; normal-state energy (not a vortex value) = 4.71238898038"
P0,1T,3,1.0,1,0.5,NOT COMPUTED (YET),NOT COMPUTED (YET),NOT COMPUTED (YET),NOT COMPUTED (YET),NOT COMPUTED (YET),NOT COMPUTED (YET),NOT COMPUTED (YET),NOT COMPUTED (YET),n/a (normal state),n/a (normal state),NOT COMPUTED (YET),NOT COMPUTED (YET),n/a (normal state),n/a (normal state),n/a (normal state),n/a (normal state),n/a (normal state),3.125e-02,3.125e-02,0.000000e+00,n/a (normal state),n/a (normal state),n/a (normal state),n/a (normal state),n/a,n/a (normal state),"[normal state: exact solution, linearly stable for B > κ/2, marginal at B = κ/2; whether a vortex branch coexists (κ < 1, subcritical) is NOT COMPUTED (YET)] [by construction; not a test] [Venus 20:44]; normal-state energy (not a vortex value) = 7.06858347058"
P0,1T,3,1.0,1,1.0,9.42477796077,8.55146103485,0.873316925921,NOT COMPUTED (YET),NOT COMPUTED (YET),n/a,n/a,-1,4.212e-15,5.668e-14,NOT COMPUTED (YET),n/a,3.525e-14,1.621e-14,0.000e+00,2.230e-09,h=0.02:nit=367;h=0.01:nit=245,2.937e-14,9.284e-15,9.423145e-01,n/a,n/a,n/a,n/a,n/a,graded,[axisymmetric critical point; stability NOT COMPUTED (YET)]
P0,1T,3,1.0,1,2.0,11.9369272232,11.6804868679,0.256440355327,NOT COMPUTED (YET),NOT COMPUTED (YET),n/a,n/a,-1,2.331e-14,2.105e-14,NOT COMPUTED (YET),n/a,2.733e-14,1.696e-14,0.000e+00,2.396e-09,h=0.02:nit=2643;h=0.01:nit=4375,1.903e-02,4.017e-02,9.962915e-01,n/a,n/a,n/a,n/a,n/a,report-only (n_tip > 1 at kappa > 1),[axisymmetric critical point; stability NOT COMPUTED (YET)]
P0,1T,3,1.0,1,4.0,14.9346162733,14.8283379911,0.106278282222,NOT COMPUTED (YET),NOT COMPUTED (YET),n/a,n/a,-1,8.952e-14,2.257e-14,NOT COMPUTED (YET),n/a,3.638e-14,4.341e-14,0.000e+00,2.167e-09,h=0.02:nit=1944;h=0.01:nit=4187,9.717e-02,1.351e-01,9.998827e-01,n/a,n/a,n/a,n/a,n/a,report-only (n_tip > 1 at kappa > 1),[axisymmetric critical point; stability NOT COMPUTED (YET)]
P0,1T,3,24.0,1,0.25,6.19865949078,6.19848830551,0.000171185266353,NOT COMPUTED (YET),NOT COMPUTED (YET),n/a,n/a,-1,1.675e-14,4.421e-14,NOT COMPUTED (YET),n/a,2.318e-14,2.493e-14,0.000e+00,4.985e-10,h=0.02:nit=1494;h=0.01:nit=2858,1.095e-02,1.109e-02,9.999568e-01,n/a,n/a,n/a,n/a,n/a,graded,[axisymmetric critical point; stability NOT COMPUTED (YET)]
P0,1T,3,24.0,1,0.5,7.62651581903,7.62651451177,1.30726057095e-06,12.6825977878,8.61133784545,n/a,n/a,-1,1.131e-14,4.336e-14,5.77584530743e-08,n/a,2.262e-14,2.318e-14,1.875e-08,5.203e-10,h=0.02:nit=290;h=0.01:nit=564,1.022e-02,1.022e-02,9.999998e-01,n/a,n/a,n/a,n/a,n/a,graded,[axisymmetric critical point; stability NOT COMPUTED (YET)]
P0,1T,3,24.0,1,1.0,9.42477796077,9.42477795845,2.32088309209e-09,9.31563266036,7.62025998879,n/a,n/a,-1,4.802e-15,3.882e-14,-3.76966254131e-19,n/a,2.205e-14,1.546e-14,1.880e-08,4.953e-10,h=0.02:nit=156;h=0.01:nit=216,2.606e-14,7.036e-15,1.000000e+00,n/a,n/a,n/a,n/a,n/a,graded,[axisymmetric critical point; stability NOT COMPUTED (YET)]
P0,1T,3,24.0,1,2.0,11.6921984827,11.6921984822,5.13297214196e-10,8.91989081054,7.42433907318,n/a,n/a,-1,4.611e-14,3.657e-14,-1.34954738041e-06,n/a,3.204e-15,2.887e-15,3.036e-08,4.228e-10,h=0.02:nit=309;h=0.01:nit=597,3.518e-02,3.518e-02,1.000000e+00,n/a,n/a,n/a,n/a,n/a,report-only (n_tip > 1 at kappa > 1),[axisymmetric critical point; stability NOT COMPUTED (YET)]
P0,1T,3,24.0,1,4.0,14.5350256537,14.5350256534,2.82067080034e-10,8.62994138574,7.27092988557,n/a,n/a,-1,1.288e-13,3.194e-14,-1.41279520522e-06,n/a,2.827e-15,5.011e-14,2.959e-08,3.210e-10,h=0.02:nit=342;h=0.01:nit=624,1.315e-01,1.315e-01,1.000000e+00,n/a,n/a,n/a,n/a,n/a,report-only (n_tip > 1 at kappa > 1),[axisymmetric critical point; stability NOT COMPUTED (YET)]
P0,1T,3,4.0,1,0.25,5.87612867331,5.3737178948,0.502410778514,NOT COMPUTED (YET),NOT COMPUTED (YET),n/a,n/a,-1,5.088e-15,2.318e-14,NOT COMPUTED (YET),n/a,2.375e-14,1.391e-14,0.000e+00,3.149e-09,h=0.02:nit=2569;h=0.01:nit=6308,2.079e-03,1.242e-02,8.731104e-01,n/a,n/a,n/a,n/a,n/a,graded,[axisymmetric critical point; stability NOT COMPUTED (YET)]
P0,1T,3,4.0,1,0.5,7.51072290259,7.42400060806,0.086722294533,NOT COMPUTED (YET),NOT COMPUTED (YET),n/a,n/a,-1,7.857e-15,2.793e-14,NOT COMPUTED (YET),n/a,1.998e-14,2.010e-14,0.000e+00,3.747e-09,h=0.02:nit=2077;h=0.01:nit=4663,6.157e-03,1.114e-02,9.881709e-01,n/a,n/a,n/a,n/a,n/a,graded,[axisymmetric critical point; stability NOT COMPUTED (YET)]
P0,1T,3,4.0,1,1.0,9.42477796077,9.4150013414,0.00977661936803,NOT COMPUTED (YET),NOT COMPUTED (YET),n/a,n/a,-1,7.076e-15,3.501e-14,NOT COMPUTED (YET),n/a,3.223e-14,1.866e-14,0.000e+00,3.791e-09,h=0.02:nit=150;h=0.01:nit=203,3.754e-14,1.223e-14,9.995155e-01,n/a,n/a,n/a,n/a,n/a,graded,[axisymmetric critical point; stability NOT COMPUTED (YET)]
P0,1T,3,4.0,1,2.0,11.7680483478,11.7659452766,0.00210307120683,NOT COMPUTED (YET),NOT COMPUTED (YET),n/a,n/a,-1,4.128e-14,3.297e-14,NOT COMPUTED (YET),n/a,3.543e-14,1.811e-14,0.000e+00,3.443e-09,h=0.02:nit=1192;h=0.01:nit=2498,3.051e-02,3.504e-02,9.999943e-01,n/a,n/a,n/a,n/a,n/a,report-only (n_tip > 1 at kappa > 1),[axisymmetric critical point; stability NOT COMPUTED (YET)]
P0,1T,3,4.0,1,4.0,14.663746272,14.6626946363,0.00105163565524,NOT COMPUTED (YET),NOT COMPUTED (YET),n/a,n/a,-1,1.174e-13,2.877e-14,NOT COMPUTED (YET),n/a,3.393e-14,5.948e-14,0.000e+00,2.826e-09,h=0.02:nit=1202;h=0.01:nit=2670,1.210e-01,1.228e-01,1.000000e+00,n/a,n/a,n/a,n/a,n/a,report-only (n_tip > 1 at kappa > 1),[axisymmetric critical point; stability NOT COMPUTED (YET)]
P0,1T,3,99.0,1,0.25,6.24448563283,6.24448563264,1.88427735572e-10,16.8689104321,14.3257797077,n/a,n/a,-1,2.002e-14,5.224e-14,1.44729580302e-06,n/a,2.224e-14,3.030e-14,4.198e-08,5.372e-10,h=0.02:nit=470;h=0.01:nit=775,1.209e-02,1.209e-02,1.000000e+00,n/a,n/a,n/a,n/a,n/a,graded,[axisymmetric critical point; stability NOT COMPUTED (YET)]
P0,1T,3,99.0,1,0.5,7.64527161177,7.64527161177,5.31403435328e-15,12.4036477263,11.3703321432,n/a,n/a,-1,1.307e-14,4.780e-14,2.28698657969e-06,n/a,2.167e-14,2.765e-14,4.097e-08,5.509e-10,h=0.02:nit=364;h=0.01:nit=844,1.084e-02,1.084e-02,1.000000e+00,n/a,n/a,n/a,n/a,n/a,graded,[axisymmetric critical point; stability NOT COMPUTED (YET)]
P0,1T,3,99.0,1,1.0,9.42477796077,9.42477796077,3.35435200275e-21,9.21104483719,8.78297859449,n/a,n/a,-1,4.465e-15,4.281e-14,1.53624821283e-18,n/a,1.150e-14,1.715e-14,4.699e-08,5.164e-10,h=0.02:nit=207;h=0.01:nit=275,2.838e-14,7.563e-15,1.000000e+00,n/a,n/a,n/a,n/a,n/a,graded,[axisymmetric critical point; stability NOT COMPUTED (YET)]
P0,1T,3,99.0,1,2.0,11.6788190477,11.6788190477,7.55691479082e-22,8.83141821033,8.45369667622,n/a,n/a,-1,4.764e-14,3.999e-14,-2.83794230667e-06,n/a,9.801e-15,2.890e-15,2.080e-08,4.355e-10,h=0.02:nit=448;h=0.01:nit=864,3.598e-02,3.598e-02,1.000000e+00,n/a,n/a,n/a,n/a,n/a,report-only (n_tip > 1 at kappa > 1),[axisymmetric critical point; stability NOT COMPUTED (YET)]
P0,1T,3,99.0,1,4.0,14.5119158619,14.5119158619,4.18678455953e-22,8.55039541245,8.2073175028,n/a,n/a,-1,1.313e-13,3.520e-14,-2.7971501745e-06,n/a,1.527e-14,4.982e-14,3.214e-08,3.277e-10,h=0.02:nit=523;h=0.01:nit=984,1.334e-01,1.334e-01,1.000000e+00,n/a,n/a,n/a,n/a,n/a,report-only (n_tip > 1 at kappa > 1),[axisymmetric critical point; stability NOT COMPUTED (YET)]
P0,1T,4,1.0,1,0.25,NOT COMPUTED (YET),NOT COMPUTED (YET),NOT COMPUTED (YET),NOT COMPUTED (YET),NOT COMPUTED (YET),NOT COMPUTED (YET),NOT COMPUTED (YET),NOT COMPUTED (YET),n/a (normal state),n/a (normal state),NOT COMPUTED (YET),NOT COMPUTED (YET),n/a (normal state),n/a (normal state),n/a (normal state),n/a (normal state),n/a (normal state),2.082e-17,2.082e-17,0.000000e+00,n/a (normal state),n/a (normal state),n/a (normal state),n/a (normal state),n/a,n/a (normal state),"[normal state: exact solution, linearly stable for B > κ/2, marginal at B = κ/2; whether a vortex branch coexists (κ < 1, subcritical) is NOT COMPUTED (YET)] [by construction; not a test] [Venus 20:44]; normal-state energy (not a vortex value) = 6.28318530718"
P0,1T,4,1.0,1,0.5,NOT COMPUTED (YET),NOT COMPUTED (YET),NOT COMPUTED (YET),NOT COMPUTED (YET),NOT COMPUTED (YET),NOT COMPUTED (YET),NOT COMPUTED (YET),NOT COMPUTED (YET),n/a (normal state),n/a (normal state),NOT COMPUTED (YET),NOT COMPUTED (YET),n/a (normal state),n/a (normal state),n/a (normal state),n/a (normal state),n/a (normal state),3.125e-02,3.125e-02,0.000000e+00,n/a (normal state),n/a (normal state),n/a (normal state),n/a (normal state),n/a,n/a (normal state),"[normal state: exact solution, linearly stable for B > κ/2, marginal at B = κ/2; whether a vortex branch coexists (κ < 1, subcritical) is NOT COMPUTED (YET)] [by construction; not a test] [Venus 20:44]; normal-state energy (not a vortex value) = 9.42477796077"
P0,1T,4,1.0,1,1.0,12.5663706144,11.5392430422,1.02712757215,NOT COMPUTED (YET),NOT COMPUTED (YET),n/a,n/a,-1,2.433e-15,2.719e-14,NOT COMPUTED (YET),n/a,2.870e-14,1.555e-14,0.000e+00,3.612e-10,h=0.02:nit=296;h=0.01:nit=237,3.149e-14,6.009e-15,9.656691e-01,n/a,n/a,n/a,n/a,n/a,graded,[axisymmetric critical point; stability NOT COMPUTED (YET)]
P0,1T,4,1.0,1,2.0,16.1220623515,15.8763810472,0.245681304228,NOT COMPUTED (YET),NOT COMPUTED (YET),n/a,n/a,-1,1.192e-14,2.686e-14,NOT COMPUTED (YET),n/a,2.997e-14,1.410e-14,0.000e+00,4.293e-10,h=0.02:nit=2084;h=0.01:nit=3972,1.611e-02,4.183e-02,9.984890e-01,n/a,n/a,n/a,n/a,n/a,report-only (n_tip > 1 at kappa > 1),[axisymmetric critical point; stability NOT COMPUTED (YET)]
P0,1T,4,1.0,1,4.0,20.4703658506,20.383325567,0.087040283627,NOT COMPUTED (YET),NOT COMPUTED (YET),n/a,n/a,-1,5.144e-14,2.765e-14,NOT COMPUTED (YET),n/a,3.181e-14,2.464e-14,0.000e+00,4.033e-10,h=0.02:nit=2178;h=0.01:nit=4232,8.350e-02,1.433e-01,9.999699e-01,n/a,n/a,n/a,n/a,n/a,report-only (n_tip > 1 at kappa > 1),[axisymmetric critical point; stability NOT COMPUTED (YET)]
P0,1T,4,24.0,1,0.25,8.02426796669,8.02421303431,5.49323760195e-05,NOT COMPUTED (YET),NOT COMPUTED (YET),n/a,n/a,-1,9.489e-15,6.711e-14,NOT COMPUTED (YET),n/a,1.894e-14,1.970e-14,0.000e+00,6.261e-09,h=0.02:nit=842;h=0.01:nit=1119,9.296e-03,1.150e-02,9.999915e-01,n/a,n/a,n/a,n/a,n/a,graded,[axisymmetric critical point; stability NOT COMPUTED (YET)]
P0,1T,4,24.0,1,0.5,10.0175425914,10.0175423886,2.02722381152e-07,13.3769565347,9.72954831794,n/a,n/a,-1,6.439e-15,6.097e-14,4.35158095324e-07,n/a,1.937e-14,1.702e-14,1.153e-09,6.129e-09,h=0.02:nit=227;h=0.01:nit=426,8.738e-03,1.064e-02,1.000000e+00,n/a,n/a,n/a,n/a,n/a,graded,[axisymmetric critical point; stability NOT COMPUTED (YET)]
P0,1T,4,24.0,1,1.0,12.5663706144,12.5663706142,1.25222735399e-10,9.91266933282,8.36720460144,n/a,n/a,-1,7.487e-15,5.300e-14,6.37270973226e-18,n/a,1.781e-14,1.286e-14,1.687e-08,5.644e-09,h=0.02:nit=152;h=0.01:nit=207,2.595e-14,8.646e-15,1.000000e+00,n/a,n/a,n/a,n/a,n/a,graded,[axisymmetric critical point; stability NOT COMPUTED (YET)]
P0,1T,4,24.0,1,2.0,15.8285489249,15.8285489249,2.34364274284e-11,9.43693097162,8.09730732204,n/a,n/a,-1,3.290e-14,4.600e-14,-1.72889535179e-06,n/a,1.456e-14,1.324e-14,1.821e-08,4.853e-09,h=0.02:nit=249;h=0.01:nit=498,3.055e-02,3.530e-02,1.000000e+00,n/a,n/a,n/a,n/a,n/a,report-only (n_tip > 1 at kappa > 1),[axisymmetric critical point; stability NOT COMPUTED (YET)]
P0,1T,4,24.0,1,4.0,19.9825994906,19.9825994906,1.12594171787e-11,9.08266024472,7.88438332441,n/a,n/a,-1,8.115e-14,4.177e-14,-1.78299633244e-06,n/a,1.244e-14,3.805e-14,3.458e-08,3.866e-09,h=0.02:nit=306;h=0.01:nit=558,1.151e-01,1.267e-01,1.000000e+00,n/a,n/a,n/a,n/a,n/a,report-only (n_tip > 1 at kappa > 1),[axisymmetric critical point; stability NOT COMPUTED (YET)]
P0,1T,4,4.0,1,0.25,7.66178327514,7.14063874259,0.521144532549,NOT COMPUTED (YET),NOT COMPUTED (YET),n/a,n/a,-1,2.202e-15,3.451e-14,NOT COMPUTED (YET),n/a,2.135e-14,1.206e-14,0.000e+00,4.663e-10,h=0.02:nit=3342;h=0.01:nit=5202,2.076e-03,1.262e-02,9.212591e-01,n/a,n/a,n/a,n/a,n/a,graded,[axisymmetric critical point; stability NOT COMPUTED (YET)]
P0,1T,4,4.0,1,0.5,9.88205841567,9.8112378574,0.0708205582698,NOT COMPUTED (YET),NOT COMPUTED (YET),n/a,n/a,-1,2.540e-15,4.017e-14,NOT COMPUTED (YET),n/a,2.361e-14,1.510e-14,0.000e+00,6.037e-10,h=0.02:nit=2131;h=0.01:nit=4338,5.243e-03,1.152e-02,9.945702e-01,n/a,n/a,n/a,n/a,n/a,graded,[axisymmetric critical point; stability NOT COMPUTED (YET)]
P0,1T,4,4.0,1,1.0,12.5663706144,12.5608117228,0.00555889152195,NOT COMPUTED (YET),NOT COMPUTED (YET),n/a,n/a,-1,4.029e-15,3.973e-14,NOT COMPUTED (YET),n/a,2.898e-14,1.159e-14,0.000e+00,6.541e-10,h=0.02:nit=127;h=0.01:nit=192,2.107e-14,6.051e-15,9.998593e-01,n/a,n/a,n/a,n/a,n/a,graded,[axisymmetric critical point; stability NOT COMPUTED (YET)]
P0,1T,4,4.0,1,2.0,15.9206465357,15.9196709855,0.000975550210999,NOT COMPUTED (YET),NOT COMPUTED (YET),n/a,n/a,-1,2.328e-14,3.871e-14,NOT COMPUTED (YET),n/a,2.983e-14,1.194e-14,0.000e+00,6.132e-10,h=0.02:nit=1207;h=0.01:nit=2461,2.630e-02,3.716e-02,9.999992e-01,n/a,n/a,n/a,n/a,n/a,report-only (n_tip > 1 at kappa > 1),[axisymmetric critical point; stability NOT COMPUTED (YET)]
P0,1T,4,4.0,1,4.0,20.1410496816,20.1406199775,0.000429704111356,NOT COMPUTED (YET),NOT COMPUTED (YET),n/a,n/a,-1,6.949e-14,3.457e-14,NOT COMPUTED (YET),n/a,2.997e-14,3.334e-14,0.000e+00,4.999e-10,h=0.02:nit=1299;h=0.01:nit=2059,1.053e-01,1.318e-01,1.000000e+00,n/a,n/a,n/a,n/a,n/a,report-only (n_tip > 1 at kappa > 1),[axisymmetric critical point; stability NOT COMPUTED (YET)]
P0,1T,4,99.0,1,0.25,8.07784531202,8.07784531201,7.36648243032e-12,17.7551229022,15.5131496439,n/a,n/a,-1,1.160e-14,7.800e-14,1.80559330542e-06,n/a,1.908e-14,1.957e-14,1.843e-08,4.588e-09,h=0.02:nit=381;h=0.01:nit=729,1.027e-02,1.137e-02,1.000000e+00,n/a,n/a,n/a,n/a,n/a,graded,[axisymmetric critical point; stability NOT COMPUTED (YET)]
P0,1T,4,99.0,1,0.5,10.0398255452,10.0398255452,4.20541813281e-17,13.1410660954,12.2157265185,n/a,n/a,-1,3.871e-15,6.946e-14,2.60190063831e-06,n/a,1.767e-14,1.769e-14,4.060e-08,4.283e-09,h=0.02:nit=366;h=0.01:nit=678,9.282e-03,1.051e-02,1.000000e+00,n/a,n/a,n/a,n/a,n/a,graded,[axisymmetric critical point; stability NOT COMPUTED (YET)]
P0,1T,4,99.0,1,1.0,12.5663706144,12.5663706144,2.68662291516e-24,9.82072241156,9.43079675276,n/a,n/a,-1,1.005e-14,5.819e-14,3.81626442852e-18,n/a,1.004e-14,1.385e-14,1.802e-08,3.831e-09,h=0.02:nit=208;h=0.01:nit=274,2.875e-14,9.603e-15,1.000000e+00,n/a,n/a,n/a,n/a,n/a,graded,[axisymmetric critical point; stability NOT COMPUTED (YET)]
P0,1T,4,99.0,1,2.0,15.8122139258,15.8122139258,5.13191354842e-25,9.36151853078,9.02340009563,n/a,n/a,-1,3.555e-14,5.051e-14,-3.10914841075e-06,n/a,4.523e-15,1.415e-14,6.635e-09,3.263e-09,h=0.02:nit=375;h=0.01:nit=740,3.128e-02,3.499e-02,1.000000e+00,n/a,n/a,n/a,n/a,n/a,report-only (n_tip > 1 at kappa > 1),[axisymmetric critical point; stability NOT COMPUTED (YET)]
P0,1T,4,99.0,1,4.0,19.9540320669,19.9540320669,2.4880946073e-25,9.01643412206,8.71410579564,n/a,n/a,-1,8.442e-14,4.421e-14,-3.04600223901e-06,n/a,2.686e-15,3.881e-14,5.296e-08,2.622e-09,h=0.02:nit=434;h=0.01:nit=843,1.168e-01,1.258e-01,1.000000e+00,n/a,n/a,n/a,n/a,n/a,report-only (n_tip > 1 at kappa > 1),[axisymmetric critical point; stability NOT COMPUTED (YET)]
P1,1T,1,1.0,0.5,0.25,NOT COMPUTED (YET),NOT COMPUTED (YET),NOT COMPUTED (YET),NOT COMPUTED (YET),NOT COMPUTED (YET),NOT COMPUTED (YET),NOT COMPUTED (YET),NOT COMPUTED (YET),NOT COMPUTED (YET),NOT COMPUTED (YET),NOT COMPUTED (YET),NOT COMPUTED (YET),NOT COMPUTED (YET),NOT COMPUTED (YET),NOT COMPUTED (YET),NOT COMPUTED (YET),NOT COMPUTED (YET),NOT COMPUTED (YET),NOT COMPUTED (YET),NOT COMPUTED (YET),NOT COMPUTED (YET),NOT COMPUTED (YET),NOT COMPUTED (YET),NOT COMPUTED (YET),NOT COMPUTED (YET),FAILED,"FAILED: failed upstream (row P1 1T n=1 eps=1 alpha=0.5 stage NC kappa=0.5): not converged (cap hit) at NC kappa=0.5 alpha=0.5 [node cap MAX_NODES = 100000 reached; status 1, max|phi|^2 = 5.230e-07, iterations 5, nodes 63486]"
P1,1T,1,1.0,0.5,0.5,NOT COMPUTED (YET),NOT COMPUTED (YET),NOT COMPUTED (YET),NOT COMPUTED (YET),NOT COMPUTED (YET),NOT COMPUTED (YET),NOT COMPUTED (YET),NOT COMPUTED (YET),NOT COMPUTED (YET),NOT COMPUTED (YET),NOT COMPUTED (YET),NOT COMPUTED (YET),NOT COMPUTED (YET),NOT COMPUTED (YET),NOT COMPUTED (YET),NOT COMPUTED (YET),NOT COMPUTED (YET),NOT COMPUTED (YET),NOT COMPUTED (YET),NOT COMPUTED (YET),NOT COMPUTED (YET),NOT COMPUTED (YET),NOT COMPUTED (YET),NOT COMPUTED (YET),NOT COMPUTED (YET),FAILED,"FAILED: failed directly: not converged (cap hit) at NC kappa=0.5 alpha=0.5 [node cap MAX_NODES = 100000 reached; status 1, max|phi|^2 = 5.230e-07, iterations 5, nodes 63486]"
P1,1T,1,1.0,0.5,1.0,3.14159265359,2.55814931796,0.583443335632,NOT COMPUTED (YET),NOT COMPUTED (YET),n/a,n/a,-1,1.536e-14,8.556e-14,NOT COMPUTED (YET),n/a,9.542e-14,3.463e-14,0.000e+00,3.783e-10,h=0.02:nit=470;h=0.01:nit=222,1.779e-13,5.826e-14,8.170187e-01,5.818e-13,7.596e-10,no,NOT COMPUTED (YET),3.14159265359,graded,[axisymmetric critical point; stability NOT COMPUTED (YET)]
P1,1T,1,1.0,0.5,2.0,3.83745573633,3.54672145629,0.290734280043,NOT COMPUTED (YET),NOT COMPUTED (YET),n/a,n/a,-1,4.579e-14,8.356e-14,NOT COMPUTED (YET),n/a,9.754e-14,2.789e-14,0.000e+00,3.627e-10,h=0.02:nit=2752;h=0.01:nit=5164,3.202e-02,3.326e-02,9.708066e-01,1.847e-02,8.009e-10,yes,NOT COMPUTED (YET),3.80000073681,graded,[axisymmetric critical point; stability NOT COMPUTED (YET)]
P1,1T,1,1.0,0.5,4.0,4.6338529598,4.46856772756,0.165285232243,NOT COMPUTED (YET),NOT COMPUTED (YET),n/a,n/a,-1,9.151e-14,3.781e-14,NOT COMPUTED (YET),n/a,1.555e-15,2.588e-14,0.000e+00,2.884e-10,h=0.02:nit=2373;h=0.01:nit=4678,1.466e-01,1.466e-01,9.972802e-01,5.024e-02,7.004e-10,yes,NOT COMPUTED (YET),4.60874826492,graded,[axisymmetric critical point; stability NOT COMPUTED (YET)]
P1,1T,1,1.0,0.6,0.25,NOT COMPUTED (YET),NOT COMPUTED (YET),NOT COMPUTED (YET),NOT COMPUTED (YET),NOT COMPUTED (YET),NOT COMPUTED (YET),NOT COMPUTED (YET),NOT COMPUTED (YET),NOT COMPUTED (YET),NOT COMPUTED (YET),NOT COMPUTED (YET),NOT COMPUTED (YET),NOT COMPUTED (YET),NOT COMPUTED (YET),NOT COMPUTED (YET),NOT COMPUTED (YET),NOT COMPUTED (YET),NOT COMPUTED (YET),NOT COMPUTED (YET),NOT COMPUTED (YET),NOT COMPUTED (YET),NOT COMPUTED (YET),NOT COMPUTED (YET),NOT COMPUTED (YET),NOT COMPUTED (YET),FAILED,"FAILED: failed upstream (row P1 1T n=1 eps=1 alpha=0.6 stage NC kappa=0.5): not converged (cap hit) at NC kappa=0.5 alpha=0.6 [node cap MAX_NODES = 100000 reached; status 1, max|phi|^2 = 4.286e-07, iterations 5, nodes 69415]"
P1,1T,1,1.0,0.6,0.5,NOT COMPUTED (YET),NOT COMPUTED (YET),NOT COMPUTED (YET),NOT COMPUTED (YET),NOT COMPUTED (YET),NOT COMPUTED (YET),NOT COMPUTED (YET),NOT COMPUTED (YET),NOT COMPUTED (YET),NOT COMPUTED (YET),NOT COMPUTED (YET),NOT COMPUTED (YET),NOT COMPUTED (YET),NOT COMPUTED (YET),NOT COMPUTED (YET),NOT COMPUTED (YET),NOT COMPUTED (YET),NOT COMPUTED (YET),NOT COMPUTED (YET),NOT COMPUTED (YET),NOT COMPUTED (YET),NOT COMPUTED (YET),NOT COMPUTED (YET),NOT COMPUTED (YET),NOT COMPUTED (YET),FAILED,"FAILED: failed directly: not converged (cap hit) at NC kappa=0.5 alpha=0.6 [node cap MAX_NODES = 100000 reached; status 1, max|phi|^2 = 4.286e-07, iterations 5, nodes 69415]"
P1,1T,1,1.0,0.6,1.0,3.14159265359,2.6022206427,0.539372010891,NOT COMPUTED (YET),NOT COMPUTED (YET),n/a,n/a,-1,1.499e-14,8.561e-14,NOT COMPUTED (YET),n/a,9.188e-14,3.251e-14,0.000e+00,1.787e-11,h=0.02:nit=439;h=0.01:nit=220,1.576e-13,5.279e-14,8.128878e-01,5.818e-13,7.596e-10,no,NOT COMPUTED (YET),3.14159265359,graded,[axisymmetric critical point; stability NOT COMPUTED (YET)]
P1,1T,1,1.0,0.6,2.0,3.82360476222,3.55904378003,0.264560982191,NOT COMPUTED (YET),NOT COMPUTED (YET),n/a,n/a,-1,5.814e-14,7.647e-14,NOT COMPUTED (YET),n/a,9.061e-14,2.590e-14,0.000e+00,1.826e-11,h=0.02:nit=2426;h=0.01:nit=5377,3.185e-02,3.321e-02,9.696634e-01,1.847e-02,8.009e-10,yes,NOT COMPUTED (YET),3.75699268927,graded,[axisymmetric critical point; stability NOT COMPUTED (YET)]
P1,1T,1,1.0,0.6,4.0,4.58662680671,4.43390227973,0.152724526986,NOT COMPUTED (YET),NOT COMPUTED (YET),n/a,n/a,-1,1.454e-13,4.415e-14,NOT COMPUTED (YET),n/a,2.304e-14,5.074e-14,0.000e+00,1.063e-11,h=0.02:nit=3005;h=0.01:nit=5473,1.484e-01,1.484e-01,9.970957e-01,5.024e-02,7.004e-10,yes,NOT COMPUTED (YET),4.50417447836,graded,[axisymmetric critical point; stability NOT COMPUTED (YET)]
P1,1T,1,1.0,0.7,0.25,NOT COMPUTED (YET),NOT COMPUTED (YET),NOT COMPUTED (YET),NOT COMPUTED (YET),NOT COMPUTED (YET),NOT COMPUTED (YET),NOT COMPUTED (YET),NOT COMPUTED (YET),NOT COMPUTED (YET),NOT COMPUTED (YET),NOT COMPUTED (YET),NOT COMPUTED (YET),NOT COMPUTED (YET),NOT COMPUTED (YET),NOT COMPUTED (YET),NOT COMPUTED (YET),NOT COMPUTED (YET),NOT COMPUTED (YET),NOT COMPUTED (YET),NOT COMPUTED (YET),NOT COMPUTED (YET),NOT COMPUTED (YET),NOT COMPUTED (YET),NOT COMPUTED (YET),NOT COMPUTED (YET),FAILED,"FAILED: failed upstream (row P1 1T n=1 eps=1 alpha=0.7 stage NC kappa=0.5): not converged (cap hit) at NC kappa=0.5 alpha=0.7 [node cap MAX_NODES = 100000 reached; status 1, max|phi|^2 = 3.850e-07, iterations 5, nodes 75574]"
P1,1T,1,1.0,0.7,0.5,NOT COMPUTED (YET),NOT COMPUTED (YET),NOT COMPUTED (YET),NOT COMPUTED (YET),NOT COMPUTED (YET),NOT COMPUTED (YET),NOT COMPUTED (YET),NOT COMPUTED (YET),NOT COMPUTED (YET),NOT COMPUTED (YET),NOT COMPUTED (YET),NOT COMPUTED (YET),NOT COMPUTED (YET),NOT COMPUTED (YET),NOT COMPUTED (YET),NOT COMPUTED (YET),NOT COMPUTED (YET),NOT COMPUTED (YET),NOT COMPUTED (YET),NOT COMPUTED (YET),NOT COMPUTED (YET),NOT COMPUTED (YET),NOT COMPUTED (YET),NOT COMPUTED (YET),NOT COMPUTED (YET),FAILED,"FAILED: failed directly: not converged (cap hit) at NC kappa=0.5 alpha=0.7 [node cap MAX_NODES = 100000 reached; status 1, max|phi|^2 = 3.850e-07, iterations 5, nodes 75574]"
P1,1T,1,1.0,0.7,1.0,3.14159265359,2.6353470557,0.506245597887,NOT COMPUTED (YET),NOT COMPUTED (YET),n/a,n/a,-1,1.179e-14,8.123e-14,NOT COMPUTED (YET),n/a,8.665e-14,3.096e-14,0.000e+00,2.075e-11,h=0.02:nit=630;h=0.01:nit=256,1.426e-13,4.730e-14,8.080711e-01,5.818e-13,7.596e-10,no,NOT COMPUTED (YET),3.14159265359,graded,[axisymmetric critical point; stability NOT COMPUTED (YET)]
P1,1T,1,1.0,0.7,2.0,3.80923676962,3.56298955175,0.246247217874,NOT COMPUTED (YET),NOT COMPUTED (YET),n/a,n/a,-1,7.359e-14,6.954e-14,NOT COMPUTED (YET),n/a,8.439e-14,2.437e-14,0.000e+00,1.933e-11,h=0.02:nit=2464;h=0.01:nit=4764,3.193e-02,3.299e-02,9.682892e-01,1.847e-02,8.009e-10,yes,NOT COMPUTED (YET),3.72006802234,graded,[axisymmetric critical point; stability NOT COMPUTED (YET)]
P1,1T,1,1.0,0.7,4.0,4.53970986562,4.39508749353,0.144622372094,NOT COMPUTED (YET),NOT COMPUTED (YET),n/a,n/a,-1,2.218e-13,5.601e-14,NOT COMPUTED (YET),n/a,2.502e-14,8.941e-14,0.000e+00,1.312e-11,h=0.02:nit=2485;h=0.01:nit=5352,1.512e-01,1.512e-01,9.968716e-01,5.024e-02,7.004e-10,yes,NOT COMPUTED (YET),4.4152902202,graded,[axisymmetric critical point; stability NOT COMPUTED (YET)]
P1,1T,1,1.0,0.8,0.25,NOT COMPUTED (YET),NOT COMPUTED (YET),NOT COMPUTED (YET),NOT COMPUTED (YET),NOT COMPUTED (YET),NOT COMPUTED (YET),NOT COMPUTED (YET),NOT COMPUTED (YET),NOT COMPUTED (YET),NOT COMPUTED (YET),NOT COMPUTED (YET),NOT COMPUTED (YET),NOT COMPUTED (YET),NOT COMPUTED (YET),NOT COMPUTED (YET),NOT COMPUTED (YET),NOT COMPUTED (YET),NOT COMPUTED (YET),NOT COMPUTED (YET),NOT COMPUTED (YET),NOT COMPUTED (YET),NOT COMPUTED (YET),NOT COMPUTED (YET),NOT COMPUTED (YET),NOT COMPUTED (YET),FAILED,"FAILED: failed upstream (row P1 1T n=1 eps=1 alpha=0.8 stage NC kappa=0.5): not converged (cap hit) at NC kappa=0.5 alpha=0.8 [node cap MAX_NODES = 100000 reached; status 1, max|phi|^2 = 3.352e-07, iterations 5, nodes 80071]"
P1,1T,1,1.0,0.8,0.5,NOT COMPUTED (YET),NOT COMPUTED (YET),NOT COMPUTED (YET),NOT COMPUTED (YET),NOT COMPUTED (YET),NOT COMPUTED (YET),NOT COMPUTED (YET),NOT COMPUTED (YET),NOT COMPUTED (YET),NOT COMPUTED (YET),NOT COMPUTED (YET),NOT COMPUTED (YET),NOT COMPUTED (YET),NOT COMPUTED (YET),NOT COMPUTED (YET),NOT COMPUTED (YET),NOT COMPUTED (YET),NOT COMPUTED (YET),NOT COMPUTED (YET),NOT COMPUTED (YET),NOT COMPUTED (YET),NOT COMPUTED (YET),NOT COMPUTED (YET),NOT COMPUTED (YET),NOT COMPUTED (YET),FAILED,"FAILED: failed directly: not converged (cap hit) at NC kappa=0.5 alpha=0.8 [node cap MAX_NODES = 100000 reached; status 1, max|phi|^2 = 3.352e-07, iterations 5, nodes 80071]"
P1,1T,1,1.0,0.8,1.0,3.14159265359,2.66061617213,0.480976481455,NOT COMPUTED (YET),NOT COMPUTED (YET),n/a,n/a,-1,1.042e-14,7.613e-14,NOT COMPUTED (YET),n/a,8.185e-14,2.997e-14,0.000e+00,2.414e-11,h=0.02:nit=428;h=0.01:nit=294,1.336e-13,5.249e-14,8.027690e-01,5.818e-13,7.596e-10,no,NOT COMPUTED (YET),3.14159265359,graded,[axisymmetric critical point; stability NOT COMPUTED (YET)]
P1,1T,1,1.0,0.8,2.0,3.79494954749,3.56173904534,0.233210502151,NOT COMPUTED (YET),NOT COMPUTED (YET),n/a,n/a,-1,9.755e-14,6.913e-14,NOT COMPUTED (YET),n/a,7.888e-14,2.867e-14,0.000e+00,2.264e-11,h=0.02:nit=3018;h=0.01:nit=5504,3.222e-02,3.265e-02,9.667331e-01,1.847e-02,8.009e-10,yes,NOT COMPUTED (YET),3.68786183487,graded,[axisymmetric critical point; stability NOT COMPUTED (YET)]
P1,1T,1,1.0,0.8,4.0,4.49459956947,4.35522638087,0.139373188603,NOT COMPUTED (YET),NOT COMPUTED (YET),n/a,n/a,-1,3.303e-13,5.576e-14,NOT COMPUTED (YET),n/a,2.361e-14,1.425e-13,0.000e+00,1.668e-11,h=0.02:nit=2916;h=0.01:nit=4920,1.546e-01,1.546e-01,9.966139e-01,5.024e-02,7.004e-10,yes,NOT COMPUTED (YET),4.33845673817,graded,[axisymmetric critical point; stability NOT COMPUTED (YET)]
P1,1T,1,1.0,0.9,0.25,NOT COMPUTED (YET),NOT COMPUTED (YET),NOT COMPUTED (YET),NOT COMPUTED (YET),NOT COMPUTED (YET),NOT COMPUTED (YET),NOT COMPUTED (YET),NOT COMPUTED (YET),NOT COMPUTED (YET),NOT COMPUTED (YET),NOT COMPUTED (YET),NOT COMPUTED (YET),NOT COMPUTED (YET),NOT COMPUTED (YET),NOT COMPUTED (YET),NOT COMPUTED (YET),NOT COMPUTED (YET),NOT COMPUTED (YET),NOT COMPUTED (YET),NOT COMPUTED (YET),NOT COMPUTED (YET),NOT COMPUTED (YET),NOT COMPUTED (YET),NOT COMPUTED (YET),NOT COMPUTED (YET),FAILED,"FAILED: failed upstream (row P1 1T n=1 eps=1 alpha=0.9 stage NC kappa=0.5): not converged (cap hit) at NC kappa=0.5 alpha=0.9 [node cap MAX_NODES = 100000 reached; status 1, max|phi|^2 = 2.802e-07, iterations 5, nodes 83495]"
P1,1T,1,1.0,0.9,0.5,NOT COMPUTED (YET),NOT COMPUTED (YET),NOT COMPUTED (YET),NOT COMPUTED (YET),NOT COMPUTED (YET),NOT COMPUTED (YET),NOT COMPUTED (YET),NOT COMPUTED (YET),NOT COMPUTED (YET),NOT COMPUTED (YET),NOT COMPUTED (YET),NOT COMPUTED (YET),NOT COMPUTED (YET),NOT COMPUTED (YET),NOT COMPUTED (YET),NOT COMPUTED (YET),NOT COMPUTED (YET),NOT COMPUTED (YET),NOT COMPUTED (YET),NOT COMPUTED (YET),NOT COMPUTED (YET),NOT COMPUTED (YET),NOT COMPUTED (YET),NOT COMPUTED (YET),NOT COMPUTED (YET),FAILED,"FAILED: failed directly: not converged (cap hit) at NC kappa=0.5 alpha=0.9 [node cap MAX_NODES = 100000 reached; status 1, max|phi|^2 = 2.802e-07, iterations 5, nodes 83495]"
P1,1T,1,1.0,0.9,1.0,3.14159265359,2.68014882779,0.461443825799,NOT COMPUTED (YET),NOT COMPUTED (YET),n/a,n/a,-1,5.263e-15,7.179e-14,NOT COMPUTED (YET),n/a,6.912e-14,2.898e-14,0.000e+00,2.839e-11,h=0.02:nit=914;h=0.01:nit=285,1.258e-13,5.972e-14,7.971369e-01,5.818e-13,7.596e-10,no,NOT COMPUTED (YET),3.14159265358,graded,[axisymmetric critical point; stability NOT COMPUTED (YET)]
P1,1T,1,1.0,0.9,2.0,3.78109514853,3.55728053923,0.223814609304,NOT COMPUTED (YET),NOT COMPUTED (YET),n/a,n/a,-1,1.286e-13,6.586e-14,NOT COMPUTED (YET),n/a,7.379e-14,8.797e-14,0.000e+00,2.716e-11,h=0.02:nit=2441;h=0.01:nit=5405,3.266e-02,3.266e-02,9.650337e-01,1.847e-02,8.009e-10,yes,NOT COMPUTED (YET),3.65942597139,graded,[axisymmetric critical point; stability NOT COMPUTED (YET)]
P1,1T,1,1.0,0.9,4.0,4.45200170515,4.315986301,0.136015404155,NOT COMPUTED (YET),NOT COMPUTED (YET),n/a,n/a,-1,4.744e-13,5.367e-14,NOT COMPUTED (YET),n/a,2.135e-14,2.795e-13,0.000e+00,2.068e-11,h=0.02:nit=2836;h=0.01:nit=4608,1.584e-01,1.584e-01,9.963272e-01,5.024e-02,7.004e-10,yes,NOT COMPUTED (YET),4.27116406301,graded,[axisymmetric critical point; stability NOT COMPUTED (YET)]
P1,1T,1,1.0,1,0.25,NOT COMPUTED (YET),NOT COMPUTED (YET),NOT COMPUTED (YET),NOT COMPUTED (YET),NOT COMPUTED (YET),NOT COMPUTED (YET),NOT COMPUTED (YET),NOT COMPUTED (YET),n/a (normal state),n/a (normal state),NOT COMPUTED (YET),NOT COMPUTED (YET),n/a (normal state),n/a (normal state),n/a (normal state),n/a (normal state),n/a (normal state),2.082e-17,2.082e-17,0.000000e+00,n/a (normal state),n/a (normal state),n/a (normal state),n/a (normal state),n/a,n/a (normal state),"[normal state: exact solution, linearly stable for B > κ/2, marginal at B = κ/2; whether a vortex branch coexists (κ < 1, subcritical) is NOT COMPUTED (YET)] [by construction; not a test] [Venus 20:44]; normal-state energy (not a vortex value) = 1.57079632679"
P1,1T,1,1.0,1,0.5,NOT COMPUTED (YET),NOT COMPUTED (YET),NOT COMPUTED (YET),NOT COMPUTED (YET),NOT COMPUTED (YET),NOT COMPUTED (YET),NOT COMPUTED (YET),NOT COMPUTED (YET),n/a (normal state),n/a (normal state),NOT COMPUTED (YET),NOT COMPUTED (YET),n/a (normal state),n/a (normal state),n/a (normal state),n/a (normal state),n/a (normal state),3.125e-02,3.125e-02,0.000000e+00,n/a (normal state),n/a (normal state),n/a (normal state),n/a (normal state),n/a,n/a (normal state),"[normal state: exact solution, linearly stable for B > κ/2, marginal at B = κ/2; whether a vortex branch coexists (κ < 1, subcritical) is NOT COMPUTED (YET)] [by construction; not a test] [Venus 20:44]; normal-state energy (not a vortex value) = 2.35619449019"
P1,1T,1,1.0,1,1.0,3.14159265359,2.69542465204,0.446168001544,NOT COMPUTED (YET),NOT COMPUTED (YET),n/a,n/a,-1,2.928e-15,6.866e-14,NOT COMPUTED (YET),n/a,6.404e-14,5.741e-13,0.000e+00,7.596e-10,h=0.02:nit=907;h=0.01:nit=354,1.267e-13,6.548e-14,7.912951e-01,5.818e-13,7.596e-10,no,NOT COMPUTED (YET),3.14159265348,graded,[axisymmetric critical point; stability NOT COMPUTED (YET)]
P1,1T,1,1.0,1,2.0,3.7678668359,3.55087327039,0.216993565515,NOT COMPUTED (YET),NOT COMPUTED (YET),n/a,n/a,-1,1.687e-13,6.348e-14,NOT COMPUTED (YET),n/a,6.997e-14,1.151e-12,0.000e+00,8.009e-10,h=0.02:nit=2678;h=0.01:nit=5817,3.322e-02,3.322e-02,9.632216e-01,1.847e-02,8.009e-10,yes,NOT COMPUTED (YET),3.63407167504,graded,[axisymmetric critical point; stability NOT COMPUTED (YET)]
P1,1T,1,1.0,1,4.0,4.41217882453,4.27822903891,0.133949785617,NOT COMPUTED (YET),NOT COMPUTED (YET),n/a,n/a,-1,6.613e-13,5.079e-14,NOT COMPUTED (YET),n/a,1.951e-14,2.066e-12,0.000e+00,7.004e-10,h=0.02:nit=2749;h=0.01:nit=6863,1.624e-01,1.624e-01,9.960149e-01,5.024e-02,7.004e-10,yes,NOT COMPUTED (YET),4.21160199238,graded,[axisymmetric critical point; stability NOT COMPUTED (YET)]
P1,1T,1,24.0,0.5,0.25,2.19343421942,2.1914242798,0.00200993962704,NOT COMPUTED (YET),NOT COMPUTED (YET),n/a,n/a,-1,6.166e-16,6.975e-14,NOT COMPUTED (YET),n/a,2.007e-14,5.770e-14,0.000e+00,2.195e-11,h=0.02:nit=2405;h=0.01:nit=3989,1.615e-02,1.615e-02,9.984965e-01,6.537e-02,1.190e-09,yes,NOT COMPUTED (YET),2.18539615072,graded,[axisymmetric critical point; stability NOT COMPUTED (YET)]
P1,1T,1,24.0,0.5,0.5,2.61532254205,2.6152324692,9.00728527297e-05,NOT COMPUTED (YET),NOT COMPUTED (YET),n/a,n/a,-1,1.176e-14,6.718e-14,NOT COMPUTED (YET),n/a,1.965e-14,4.415e-14,0.000e+00,1.713e-11,h=0.02:nit=1498;h=0.01:nit=3086,1.413e-02,1.413e-02,9.999536e-01,3.644e-02,1.151e-09,yes,NOT COMPUTED (YET),2.61088514431,graded,[axisymmetric critical point; stability NOT COMPUTED (YET)]
P1,1T,1,24.0,0.5,1.0,3.14159265359,3.14159078497,1.86862352938e-06,8.42913279437,8.28980378419,n/a,n/a,-1,1.735e-14,1.072e-13,6.09715766513e-18,n/a,1.173e-14,2.714e-14,3.361e-08,1.564e-11,h=0.02:nit=215;h=0.01:nit=218,2.184e-13,6.906e-14,9.999997e-01,9.701e-13,1.031e-09,no,yes,3.14159265359,graded,[axisymmetric critical point; stability NOT COMPUTED (YET)]
P1,1T,1,24.0,0.5,2.0,3.79601670129,3.79601618117,5.20124182897e-07,8.14491348985,8.09537091175,n/a,n/a,-1,4.113e-14,4.946e-14,-4.74551240636e-07,n/a,3.619e-14,1.685e-14,3.828e-09,1.278e-11,h=0.02:nit=832;h=0.01:nit=1705,4.462e-02,4.462e-02,1.000000e+00,4.232e-02,8.451e-10,yes,yes,3.80000073681,graded,[axisymmetric critical point; stability NOT COMPUTED (YET)]
P1,1T,1,24.0,0.5,4.0,4.60156583386,4.60156549628,3.37577536541e-07,7.93810266049,7.94355333904,n/a,n/a,-1,9.103e-14,4.131e-14,-5.05428441251e-07,n/a,9.174e-14,4.864e-14,1.563e-08,9.350e-12,h=0.02:nit=951;h=0.01:nit=1838,1.619e-01,1.619e-01,1.000000e+00,8.927e-02,6.213e-10,yes,yes,4.60874826492,graded,[axisymmetric critical point; stability NOT COMPUTED (YET)]
P1,1T,1,24.0,0.6,0.25,2.22841243637,2.22632108799,0.00209134837739,NOT COMPUTED (YET),NOT COMPUTED (YET),n/a,n/a,-1,1.392e-14,5.484e-14,NOT COMPUTED (YET),n/a,2.332e-14,5.221e-14,0.000e+00,2.338e-11,h=0.02:nit=2866;h=0.01:nit=5410,1.697e-02,1.697e-02,9.982301e-01,6.537e-02,1.190e-09,yes,NOT COMPUTED (YET),2.23377153906,graded,[axisymmetric critical point; stability NOT COMPUTED (YET)]
P1,1T,1,24.0,0.6,0.5,2.6386402674,2.63854307658,9.71908203565e-05,NOT COMPUTED (YET),NOT COMPUTED (YET),n/a,n/a,-1,2.982e-15,7.099e-14,NOT COMPUTED (YET),n/a,2.219e-14,3.534e-14,0.000e+00,2.383e-11,h=0.02:nit=1513;h=0.01:nit=3456,1.501e-02,1.501e-02,9.999409e-01,3.644e-02,1.151e-09,yes,NOT COMPUTED (YET),2.64007389193,graded,[axisymmetric critical point; stability NOT COMPUTED (YET)]
P1,1T,1,24.0,0.6,1.0,3.14159265359,3.14159048144,2.17214857756e-06,8.19794761346,7.22010231274,n/a,n/a,-1,1.616e-14,9.808e-14,3.27313391254e-18,n/a,8.906e-15,2.219e-14,2.669e-08,2.182e-11,h=0.02:nit=254;h=0.01:nit=279,2.067e-13,6.432e-14,9.999995e-01,9.701e-13,1.031e-09,no,yes,3.14159265359,graded,[axisymmetric critical point; stability NOT COMPUTED (YET)]
P1,1T,1,24.0,0.6,2.0,3.75747544491,3.75747480308,6.41836331017e-07,7.94056547441,7.09353157699,n/a,n/a,-1,6.757e-14,4.756e-14,-4.07620457602e-07,n/a,6.502e-15,8.746e-15,2.177e-08,1.795e-11,h=0.02:nit=839;h=0.01:nit=1631,4.774e-02,4.774e-02,1.000000e+00,4.232e-02,8.451e-10,yes,yes,3.75699268927,graded,[axisymmetric critical point; stability NOT COMPUTED (YET)]
P1,1T,1,24.0,0.6,4.0,4.50478364753,4.50478320921,4.38314426483e-07,7.75689914038,6.99504420596,n/a,n/a,-1,1.646e-13,4.060e-14,-4.44609336845e-07,n/a,5.824e-14,1.057e-13,1.298e-08,1.303e-11,h=0.02:nit=900;h=0.01:nit=1750,1.730e-01,1.730e-01,1.000000e+00,8.927e-02,6.213e-10,yes,yes,4.50417447836,graded,[axisymmetric critical point; stability NOT COMPUTED (YET)]
P1,1T,1,24.0,0.7,0.25,2.26131108497,2.25908954852,0.00222153645021,NOT COMPUTED (YET),NOT COMPUTED (YET),n/a,n/a,-1,4.367e-14,5.080e-14,NOT COMPUTED (YET),n/a,2.870e-14,5.185e-14,0.000e+00,8.625e-10,h=0.02:nit=2721;h=0.01:nit=3446,1.790e-02,1.790e-02,9.979227e-01,6.537e-02,1.190e-09,yes,NOT COMPUTED (YET),2.27632918382,graded,[axisymmetric critical point; stability NOT COMPUTED (YET)]
P1,1T,1,24.0,0.7,0.5,2.66007796991,2.65997003366,0.000107936254983,NOT COMPUTED (YET),NOT COMPUTED (YET),n/a,n/a,-1,2.562e-14,7.085e-14,NOT COMPUTED (YET),n/a,2.050e-14,3.690e-14,0.000e+00,8.229e-10,h=0.02:nit=1664;h=0.01:nit=3508,1.593e-02,1.593e-02,9.999251e-01,3.644e-02,1.151e-09,yes,NOT COMPUTED (YET),2.66556540762,graded,[axisymmetric critical point; stability NOT COMPUTED (YET)]
P1,1T,1,24.0,0.7,1.0,3.14159265359,3.14159003923,2.6143585061e-06,8.01149735702,6.44851111529,n/a,n/a,-1,1.525e-14,8.864e-14,-9.47298940555e-20,n/a,7.492e-15,1.880e-14,2.694e-08,7.335e-10,h=0.02:nit=268;h=0.01:nit=315,1.998e-13,6.758e-14,9.999993e-01,9.701e-13,1.031e-09,no,yes,3.14159265359,graded,[axisymmetric critical point; stability NOT COMPUTED (YET)]
P1,1T,1,24.0,0.7,2.0,3.72344190869,3.72344109774,8.10953818326e-07,7.77588121789,6.36646889588,n/a,n/a,-1,1.067e-13,4.756e-14,-3.23185591834e-07,n/a,1.244e-14,3.447e-14,1.926e-08,6.033e-10,h=0.02:nit=822;h=0.01:nit=1582,5.070e-02,5.070e-02,1.000000e+00,4.232e-02,8.451e-10,yes,yes,3.72006802234,graded,[axisymmetric critical point; stability NOT COMPUTED (YET)]
P1,1T,1,24.0,0.7,4.0,4.42082229455,4.42082171822,5.76333713931e-07,7.61042142655,6.30217950451,n/a,n/a,-1,2.746e-13,5.451e-14,-3.6522960152e-07,n/a,2.799e-14,1.692e-13,1.319e-08,4.494e-10,h=0.02:nit=866;h=0.01:nit=1680,1.831e-01,1.831e-01,1.000000e+00,8.927e-02,6.213e-10,yes,yes,4.4152902202,graded,[axisymmetric critical point; stability NOT COMPUTED (YET)]
P1,1T,1,24.0,0.8,0.25,2.29196503976,2.2895787448,0.00238629496326,NOT COMPUTED (YET),NOT COMPUTED (YET),n/a,n/a,-1,6.450e-14,5.094e-14,NOT COMPUTED (YET),n/a,2.926e-14,6.007e-14,0.000e+00,3.975e-11,h=0.02:nit=2493;h=0.01:nit=4768,1.888e-02,1.888e-02,9.975761e-01,6.537e-02,1.190e-09,yes,NOT COMPUTED (YET),2.31427489747,graded,[axisymmetric critical point; stability NOT COMPUTED (YET)]
P1,1T,1,24.0,0.8,0.5,2.6797128283,2.67959116195,0.000121666350042,NOT COMPUTED (YET),NOT COMPUTED (YET),n/a,n/a,-1,5.256e-14,7.871e-14,NOT COMPUTED (YET),n/a,1.230e-14,4.259e-14,0.000e+00,4.075e-11,h=0.02:nit=1559;h=0.01:nit=3176,1.686e-02,1.686e-02,9.999060e-01,3.644e-02,1.151e-09,yes,NOT COMPUTED (YET),2.68814446421,graded,[axisymmetric critical point; stability NOT COMPUTED (YET)]
P1,1T,1,24.0,0.8,1.0,3.14159265359,3.14158945592,3.19766741417e-06,7.8570961728,5.85780774554,n/a,n/a,-1,1.468e-14,7.974e-14,2.74572312245e-18,n/a,7.351e-15,1.626e-14,1.782e-08,3.755e-11,h=0.02:nit=276;h=0.01:nit=339,1.965e-13,8.069e-14,9.999991e-01,9.701e-13,1.031e-09,no,yes,3.14159265359,graded,[axisymmetric critical point; stability NOT COMPUTED (YET)]
P1,1T,1,24.0,0.8,2.0,3.69321787144,3.69321683892,1.03252296056e-06,7.63941888135,5.80654641758,n/a,n/a,-1,1.640e-13,4.760e-14,-2.21550929518e-07,n/a,1.640e-14,6.169e-14,2.133e-08,3.074e-11,h=0.02:nit=801;h=0.01:nit=1529,5.349e-02,5.349e-02,1.000000e+00,4.232e-02,8.451e-10,yes,yes,3.68786183487,graded,[axisymmetric critical point; stability NOT COMPUTED (YET)]
P1,1T,1,24.0,0.8,4.0,4.34729153253,4.34729077487,7.57660849926e-07,7.48862855523,5.7654534223,n/a,n/a,-1,4.550e-13,4.237e-14,-2.6756633449e-07,n/a,8.481e-16,2.433e-13,8.669e-09,2.179e-11,h=0.02:nit=884;h=0.01:nit=1691,1.924e-01,1.924e-01,1.000000e+00,8.927e-02,6.213e-10,yes,yes,4.33845673817,graded,[axisymmetric critical point; stability NOT COMPUTED (YET)]
P1,1T,1,24.0,0.9,0.25,2.32043248784,2.31785488608,0.00257760175722,NOT COMPUTED (YET),NOT COMPUTED (YET),n/a,n/a,-1,1.214e-13,4.530e-14,NOT COMPUTED (YET),n/a,2.898e-14,5.359e-14,0.000e+00,1.190e-09,h=0.02:nit=2658;h=0.01:nit=4715,1.989e-02,1.989e-02,9.971918e-01,6.537e-02,1.190e-09,yes,NOT COMPUTED (YET),2.34845751559,graded,[axisymmetric critical point; stability NOT COMPUTED (YET)]
P1,1T,1,24.0,0.9,0.5,2.69770276609,2.69756467853,0.000138087558721,NOT COMPUTED (YET),NOT COMPUTED (YET),n/a,n/a,-1,9.592e-14,6.262e-14,NOT COMPUTED (YET),n/a,1.414e-15,2.947e-14,0.000e+00,1.151e-09,h=0.02:nit=1738;h=0.01:nit=3809,1.777e-02,1.777e-02,9.998831e-01,3.644e-02,1.151e-09,yes,NOT COMPUTED (YET),2.70836153574,graded,[axisymmetric critical point; stability NOT COMPUTED (YET)]
P1,1T,1,24.0,0.9,1.0,3.14159265359,3.14158872016,3.93342578482e-06,7.72662713645,5.38523202022,n/a,n/a,-1,1.438e-14,7.208e-14,3.82343589039e-19,n/a,8.057e-15,3.562e-14,1.488e-08,1.031e-09,h=0.02:nit=288;h=0.01:nit=358,1.976e-13,9.362e-14,9.999987e-01,9.701e-13,1.031e-09,no,yes,3.14159265358,graded,[axisymmetric critical point; stability NOT COMPUTED (YET)]
P1,1T,1,24.0,0.9,2.0,3.66620346883,3.66620215518,1.31365075357e-06,7.52396314958,5.35611322516,n/a,n/a,-1,2.432e-13,4.700e-14,-1.03598147769e-07,n/a,1.894e-14,1.480e-13,1.633e-08,8.451e-10,h=0.02:nit=796;h=0.01:nit=1565,5.610e-02,5.610e-02,1.000000e+00,4.232e-02,8.451e-10,yes,yes,3.65942597139,graded,[axisymmetric critical point; stability NOT COMPUTED (YET)]
P1,1T,1,24.0,0.9,4.0,4.28231959702,4.28231860747,9.89545573263e-07,7.38523525485,5.3314347716,n/a,n/a,-1,6.921e-13,4.376e-14,-1.52502980861e-07,n/a,1.414e-16,4.142e-13,6.888e-09,6.213e-10,h=0.02:nit=877;h=0.01:nit=1692,2.008e-01,2.008e-01,1.000000e+00,8.927e-02,6.213e-10,yes,yes,4.27116406301,graded,[axisymmetric critical point; stability NOT COMPUTED (YET)]
P1,1T,1,24.0,1,0.25,2.34685704955,2.34406660115,0.00279044839942,NOT COMPUTED (YET),NOT COMPUTED (YET),n/a,n/a,-1,1.735e-13,5.285e-14,NOT COMPUTED (YET),n/a,3.082e-14,3.987e-13,0.000e+00,6.119e-11,h=0.02:nit=2465;h=0.01:nit=5122,2.089e-02,2.089e-02,9.967710e-01,6.537e-02,1.190e-09,yes,NOT COMPUTED (YET),2.37950231971,graded,[axisymmetric critical point; stability NOT COMPUTED (YET)]
P1,1T,1,24.0,1,0.5,2.71422001746,2.71406295656,0.000157060901702,NOT COMPUTED (YET),NOT COMPUTED (YET),n/a,n/a,-1,1.304e-13,5.167e-14,NOT COMPUTED (YET),n/a,3.110e-15,6.160e-13,0.000e+00,6.268e-11,h=0.02:nit=1698;h=0.01:nit=3370,1.867e-02,1.867e-02,9.998564e-01,3.644e-02,1.151e-09,yes,NOT COMPUTED (YET),2.72662059189,graded,[axisymmetric critical point; stability NOT COMPUTED (YET)]
P1,1T,1,24.0,1,1.0,3.14159265359,3.14158781631,4.83728111549e-06,7.61463006211,4.99427217641,n/a,n/a,-1,1.441e-14,6.504e-14,9.69314086796e-19,n/a,8.481e-15,9.718e-13,1.603e-08,5.641e-11,h=0.02:nit=305;h=0.01:nit=397,2.007e-13,1.060e-13,9.999982e-01,9.701e-13,1.031e-09,no,yes,3.14159265348,graded,[axisymmetric critical point; stability NOT COMPUTED (YET)]
P1,1T,1,24.0,1,2.0,3.64190603373,3.64190437113,1.66259535307e-06,7.4247037912,4.98158337014,n/a,n/a,-1,3.400e-13,4.850e-14,2.94159434421e-08,n/a,2.149e-14,1.537e-12,6.211e-09,4.492e-11,h=0.02:nit=784;h=0.01:nit=1565,5.853e-02,5.853e-02,1.000000e+00,4.232e-02,8.451e-10,yes,yes,3.63407167504,graded,[axisymmetric critical point; stability NOT COMPUTED (YET)]
P1,1T,1,24.0,1,4.0,4.2244494541,4.22444817406,1.28003442279e-06,7.29606545333,4.9689052364,n/a,n/a,-1,1.012e-12,4.524e-14,-2.13134212723e-08,n/a,1.131e-15,2.519e-12,1.405e-08,2.995e-11,h=0.02:nit=801;h=0.01:nit=1599,2.085e-01,2.085e-01,1.000000e+00,8.927e-02,6.213e-10,yes,yes,4.21160199238,graded,[axisymmetric critical point; stability NOT COMPUTED (YET)]
P1,1T,1,4.0,0.5,0.25,2.07803782594,1.65543920972,0.422598616219,NOT COMPUTED (YET),NOT COMPUTED (YET),n/a,n/a,-1,2.487e-14,5.054e-14,NOT COMPUTED (YET),n/a,1.145e-14,4.787e-14,0.000e+00,4.634e-10,h=0.02:nit=3568;h=0.01:nit=7249,4.642e-03,1.173e-02,6.461188e-01,1.747e-02,8.508e-10,yes,NOT COMPUTED (YET),2.18539615072,graded,[axisymmetric critical point; stability NOT COMPUTED (YET)]
P1,1T,1,4.0,0.5,0.5,2.59602661193,2.45923946646,0.136787145466,NOT COMPUTED (YET),NOT COMPUTED (YET),n/a,n/a,-1,1.167e-14,5.591e-14,NOT COMPUTED (YET),n/a,2.771e-14,6.432e-14,0.000e+00,5.221e-10,h=0.02:nit=3107;h=0.01:nit=4912,1.063e-02,1.063e-02,9.331546e-01,1.948e-02,1.121e-09,yes,NOT COMPUTED (YET),2.61088514431,graded,[axisymmetric critical point; stability NOT COMPUTED (YET)]
P1,1T,1,4.0,0.5,1.0,3.14159265359,3.10246244394,0.0391302096534,NOT COMPUTED (YET),NOT COMPUTED (YET),n/a,n/a,-1,1.718e-14,1.041e-13,NOT COMPUTED (YET),n/a,7.407e-14,2.544e-14,0.000e+00,4.786e-10,h=0.02:nit=239;h=0.01:nit=250,2.071e-13,6.610e-14,9.919812e-01,8.457e-13,1.110e-09,no,NOT COMPUTED (YET),3.14159265359,graded,[axisymmetric critical point; stability NOT COMPUTED (YET)]
P1,1T,1,4.0,0.5,2.0,3.79418047919,3.78073263464,0.0134478445561,NOT COMPUTED (YET),NOT COMPUTED (YET),n/a,n/a,-1,4.683e-14,5.018e-14,NOT COMPUTED (YET),n/a,1.484e-14,1.779e-14,0.000e+00,3.976e-10,h=0.02:nit=2203;h=0.01:nit=4425,4.406e-02,4.406e-02,9.995623e-01,3.187e-02,9.820e-10,yes,NOT COMPUTED (YET),3.80000073681,graded,[axisymmetric critical point; stability NOT COMPUTED (YET)]
P1,1T,1,4.0,0.5,4.0,4.59161786761,4.58378564036,0.00783222725007,NOT COMPUTED (YET),NOT COMPUTED (YET),n/a,n/a,-1,1.072e-13,4.679e-14,NOT COMPUTED (YET),n/a,1.795e-14,4.971e-14,0.000e+00,2.978e-10,h=0.02:nit=2203;h=0.01:nit=4094,1.628e-01,1.628e-01,9.999903e-01,7.273e-02,7.657e-10,yes,NOT COMPUTED (YET),4.60874826492,graded,[axisymmetric critical point; stability NOT COMPUTED (YET)]
P1,1T,1,4.0,0.6,0.25,2.0854135619,1.67779107786,0.407622484037,NOT COMPUTED (YET),NOT COMPUTED (YET),n/a,n/a,-1,3.350e-14,4.030e-14,NOT COMPUTED (YET),n/a,4.382e-15,4.664e-14,0.000e+00,2.276e-11,h=0.02:nit=3499;h=0.01:nit=8647,4.990e-03,1.185e-02,6.320541e-01,1.747e-02,8.508e-10,yes,NOT COMPUTED (YET),2.23377153906,graded,[axisymmetric critical point; stability NOT COMPUTED (YET)]
P1,1T,1,4.0,0.6,0.5,2.60642804048,2.47867866555,0.127749374938,NOT COMPUTED (YET),NOT COMPUTED (YET),n/a,n/a,-1,2.879e-15,4.907e-14,NOT COMPUTED (YET),n/a,3.393e-15,6.202e-14,0.000e+00,2.446e-11,h=0.02:nit=3294;h=0.01:nit=5044,1.052e-02,1.052e-02,9.293739e-01,1.948e-02,1.121e-09,yes,NOT COMPUTED (YET),2.64007389193,graded,[axisymmetric critical point; stability NOT COMPUTED (YET)]
P1,1T,1,4.0,0.6,1.0,3.14159265359,3.10558563027,0.0360070233191,NOT COMPUTED (YET),NOT COMPUTED (YET),n/a,n/a,-1,2.084e-14,9.550e-14,NOT COMPUTED (YET),n/a,7.775e-14,2.318e-14,0.000e+00,2.117e-11,h=0.02:nit=253;h=0.01:nit=280,1.903e-13,6.134e-14,9.912859e-01,8.457e-13,1.110e-09,no,NOT COMPUTED (YET),3.14159265359,graded,[axisymmetric critical point; stability NOT COMPUTED (YET)]
P1,1T,1,4.0,0.6,2.0,3.76787835939,3.75521641511,0.0126619442844,NOT COMPUTED (YET),NOT COMPUTED (YET),n/a,n/a,-1,6.891e-14,4.493e-14,NOT COMPUTED (YET),n/a,1.668e-14,9.311e-15,0.000e+00,1.725e-11,h=0.02:nit=2331;h=0.01:nit=3933,4.534e-02,4.534e-02,9.995004e-01,3.187e-02,9.820e-10,yes,NOT COMPUTED (YET),3.75699268927,graded,[axisymmetric critical point; stability NOT COMPUTED (YET)]
P1,1T,1,4.0,0.6,4.0,4.51806665053,4.51040471525,0.00766193527958,NOT COMPUTED (YET),NOT COMPUTED (YET),n/a,n/a,-1,1.781e-13,4.563e-14,NOT COMPUTED (YET),n/a,1.484e-14,9.652e-14,0.000e+00,1.241e-11,h=0.02:nit=2168;h=0.01:nit=3983,1.691e-01,1.691e-01,9.999881e-01,7.273e-02,7.657e-10,yes,NOT COMPUTED (YET),4.50417447836,graded,[axisymmetric critical point; stability NOT COMPUTED (YET)]
P1,1T,1,4.0,0.7,0.25,2.09310109876,1.69424919309,0.398851905663,NOT COMPUTED (YET),NOT COMPUTED (YET),n/a,n/a,-1,3.549e-14,3.307e-14,NOT COMPUTED (YET),n/a,1.329e-14,3.564e-14,0.000e+00,5.731e-10,h=0.02:nit=3428;h=0.01:nit=7289,5.382e-03,1.196e-02,6.166773e-01,1.747e-02,8.508e-10,yes,NOT COMPUTED (YET),2.27632918382,graded,[axisymmetric critical point; stability NOT COMPUTED (YET)]
P1,1T,1,4.0,0.7,0.5,2.61710170525,2.49497515889,0.122126546368,NOT COMPUTED (YET),NOT COMPUTED (YET),n/a,n/a,-1,1.365e-14,4.518e-14,NOT COMPUTED (YET),n/a,6.220e-15,6.448e-14,0.000e+00,6.978e-10,h=0.02:nit=3301;h=0.01:nit=5830,1.050e-02,1.050e-02,9.251341e-01,1.948e-02,1.121e-09,yes,NOT COMPUTED (YET),2.66556540762,graded,[axisymmetric critical point; stability NOT COMPUTED (YET)]
P1,1T,1,4.0,0.7,1.0,3.14159265359,3.10734645002,0.0342462035679,NOT COMPUTED (YET),NOT COMPUTED (YET),n/a,n/a,-1,1.964e-14,8.613e-14,NOT COMPUTED (YET),n/a,7.379e-14,2.092e-14,0.000e+00,6.673e-10,h=0.02:nit=259;h=0.01:nit=295,1.788e-13,5.898e-14,9.904779e-01,8.457e-13,1.110e-09,no,NOT COMPUTED (YET),3.14159265359,graded,[axisymmetric critical point; stability NOT COMPUTED (YET)]
P1,1T,1,4.0,0.7,2.0,3.74272741289,3.73038562002,0.0123417928736,NOT COMPUTED (YET),NOT COMPUTED (YET),n/a,n/a,-1,1.032e-13,4.470e-14,NOT COMPUTED (YET),n/a,2.262e-14,2.065e-14,0.000e+00,5.759e-10,h=0.02:nit=2153;h=0.01:nit=4211,4.690e-02,4.690e-02,9.994254e-01,3.187e-02,9.820e-10,yes,NOT COMPUTED (YET),3.72006802234,graded,[axisymmetric critical point; stability NOT COMPUTED (YET)]
P1,1T,1,4.0,0.7,4.0,4.45013474099,4.44241865403,0.00771608695692,NOT COMPUTED (YET),NOT COMPUTED (YET),n/a,n/a,-1,2.943e-13,5.664e-14,NOT COMPUTED (YET),n/a,1.838e-14,1.521e-13,0.000e+00,4.452e-10,h=0.02:nit=2058;h=0.01:nit=3844,1.758e-01,1.758e-01,9.999852e-01,7.273e-02,7.657e-10,yes,NOT COMPUTED (YET),4.4152902202,graded,[axisymmetric critical point; stability NOT COMPUTED (YET)]
P1,1T,1,4.0,0.8,0.25,2.10072739338,1.7065486604,0.394178732979,NOT COMPUTED (YET),NOT COMPUTED (YET),n/a,n/a,-1,3.488e-14,2.985e-14,NOT COMPUTED (YET),n/a,1.739e-14,2.938e-14,0.000e+00,7.039e-10,h=0.02:nit=4018;h=0.01:nit=8695,5.803e-03,1.206e-02,6.006037e-01,1.747e-02,8.508e-10,yes,NOT COMPUTED (YET),2.31427489747,graded,[axisymmetric critical point; stability NOT COMPUTED (YET)]
P1,1T,1,4.0,0.8,0.5,2.62765441168,2.50894702323,0.118707388445,NOT COMPUTED (YET),NOT COMPUTED (YET),n/a,n/a,-1,2.848e-14,4.145e-14,NOT COMPUTED (YET),n/a,8.623e-15,6.608e-14,0.000e+00,8.757e-10,h=0.02:nit=1891;h=0.01:nit=5890,1.056e-02,1.056e-02,9.205678e-01,1.948e-02,1.121e-09,yes,NOT COMPUTED (YET),2.68814446421,graded,[axisymmetric critical point; stability NOT COMPUTED (YET)]
P1,1T,1,4.0,0.8,1.0,3.14159265359,3.10826204781,0.0333306057764,NOT COMPUTED (YET),NOT COMPUTED (YET),n/a,n/a,-1,1.825e-14,8.246e-14,NOT COMPUTED (YET),n/a,6.912e-14,1.922e-14,0.000e+00,8.489e-10,h=0.02:nit=301;h=0.01:nit=308,1.731e-13,6.961e-14,9.895757e-01,8.457e-13,1.110e-09,no,NOT COMPUTED (YET),3.14159265359,graded,[axisymmetric critical point; stability NOT COMPUTED (YET)]
P1,1T,1,4.0,0.8,2.0,3.7191491579,3.7068427181,0.0123064397962,NOT COMPUTED (YET),NOT COMPUTED (YET),n/a,n/a,-1,1.452e-13,4.007e-14,NOT COMPUTED (YET),n/a,2.021e-14,4.430e-14,0.000e+00,7.387e-10,h=0.02:nit=2187;h=0.01:nit=4066,4.858e-02,4.858e-02,9.993377e-01,3.187e-02,9.820e-10,yes,NOT COMPUTED (YET),3.68786183487,graded,[axisymmetric critical point; stability NOT COMPUTED (YET)]
P1,1T,1,4.0,0.8,4.0,4.38810199617,4.38019238991,0.00790960625377,NOT COMPUTED (YET),NOT COMPUTED (YET),n/a,n/a,-1,4.301e-13,4.253e-14,NOT COMPUTED (YET),n/a,2.403e-14,2.190e-13,0.000e+00,5.721e-10,h=0.02:nit=2162;h=0.01:nit=4938,1.826e-01,1.826e-01,9.999817e-01,7.273e-02,7.657e-10,yes,NOT COMPUTED (YET),4.33845673817,graded,[axisymmetric critical point; stability NOT COMPUTED (YET)]
P1,1T,1,4.0,0.9,0.25,2.10806664102,1.71581983366,0.392246807363,NOT COMPUTED (YET),NOT COMPUTED (YET),n/a,n/a,-1,3.492e-14,2.716e-14,NOT COMPUTED (YET),n/a,1.824e-14,2.296e-14,0.000e+00,7.792e-10,h=0.02:nit=2975;h=0.01:nit=7195,6.240e-03,1.215e-02,5.842677e-01,1.747e-02,8.508e-10,yes,NOT COMPUTED (YET),2.34845751559,graded,[axisymmetric critical point; stability NOT COMPUTED (YET)]
P1,1T,1,4.0,0.9,0.5,2.63786299301,2.52109740374,0.116765589267,NOT COMPUTED (YET),NOT COMPUTED (YET),n/a,n/a,-1,4.511e-14,4.009e-14,NOT COMPUTED (YET),n/a,8.057e-15,4.950e-14,0.000e+00,9.982e-10,h=0.02:nit=2990;h=0.01:nit=5861,1.067e-02,1.067e-02,9.157706e-01,1.948e-02,1.121e-09,yes,NOT COMPUTED (YET),2.70836153574,graded,[axisymmetric critical point; stability NOT COMPUTED (YET)]
P1,1T,1,4.0,0.9,1.0,3.14159265359,3.10862485676,0.0329677968322,NOT COMPUTED (YET),NOT COMPUTED (YET),n/a,n/a,-1,1.716e-14,7.887e-14,NOT COMPUTED (YET),n/a,6.446e-14,2.728e-14,0.000e+00,9.792e-10,h=0.02:nit=436;h=0.01:nit=363,1.701e-13,7.902e-14,9.885932e-01,8.457e-13,1.110e-09,no,NOT COMPUTED (YET),3.14159265358,graded,[axisymmetric critical point; stability NOT COMPUTED (YET)]
P1,1T,1,4.0,0.9,2.0,3.69725296094,3.68479597191,0.012456989028,NOT COMPUTED (YET),NOT COMPUTED (YET),n/a,n/a,-1,2.067e-13,4.018e-14,NOT COMPUTED (YET),n/a,1.442e-14,1.226e-13,0.000e+00,8.597e-10,h=0.02:nit=2204;h=0.01:nit=4026,5.032e-02,5.032e-02,9.992378e-01,3.187e-02,9.820e-10,yes,NOT COMPUTED (YET),3.65942597139,graded,[axisymmetric critical point; stability NOT COMPUTED (YET)]
P1,1T,1,4.0,0.9,4.0,4.33166670033,4.3234707421,0.00819595823333,NOT COMPUTED (YET),NOT COMPUTED (YET),n/a,n/a,-1,6.398e-13,4.630e-14,NOT COMPUTED (YET),n/a,3.025e-14,3.785e-13,0.000e+00,6.691e-10,h=0.02:nit=2082;h=0.01:nit=5292,1.893e-01,1.893e-01,9.999775e-01,7.273e-02,7.657e-10,yes,NOT COMPUTED (YET),4.27116406301,graded,[axisymmetric critical point; stability NOT COMPUTED (YET)]
P1,1T,1,4.0,1,0.25,2.11499229788,1.72283393684,0.392158361043,NOT COMPUTED (YET),NOT COMPUTED (YET),n/a,n/a,-1,2.540e-14,2.835e-14,NOT COMPUTED (YET),n/a,1.739e-14,1.982e-13,0.000e+00,8.508e-10,h=0.02:nit=3745;h=0.01:nit=7750,6.682e-03,1.224e-02,5.679779e-01,1.747e-02,8.508e-10,yes,NOT COMPUTED (YET),2.37950231971,graded,[axisymmetric critical point; stability NOT COMPUTED (YET)]
P1,1T,1,4.0,1,0.5,2.64760886137,2.53176371083,0.115845150542,NOT COMPUTED (YET),NOT COMPUTED (YET),n/a,n/a,-1,6.636e-14,3.827e-14,NOT COMPUTED (YET),n/a,5.796e-15,4.494e-13,0.000e+00,1.121e-09,h=0.02:nit=2577;h=0.01:nit=4535,1.083e-02,1.083e-02,9.108139e-01,1.948e-02,1.121e-09,yes,NOT COMPUTED (YET),2.72662059189,graded,[axisymmetric critical point; stability NOT COMPUTED (YET)]
P1,1T,1,4.0,1,1.0,3.14159265359,3.10861036706,0.0329822865313,NOT COMPUTED (YET),NOT COMPUTED (YET),n/a,n/a,-1,1.564e-14,7.665e-14,NOT COMPUTED (YET),n/a,6.064e-14,8.424e-13,0.000e+00,1.110e-09,h=0.02:nit=343;h=0.01:nit=389,1.700e-13,8.864e-14,9.875411e-01,8.457e-13,1.110e-09,no,NOT COMPUTED (YET),3.14159265348,graded,[axisymmetric critical point; stability NOT COMPUTED (YET)]
P1,1T,1,4.0,1,2.0,3.67700284727,3.66426749019,0.0127353570821,NOT COMPUTED (YET),NOT COMPUTED (YET),n/a,n/a,-1,2.838e-13,3.737e-14,NOT COMPUTED (YET),n/a,8.906e-15,1.399e-12,0.000e+00,9.820e-10,h=0.02:nit=2216;h=0.01:nit=3471,5.205e-02,5.205e-02,9.991257e-01,3.187e-02,9.820e-10,yes,NOT COMPUTED (YET),3.63407167504,graded,[axisymmetric critical point; stability NOT COMPUTED (YET)]
P1,1T,1,4.0,1,4.0,4.28032915677,4.27178160954,0.00854754723417,NOT COMPUTED (YET),NOT COMPUTED (YET),n/a,n/a,-1,8.962e-13,3.525e-14,NOT COMPUTED (YET),n/a,3.661e-14,2.374e-12,0.000e+00,7.657e-10,h=0.02:nit=2341;h=0.01:nit=4439,1.956e-01,1.956e-01,9.999725e-01,7.273e-02,7.657e-10,yes,NOT COMPUTED (YET),4.21160199238,graded,[axisymmetric critical point; stability NOT COMPUTED (YET)]
P1,1T,1,99.0,0.5,0.25,2.18904208915,2.18904186041,2.28746058332e-07,15.5017839138,15.5982969744,n/a,n/a,-1,2.037e-14,7.017e-14,5.2730844923e-07,n/a,1.739e-14,5.214e-14,5.545e-08,1.612e-11,h=0.02:nit=974;h=0.01:nit=2110,1.601e-02,1.601e-02,9.999998e-01,7.705e-02,1.395e-09,yes,yes,2.18539615072,graded,[axisymmetric critical point; stability NOT COMPUTED (YET)]
P1,1T,1,99.0,0.5,0.5,2.61246395857,2.61246395833,2.36367909436e-10,11.3607371754,11.7595532148,n/a,n/a,-1,1.805e-14,6.966e-14,8.11856557234e-07,n/a,2.827e-15,3.944e-14,5.484e-08,1.660e-11,h=0.02:nit=983;h=0.01:nit=1882,1.392e-02,1.392e-02,1.000000e+00,4.081e-02,1.312e-09,yes,yes,2.61088514431,graded,[axisymmetric critical point; stability NOT COMPUTED (YET)]
P1,1T,1,99.0,0.5,1.0,3.14159265359,3.14159265359,2.48653307812e-14,8.40156484929,8.65198709002,n/a,n/a,-1,1.774e-14,1.028e-13,1.16200726665e-18,n/a,1.055e-13,2.728e-14,2.202e-08,1.564e-11,h=0.02:nit=262;h=0.01:nit=107,2.238e-13,7.067e-14,1.000000e+00,9.923e-13,1.151e-09,no,yes,3.14159265359,graded,[axisymmetric critical point; stability NOT COMPUTED (YET)]
P1,1T,1,99.0,0.5,2.0,3.79883456124,3.79883456124,6.85049248538e-15,8.12119005551,8.35410120665,n/a,n/a,-1,4.202e-14,5.408e-14,-8.66517045763e-07,n/a,1.630e-13,1.882e-14,5.304e-08,1.274e-11,h=0.02:nit=1018;h=0.01:nit=1993,4.417e-02,4.417e-02,1.000000e+00,4.478e-02,9.263e-10,yes,yes,3.80000073681,graded,[axisymmetric critical point; stability NOT COMPUTED (YET)]
P1,1T,1,99.0,0.5,4.0,4.60673499562,4.60673499562,4.44095000293e-15,7.91724892342,8.13748476603,n/a,n/a,-1,9.351e-14,4.530e-14,-8.49602568111e-07,n/a,2.272e-13,4.916e-14,1.579e-08,9.270e-12,h=0.02:nit=1143;h=0.01:nit=2196,1.608e-01,1.608e-01,1.000000e+00,9.300e-02,6.662e-10,yes,yes,4.60874826492,graded,[axisymmetric critical point; stability NOT COMPUTED (YET)]
P1,1T,1,99.0,0.6,0.25,2.2334108399,2.23341053502,3.04873198237e-07,15.161645682,13.7890975113,n/a,n/a,-1,1.052e-14,7.289e-14,4.74762790812e-07,n/a,1.951e-14,3.937e-14,3.796e-08,6.364e-10,h=0.02:nit=1006;h=0.01:nit=1979,1.749e-02,1.749e-02,9.999997e-01,7.705e-02,1.395e-09,yes,yes,2.23377153906,graded,[axisymmetric critical point; stability NOT COMPUTED (YET)]
P1,1T,1,99.0,0.6,0.5,2.63997914475,2.63997914438,3.70871332234e-10,11.0413234686,10.7296602746,n/a,n/a,-1,1.485e-14,7.441e-14,8.86203317786e-07,n/a,6.927e-15,2.691e-14,1.948e-08,5.928e-10,h=0.02:nit=911;h=0.01:nit=1880,1.519e-02,1.519e-02,1.000000e+00,4.081e-02,1.312e-09,yes,yes,2.64007389193,graded,[axisymmetric critical point; stability NOT COMPUTED (YET)]
P1,1T,1,99.0,0.6,1.0,3.14159265359,3.14159265359,5.01201701675e-14,8.1209955855,8.05023188655,n/a,n/a,-1,1.746e-14,9.509e-14,4.13625513113e-18,n/a,9.612e-14,2.163e-14,6.828e-09,5.221e-10,h=0.02:nit=266;h=0.01:nit=311,2.157e-13,6.661e-14,1.000000e+00,9.923e-13,1.151e-09,no,yes,3.14159265359,graded,[axisymmetric critical point; stability NOT COMPUTED (YET)]
P1,1T,1,99.0,0.6,2.0,3.75702381816,3.75702381816,1.47943929767e-14,7.87257098583,7.81175854583,n/a,n/a,-1,6.631e-14,5.300e-14,-1.04614104869e-06,n/a,9.881e-14,1.040e-14,1.541e-08,4.287e-10,h=0.02:nit=998;h=0.01:nit=1954,4.784e-02,4.784e-02,1.000000e+00,4.478e-02,9.263e-10,yes,yes,3.75699268927,graded,[axisymmetric critical point; stability NOT COMPUTED (YET)]
P1,1T,1,99.0,0.6,4.0,4.50421352942,4.50421352942,1.01382427614e-14,7.69433739751,7.6399604904,n/a,n/a,-1,1.686e-13,4.507e-14,-1.033904791e-06,n/a,1.626e-13,1.083e-13,1.508e-08,3.221e-10,h=0.02:nit=1051;h=0.01:nit=2078,1.731e-01,1.731e-01,1.000000e+00,9.300e-02,6.662e-10,yes,yes,4.50417447836,graded,[axisymmetric critical point; stability NOT COMPUTED (YET)]
P1,1T,1,99.0,0.7,0.25,2.27324106741,2.27324065796,4.09448598967e-07,14.8865938755,12.4636612642,n/a,n/a,-1,1.720e-14,1.014e-13,4.0328861212e-07,n/a,1.244e-14,4.200e-14,1.569e-08,8.567e-10,h=0.02:nit=996;h=0.01:nit=1973,1.894e-02,1.894e-02,9.999996e-01,7.705e-02,1.395e-09,yes,yes,2.27632918382,graded,[axisymmetric critical point; stability NOT COMPUTED (YET)]
P1,1T,1,99.0,0.7,0.5,2.66436298041,2.66436297982,5.83981504483e-10,10.7823890001,9.97819224187,n/a,n/a,-1,9.606e-15,8.336e-14,9.53077642168e-07,n/a,2.248e-14,2.950e-14,4.560e-08,8.046e-10,h=0.02:nit=925;h=0.01:nit=1942,1.641e-02,1.641e-02,1.000000e+00,4.081e-02,1.312e-09,yes,yes,2.66556540762,graded,[axisymmetric critical point; stability NOT COMPUTED (YET)]
P1,1T,1,99.0,0.7,1.0,3.14159265359,3.14159265359,1.00319741839e-13,7.89485774727,7.60782231014,n/a,n/a,-1,1.728e-14,8.525e-14,1.10096283395e-17,n/a,9.287e-14,1.753e-14,1.779e-08,7.104e-10,h=0.02:nit=315;h=0.01:nit=350,2.095e-13,6.939e-14,1.000000e+00,9.923e-13,1.151e-09,no,yes,3.14159265359,graded,[axisymmetric critical point; stability NOT COMPUTED (YET)]
P1,1T,1,99.0,0.7,2.0,3.72085700062,3.72085700062,3.12446897843e-14,7.67137479516,7.40984851401,n/a,n/a,-1,1.038e-13,5.303e-14,-1.23686097643e-06,n/a,8.241e-14,3.772e-14,3.113e-10,5.804e-10,h=0.02:nit=991;h=0.01:nit=1924,5.118e-02,5.118e-02,1.000000e+00,4.478e-02,9.263e-10,yes,yes,3.72006802234,graded,[axisymmetric critical point; stability NOT COMPUTED (YET)]
P1,1T,1,99.0,0.7,4.0,4.41660490644,4.41660490644,2.23404811816e-14,7.51288010114,7.26842004249,n/a,n/a,-1,2.851e-13,4.612e-14,-1.2295706228e-06,n/a,1.030e-13,1.735e-13,9.037e-09,4.302e-10,h=0.02:nit=1083;h=0.01:nit=2024,1.841e-01,1.841e-01,1.000000e+00,9.300e-02,6.662e-10,yes,yes,4.4152902202,graded,[axisymmetric critical point; stability NOT COMPUTED (YET)]
P1,1T,1,99.0,0.8,0.25,2.30921655077,2.30921600278,5.47990794448e-07,14.6580855722,11.4341708668,n/a,n/a,-1,8.131e-14,5.596e-14,3.12931517908e-07,n/a,1.258e-14,4.846e-14,7.825e-09,4.047e-11,h=0.02:nit=1023;h=0.01:nit=1900,2.035e-02,2.035e-02,9.999994e-01,7.705e-02,1.395e-09,yes,yes,2.31427489747,graded,[axisymmetric critical point; stability NOT COMPUTED (YET)]
P1,1T,1,99.0,0.8,0.5,2.68616239756,2.68616239665,9.10149367411e-10,10.5662058161,9.39622566036,n/a,n/a,-1,5.384e-14,6.336e-14,1.00978166953e-06,n/a,4.580e-14,3.885e-14,5.035e-09,4.155e-11,h=0.02:nit=892;h=0.01:nit=1866,1.756e-02,1.756e-02,1.000000e+00,4.081e-02,1.312e-09,yes,yes,2.68814446421,graded,[axisymmetric critical point; stability NOT COMPUTED (YET)]
P1,1T,1,99.0,0.8,1.0,3.14159265359,3.14159265359,1.96222806405e-13,7.70679649066,7.26315812501,n/a,n/a,-1,1.734e-14,7.614e-14,-1.85811606822e-18,n/a,9.287e-14,1.484e-14,3.067e-08,3.846e-11,h=0.02:nit=314;h=0.01:nit=367,2.088e-13,8.445e-14,1.000000e+00,9.923e-13,1.151e-09,no,yes,3.14159265359,graded,[axisymmetric critical point; stability NOT COMPUTED (YET)]
P1,1T,1,99.0,0.8,2.0,3.68916207725,3.68916207725,6.38025672966e-14,7.5033750515,7.09457595458,n/a,n/a,-1,1.620e-13,5.322e-14,-1.43599635365e-06,n/a,7.478e-14,6.717e-14,5.289e-09,3.135e-11,h=0.02:nit=961;h=0.01:nit=1921,5.422e-02,5.422e-02,1.000000e+00,4.478e-02,9.263e-10,yes,yes,3.68786183487,graded,[axisymmetric critical point; stability NOT COMPUTED (YET)]
P1,1T,1,99.0,0.8,4.0,4.34061708969,4.34061708969,4.71801731446e-14,7.36054298751,6.97505890649,n/a,n/a,-1,4.607e-13,4.761e-14,-1.43397863812e-06,n/a,9.810e-14,2.486e-13,4.262e-08,2.224e-11,h=0.02:nit=1084;h=0.01:nit=2041,1.939e-01,1.939e-01,1.000000e+00,9.300e-02,6.662e-10,yes,yes,4.33845673817,graded,[axisymmetric critical point; stability NOT COMPUTED (YET)]
P1,1T,1,99.0,0.9,0.25,2.34190908886,2.34190836192,7.26939781814e-07,14.4643872795,10.5995651361,n/a,n/a,-1,1.321e-13,6.782e-14,2.04380765052e-07,n/a,2.262e-15,5.347e-14,2.148e-09,1.112e-09,h=0.02:nit=990;h=0.01:nit=1896,2.172e-02,2.172e-02,9.999992e-01,7.705e-02,1.395e-09,yes,yes,2.34845751559,graded,[axisymmetric critical point; stability NOT COMPUTED (YET)]
P1,1T,1,99.0,0.9,0.5,2.70580417367,2.70580417228,1.39513145442e-09,10.3816589788,8.92554802797,n/a,n/a,-1,7.993e-14,5.634e-14,1.05428048445e-06,n/a,8.199e-15,2.741e-14,2.301e-08,1.037e-09,h=0.02:nit=895;h=0.01:nit=1781,1.866e-02,1.866e-02,1.000000e+00,4.081e-02,1.312e-09,yes,yes,2.70836153574,graded,[axisymmetric critical point; stability NOT COMPUTED (YET)]
P1,1T,1,99.0,0.9,1.0,3.14159265359,3.14159265359,3.72558751064e-13,7.54667008577,6.98321142404,n/a,n/a,-1,1.787e-14,6.727e-14,-3.58250839168e-18,n/a,6.375e-14,3.817e-14,3.584e-08,9.080e-10,h=0.02:nit=321;h=0.01:nit=384,2.110e-13,9.877e-14,1.000000e+00,9.923e-13,1.151e-09,no,yes,3.14159265358,graded,[axisymmetric critical point; stability NOT COMPUTED (YET)]
P1,1T,1,99.0,0.9,2.0,3.66108823387,3.66108823387,1.25502963933e-13,7.35976868564,6.83695700608,n/a,n/a,-1,2.398e-13,5.474e-14,-1.64126823596e-06,n/a,7.167e-14,1.559e-13,1.965e-08,7.343e-10,h=0.02:nit=960;h=0.01:nit=1820,5.701e-02,5.701e-02,1.000000e+00,4.478e-02,9.263e-10,yes,yes,3.65942597139,graded,[axisymmetric critical point; stability NOT COMPUTED (YET)]
P1,1T,1,99.0,0.9,4.0,4.27391300686,4.27391300686,9.53767218342e-14,7.22968596963,6.73398843657,n/a,n/a,-1,7.028e-13,5.008e-14,-1.64486717217e-06,n/a,9.966e-14,4.214e-13,2.395e-08,5.356e-10,h=0.02:nit=1042;h=0.01:nit=1975,2.027e-01,2.027e-01,1.000000e+00,9.300e-02,6.662e-10,yes,yes,4.27116406301,graded,[axisymmetric critical point; stability NOT COMPUTED (YET)]
P1,1T,1,99.0,1,0.25,2.371785211,2.37178425758,9.53425861436e-07,14.2976443714,9.90071475946,n/a,n/a,-1,1.976e-13,4.834e-14,7.87527885343e-08,n/a,3.958e-15,4.260e-13,2.264e-08,1.395e-09,h=0.02:nit=947;h=0.01:nit=1880,2.304e-02,2.304e-02,9.999989e-01,7.705e-02,1.395e-09,yes,yes,2.37950231971,graded,[axisymmetric critical point; stability NOT COMPUTED (YET)]
P1,1T,1,99.0,1,0.5,2.72362254471,2.72362254261,2.0977995213e-09,10.2213661301,8.53224306015,n/a,n/a,-1,1.314e-13,5.663e-14,1.08498942066e-06,n/a,1.117e-14,6.436e-13,2.590e-08,1.312e-09,h=0.02:nit=906;h=0.01:nit=1839,1.970e-02,1.970e-02,1.000000e+00,4.081e-02,1.312e-09,yes,yes,2.72662059189,graded,[axisymmetric critical point; stability NOT COMPUTED (YET)]
P1,1T,1,99.0,1,1.0,3.14159265359,3.14159265359,6.85114023336e-13,7.40780288804,6.74863923851,n/a,n/a,-1,1.864e-14,6.029e-14,1.36239199158e-18,n/a,4.552e-14,9.963e-13,1.858e-08,1.151e-09,h=0.02:nit=314;h=0.01:nit=381,2.155e-13,1.127e-13,1.000000e+00,9.923e-13,1.151e-09,no,yes,3.14159265348,graded,[axisymmetric critical point; stability NOT COMPUTED (YET)]
P1,1T,1,99.0,1,2.0,3.63600023022,3.63600023022,2.37741061547e-13,7.23476464134,6.61994306912,n/a,n/a,-1,3.503e-13,5.684e-14,-1.85067870894e-06,n/a,4.990e-14,1.566e-12,9.534e-09,9.263e-10,h=0.02:nit=917;h=0.01:nit=1853,5.958e-02,5.958e-02,1.000000e+00,4.478e-02,9.263e-10,yes,yes,3.63407167504,graded,[axisymmetric critical point; stability NOT COMPUTED (YET)]
P1,1T,1,99.0,1,4.0,4.21477652552,4.21477652552,1.84814983077e-13,7.1152728826,6.52991246482,n/a,n/a,-1,1.034e-12,5.256e-14,-1.86023390573e-06,n/a,1.032e-13,2.549e-12,2.974e-08,6.662e-10,h=0.02:nit=989;h=0.01:nit=1931,2.107e-01,2.107e-01,1.000000e+00,9.300e-02,6.662e-10,yes,yes,4.21160199238,graded,[axisymmetric critical point; stability NOT COMPUTED (YET)]
P1,1T,2,1.0,0.5,0.25,NOT COMPUTED (YET),NOT COMPUTED (YET),NOT COMPUTED (YET),NOT COMPUTED (YET),NOT COMPUTED (YET),NOT COMPUTED (YET),NOT COMPUTED (YET),NOT COMPUTED (YET),NOT COMPUTED (YET),NOT COMPUTED (YET),NOT COMPUTED (YET),NOT COMPUTED (YET),NOT COMPUTED (YET),NOT COMPUTED (YET),NOT COMPUTED (YET),NOT COMPUTED (YET),NOT COMPUTED (YET),NOT COMPUTED (YET),NOT COMPUTED (YET),NOT COMPUTED (YET),NOT COMPUTED (YET),NOT COMPUTED (YET),NOT COMPUTED (YET),NOT COMPUTED (YET),NOT COMPUTED (YET),FAILED,"FAILED: failed upstream (row P1 1T n=2 eps=1 alpha=0.5 stage NC kappa=0.5): not converged (cap hit) at NC kappa=0.5 alpha=0.5 [node cap MAX_NODES = 100000 reached; status 1, max|phi|^2 = 4.083e-05, iterations 5, nodes 64332]"
P1,1T,2,1.0,0.5,0.5,NOT COMPUTED (YET),NOT COMPUTED (YET),NOT COMPUTED (YET),NOT COMPUTED (YET),NOT COMPUTED (YET),NOT COMPUTED (YET),NOT COMPUTED (YET),NOT COMPUTED (YET),NOT COMPUTED (YET),NOT COMPUTED (YET),NOT COMPUTED (YET),NOT COMPUTED (YET),NOT COMPUTED (YET),NOT COMPUTED (YET),NOT COMPUTED (YET),NOT COMPUTED (YET),NOT COMPUTED (YET),NOT COMPUTED (YET),NOT COMPUTED (YET),NOT COMPUTED (YET),NOT COMPUTED (YET),NOT COMPUTED (YET),NOT COMPUTED (YET),NOT COMPUTED (YET),NOT COMPUTED (YET),FAILED,"FAILED: failed directly: not converged (cap hit) at NC kappa=0.5 alpha=0.5 [node cap MAX_NODES = 100000 reached; status 1, max|phi|^2 = 4.083e-05, iterations 5, nodes 64332]"
P1,1T,2,1.0,0.5,1.0,6.28318530718,5.24667522153,1.03651008565,NOT COMPUTED (YET),NOT COMPUTED (YET),n/a,n/a,-1,6.019e-15,6.946e-14,NOT COMPUTED (YET),n/a,6.601e-14,3.859e-14,0.000e+00,7.431e-10,h=0.02:nit=491;h=0.01:nit=174,4.875e-14,1.640e-14,9.128136e-01,1.922e-14,1.817e-09,no,NOT COMPUTED (YET),6.28318530718,graded,[axisymmetric critical point; stability NOT COMPUTED (YET)]
P1,1T,2,1.0,0.5,2.0,7.93736234969,7.53701453015,0.400347819544,NOT COMPUTED (YET),NOT COMPUTED (YET),n/a,n/a,-1,1.574e-14,6.229e-14,NOT COMPUTED (YET),n/a,7.209e-14,3.144e-14,0.000e+00,7.208e-10,h=0.02:nit=2823;h=0.01:nit=4281,2.409e-02,3.778e-02,9.924204e-01,1.720e-02,1.940e-09,yes,NOT COMPUTED (YET),7.90341457059,report-only (n_tip > 1 at kappa > 1),[axisymmetric critical point; stability NOT COMPUTED (YET)]
P1,1T,2,1.0,0.5,4.0,9.97630743305,9.80366039025,0.172647042799,NOT COMPUTED (YET),NOT COMPUTED (YET),n/a,n/a,-1,2.964e-14,5.083e-14,NOT COMPUTED (YET),n/a,7.520e-14,2.439e-14,0.000e+00,6.005e-10,h=0.02:nit=2772;h=0.01:nit=5027,1.095e-01,1.289e-01,9.996733e-01,4.562e-02,1.720e-09,yes,NOT COMPUTED (YET),9.97229266622,report-only (n_tip > 1 at kappa > 1),[axisymmetric critical point; stability NOT COMPUTED (YET)]
P1,1T,2,1.0,0.6,0.25,NOT COMPUTED (YET),NOT COMPUTED (YET),NOT COMPUTED (YET),NOT COMPUTED (YET),NOT COMPUTED (YET),NOT COMPUTED (YET),NOT COMPUTED (YET),NOT COMPUTED (YET),NOT COMPUTED (YET),NOT COMPUTED (YET),NOT COMPUTED (YET),NOT COMPUTED (YET),NOT COMPUTED (YET),NOT COMPUTED (YET),NOT COMPUTED (YET),NOT COMPUTED (YET),NOT COMPUTED (YET),NOT COMPUTED (YET),NOT COMPUTED (YET),NOT COMPUTED (YET),NOT COMPUTED (YET),NOT COMPUTED (YET),NOT COMPUTED (YET),NOT COMPUTED (YET),NOT COMPUTED (YET),FAILED,"FAILED: failed upstream (row P1 1T n=2 eps=1 alpha=0.6 stage NC kappa=0.5): not converged (cap hit) at NC kappa=0.5 alpha=0.6 [node cap MAX_NODES = 100000 reached; status 1, max|phi|^2 = 3.561e-05, iterations 5, nodes 72852]"
P1,1T,2,1.0,0.6,0.5,NOT COMPUTED (YET),NOT COMPUTED (YET),NOT COMPUTED (YET),NOT COMPUTED (YET),NOT COMPUTED (YET),NOT COMPUTED (YET),NOT COMPUTED (YET),NOT COMPUTED (YET),NOT COMPUTED (YET),NOT COMPUTED (YET),NOT COMPUTED (YET),NOT COMPUTED (YET),NOT COMPUTED (YET),NOT COMPUTED (YET),NOT COMPUTED (YET),NOT COMPUTED (YET),NOT COMPUTED (YET),NOT COMPUTED (YET),NOT COMPUTED (YET),NOT COMPUTED (YET),NOT COMPUTED (YET),NOT COMPUTED (YET),NOT COMPUTED (YET),NOT COMPUTED (YET),NOT COMPUTED (YET),FAILED,"FAILED: failed directly: not converged (cap hit) at NC kappa=0.5 alpha=0.6 [node cap MAX_NODES = 100000 reached; status 1, max|phi|^2 = 3.561e-05, iterations 5, nodes 72852]"
P1,1T,2,1.0,0.6,1.0,6.28318530718,5.35992896129,0.923256345885,NOT COMPUTED (YET),NOT COMPUTED (YET),n/a,n/a,-1,3.156e-15,6.486e-14,NOT COMPUTED (YET),n/a,5.824e-14,4.099e-14,0.000e+00,6.213e-11,h=0.02:nit=363;h=0.01:nit=174,3.957e-14,1.328e-14,9.103617e-01,1.922e-14,1.817e-09,no,NOT COMPUTED (YET),6.28318530718,graded,[axisymmetric critical point; stability NOT COMPUTED (YET)]
P1,1T,2,1.0,0.6,2.0,7.91274816691,7.56594304036,0.346805126555,NOT COMPUTED (YET),NOT COMPUTED (YET),n/a,n/a,-1,1.860e-14,5.951e-14,NOT COMPUTED (YET),n/a,6.305e-14,2.728e-14,0.000e+00,6.037e-11,h=0.02:nit=2868;h=0.01:nit=5215,2.365e-02,3.793e-02,9.920294e-01,1.720e-02,1.940e-09,yes,NOT COMPUTED (YET),7.82806339949,report-only (n_tip > 1 at kappa > 1),[axisymmetric critical point; stability NOT COMPUTED (YET)]
P1,1T,2,1.0,0.6,4.0,9.88980256557,9.73643621877,0.153366346804,NOT COMPUTED (YET),NOT COMPUTED (YET),n/a,n/a,-1,4.285e-14,5.002e-14,NOT COMPUTED (YET),n/a,6.418e-14,1.958e-14,0.000e+00,4.796e-11,h=0.02:nit=2655;h=0.01:nit=4063,1.099e-01,1.284e-01,9.996419e-01,4.562e-02,1.720e-09,yes,NOT COMPUTED (YET),9.78245917829,report-only (n_tip > 1 at kappa > 1),[axisymmetric critical point; stability NOT COMPUTED (YET)]
P1,1T,2,1.0,0.7,0.25,NOT COMPUTED (YET),NOT COMPUTED (YET),NOT COMPUTED (YET),NOT COMPUTED (YET),NOT COMPUTED (YET),NOT COMPUTED (YET),NOT COMPUTED (YET),NOT COMPUTED (YET),NOT COMPUTED (YET),NOT COMPUTED (YET),NOT COMPUTED (YET),NOT COMPUTED (YET),NOT COMPUTED (YET),NOT COMPUTED (YET),NOT COMPUTED (YET),NOT COMPUTED (YET),NOT COMPUTED (YET),NOT COMPUTED (YET),NOT COMPUTED (YET),NOT COMPUTED (YET),NOT COMPUTED (YET),NOT COMPUTED (YET),NOT COMPUTED (YET),NOT COMPUTED (YET),NOT COMPUTED (YET),FAILED,"FAILED: failed upstream (row P1 1T n=2 eps=1 alpha=0.7 stage NC kappa=0.5): not converged (cap hit) at NC kappa=0.5 alpha=0.7 [node cap MAX_NODES = 100000 reached; status 1, max|phi|^2 = 1.804e-05, iterations 5, nodes 77016]"
P1,1T,2,1.0,0.7,0.5,NOT COMPUTED (YET),NOT COMPUTED (YET),NOT COMPUTED (YET),NOT COMPUTED (YET),NOT COMPUTED (YET),NOT COMPUTED (YET),NOT COMPUTED (YET),NOT COMPUTED (YET),NOT COMPUTED (YET),NOT COMPUTED (YET),NOT COMPUTED (YET),NOT COMPUTED (YET),NOT COMPUTED (YET),NOT COMPUTED (YET),NOT COMPUTED (YET),NOT COMPUTED (YET),NOT COMPUTED (YET),NOT COMPUTED (YET),NOT COMPUTED (YET),NOT COMPUTED (YET),NOT COMPUTED (YET),NOT COMPUTED (YET),NOT COMPUTED (YET),NOT COMPUTED (YET),NOT COMPUTED (YET),FAILED,"FAILED: failed directly: not converged (cap hit) at NC kappa=0.5 alpha=0.7 [node cap MAX_NODES = 100000 reached; status 1, max|phi|^2 = 1.804e-05, iterations 5, nodes 77016]"
P1,1T,2,1.0,0.7,1.0,6.28318530718,5.44427115517,0.838914152014,NOT COMPUTED (YET),NOT COMPUTED (YET),n/a,n/a,-1,2.997e-16,6.108e-14,NOT COMPUTED (YET),n/a,5.145e-14,3.817e-14,0.000e+00,7.186e-11,h=0.02:nit=518;h=0.01:nit=170,3.315e-14,1.096e-14,9.073546e-01,1.922e-14,1.817e-09,no,NOT COMPUTED (YET),6.28318530718,graded,[axisymmetric critical point; stability NOT COMPUTED (YET)]
P1,1T,2,1.0,0.7,2.0,7.88601097249,7.57550746326,0.310503509229,NOT COMPUTED (YET),NOT COMPUTED (YET),n/a,n/a,-1,2.142e-14,5.524e-14,NOT COMPUTED (YET),n/a,5.612e-14,2.196e-14,0.000e+00,7.214e-11,h=0.02:nit=2861;h=0.01:nit=5058,2.342e-02,3.795e-02,9.915390e-01,1.720e-02,1.940e-09,yes,NOT COMPUTED (YET),7.76167828904,report-only (n_tip > 1 at kappa > 1),[axisymmetric critical point; stability NOT COMPUTED (YET)]
P1,1T,2,1.0,0.7,4.0,9.80031328581,9.65894491549,0.141368370326,NOT COMPUTED (YET),NOT COMPUTED (YET),n/a,n/a,-1,6.075e-14,4.498e-14,NOT COMPUTED (YET),n/a,5.202e-14,2.084e-14,0.000e+00,5.973e-11,h=0.02:nit=2228;h=0.01:nit=4458,1.113e-01,1.273e-01,9.996020e-01,4.562e-02,1.720e-09,yes,NOT COMPUTED (YET),9.61649123483,report-only (n_tip > 1 at kappa > 1),[axisymmetric critical point; stability NOT COMPUTED (YET)]
P1,1T,2,1.0,0.8,0.25,NOT COMPUTED (YET),NOT COMPUTED (YET),NOT COMPUTED (YET),NOT COMPUTED (YET),NOT COMPUTED (YET),NOT COMPUTED (YET),NOT COMPUTED (YET),NOT COMPUTED (YET),NOT COMPUTED (YET),NOT COMPUTED (YET),NOT COMPUTED (YET),NOT COMPUTED (YET),NOT COMPUTED (YET),NOT COMPUTED (YET),NOT COMPUTED (YET),NOT COMPUTED (YET),NOT COMPUTED (YET),NOT COMPUTED (YET),NOT COMPUTED (YET),NOT COMPUTED (YET),NOT COMPUTED (YET),NOT COMPUTED (YET),NOT COMPUTED (YET),NOT COMPUTED (YET),NOT COMPUTED (YET),FAILED,"FAILED: failed upstream (row P1 1T n=2 eps=1 alpha=0.8 stage NC kappa=0.5): not converged (cap hit) at NC kappa=0.5 alpha=0.8 [node cap MAX_NODES = 100000 reached; status 1, max|phi|^2 = 1.477e-05, iterations 5, nodes 80859]"
P1,1T,2,1.0,0.8,0.5,NOT COMPUTED (YET),NOT COMPUTED (YET),NOT COMPUTED (YET),NOT COMPUTED (YET),NOT COMPUTED (YET),NOT COMPUTED (YET),NOT COMPUTED (YET),NOT COMPUTED (YET),NOT COMPUTED (YET),NOT COMPUTED (YET),NOT COMPUTED (YET),NOT COMPUTED (YET),NOT COMPUTED (YET),NOT COMPUTED (YET),NOT COMPUTED (YET),NOT COMPUTED (YET),NOT COMPUTED (YET),NOT COMPUTED (YET),NOT COMPUTED (YET),NOT COMPUTED (YET),NOT COMPUTED (YET),NOT COMPUTED (YET),NOT COMPUTED (YET),NOT COMPUTED (YET),NOT COMPUTED (YET),FAILED,"FAILED: failed directly: not converged (cap hit) at NC kappa=0.5 alpha=0.8 [node cap MAX_NODES = 100000 reached; status 1, max|phi|^2 = 1.477e-05, iterations 5, nodes 80859]"
P1,1T,2,1.0,0.8,1.0,6.28318530718,5.50792711427,0.775258192914,NOT COMPUTED (YET),NOT COMPUTED (YET),n/a,n/a,-1,5.873e-16,5.842e-14,NOT COMPUTED (YET),n/a,4.622e-14,3.294e-14,0.000e+00,8.400e-11,h=0.02:nit=591;h=0.01:nit=181,3.042e-14,1.041e-14,9.038966e-01,1.922e-14,1.817e-09,no,NOT COMPUTED (YET),6.28318530718,graded,[axisymmetric critical point; stability NOT COMPUTED (YET)]
P1,1T,2,1.0,0.8,2.0,7.85835033931,7.57299214088,0.285358198433,NOT COMPUTED (YET),NOT COMPUTED (YET),n/a,n/a,-1,2.905e-14,5.588e-14,NOT COMPUTED (YET),n/a,4.990e-14,1.277e-14,0.000e+00,8.736e-11,h=0.02:nit=2689;h=0.01:nit=6106,2.339e-02,3.786e-02,9.909620e-01,1.720e-02,1.940e-09,yes,NOT COMPUTED (YET),7.70236258306,report-only (n_tip > 1 at kappa > 1),[axisymmetric critical point; stability NOT COMPUTED (YET)]
P1,1T,2,1.0,0.8,4.0,9.71121930206,9.57734420237,0.133875099683,NOT COMPUTED (YET),NOT COMPUTED (YET),n/a,n/a,-1,9.453e-14,4.830e-14,NOT COMPUTED (YET),n/a,4.495e-14,4.299e-14,0.000e+00,7.402e-11,h=0.02:nit=2292;h=0.01:nit=4360,1.135e-01,1.258e-01,9.995542e-01,4.562e-02,1.720e-09,yes,NOT COMPUTED (YET),9.46923716485,report-only (n_tip > 1 at kappa > 1),[axisymmetric critical point; stability NOT COMPUTED (YET)]
P1,1T,2,1.0,0.9,0.25,NOT COMPUTED (YET),NOT COMPUTED (YET),NOT COMPUTED (YET),NOT COMPUTED (YET),NOT COMPUTED (YET),NOT COMPUTED (YET),NOT COMPUTED (YET),NOT COMPUTED (YET),NOT COMPUTED (YET),NOT COMPUTED (YET),NOT COMPUTED (YET),NOT COMPUTED (YET),NOT COMPUTED (YET),NOT COMPUTED (YET),NOT COMPUTED (YET),NOT COMPUTED (YET),NOT COMPUTED (YET),NOT COMPUTED (YET),NOT COMPUTED (YET),NOT COMPUTED (YET),NOT COMPUTED (YET),NOT COMPUTED (YET),NOT COMPUTED (YET),NOT COMPUTED (YET),NOT COMPUTED (YET),FAILED,"FAILED: failed upstream (row P1 1T n=2 eps=1 alpha=0.9 stage NC kappa=0.5): not converged (cap hit) at NC kappa=0.5 alpha=0.9 [node cap MAX_NODES = 100000 reached; status 1, max|phi|^2 = 6.896e-06, iterations 5, nodes 82213]"
P1,1T,2,1.0,0.9,0.5,NOT COMPUTED (YET),NOT COMPUTED (YET),NOT COMPUTED (YET),NOT COMPUTED (YET),NOT COMPUTED (YET),NOT COMPUTED (YET),NOT COMPUTED (YET),NOT COMPUTED (YET),NOT COMPUTED (YET),NOT COMPUTED (YET),NOT COMPUTED (YET),NOT COMPUTED (YET),NOT COMPUTED (YET),NOT COMPUTED (YET),NOT COMPUTED (YET),NOT COMPUTED (YET),NOT COMPUTED (YET),NOT COMPUTED (YET),NOT COMPUTED (YET),NOT COMPUTED (YET),NOT COMPUTED (YET),NOT COMPUTED (YET),NOT COMPUTED (YET),NOT COMPUTED (YET),NOT COMPUTED (YET),FAILED,"FAILED: failed directly: not converged (cap hit) at NC kappa=0.5 alpha=0.9 [node cap MAX_NODES = 100000 reached; status 1, max|phi|^2 = 6.896e-06, iterations 5, nodes 82213]"
P1,1T,2,1.0,0.9,1.0,6.28318530718,5.55656322934,0.726622077839,NOT COMPUTED (YET),NOT COMPUTED (YET),n/a,n/a,-1,8.337e-16,5.724e-14,NOT COMPUTED (YET),n/a,4.198e-14,2.799e-14,0.000e+00,1.404e-09,h=0.02:nit=563;h=0.01:nit=241,2.860e-14,1.001e-14,9.000749e-01,1.922e-14,1.817e-09,no,NOT COMPUTED (YET),6.28318530718,graded,[axisymmetric critical point; stability NOT COMPUTED (YET)]
P1,1T,2,1.0,0.9,2.0,7.83056804457,7.56289324213,0.267674802433,NOT COMPUTED (YET),NOT COMPUTED (YET),n/a,n/a,-1,3.600e-14,5.504e-14,NOT COMPUTED (YET),n/a,4.156e-14,9.301e-15,0.000e+00,1.476e-09,h=0.02:nit=2074;h=0.01:nit=4218,2.354e-02,3.767e-02,9.903087e-01,1.720e-02,1.940e-09,yes,NOT COMPUTED (YET),7.6487927891,report-only (n_tip > 1 at kappa > 1),[axisymmetric critical point; stability NOT COMPUTED (YET)]
P1,1T,2,1.0,0.9,4.0,9.62444786517,9.49514784141,0.129300023757,NOT COMPUTED (YET),NOT COMPUTED (YET),n/a,n/a,-1,1.330e-13,4.689e-14,NOT COMPUTED (YET),n/a,3.986e-14,6.700e-14,0.000e+00,1.305e-09,h=0.02:nit=2690;h=0.01:nit=4071,1.162e-01,1.239e-01,9.994988e-01,4.562e-02,1.720e-09,yes,NOT COMPUTED (YET),9.33711051047,report-only (n_tip > 1 at kappa > 1),[axisymmetric critical point; stability NOT COMPUTED (YET)]
P1,1T,2,1.0,1,0.25,NOT COMPUTED (YET),NOT COMPUTED (YET),NOT COMPUTED (YET),NOT COMPUTED (YET),NOT COMPUTED (YET),NOT COMPUTED (YET),NOT COMPUTED (YET),NOT COMPUTED (YET),n/a (normal state),n/a (normal state),NOT COMPUTED (YET),NOT COMPUTED (YET),n/a (normal state),n/a (normal state),n/a (normal state),n/a (normal state),n/a (normal state),0.000e+00,0.000e+00,0.000000e+00,n/a (normal state),n/a (normal state),n/a (normal state),n/a (normal state),n/a,n/a (normal state),"[normal state: exact solution, linearly stable for B > κ/2, marginal at B = κ/2; whether a vortex branch coexists (κ < 1, subcritical) is NOT COMPUTED (YET)] [by construction; not a test] [Venus 20:44]; normal-state energy (not a vortex value) = 3.14159265359"
P1,1T,2,1.0,1,0.5,NOT COMPUTED (YET),NOT COMPUTED (YET),NOT COMPUTED (YET),NOT COMPUTED (YET),NOT COMPUTED (YET),NOT COMPUTED (YET),NOT COMPUTED (YET),NOT COMPUTED (YET),n/a (normal state),n/a (normal state),NOT COMPUTED (YET),NOT COMPUTED (YET),n/a (normal state),n/a (normal state),n/a (normal state),n/a (normal state),n/a (normal state),3.125e-02,3.125e-02,0.000000e+00,n/a (normal state),n/a (normal state),n/a (normal state),n/a (normal state),n/a,n/a (normal state),"[normal state: exact solution, linearly stable for B > κ/2, marginal at B = κ/2; whether a vortex branch coexists (κ < 1, subcritical) is NOT COMPUTED (YET)] [by construction; not a test] [Venus 20:44]; normal-state energy (not a vortex value) = 4.71238898038"
P1,1T,2,1.0,1,1.0,6.28318530718,5.59412248905,0.689062818134,NOT COMPUTED (YET),NOT COMPUTED (YET),n/a,n/a,-1,5.050e-16,5.567e-14,NOT COMPUTED (YET),n/a,3.803e-14,2.347e-14,0.000e+00,1.817e-09,h=0.02:nit=558;h=0.01:nit=223,2.774e-14,9.576e-15,8.959617e-01,1.922e-14,1.817e-09,no,NOT COMPUTED (YET),6.28318530718,graded,[axisymmetric critical point; stability NOT COMPUTED (YET)]
P1,1T,2,1.0,1,2.0,7.80318222981,7.54804563865,0.255136591153,NOT COMPUTED (YET),NOT COMPUTED (YET),n/a,n/a,-1,4.754e-14,5.625e-14,NOT COMPUTED (YET),n/a,3.619e-14,6.602e-15,0.000e+00,1.940e-09,h=0.02:nit=2852;h=0.01:nit=5321,2.382e-02,3.741e-02,9.895876e-01,1.720e-02,1.940e-09,yes,NOT COMPUTED (YET),7.60000147362,report-only (n_tip > 1 at kappa > 1),[axisymmetric critical point; stability NOT COMPUTED (YET)]
P1,1T,2,1.0,1,4.0,9.54102901925,9.41433748505,0.1266915342,NOT COMPUTED (YET),NOT COMPUTED (YET),n/a,n/a,-1,1.879e-13,5.078e-14,NOT COMPUTED (YET),n/a,3.647e-14,9.197e-14,0.000e+00,1.720e-09,h=0.02:nit=2103;h=0.01:nit=4994,1.193e-01,1.218e-01,9.994359e-01,4.562e-02,1.720e-09,yes,NOT COMPUTED (YET),9.21749652985,report-only (n_tip > 1 at kappa > 1),[axisymmetric critical point; stability NOT COMPUTED (YET)]
P1,1T,2,24.0,0.5,0.25,4.06195253628,4.06154393759,0.000408598692352,NOT COMPUTED (YET),NOT COMPUTED (YET),n/a,n/a,-1,9.677e-15,1.048e-13,NOT COMPUTED (YET),n/a,1.117e-14,4.220e-14,0.000e+00,6.379e-11,h=0.02:nit=1601;h=0.01:nit=3139,1.093e-02,1.125e-02,9.998997e-01,6.027e-02,2.582e-09,yes,NOT COMPUTED (YET),4.04753050366,graded,[axisymmetric critical point; stability NOT COMPUTED (YET)]
P1,1T,2,24.0,0.5,0.5,5.03105885116,5.03105361027,5.24089063729e-06,NOT COMPUTED (YET),NOT COMPUTED (YET),n/a,n/a,-1,4.997e-15,9.262e-14,NOT COMPUTED (YET),n/a,1.527e-14,3.884e-14,0.000e+00,6.341e-11,h=0.02:nit=419;h=0.01:nit=788,9.754e-03,1.038e-02,9.999992e-01,3.294e-02,2.481e-09,yes,NOT COMPUTED (YET),5.02353937472,graded,[axisymmetric critical point; stability NOT COMPUTED (YET)]
P1,1T,2,24.0,0.5,1.0,6.28318530718,6.28318528915,1.80270771777e-08,9.7666270882,10.0076921705,n/a,n/a,-1,1.281e-14,7.976e-14,-1.21476584486e-18,n/a,1.470e-14,3.477e-14,5.965e-08,5.828e-11,h=0.02:nit=196;h=0.01:nit=232,6.500e-14,2.255e-14,1.000000e+00,2.276e-14,2.239e-09,no,yes,6.28318530718,graded,[axisymmetric critical point; stability NOT COMPUTED (YET)]
P1,1T,2,24.0,0.5,2.0,7.89659586894,7.89659586542,3.5188632503e-09,9.31675356017,9.58765591386,n/a,n/a,-1,1.350e-14,6.611e-14,-8.51556997385e-07,n/a,8.481e-16,3.284e-14,4.411e-08,4.868e-11,h=0.02:nit=448;h=0.01:nit=959,3.207e-02,3.464e-02,1.000000e+00,3.721e-02,1.882e-09,yes,yes,7.90341457059,report-only (n_tip > 1 at kappa > 1),[axisymmetric critical point; stability NOT COMPUTED (YET)]
P1,1T,2,24.0,0.5,4.0,9.95973075625,9.95973075453,1.7242537982e-09,8.97655013427,9.25989154999,n/a,n/a,-1,2.773e-14,5.330e-14,-8.52982455643e-07,n/a,2.375e-14,3.103e-14,2.739e-08,3.663e-11,h=0.02:nit=524;h=0.01:nit=1095,1.188e-01,1.248e-01,1.000000e+00,7.789e-02,1.454e-09,yes,yes,9.97229266622,report-only (n_tip > 1 at kappa > 1),[axisymmetric critical point; stability NOT COMPUTED (YET)]
P1,1T,2,24.0,0.6,0.25,4.11920954932,4.11878557257,0.000423976752497,NOT COMPUTED (YET),NOT COMPUTED (YET),n/a,n/a,-1,1.592e-14,1.010e-13,NOT COMPUTED (YET),n/a,9.047e-15,4.226e-14,0.000e+00,1.430e-09,h=0.02:nit=1534;h=0.01:nit=3110,1.141e-02,1.141e-02,9.998749e-01,6.027e-02,2.582e-09,yes,NOT COMPUTED (YET),4.12540923128,graded,[axisymmetric critical point; stability NOT COMPUTED (YET)]
P1,1T,2,24.0,0.6,0.5,5.06998144123,5.06997567725,5.76397465897e-06,NOT COMPUTED (YET),NOT COMPUTED (YET),n/a,n/a,-1,4.266e-15,8.743e-14,NOT COMPUTED (YET),n/a,9.895e-15,3.644e-14,0.000e+00,1.360e-09,h=0.02:nit=421;h=0.01:nit=905,1.031e-02,1.031e-02,9.999989e-01,3.294e-02,2.481e-09,yes,NOT COMPUTED (YET),5.07173545345,graded,[axisymmetric critical point; stability NOT COMPUTED (YET)]
P1,1T,2,24.0,0.6,1.0,6.28318530718,6.283185285,2.21776352102e-08,9.43264672881,8.8949085633,n/a,n/a,-1,1.301e-14,7.925e-14,-4.55842547425e-18,n/a,1.187e-14,3.209e-14,1.590e-08,1.224e-09,h=0.02:nit=181;h=0.01:nit=258,5.927e-14,2.066e-14,1.000000e+00,2.276e-14,2.239e-09,no,yes,6.28318530718,graded,[axisymmetric critical point; stability NOT COMPUTED (YET)]
P1,1T,2,24.0,0.6,2.0,7.82869063685,7.82869063211,4.73764725719e-09,9.02402001306,8.58684063608,n/a,n/a,-1,2.324e-14,6.744e-14,-8.75000881015e-07,n/a,5.654e-16,2.405e-14,2.580e-08,1.034e-09,h=0.02:nit=466;h=0.01:nit=959,3.436e-02,3.436e-02,1.000000e+00,3.721e-02,1.882e-09,yes,yes,7.82806339949,report-only (n_tip > 1 at kappa > 1),[axisymmetric critical point; stability NOT COMPUTED (YET)]
P1,1T,2,24.0,0.6,4.0,9.78325286884,9.78325286633,2.51100244706e-09,8.71979292023,8.34768619131,n/a,n/a,-1,4.563e-14,5.424e-14,-8.90436939231e-07,n/a,1.894e-14,2.270e-14,1.129e-08,8.110e-10,h=0.02:nit=489;h=0.01:nit=1035,1.276e-01,1.276e-01,1.000000e+00,7.789e-02,1.454e-09,yes,yes,9.78245917829,report-only (n_tip > 1 at kappa > 1),[axisymmetric critical point; stability NOT COMPUTED (YET)]
P1,1T,2,24.0,0.7,0.25,4.17419848304,4.17374254832,0.000455934722722,NOT COMPUTED (YET),NOT COMPUTED (YET),n/a,n/a,-1,3.821e-14,6.883e-14,NOT COMPUTED (YET),n/a,7.068e-15,4.022e-14,0.000e+00,1.803e-09,h=0.02:nit=1883;h=0.01:nit=3260,1.197e-02,1.197e-02,9.998439e-01,6.027e-02,2.582e-09,yes,NOT COMPUTED (YET),4.19527920531,graded,[axisymmetric critical point; stability NOT COMPUTED (YET)]
P1,1T,2,24.0,0.7,0.5,5.10653862492,5.10653198756,6.63736202705e-06,NOT COMPUTED (YET),NOT COMPUTED (YET),n/a,n/a,-1,2.266e-14,8.020e-14,NOT COMPUTED (YET),n/a,8.340e-15,3.409e-14,0.000e+00,1.731e-09,h=0.02:nit=416;h=0.01:nit=915,1.091e-02,1.091e-02,9.999985e-01,3.294e-02,2.481e-09,yes,NOT COMPUTED (YET),5.11474016084,graded,[axisymmetric critical point; stability NOT COMPUTED (YET)]
P1,1T,2,24.0,0.7,1.0,6.28318530718,6.28318527839,2.87865689455e-08,9.16378905115,8.10127329217,n/a,n/a,-1,1.314e-14,7.624e-14,-7.60666739407e-19,n/a,8.764e-15,2.686e-14,2.525e-08,1.566e-09,h=0.02:nit=191;h=0.01:nit=217,5.546e-14,1.929e-14,1.000000e+00,2.276e-14,2.239e-09,no,yes,6.28318530718,graded,[axisymmetric critical point; stability NOT COMPUTED (YET)]
P1,1T,2,24.0,0.7,2.0,7.76719854791,7.7671985413,6.61854309583e-09,8.78885936077,7.86791744413,n/a,n/a,-1,3.167e-14,6.659e-14,-8.8607537925e-07,n/a,1.597e-14,2.390e-14,3.320e-08,1.323e-09,h=0.02:nit=427;h=0.01:nit=930,3.660e-02,3.660e-02,1.000000e+00,3.721e-02,1.882e-09,yes,yes,7.76167828904,report-only (n_tip > 1 at kappa > 1),[axisymmetric critical point; stability NOT COMPUTED (YET)]
P1,1T,2,24.0,0.7,4.0,9.62587113869,9.62587113496,3.73335030256e-09,8.51327902106,7.68717497998,n/a,n/a,-1,6.762e-14,5.464e-14,-9.15037449381e-07,n/a,1.555e-14,2.178e-14,1.429e-08,1.032e-09,h=0.02:nit=499;h=0.01:nit=960,1.358e-01,1.358e-01,1.000000e+00,7.789e-02,1.454e-09,yes,yes,9.61649123483,report-only (n_tip > 1 at kappa > 1),[axisymmetric critical point; stability NOT COMPUTED (YET)]
P1,1T,2,24.0,0.8,0.25,4.22642931626,4.22592885904,0.000500457223288,NOT COMPUTED (YET),NOT COMPUTED (YET),n/a,n/a,-1,3.182e-14,7.778e-14,NOT COMPUTED (YET),n/a,4.948e-15,4.077e-14,0.000e+00,1.500e-10,h=0.02:nit=1803;h=0.01:nit=3092,1.258e-02,1.258e-02,9.998065e-01,6.027e-02,2.582e-09,yes,NOT COMPUTED (YET),4.25875993194,graded,[axisymmetric critical point; stability NOT COMPUTED (YET)]
P1,1T,2,24.0,0.8,0.5,5.14069786097,5.14069002678,7.83418714495e-06,NOT COMPUTED (YET),NOT COMPUTED (YET),n/a,n/a,-1,1.807e-14,7.221e-14,NOT COMPUTED (YET),n/a,5.937e-15,3.283e-14,0.000e+00,1.549e-10,h=0.02:nit=532;h=0.01:nit=891,1.153e-02,1.153e-02,9.999979e-01,3.294e-02,2.481e-09,yes,NOT COMPUTED (YET),5.15361746923,graded,[axisymmetric critical point; stability NOT COMPUTED (YET)]
P1,1T,2,24.0,0.8,1.0,6.28318530718,6.28318526884,3.8338437253e-08,8.94129135805,7.49923220971,n/a,n/a,-1,1.362e-14,7.362e-14,6.44139575103e-19,n/a,5.372e-15,2.163e-14,3.561e-08,1.460e-10,h=0.02:nit=169;h=0.01:nit=236,5.326e-14,1.850e-14,1.000000e+00,2.276e-14,2.239e-09,no,yes,6.28318530718,graded,[axisymmetric critical point; stability NOT COMPUTED (YET)]
P1,1T,2,24.0,0.8,2.0,7.71128919554,7.71128918618,9.36821137473e-09,8.59433043976,7.31868636656,n/a,n/a,-1,5.194e-14,6.374e-14,-8.81956312296e-07,n/a,1.244e-14,4.031e-15,2.711e-08,1.234e-10,h=0.02:nit=425;h=0.01:nit=896,3.876e-02,3.876e-02,1.000000e+00,3.721e-02,1.882e-09,yes,yes,7.70236258306,report-only (n_tip > 1 at kappa > 1),[axisymmetric critical point; stability NOT COMPUTED (YET)]
P1,1T,2,24.0,0.8,4.0,9.48447678651,9.48447678095,5.55865820355e-09,8.34208854404,7.17884958838,n/a,n/a,-1,1.266e-13,5.423e-14,-9.2399190117e-07,n/a,1.357e-14,5.731e-14,2.923e-08,9.243e-11,h=0.02:nit=472;h=0.01:nit=968,1.436e-01,1.436e-01,1.000000e+00,7.789e-02,1.454e-09,yes,yes,9.46923716485,report-only (n_tip > 1 at kappa > 1),[axisymmetric critical point; stability NOT COMPUTED (YET)]
P1,1T,2,24.0,0.9,0.25,4.27582004663,4.27526444292,0.000555603703226,NOT COMPUTED (YET),NOT COMPUTED (YET),n/a,n/a,-1,4.892e-14,5.103e-14,NOT COMPUTED (YET),n/a,4.806e-15,4.092e-14,0.000e+00,1.882e-10,h=0.02:nit=1675;h=0.01:nit=3569,1.322e-02,1.322e-02,9.997620e-01,6.027e-02,2.582e-09,yes,NOT COMPUTED (YET),4.31698642739,graded,[axisymmetric critical point; stability NOT COMPUTED (YET)]
P1,1T,2,24.0,0.9,0.5,5.17259435209,5.1725849908,9.36128777388e-06,NOT COMPUTED (YET),NOT COMPUTED (YET),n/a,n/a,-1,3.332e-14,6.344e-14,NOT COMPUTED (YET),n/a,2.403e-15,3.314e-14,0.000e+00,1.962e-10,h=0.02:nit=542;h=0.01:nit=853,1.216e-02,1.216e-02,9.999972e-01,3.294e-02,2.481e-09,yes,NOT COMPUTED (YET),5.18911210327,graded,[axisymmetric critical point; stability NOT COMPUTED (YET)]
P1,1T,2,24.0,0.9,1.0,6.28318530718,6.2831852556,5.15752702292e-08,8.75315243424,7.0211997994,n/a,n/a,-1,1.412e-14,7.004e-14,4.19366887682e-18,n/a,1.838e-15,1.654e-14,2.541e-08,1.850e-10,h=0.02:nit=168;h=0.01:nit=212,5.197e-14,1.786e-14,1.000000e+00,2.276e-14,2.239e-09,no,yes,6.28318530718,graded,[axisymmetric critical point; stability NOT COMPUTED (YET)]
P1,1T,2,24.0,0.9,2.0,7.66020025808,7.66020024482,1.32655969003e-08,8.42976291504,6.87966734508,n/a,n/a,-1,7.184e-14,6.104e-14,-8.60762285776e-07,n/a,1.173e-14,1.484e-14,1.447e-08,1.561e-10,h=0.02:nit=424;h=0.01:nit=851,4.082e-02,4.082e-02,1.000000e+00,3.721e-02,1.882e-09,yes,yes,7.6487927891,report-only (n_tip > 1 at kappa > 1),[axisymmetric critical point; stability NOT COMPUTED (YET)]
P1,1T,2,24.0,0.9,4.0,9.35653795275,9.35653794454,8.2083245395e-09,8.19691031756,6.76981573578,n/a,n/a,-1,1.840e-13,5.300e-14,-9.15400100136e-07,n/a,1.357e-14,9.493e-14,1.194e-08,1.163e-10,h=0.02:nit=475;h=0.01:nit=965,1.508e-01,1.508e-01,1.000000e+00,7.789e-02,1.454e-09,yes,yes,9.33711051047,report-only (n_tip > 1 at kappa > 1),[axisymmetric critical point; stability NOT COMPUTED (YET)]
P1,1T,2,24.0,1,0.25,4.32246368435,4.321843312,0.000620372350927,NOT COMPUTED (YET),NOT COMPUTED (YET),n/a,n/a,-1,4.433e-14,5.088e-14,NOT COMPUTED (YET),n/a,7.916e-15,4.253e-14,0.000e+00,2.582e-09,h=0.02:nit=1861;h=0.01:nit=3384,1.387e-02,1.387e-02,9.997099e-01,6.027e-02,2.582e-09,yes,NOT COMPUTED (YET),4.37079230143,graded,[axisymmetric critical point; stability NOT COMPUTED (YET)]
P1,1T,2,24.0,1,0.5,5.20241404156,5.2024028006,1.12409654112e-05,NOT COMPUTED (YET),NOT COMPUTED (YET),n/a,n/a,-1,3.043e-14,5.350e-14,NOT COMPUTED (YET),n/a,8.481e-16,3.432e-14,0.000e+00,2.481e-09,h=0.02:nit=582;h=0.01:nit=891,1.277e-02,1.277e-02,9.999962e-01,3.294e-02,2.481e-09,yes,NOT COMPUTED (YET),5.22177028862,graded,[axisymmetric critical point; stability NOT COMPUTED (YET)]
P1,1T,2,24.0,1,1.0,6.28318530718,6.28318523773,6.94538294198e-08,8.59131508128,6.62819130665,n/a,n/a,-1,1.309e-14,6.275e-14,8.85048020113e-19,n/a,8.481e-16,1.117e-14,1.613e-08,2.239e-09,h=0.02:nit=180;h=0.01:nit=212,5.114e-14,1.725e-14,1.000000e+00,2.276e-14,2.239e-09,no,yes,6.28318530718,graded,[axisymmetric critical point; stability NOT COMPUTED (YET)]
P1,1T,2,24.0,1,2.0,7.61328244676,7.6132824281,1.86632946188e-08,8.28806484189,6.5164947309,n/a,n/a,-1,9.634e-14,5.780e-14,-8.21228464227e-07,n/a,1.131e-14,3.278e-14,1.298e-08,1.882e-09,h=0.02:nit=439;h=0.01:nit=835,4.278e-02,4.278e-02,1.000000e+00,3.721e-02,1.882e-09,yes,yes,7.60000147362,report-only (n_tip > 1 at kappa > 1),[axisymmetric critical point; stability NOT COMPUTED (YET)]
P1,1T,2,24.0,1,4.0,9.24002891738,9.24002890542,1.19637752348e-08,8.07158799266,6.42941614484,n/a,n/a,-1,2.744e-13,5.234e-14,-8.87952487706e-07,n/a,1.004e-14,1.338e-13,2.711e-08,1.454e-09,h=0.02:nit=485;h=0.01:nit=920,1.576e-01,1.576e-01,1.000000e+00,7.789e-02,1.454e-09,yes,yes,9.21749652985,report-only (n_tip > 1 at kappa > 1),[axisymmetric critical point; stability NOT COMPUTED (YET)]
P1,1T,2,4.0,0.5,0.25,3.95451966747,3.39047837442,0.564041293051,NOT COMPUTED (YET),NOT COMPUTED (YET),n/a,n/a,-1,3.447e-15,9.836e-14,NOT COMPUTED (YET),n/a,4.170e-14,2.875e-14,0.000e+00,9.917e-10,h=0.02:nit=3449;h=0.01:nit=6115,3.763e-03,1.195e-02,8.309719e-01,2.179e-02,1.608e-09,yes,NOT COMPUTED (YET),4.04753050366,graded,[axisymmetric critical point; stability NOT COMPUTED (YET)]
P1,1T,2,4.0,0.5,0.5,5.01403544112,4.87267471215,0.141360728965,NOT COMPUTED (YET),NOT COMPUTED (YET),n/a,n/a,-1,9.133e-15,9.279e-14,NOT COMPUTED (YET),n/a,4.622e-14,3.720e-14,0.000e+00,1.052e-09,h=0.02:nit=2227;h=0.01:nit=5382,7.817e-03,1.071e-02,9.801680e-01,1.861e-02,1.858e-09,yes,NOT COMPUTED (YET),5.02353937472,graded,[axisymmetric critical point; stability NOT COMPUTED (YET)]
P1,1T,2,4.0,0.5,1.0,6.28318530718,6.25927329638,0.0239120107948,NOT COMPUTED (YET),NOT COMPUTED (YET),n/a,n/a,-1,1.167e-14,7.972e-14,NOT COMPUTED (YET),n/a,6.206e-14,3.449e-14,0.000e+00,9.764e-10,h=0.02:nit=191;h=0.01:nit=227,6.002e-14,2.080e-14,9.988876e-01,2.106e-14,1.827e-09,no,NOT COMPUTED (YET),6.28318530718,graded,[axisymmetric critical point; stability NOT COMPUTED (YET)]
P1,1T,2,4.0,0.5,2.0,7.88903960924,7.88364518979,0.00539441945163,NOT COMPUTED (YET),NOT COMPUTED (YET),n/a,n/a,-1,2.320e-14,7.470e-14,NOT COMPUTED (YET),n/a,6.955e-14,2.713e-14,0.000e+00,8.306e-10,h=0.02:nit=1983;h=0.01:nit=2907,3.192e-02,3.462e-02,9.999802e-01,2.848e-02,1.621e-09,yes,NOT COMPUTED (YET),7.90341457059,report-only (n_tip > 1 at kappa > 1),[axisymmetric critical point; stability NOT COMPUTED (YET)]
P1,1T,2,4.0,0.5,4.0,9.935904964,9.93342602282,0.00247894118788,NOT COMPUTED (YET),NOT COMPUTED (YET),n/a,n/a,-1,4.810e-14,7.144e-14,NOT COMPUTED (YET),n/a,6.008e-14,2.503e-14,0.000e+00,6.486e-10,h=0.02:nit=1913;h=0.01:nit=3551,1.202e-01,1.239e-01,9.999999e-01,6.435e-02,1.301e-09,yes,NOT COMPUTED (YET),9.97229266622,report-only (n_tip > 1 at kappa > 1),[axisymmetric critical point; stability NOT COMPUTED (YET)]
P1,1T,2,4.0,0.6,0.25,3.97026315681,3.44567549212,0.524587664689,NOT COMPUTED (YET),NOT COMPUTED (YET),n/a,n/a,-1,3.155e-16,9.883e-14,NOT COMPUTED (YET),n/a,3.647e-14,2.841e-14,0.000e+00,7.531e-11,h=0.02:nit=3273;h=0.01:nit=6150,3.293e-03,1.202e-02,8.226421e-01,2.179e-02,1.608e-09,yes,NOT COMPUTED (YET),4.12540923128,graded,[axisymmetric critical point; stability NOT COMPUTED (YET)]
P1,1T,2,4.0,0.6,0.5,5.03195703148,4.90602635071,0.125930680766,NOT COMPUTED (YET),NOT COMPUTED (YET),n/a,n/a,-1,4.919e-15,9.029e-14,NOT COMPUTED (YET),n/a,4.269e-14,3.618e-14,0.000e+00,8.235e-11,h=0.02:nit=2157;h=0.01:nit=5628,7.657e-03,1.072e-02,9.787305e-01,1.861e-02,1.858e-09,yes,NOT COMPUTED (YET),5.07173545345,graded,[axisymmetric critical point; stability NOT COMPUTED (YET)]
P1,1T,2,4.0,0.6,1.0,6.28318530718,6.26227990022,0.0209054069614,NOT COMPUTED (YET),NOT COMPUTED (YET),n/a,n/a,-1,1.221e-14,7.766e-14,NOT COMPUTED (YET),n/a,5.739e-14,3.308e-14,0.000e+00,7.907e-11,h=0.02:nit=181;h=0.01:nit=232,5.278e-14,1.908e-14,9.987565e-01,2.106e-14,1.827e-09,no,NOT COMPUTED (YET),6.28318530718,graded,[axisymmetric critical point; stability NOT COMPUTED (YET)]
P1,1T,2,4.0,0.6,2.0,7.84243548871,7.83751663661,0.00491885209242,NOT COMPUTED (YET),NOT COMPUTED (YET),n/a,n/a,-1,2.697e-14,6.692e-14,NOT COMPUTED (YET),n/a,5.824e-14,2.016e-14,0.000e+00,6.761e-11,h=0.02:nit=1842;h=0.01:nit=3937,3.266e-02,3.418e-02,9.999762e-01,2.848e-02,1.621e-09,yes,NOT COMPUTED (YET),7.82806339949,report-only (n_tip > 1 at kappa > 1),[axisymmetric critical point; stability NOT COMPUTED (YET)]
P1,1T,2,4.0,0.6,4.0,9.80091844355,9.7985221504,0.00239629315111,NOT COMPUTED (YET),NOT COMPUTED (YET),n/a,n/a,-1,6.605e-14,7.064e-14,NOT COMPUTED (YET),n/a,5.061e-14,1.885e-14,0.000e+00,5.143e-11,h=0.02:nit=1813;h=0.01:nit=3571,1.247e-01,1.247e-01,9.999999e-01,6.435e-02,1.301e-09,yes,NOT COMPUTED (YET),9.78245917829,report-only (n_tip > 1 at kappa > 1),[axisymmetric critical point; stability NOT COMPUTED (YET)]
P1,1T,2,4.0,0.7,0.25,3.98766356248,3.48861521256,0.499048349927,NOT COMPUTED (YET),NOT COMPUTED (YET),n/a,n/a,-1,3.017e-15,9.309e-14,NOT COMPUTED (YET),n/a,1.286e-14,5.457e-14,0.000e+00,1.217e-09,h=0.02:nit=3472;h=0.01:nit=5987,2.835e-03,1.208e-02,8.130197e-01,2.179e-02,1.608e-09,yes,NOT COMPUTED (YET),4.19527920531,graded,[axisymmetric critical point; stability NOT COMPUTED (YET)]
P1,1T,2,4.0,0.7,0.5,5.0510612762,4.93475703553,0.116304240675,NOT COMPUTED (YET),NOT COMPUTED (YET),n/a,n/a,-1,6.285e-15,8.985e-14,NOT COMPUTED (YET),n/a,1.908e-14,4.572e-14,0.000e+00,1.369e-09,h=0.02:nit=2816;h=0.01:nit=5769,7.575e-03,1.069e-02,9.770384e-01,1.861e-02,1.858e-09,yes,NOT COMPUTED (YET),5.11474016084,graded,[axisymmetric critical point; stability NOT COMPUTED (YET)]
P1,1T,2,4.0,0.7,1.0,6.28318530718,6.26395141315,0.0192338940253,NOT COMPUTED (YET),NOT COMPUTED (YET),n/a,n/a,-1,1.023e-14,7.320e-14,NOT COMPUTED (YET),n/a,4.608e-14,2.983e-14,0.000e+00,1.321e-09,h=0.02:nit=186;h=0.01:nit=234,4.792e-14,1.718e-14,9.985961e-01,2.106e-14,1.827e-09,no,NOT COMPUTED (YET),6.28318530718,graded,[axisymmetric critical point; stability NOT COMPUTED (YET)]
P1,1T,2,4.0,0.7,2.0,7.796529425,7.79180460036,0.0047248246407,NOT COMPUTED (YET),NOT COMPUTED (YET),n/a,n/a,-1,3.569e-14,6.484e-14,NOT COMPUTED (YET),n/a,4.990e-14,1.527e-14,0.000e+00,1.157e-09,h=0.02:nit=1828;h=0.01:nit=2708,3.367e-02,3.367e-02,9.999710e-01,2.848e-02,1.621e-09,yes,NOT COMPUTED (YET),7.76167828904,report-only (n_tip > 1 at kappa > 1),[axisymmetric critical point; stability NOT COMPUTED (YET)]
P1,1T,2,4.0,0.7,4.0,9.67247190432,9.67004993245,0.00242197186826,NOT COMPUTED (YET),NOT COMPUTED (YET),n/a,n/a,-1,1.057e-13,8.393e-14,NOT COMPUTED (YET),n/a,4.523e-14,3.434e-14,0.000e+00,9.334e-10,h=0.02:nit=1790;h=0.01:nit=3580,1.298e-01,1.298e-01,9.999998e-01,6.435e-02,1.301e-09,yes,NOT COMPUTED (YET),9.61649123483,report-only (n_tip > 1 at kappa > 1),[axisymmetric critical point; stability NOT COMPUTED (YET)]
P1,1T,2,4.0,0.8,0.25,4.00588195627,3.52303392884,0.482848027435,NOT COMPUTED (YET),NOT COMPUTED (YET),n/a,n/a,-1,7.153e-16,8.569e-14,NOT COMPUTED (YET),n/a,1.216e-14,4.678e-14,0.000e+00,1.608e-09,h=0.02:nit=3921;h=0.01:nit=5839,2.402e-03,1.212e-02,8.024289e-01,2.179e-02,1.608e-09,yes,NOT COMPUTED (YET),4.25875993194,graded,[axisymmetric critical point; stability NOT COMPUTED (YET)]
P1,1T,2,4.0,0.8,0.5,5.07058414974,4.96028632007,0.11029782967,NOT COMPUTED (YET),NOT COMPUTED (YET),n/a,n/a,-1,3.950e-16,8.163e-14,NOT COMPUTED (YET),n/a,1.894e-14,4.186e-14,0.000e+00,1.858e-09,h=0.02:nit=3174;h=0.01:nit=5667,7.562e-03,1.065e-02,9.751333e-01,1.861e-02,1.858e-09,yes,NOT COMPUTED (YET),5.15361746923,graded,[axisymmetric critical point; stability NOT COMPUTED (YET)]
P1,1T,2,4.0,0.8,1.0,6.28318530718,6.26483619524,0.0183491119442,NOT COMPUTED (YET),NOT COMPUTED (YET),n/a,n/a,-1,9.812e-15,7.035e-14,NOT COMPUTED (YET),n/a,4.043e-14,2.573e-14,0.000e+00,1.827e-09,h=0.02:nit=168;h=0.01:nit=234,4.506e-14,1.620e-14,9.984080e-01,2.106e-14,1.827e-09,no,NOT COMPUTED (YET),6.28318530718,graded,[axisymmetric critical point; stability NOT COMPUTED (YET)]
P1,1T,2,4.0,0.8,2.0,7.75234736002,7.74764879077,0.00469856925133,NOT COMPUTED (YET),NOT COMPUTED (YET),n/a,n/a,-1,4.929e-14,6.442e-14,NOT COMPUTED (YET),n/a,5.796e-15,1.100e-14,0.000e+00,1.621e-09,h=0.02:nit=1789;h=0.01:nit=3929,3.486e-02,3.486e-02,9.999645e-01,2.848e-02,1.621e-09,yes,NOT COMPUTED (YET),7.70236258306,report-only (n_tip > 1 at kappa > 1),[axisymmetric critical point; stability NOT COMPUTED (YET)]
P1,1T,2,4.0,0.8,4.0,9.55200648293,9.54948993533,0.00251654759953,NOT COMPUTED (YET),NOT COMPUTED (YET),n/a,n/a,-1,1.324e-13,6.699e-14,NOT COMPUTED (YET),n/a,9.188e-15,4.928e-14,0.000e+00,1.301e-09,h=0.02:nit=2036;h=0.01:nit=3653,1.352e-01,1.352e-01,9.999997e-01,6.435e-02,1.301e-09,yes,NOT COMPUTED (YET),9.46923716485,report-only (n_tip > 1 at kappa > 1),[axisymmetric critical point; stability NOT COMPUTED (YET)]
P1,1T,2,4.0,0.9,0.25,4.02433216014,3.55122627704,0.473105883099,NOT COMPUTED (YET),NOT COMPUTED (YET),n/a,n/a,-1,1.731e-15,7.952e-14,NOT COMPUTED (YET),n/a,1.187e-14,3.884e-14,0.000e+00,1.208e-10,h=0.02:nit=2809;h=0.01:nit=7116,2.567e-03,1.215e-02,7.911130e-01,2.179e-02,1.608e-09,yes,NOT COMPUTED (YET),4.31698642739,graded,[axisymmetric critical point; stability NOT COMPUTED (YET)]
P1,1T,2,4.0,0.9,0.5,5.09004269493,4.98337817212,0.106664522808,NOT COMPUTED (YET),NOT COMPUTED (YET),n/a,n/a,-1,5.919e-15,7.712e-14,NOT COMPUTED (YET),n/a,1.838e-14,3.699e-14,0.000e+00,1.477e-10,h=0.02:nit=2318;h=0.01:nit=5458,7.604e-03,1.058e-02,9.730463e-01,1.861e-02,1.858e-09,yes,NOT COMPUTED (YET),5.18911210327,graded,[axisymmetric critical point; stability NOT COMPUTED (YET)]
P1,1T,2,4.0,0.9,1.0,6.28318530718,6.26522243397,0.0179628732127,NOT COMPUTED (YET),NOT COMPUTED (YET),n/a,n/a,-1,9.974e-15,6.759e-14,NOT COMPUTED (YET),n/a,3.619e-14,2.036e-14,0.000e+00,1.528e-10,h=0.02:nit=195;h=0.01:nit=244,4.349e-14,1.558e-14,9.981931e-01,2.106e-14,1.827e-09,no,NOT COMPUTED (YET),6.28318530718,graded,[axisymmetric critical point; stability NOT COMPUTED (YET)]
P1,1T,2,4.0,0.9,2.0,7.71032326603,7.70554113551,0.00478213052306,NOT COMPUTED (YET),NOT COMPUTED (YET),n/a,n/a,-1,6.543e-14,6.256e-14,NOT COMPUTED (YET),n/a,5.937e-15,4.838e-15,0.000e+00,1.369e-10,h=0.02:nit=1980;h=0.01:nit=3569,3.614e-02,3.614e-02,9.999566e-01,2.848e-02,1.621e-09,yes,NOT COMPUTED (YET),7.6487927891,report-only (n_tip > 1 at kappa > 1),[axisymmetric critical point; stability NOT COMPUTED (YET)]
P1,1T,2,4.0,0.9,4.0,9.43970614232,9.43704623576,0.00265990655489,NOT COMPUTED (YET),NOT COMPUTED (YET),n/a,n/a,-1,1.916e-13,7.347e-14,NOT COMPUTED (YET),n/a,1.018e-14,8.242e-14,0.000e+00,1.058e-10,h=0.02:nit=1581;h=0.01:nit=3639,1.407e-01,1.407e-01,9.999996e-01,6.435e-02,1.301e-09,yes,NOT COMPUTED (YET),9.33711051047,report-only (n_tip > 1 at kappa > 1),[axisymmetric critical point; stability NOT COMPUTED (YET)]
P1,1T,2,4.0,1,0.25,4.04261471899,3.57466492715,0.467949791841,NOT COMPUTED (YET),NOT COMPUTED (YET),n/a,n/a,-1,3.930e-15,7.289e-14,NOT COMPUTED (YET),n/a,1.145e-14,3.252e-14,0.000e+00,1.471e-10,h=0.02:nit=2998;h=0.01:nit=4759,2.857e-03,1.217e-02,7.792590e-01,2.179e-02,1.608e-09,yes,NOT COMPUTED (YET),4.37079230143,graded,[axisymmetric critical point; stability NOT COMPUTED (YET)]
P1,1T,2,4.0,1,0.5,5.10913916064,5.00448552213,0.104653638506,NOT COMPUTED (YET),NOT COMPUTED (YET),n/a,n/a,-1,1.530e-14,6.904e-14,NOT COMPUTED (YET),n/a,1.725e-14,3.268e-14,0.000e+00,1.784e-10,h=0.02:nit=2286;h=0.01:nit=4541,7.689e-03,1.050e-02,9.708017e-01,1.861e-02,1.858e-09,yes,NOT COMPUTED (YET),5.22177028862,graded,[axisymmetric critical point; stability NOT COMPUTED (YET)]
P1,1T,2,4.0,1,1.0,6.28318530718,6.26527278209,0.0179125250889,NOT COMPUTED (YET),NOT COMPUTED (YET),n/a,n/a,-1,1.020e-14,6.509e-14,NOT COMPUTED (YET),n/a,3.251e-14,1.583e-14,0.000e+00,1.855e-10,h=0.02:nit=271;h=0.01:nit=241,4.269e-14,1.510e-14,9.979519e-01,2.106e-14,1.827e-09,no,NOT COMPUTED (YET),6.28318530718,graded,[axisymmetric critical point; stability NOT COMPUTED (YET)]
P1,1T,2,4.0,1,2.0,7.67058762509,7.66564421024,0.00494341485272,NOT COMPUTED (YET),NOT COMPUTED (YET),n/a,n/a,-1,8.609e-14,6.064e-14,NOT COMPUTED (YET),n/a,5.654e-15,2.038e-14,0.000e+00,1.670e-10,h=0.02:nit=1996;h=0.01:nit=3863,3.747e-02,3.747e-02,9.999472e-01,2.848e-02,1.621e-09,yes,NOT COMPUTED (YET),7.60000147362,report-only (n_tip > 1 at kappa > 1),[axisymmetric critical point; stability NOT COMPUTED (YET)]
P1,1T,2,4.0,1,4.0,9.33522011869,9.33237931007,0.00284080861699,NOT COMPUTED (YET),NOT COMPUTED (YET),n/a,n/a,-1,2.501e-13,5.354e-14,NOT COMPUTED (YET),n/a,1.145e-14,1.165e-13,0.000e+00,1.293e-10,h=0.02:nit=1599;h=0.01:nit=3729,1.461e-01,1.461e-01,9.999995e-01,6.435e-02,1.301e-09,yes,NOT COMPUTED (YET),9.21749652985,report-only (n_tip > 1 at kappa > 1),[axisymmetric critical point; stability NOT COMPUTED (YET)]
P1,1T,2,99.0,0.5,0.25,4.05314318454,4.05314318343,1.10401081409e-09,17.5277396609,18.1022406586,n/a,n/a,-1,1.343e-14,8.607e-14,8.48441218429e-07,n/a,5.513e-15,4.251e-14,5.832e-08,6.029e-11,h=0.02:nit=635;h=0.01:nit=1192,1.076e-02,1.129e-02,1.000000e+00,7.020e-02,1.548e-09,yes,yes,4.04753050366,graded,[axisymmetric critical point; stability NOT COMPUTED (YET)]
P1,1T,2,99.0,0.5,0.5,5.02601948029,5.02601948029,6.98618286128e-14,13.0368921498,13.4621528593,n/a,n/a,-1,1.183e-14,7.069e-14,9.81846365032e-07,n/a,1.399e-14,3.623e-14,6.126e-08,6.104e-11,h=0.02:nit=548;h=0.01:nit=1054,9.573e-03,1.043e-02,1.000000e+00,3.662e-02,1.450e-09,yes,yes,5.02353937472,graded,[axisymmetric critical point; stability NOT COMPUTED (YET)]
P1,1T,2,99.0,0.5,1.0,6.28318530718,6.28318530718,1.32293721756e-19,9.77446791772,10.0010013356,n/a,n/a,-1,1.225e-14,6.243e-14,-3.61063701664e-19,n/a,1.329e-14,3.887e-14,4.518e-08,5.699e-11,h=0.02:nit=262;h=0.01:nit=165,6.924e-14,2.380e-14,1.000000e+00,2.573e-14,1.293e-09,no,yes,6.28318530718,graded,[axisymmetric critical point; stability NOT COMPUTED (YET)]
P1,1T,2,99.0,0.5,2.0,7.90148148987,7.90148148987,2.5552854813e-20,9.32336987707,9.52488800796,n/a,n/a,-1,1.640e-14,5.856e-14,-9.84017913136e-07,n/a,3.859e-14,3.856e-14,2.456e-08,4.791e-11,h=0.02:nit=671;h=0.01:nit=1307,3.168e-02,3.481e-02,1.000000e+00,3.922e-02,1.087e-09,yes,yes,7.90341457059,report-only (n_tip > 1 at kappa > 1),[axisymmetric critical point; stability NOT COMPUTED (YET)]
P1,1T,2,99.0,0.5,4.0,9.96885916384,9.96885916384,1.24539571653e-20,8.98279189543,9.16622984424,n/a,n/a,-1,2.787e-14,5.174e-14,-9.5042369861e-07,n/a,6.078e-14,3.528e-14,2.644e-08,3.625e-11,h=0.02:nit=698;h=0.01:nit=1490,1.178e-01,1.253e-01,1.000000e+00,8.086e-02,8.508e-10,yes,yes,9.97229266622,report-only (n_tip > 1 at kappa > 1),[axisymmetric critical point; stability NOT COMPUTED (YET)]
P1,1T,2,99.0,0.6,0.25,4.12499866516,4.12499866352,1.64296368845e-09,17.0328243167,16.3670038633,n/a,n/a,-1,1.247e-14,7.948e-14,8.94895566185e-07,n/a,4.241e-16,4.091e-14,3.325e-08,8.702e-11,h=0.02:nit=578;h=0.01:nit=1273,1.170e-02,1.170e-02,1.000000e+00,7.020e-02,1.548e-09,yes,yes,4.12540923128,graded,[axisymmetric critical point; stability NOT COMPUTED (YET)]
P1,1T,2,99.0,0.6,0.5,5.07162116929,5.07162116929,1.31607934232e-13,12.5975081036,12.440624137,n/a,n/a,-1,3.772e-15,6.142e-14,1.14628983456e-06,n/a,5.230e-15,3.695e-14,1.825e-08,8.864e-11,h=0.02:nit=585;h=0.01:nit=1096,1.043e-02,1.043e-02,1.000000e+00,3.662e-02,1.450e-09,yes,yes,5.07173545345,graded,[axisymmetric critical point; stability NOT COMPUTED (YET)]
P1,1T,2,99.0,0.6,1.0,6.28318530718,6.28318530718,3.56738166151e-19,9.39734513127,9.35986903715,n/a,n/a,-1,1.255e-14,6.483e-14,4.43225852443e-18,n/a,1.470e-14,3.138e-14,2.817e-08,8.269e-11,h=0.02:nit=253;h=0.01:nit=301,6.393e-14,2.204e-14,1.000000e+00,2.573e-14,1.293e-09,no,yes,6.28318530718,graded,[axisymmetric critical point; stability NOT COMPUTED (YET)]
P1,1T,2,99.0,0.6,2.0,7.82810347625,7.82810347625,7.63399057317e-20,8.99461315604,8.96440154283,n/a,n/a,-1,2.341e-14,6.128e-14,-1.23606617839e-06,n/a,3.689e-14,2.939e-14,1.979e-08,6.964e-11,h=0.02:nit=603;h=0.01:nit=1208,3.444e-02,3.444e-02,1.000000e+00,3.922e-02,1.087e-09,yes,yes,7.82806339949,report-only (n_tip > 1 at kappa > 1),[axisymmetric critical point; stability NOT COMPUTED (YET)]
P1,1T,2,99.0,0.6,4.0,9.78250963695,9.78250963695,4.0492726088e-20,8.69391211299,8.66835931512,n/a,n/a,-1,4.909e-14,5.256e-14,-1.20484478521e-06,n/a,5.145e-14,2.687e-14,2.304e-08,5.256e-11,h=0.02:nit=663;h=0.01:nit=1394,1.277e-01,1.277e-01,1.000000e+00,8.086e-02,8.508e-10,yes,yes,9.78245917829,report-only (n_tip > 1 at kappa > 1),[axisymmetric critical point; stability NOT COMPUTED (YET)]
P1,1T,2,99.0,0.7,0.25,4.19074364248,4.19074363999,2.48518755368e-09,16.6344937924,15.1081704969,n/a,n/a,-1,1.227e-14,8.803e-14,9.29425740497e-07,n/a,7.068e-15,4.239e-14,4.605e-08,1.548e-09,h=0.02:nit=580;h=0.01:nit=1210,1.263e-02,1.263e-02,1.000000e+00,7.020e-02,1.548e-09,yes,yes,4.19527920531,graded,[axisymmetric critical point; stability NOT COMPUTED (YET)]
P1,1T,2,99.0,0.7,0.5,5.11288998235,5.11288998235,2.50259686276e-13,12.2454376749,11.696718512,n/a,n/a,-1,5.784e-15,4.159e-14,1.31812805236e-06,n/a,3.393e-15,3.266e-14,2.378e-08,1.450e-09,h=0.02:nit=543;h=0.01:nit=1120,1.125e-02,1.125e-02,1.000000e+00,3.662e-02,1.450e-09,yes,yes,5.11474016084,graded,[axisymmetric critical point; stability NOT COMPUTED (YET)]
P1,1T,2,99.0,0.7,1.0,6.28318530718,6.28318530718,9.55637872653e-19,9.09688314182,8.88664146951,n/a,n/a,-1,1.292e-14,6.135e-14,1.06519790075e-17,n/a,1.795e-14,2.544e-14,3.458e-08,1.293e-09,h=0.02:nit=240;h=0.01:nit=263,6.055e-14,2.075e-14,1.000000e+00,2.573e-14,1.293e-09,no,yes,6.28318530718,graded,[axisymmetric critical point; stability NOT COMPUTED (YET)]
P1,1T,2,99.0,0.7,2.0,7.76298941954,7.76298941954,2.21581621288e-19,8.73209136293,8.54745765657,n/a,n/a,-1,2.976e-14,5.383e-14,-1.51318672193e-06,n/a,5.259e-14,2.551e-14,2.537e-10,1.087e-09,h=0.02:nit=592;h=0.01:nit=1180,3.699e-02,3.699e-02,1.000000e+00,3.922e-02,1.087e-09,yes,yes,7.76167828904,report-only (n_tip > 1 at kappa > 1),[axisymmetric critical point; stability NOT COMPUTED (YET)]
P1,1T,2,99.0,0.7,4.0,9.61874954639,9.61874954639,1.25486693785e-19,8.4623004884,8.29511703544,n/a,n/a,-1,7.799e-14,4.815e-14,-1.48481243912e-06,n/a,5.555e-14,1.902e-14,2.993e-08,8.508e-10,h=0.02:nit=669;h=0.01:nit=1285,1.367e-01,1.367e-01,1.000000e+00,8.086e-02,8.508e-10,yes,yes,9.61649123483,report-only (n_tip > 1 at kappa > 1),[axisymmetric critical point; stability NOT COMPUTED (YET)]
P1,1T,2,99.0,0.8,0.25,4.2512219418,4.25122193805,3.75426259282e-09,16.304443361,14.1379704262,n/a,n/a,-1,1.090e-14,3.923e-14,9.49185293518e-07,n/a,1.399e-14,3.990e-14,1.390e-08,1.565e-10,h=0.02:nit=600;h=0.01:nit=1060,1.354e-02,1.354e-02,1.000000e+00,7.020e-02,1.548e-09,yes,yes,4.25875993194,graded,[axisymmetric critical point; stability NOT COMPUTED (YET)]
P1,1T,2,99.0,0.8,0.5,5.15053084913,5.15053084912,4.70328658596e-13,11.9544101996,11.1217251735,n/a,n/a,-1,5.668e-15,3.078e-14,1.49403474087e-06,n/a,0.000e+00,3.121e-14,3.864e-08,1.605e-10,h=0.02:nit=558;h=0.01:nit=1137,1.204e-02,1.204e-02,1.000000e+00,3.662e-02,1.450e-09,yes,yes,5.15361746923,graded,[axisymmetric critical point; stability NOT COMPUTED (YET)]
P1,1T,2,99.0,0.8,1.0,6.28318530718,6.28318530718,2.48300296963e-18,8.84952909795,8.51716776712,n/a,n/a,-1,1.421e-14,4.916e-14,1.40705938637e-17,n/a,2.092e-14,2.106e-14,2.882e-08,1.501e-10,h=0.02:nit=206;h=0.01:nit=289,5.802e-14,2.010e-14,1.000000e+00,2.573e-14,1.293e-09,no,yes,6.28318530718,graded,[axisymmetric critical point; stability NOT COMPUTED (YET)]
P1,1T,2,99.0,0.8,2.0,7.70454657429,7.70454657429,6.1425099117e-19,8.51540839972,8.21975319752,n/a,n/a,-1,4.590e-14,5.376e-14,-1.81275062931e-06,n/a,5.103e-14,4.496e-15,3.474e-08,1.258e-10,h=0.02:nit=587;h=0.01:nit=1198,3.937e-02,3.937e-02,1.000000e+00,3.922e-02,1.087e-09,yes,yes,7.70236258306,report-only (n_tip > 1 at kappa > 1),[axisymmetric critical point; stability NOT COMPUTED (YET)]
P1,1T,2,99.0,0.8,4.0,9.47298744781,9.47298744781,3.66567301393e-19,8.27036656044,7.99981150389,n/a,n/a,-1,1.253e-13,5.083e-14,-1.7877894957e-06,n/a,5.555e-14,5.738e-14,2.789e-08,9.376e-11,h=0.02:nit=670;h=0.01:nit=1235,1.449e-01,1.449e-01,1.000000e+00,8.086e-02,8.508e-10,yes,yes,9.46923716485,report-only (n_tip > 1 at kappa > 1),[axisymmetric critical point; stability NOT COMPUTED (YET)]
P1,1T,2,99.0,0.9,0.25,4.30715742857,4.30715742295,5.61446652656e-09,16.0248456614,13.3563278793,n/a,n/a,-1,1.962e-14,6.838e-14,9.52157627797e-07,n/a,1.795e-14,3.939e-14,1.857e-08,1.991e-10,h=0.02:nit=588;h=0.01:nit=1050,1.443e-02,1.443e-02,1.000000e+00,7.020e-02,1.548e-09,yes,yes,4.31698642739,graded,[axisymmetric critical point; stability NOT COMPUTED (YET)]
P1,1T,2,99.0,0.9,0.5,5.18510132283,5.18510132283,8.65004406768e-13,11.7080830602,10.6576948506,n/a,n/a,-1,8.719e-15,3.439e-14,1.67129284435e-06,n/a,1.216e-14,3.203e-14,1.271e-08,2.047e-10,h=0.02:nit=531;h=0.01:nit=1067,1.280e-02,1.280e-02,1.000000e+00,3.662e-02,1.450e-09,yes,yes,5.18911210327,graded,[axisymmetric critical point; stability NOT COMPUTED (YET)]
P1,1T,2,99.0,0.9,1.0,6.28318530718,6.28318530718,6.19392509205e-18,8.64079092284,8.21686709651,n/a,n/a,-1,1.482e-14,3.408e-14,-2.05286097851e-18,n/a,1.668e-14,1.710e-14,5.568e-08,1.913e-10,h=0.02:nit=216;h=0.01:nit=262,5.621e-14,1.921e-14,1.000000e+00,2.573e-14,1.293e-09,no,yes,6.28318530718,graded,[axisymmetric critical point; stability NOT COMPUTED (YET)]
P1,1T,2,99.0,0.9,2.0,7.65160610841,7.65160610841,1.61658739578e-18,8.33205692879,7.95185170277,n/a,n/a,-1,6.665e-14,5.129e-14,-2.13248529755e-06,n/a,4.425e-14,1.544e-14,1.459e-09,1.599e-10,h=0.02:nit=560;h=0.01:nit=1139,4.159e-02,4.159e-02,1.000000e+00,3.922e-02,1.087e-09,yes,yes,7.6487927891,report-only (n_tip > 1 at kappa > 1),[axisymmetric critical point; stability NOT COMPUTED (YET)]
P1,1T,2,99.0,0.9,4.0,9.34191925847,9.34191925847,1.00708494391e-18,8.10733425273,7.75699478594,n/a,n/a,-1,1.881e-13,5.111e-14,-2.11154884031e-06,n/a,4.707e-14,9.717e-14,3.362e-08,1.185e-10,h=0.02:nit=615;h=0.01:nit=1218,1.526e-01,1.526e-01,1.000000e+00,8.086e-02,8.508e-10,yes,yes,9.33711051047,report-only (n_tip > 1 at kappa > 1),[axisymmetric critical point; stability NOT COMPUTED (YET)]
P1,1T,2,99.0,1,0.25,4.3591483593,4.35914835103,8.27655079203e-09,15.7838364539,12.7051276722,n/a,n/a,-1,4.515e-14,3.118e-14,9.36889648326e-07,n/a,1.456e-14,4.360e-14,1.568e-08,2.469e-10,h=0.02:nit=567;h=0.01:nit=1091,1.530e-02,1.530e-02,1.000000e+00,7.020e-02,1.548e-09,yes,yes,4.37079230143,graded,[axisymmetric critical point; stability NOT COMPUTED (YET)]
P1,1T,2,99.0,1,0.5,5.21704186558,5.21704186558,1.55012283906e-12,11.4956861631,10.2708887872,n/a,n/a,-1,2.909e-14,3.045e-14,1.84758442705e-06,n/a,1.202e-14,3.490e-14,1.943e-08,2.540e-10,h=0.02:nit=525;h=0.01:nit=1073,1.353e-02,1.353e-02,1.000000e+00,3.662e-02,1.450e-09,yes,yes,5.22177028862,graded,[axisymmetric critical point; stability NOT COMPUTED (YET)]
P1,1T,2,99.0,1,1.0,6.28318530718,6.28318530718,1.47808261318e-17,8.46120058514,7.96536411925,n/a,n/a,-1,1.469e-14,3.364e-14,8.69657747721e-19,n/a,1.315e-14,1.343e-14,2.727e-08,2.373e-10,h=0.02:nit=217;h=0.01:nit=262,5.519e-14,1.855e-14,1.000000e+00,2.573e-14,1.293e-09,no,yes,6.28318530718,graded,[axisymmetric critical point; stability NOT COMPUTED (YET)]
P1,1T,2,99.0,1,2.0,7.60328629496,7.60328629496,4.03596707768e-18,8.17388055259,7.72632524301,n/a,n/a,-1,9.783e-14,4.782e-14,-2.47037249757e-06,n/a,3.181e-14,3.481e-14,2.475e-08,1.977e-10,h=0.02:nit=587;h=0.01:nit=1136,4.368e-02,4.368e-02,1.000000e+00,3.922e-02,1.087e-09,yes,yes,7.60000147362,report-only (n_tip > 1 at kappa > 1),[axisymmetric critical point; stability NOT COMPUTED (YET)]
P1,1T,2,99.0,1,4.0,9.2230854375,9.2230854375,2.60635823589e-18,7.96617399457,7.55152991119,n/a,n/a,-1,2.756e-13,5.115e-14,-2.45408493635e-06,n/a,4.085e-14,1.367e-13,1.155e-08,1.454e-10,h=0.02:nit=607;h=0.01:nit=1198,1.596e-01,1.596e-01,1.000000e+00,8.086e-02,8.508e-10,yes,yes,9.21749652985,report-only (n_tip > 1 at kappa > 1),[axisymmetric critical point; stability NOT COMPUTED (YET)]
P1,1T,3,1.0,0.5,0.25,4.71238898038,1.96349540849,2.74889357189,NOT COMPUTED (YET),NOT COMPUTED (YET),n/a,n/a,-1,2.792e-26,1.850e-17,NOT COMPUTED (YET),n/a,3.675e-14,5.202e-14,0.000e+00,1.178e-13,h=0.02:nit=4135;h=0.01:nit=6623,1.021e-14,1.021e-14,1.358630e-55,NOT COMPUTED (YET),5.926e-13,n/a (set has a normal-state row),NOT COMPUTED (YET),5.83882287129,graded,[axisymmetric critical point; stability NOT COMPUTED (YET)]
P1,1T,3,1.0,0.5,0.5,7.06382737127,3.40996000097,3.6538673703,NOT COMPUTED (YET),NOT COMPUTED (YET),n/a,n/a,-1,3.746e-14,1.327e-14,NOT COMPUTED (YET),n/a,2.073e-14,5.532e-15,0.000e+00,2.153e-10,h=0.02:nit=6144;h=0.01:nit=12188,1.997e-02,2.195e-02,3.129803e-01,NOT COMPUTED (YET),4.187e-10,n/a (set has a normal-state row),NOT COMPUTED (YET),7.39022401406,graded,[axisymmetric critical point; stability NOT COMPUTED (YET)]
P1,1T,3,1.0,0.5,1.0,9.42477796077,7.95773806839,1.46703989238,NOT COMPUTED (YET),NOT COMPUTED (YET),n/a,n/a,-1,5.939e-15,3.562e-14,NOT COMPUTED (YET),n/a,5.692e-14,2.771e-14,0.000e+00,1.099e-10,h=0.02:nit=313;h=0.01:nit=135,4.823e-14,1.438e-14,9.530091e-01,1.621e-14,2.230e-09,no,NOT COMPUTED (YET),9.42477796077,graded,[axisymmetric critical point; stability NOT COMPUTED (YET)]
P1,1T,3,1.0,0.5,2.0,12.1199629006,11.6610358101,0.458927090545,NOT COMPUTED (YET),NOT COMPUTED (YET),n/a,n/a,-1,3.814e-15,2.822e-14,NOT COMPUTED (YET),n/a,4.995e-14,2.667e-14,0.000e+00,1.075e-10,h=0.02:nit=2104;h=0.01:nit=4272,1.991e-02,4.006e-02,9.974670e-01,1.533e-02,2.393e-09,yes,NOT COMPUTED (YET),12.0864252816,report-only (n_tip > 1 at kappa > 1),[axisymmetric critical point; stability NOT COMPUTED (YET)]
P1,1T,3,1.0,0.5,4.0,15.5376490689,15.379746592,0.157902476907,NOT COMPUTED (YET),NOT COMPUTED (YET),n/a,n/a,-1,9.799e-15,2.184e-14,NOT COMPUTED (YET),n/a,5.824e-14,2.595e-14,0.000e+00,8.375e-11,h=0.02:nit=2596;h=0.01:nit=3696,9.085e-02,1.397e-01,9.999403e-01,4.038e-02,2.168e-09,yes,NOT COMPUTED (YET),15.5480755112,report-only (n_tip > 1 at kappa > 1),[axisymmetric critical point; stability NOT COMPUTED (YET)]
P1,1T,3,1.0,0.6,0.25,4.71238898038,2.06167017892,2.65071880147,NOT COMPUTED (YET),NOT COMPUTED (YET),n/a,n/a,-1,2.814e-26,1.850e-17,NOT COMPUTED (YET),n/a,3.430e-14,8.840e-14,0.000e+00,5.926e-13,h=0.02:nit=4186;h=0.01:nit=8124,1.123e-14,1.123e-14,4.440506e-56,NOT COMPUTED (YET),5.926e-13,n/a (set has a normal-state row),NOT COMPUTED (YET),5.93877016209,graded,[axisymmetric critical point; stability NOT COMPUTED (YET)]
P1,1T,3,1.0,0.6,0.5,7.06445669759,3.56469899697,3.49975770062,NOT COMPUTED (YET),NOT COMPUTED (YET),n/a,n/a,-1,3.796e-14,3.753e-14,NOT COMPUTED (YET),n/a,1.508e-14,7.543e-16,0.000e+00,2.435e-10,h=0.02:nit=7543;h=0.01:nit=12350,2.051e-02,2.232e-02,2.987025e-01,NOT COMPUTED (YET),4.187e-10,n/a (set has a normal-state row),NOT COMPUTED (YET),7.45279782278,graded,[axisymmetric critical point; stability NOT COMPUTED (YET)]
P1,1T,3,1.0,0.6,1.0,9.42477796077,8.15306825749,1.27170970328,NOT COMPUTED (YET),NOT COMPUTED (YET),n/a,n/a,-1,6.312e-15,2.959e-14,NOT COMPUTED (YET),n/a,4.938e-14,2.526e-14,0.000e+00,1.236e-10,h=0.02:nit=369;h=0.01:nit=188,4.202e-14,1.324e-14,9.515277e-01,1.621e-14,2.230e-09,no,NOT COMPUTED (YET),9.42477796077,graded,[axisymmetric critical point; stability NOT COMPUTED (YET)]
P1,1T,3,1.0,0.6,2.0,12.0875348734,11.7053347563,0.382200117139,NOT COMPUTED (YET),NOT COMPUTED (YET),n/a,n/a,-1,5.838e-15,2.268e-14,NOT COMPUTED (YET),n/a,4.203e-14,2.307e-14,0.000e+00,1.249e-10,h=0.02:nit=2382;h=0.01:nit=5232,1.940e-02,4.027e-02,9.973127e-01,1.533e-02,2.393e-09,yes,NOT COMPUTED (YET),11.9859414242,report-only (n_tip > 1 at kappa > 1),[axisymmetric critical point; stability NOT COMPUTED (YET)]
P1,1T,3,1.0,0.6,4.0,15.421406446,15.2855145753,0.135891870641,NOT COMPUTED (YET),NOT COMPUTED (YET),n/a,n/a,-1,1.671e-14,1.741e-14,NOT COMPUTED (YET),n/a,5.070e-14,2.304e-14,0.000e+00,1.049e-10,h=0.02:nit=2019;h=0.01:nit=4155,9.065e-02,1.397e-01,9.999332e-01,4.038e-02,2.168e-09,yes,NOT COMPUTED (YET),15.2908097715,report-only (n_tip > 1 at kappa > 1),[axisymmetric critical point; stability NOT COMPUTED (YET)]
P1,1T,3,1.0,0.7,0.25,4.71238898038,2.14829497635,2.56409400403,NOT COMPUTED (YET),NOT COMPUTED (YET),n/a,n/a,-1,2.019e-26,1.850e-17,NOT COMPUTED (YET),n/a,3.204e-14,7.143e-14,0.000e+00,2.441e-13,h=0.02:nit=3504;h=0.01:nit=8131,1.023e-14,1.023e-14,6.247934e-55,NOT COMPUTED (YET),5.926e-13,n/a (set has a normal-state row),NOT COMPUTED (YET),6.02910176075,graded,[axisymmetric critical point; stability NOT COMPUTED (YET)]
P1,1T,3,1.0,0.7,0.5,7.06517719608,3.6886560862,3.37652110987,NOT COMPUTED (YET),NOT COMPUTED (YET),n/a,n/a,-1,8.334e-14,1.592e-13,NOT COMPUTED (YET),n/a,1.131e-14,8.171e-15,0.000e+00,1.800e-10,h=0.02:nit=6287;h=0.01:nit=12207,2.120e-02,2.280e-02,2.804625e-01,NOT COMPUTED (YET),4.187e-10,n/a (set has a normal-state row),NOT COMPUTED (YET),7.50909583112,graded,[axisymmetric critical point; stability NOT COMPUTED (YET)]
P1,1T,3,1.0,0.7,1.0,9.42477796077,8.29760076531,1.12717719546,NOT COMPUTED (YET),NOT COMPUTED (YET),n/a,n/a,-1,6.952e-15,2.615e-14,NOT COMPUTED (YET),n/a,4.448e-14,2.243e-14,0.000e+00,1.466e-09,h=0.02:nit=345;h=0.01:nit=201,3.694e-14,1.220e-14,9.496670e-01,1.621e-14,2.230e-09,no,NOT COMPUTED (YET),9.42477796077,graded,[axisymmetric critical point; stability NOT COMPUTED (YET)]
P1,1T,3,1.0,0.7,2.0,12.0516325363,11.7201359775,0.331496558785,NOT COMPUTED (YET),NOT COMPUTED (YET),n/a,n/a,-1,7.520e-15,1.879e-14,NOT COMPUTED (YET),n/a,3.675e-14,2.137e-14,0.000e+00,1.506e-09,h=0.02:nit=2597;h=0.01:nit=4051,1.907e-02,4.038e-02,9.971149e-01,1.533e-02,2.393e-09,yes,NOT COMPUTED (YET),11.8964734811,report-only (n_tip > 1 at kappa > 1),[axisymmetric critical point; stability NOT COMPUTED (YET)]
P1,1T,3,1.0,0.7,4.0,15.2990757243,15.1766169974,0.122458726978,NOT COMPUTED (YET),NOT COMPUTED (YET),n/a,n/a,-1,2.624e-14,3.797e-14,NOT COMPUTED (YET),n/a,4.655e-14,2.229e-14,0.000e+00,1.324e-09,h=0.02:nit=2625;h=0.01:nit=3858,9.136e-02,1.391e-01,9.999239e-01,4.038e-02,2.168e-09,yes,NOT COMPUTED (YET),15.0631809821,report-only (n_tip > 1 at kappa > 1),[axisymmetric critical point; stability NOT COMPUTED (YET)]
P1,1T,3,1.0,0.8,0.25,4.71238898038,2.22529479629,2.48709418409,NOT COMPUTED (YET),NOT COMPUTED (YET),n/a,n/a,-1,1.514e-26,1.850e-17,NOT COMPUTED (YET),n/a,2.959e-14,3.751e-14,0.000e+00,1.225e-13,h=0.02:nit=4255;h=0.01:nit=6661,1.132e-14,1.132e-14,1.593102e-54,NOT COMPUTED (YET),5.926e-13,n/a (set has a normal-state row),NOT COMPUTED (YET),6.1117630894,graded,[axisymmetric critical point; stability NOT COMPUTED (YET)]
P1,1T,3,1.0,0.8,0.5,7.06591758934,3.78595504441,3.27996254492,NOT COMPUTED (YET),NOT COMPUTED (YET),n/a,n/a,-1,2.230e-14,1.476e-14,NOT COMPUTED (YET),n/a,8.481e-15,1.446e-14,0.000e+00,1.467e-10,h=0.02:nit=6053;h=0.01:nit=12366,2.201e-02,2.338e-02,2.587827e-01,NOT COMPUTED (YET),4.187e-10,n/a (set has a normal-state row),NOT COMPUTED (YET),7.56039933802,graded,[axisymmetric critical point; stability NOT COMPUTED (YET)]
P1,1T,3,1.0,0.8,1.0,9.42477796077,8.40595714687,1.0188208139,NOT COMPUTED (YET),NOT COMPUTED (YET),n/a,n/a,-1,4.952e-15,5.811e-14,NOT COMPUTED (YET),n/a,4.033e-14,1.904e-14,0.000e+00,1.709e-09,h=0.02:nit=381;h=0.01:nit=250,3.304e-14,1.049e-14,9.474814e-01,1.621e-14,2.230e-09,no,NOT COMPUTED (YET),9.42477796077,graded,[axisymmetric critical point; stability NOT COMPUTED (YET)]
P1,1T,3,1.0,0.8,2.0,12.013873777,11.7168121626,0.297061614463,NOT COMPUTED (YET),NOT COMPUTED (YET),n/a,n/a,-1,1.237e-14,1.950e-14,NOT COMPUTED (YET),n/a,3.298e-14,1.967e-14,0.000e+00,1.788e-09,h=0.02:nit=2404;h=0.01:nit=5002,1.891e-02,4.039e-02,9.968771e-01,1.533e-02,2.393e-09,yes,NOT COMPUTED (YET),11.8157251294,report-only (n_tip > 1 at kappa > 1),[axisymmetric critical point; stability NOT COMPUTED (YET)]
P1,1T,3,1.0,0.8,4.0,15.1754479137,15.0612779599,0.114169953797,NOT COMPUTED (YET),NOT COMPUTED (YET),n/a,n/a,-1,4.471e-14,1.936e-14,NOT COMPUTED (YET),n/a,4.260e-14,2.048e-14,0.000e+00,1.592e-09,h=0.02:nit=2155;h=0.01:nit=4306,9.280e-02,1.380e-01,9.999125e-01,4.038e-02,2.168e-09,yes,NOT COMPUTED (YET),14.8589278441,report-only (n_tip > 1 at kappa > 1),[axisymmetric critical point; stability NOT COMPUTED (YET)]
P1,1T,3,1.0,0.9,0.25,4.71238898038,2.29418937203,2.41819960836,NOT COMPUTED (YET),NOT COMPUTED (YET),n/a,n/a,-1,1.157e-26,1.850e-17,NOT COMPUTED (YET),n/a,2.733e-14,5.240e-14,0.000e+00,1.197e-13,h=0.02:nit=3590;h=0.01:nit=6666,1.227e-14,1.227e-14,1.884100e-54,NOT COMPUTED (YET),5.926e-13,n/a (set has a normal-state row),NOT COMPUTED (YET),6.18811384692,graded,[axisymmetric critical point; stability NOT COMPUTED (YET)]
P1,1T,3,1.0,0.9,0.5,7.06661828106,3.86026603086,3.2063522502,NOT COMPUTED (YET),NOT COMPUTED (YET),n/a,n/a,-1,5.066e-13,1.115e-12,NOT COMPUTED (YET),n/a,6.597e-15,2.049e-14,0.000e+00,4.187e-10,h=0.02:nit=6578;h=0.01:nit=16602,2.292e-02,2.404e-02,2.341185e-01,NOT COMPUTED (YET),4.187e-10,n/a (set has a normal-state row),NOT COMPUTED (YET),7.60760318018,graded,[axisymmetric critical point; stability NOT COMPUTED (YET)]
P1,1T,3,1.0,0.9,1.0,9.42477796077,8.48824109392,0.936536866846,NOT COMPUTED (YET),NOT COMPUTED (YET),n/a,n/a,-1,4.378e-15,5.870e-14,NOT COMPUTED (YET),n/a,3.732e-14,1.753e-14,0.000e+00,1.941e-10,h=0.02:nit=361;h=0.01:nit=229,3.071e-14,9.687e-15,9.450175e-01,1.621e-14,2.230e-09,no,NOT COMPUTED (YET),9.42477796077,graded,[axisymmetric critical point; stability NOT COMPUTED (YET)]
P1,1T,3,1.0,0.9,2.0,11.9753846156,11.7021899596,0.273194656048,NOT COMPUTED (YET),NOT COMPUTED (YET),n/a,n/a,-1,1.642e-14,1.898e-14,NOT COMPUTED (YET),n/a,2.978e-14,1.839e-14,0.000e+00,2.197e-10,h=0.02:nit=2329;h=0.01:nit=4553,1.890e-02,4.032e-02,9.966019e-01,1.533e-02,2.393e-09,yes,NOT COMPUTED (YET),11.7420950992,report-only (n_tip > 1 at kappa > 1),[axisymmetric critical point; stability NOT COMPUTED (YET)]
P1,1T,3,1.0,0.9,4.0,15.0534067562,14.944265566,0.109141190217,NOT COMPUTED (YET),NOT COMPUTED (YET),n/a,n/a,-1,6.147e-14,2.622e-14,NOT COMPUTED (YET),n/a,3.958e-14,3.139e-14,0.000e+00,1.955e-10,h=0.02:nit=2195;h=0.01:nit=5267,9.479e-02,1.367e-01,9.998988e-01,4.038e-02,2.168e-09,yes,NOT COMPUTED (YET),14.6736887674,report-only (n_tip > 1 at kappa > 1),[axisymmetric critical point; stability NOT COMPUTED (YET)]
P1,1T,3,1.0,1,0.25,NOT COMPUTED (YET),NOT COMPUTED (YET),NOT COMPUTED (YET),NOT COMPUTED (YET),NOT COMPUTED (YET),NOT COMPUTED (YET),NOT COMPUTED (YET),NOT COMPUTED (YET),n/a (normal state),n/a (normal state),NOT COMPUTED (YET),NOT COMPUTED (YET),n/a (normal state),n/a (normal state),n/a (normal state),n/a (normal state),n/a (normal state),1.388e-17,1.388e-17,0.000000e+00,n/a (normal state),n/a (normal state),n/a (normal state),n/a (normal state),n/a,n/a (normal state),"[normal state: exact solution, linearly stable for B > κ/2, marginal at B = κ/2; whether a vortex branch coexists (κ < 1, subcritical) is NOT COMPUTED (YET)] [by construction; not a test] [Venus 20:44]; normal-state energy (not a vortex value) = 4.71238898038"
P1,1T,3,1.0,1,0.5,NOT COMPUTED (YET),NOT COMPUTED (YET),NOT COMPUTED (YET),NOT COMPUTED (YET),NOT COMPUTED (YET),NOT COMPUTED (YET),NOT COMPUTED (YET),NOT COMPUTED (YET),n/a (normal state),n/a (normal state),NOT COMPUTED (YET),NOT COMPUTED (YET),n/a (normal state),n/a (normal state),n/a (normal state),n/a (normal state),n/a (normal state),3.125e-02,3.125e-02,0.000000e+00,n/a (normal state),n/a (normal state),n/a (normal state),n/a (normal state),n/a,n/a (normal state),"[normal state: exact solution, linearly stable for B > κ/2, marginal at B = κ/2; whether a vortex branch coexists (κ < 1, subcritical) is NOT COMPUTED (YET)] [by construction; not a test] [Venus 20:44]; normal-state energy (not a vortex value) = 7.06858347058"
P1,1T,3,1.0,1,1.0,9.42477796077,8.55146103485,0.873316925921,NOT COMPUTED (YET),NOT COMPUTED (YET),n/a,n/a,-1,4.210e-15,5.671e-14,NOT COMPUTED (YET),n/a,3.506e-14,1.602e-14,0.000e+00,2.230e-09,h=0.02:nit=476;h=0.01:nit=239,2.937e-14,9.270e-15,9.423145e-01,1.621e-14,2.230e-09,no,NOT COMPUTED (YET),9.42477796077,graded,[axisymmetric critical point; stability NOT COMPUTED (YET)]
P1,1T,3,1.0,1,2.0,11.9369272232,11.6804868679,0.256440355327,NOT COMPUTED (YET),NOT COMPUTED (YET),n/a,n/a,-1,2.328e-14,2.092e-14,NOT COMPUTED (YET),n/a,2.733e-14,1.711e-14,0.000e+00,2.393e-09,h=0.02:nit=2274;h=0.01:nit=4329,1.903e-02,4.017e-02,9.962915e-01,1.533e-02,2.393e-09,yes,NOT COMPUTED (YET),11.674413225,report-only (n_tip > 1 at kappa > 1),[axisymmetric critical point; stability NOT COMPUTED (YET)]
P1,1T,3,1.0,1,4.0,14.9346162733,14.8283379911,0.106278282222,NOT COMPUTED (YET),NOT COMPUTED (YET),n/a,n/a,-1,8.949e-14,2.247e-14,NOT COMPUTED (YET),n/a,3.619e-14,4.318e-14,0.000e+00,2.168e-09,h=0.02:nit=2758;h=0.01:nit=4904,9.717e-02,1.351e-01,9.998827e-01,4.038e-02,2.168e-09,yes,NOT COMPUTED (YET),14.5042802305,report-only (n_tip > 1 at kappa > 1),[axisymmetric critical point; stability NOT COMPUTED (YET)]
P1,1T,3,24.0,0.5,0.25,5.85795301647,5.85784608396,0.000106932506467,NOT COMPUTED (YET),NOT COMPUTED (YET),n/a,n/a,-1,9.289e-15,5.548e-14,NOT COMPUTED (YET),n/a,3.411e-14,2.684e-14,0.000e+00,1.576e-09,h=0.02:nit=1073;h=0.01:nit=1760,8.746e-03,1.174e-02,9.999880e-01,5.496e-02,3.974e-09,yes,NOT COMPUTED (YET),5.83882287129,graded,[axisymmetric critical point; stability NOT COMPUTED (YET)]
P1,1T,3,24.0,0.5,0.5,7.40009531737,7.40009478905,5.28320545252e-07,14.2676880295,14.1344694143,n/a,n/a,-1,1.093e-15,4.470e-14,5.87972370605e-07,n/a,3.223e-14,2.400e-14,2.183e-08,1.481e-09,h=0.02:nit=296;h=0.01:nit=613,7.871e-03,1.097e-02,1.000000e+00,2.969e-02,3.867e-09,yes,yes,7.39022401406,graded,[axisymmetric critical point; stability NOT COMPUTED (YET)]
P1,1T,3,24.0,0.5,1.0,9.42477796077,9.42477796032,4.51918439485e-10,10.7546392389,11.1061849682,n/a,n/a,-1,2.259e-15,3.841e-14,1.05340972465e-17,n/a,1.753e-14,2.507e-14,3.863e-09,1.329e-09,h=0.02:nit=176;h=0.01:nit=224,3.220e-14,7.966e-15,1.000000e+00,1.470e-14,3.540e-09,no,yes,9.42477796077,graded,[axisymmetric critical point; stability NOT COMPUTED (YET)]
P1,1T,3,24.0,0.5,2.0,12.0773459825,12.0773459824,6.69030443909e-11,10.1723954976,10.5238720863,n/a,n/a,-1,3.465e-15,3.510e-14,-1.018468549e-06,n/a,3.770e-15,2.647e-14,1.731e-08,1.130e-09,h=0.02:nit=335;h=0.01:nit=743,2.632e-02,3.742e-02,1.000000e+00,3.294e-02,3.023e-09,yes,yes,12.0864252816,report-only (n_tip > 1 at kappa > 1),[axisymmetric critical point; stability NOT COMPUTED (YET)]
P1,1T,3,24.0,0.5,4.0,15.531135437,15.5311354369,2.61450391919e-11,9.72394942877,10.0663686063,n/a,n/a,-1,1.047e-14,2.941e-14,-9.98203837675e-07,n/a,3.770e-15,2.756e-14,3.273e-08,9.045e-10,h=0.02:nit=388;h=0.01:nit=809,9.830e-02,1.362e-01,1.000000e+00,6.853e-02,2.386e-09,yes,yes,15.5480755112,report-only (n_tip > 1 at kappa > 1),[axisymmetric critical point; stability NOT COMPUTED (YET)]
P1,1T,3,24.0,0.6,0.25,5.9317661957,5.9316558332,0.000110362507416,NOT COMPUTED (YET),NOT COMPUTED (YET),n/a,n/a,-1,7.068e-15,4.673e-14,NOT COMPUTED (YET),n/a,3.129e-14,2.381e-14,0.000e+00,2.099e-09,h=0.02:nit=1475;h=0.01:nit=1634,9.094e-03,1.163e-02,9.999844e-01,5.496e-02,3.974e-09,yes,NOT COMPUTED (YET),5.93877016209,graded,[axisymmetric critical point; stability NOT COMPUTED (YET)]
P1,1T,3,24.0,0.6,0.5,7.45075903463,7.45075844703,5.87600009689e-07,13.8161407912,12.3186014391,n/a,n/a,-1,5.515e-15,4.766e-14,5.17873311192e-07,n/a,2.959e-14,2.289e-14,1.300e-08,1.998e-09,h=0.02:nit=291;h=0.01:nit=551,8.298e-03,1.082e-02,1.000000e+00,2.969e-02,3.867e-09,yes,yes,7.45279782278,graded,[axisymmetric critical point; stability NOT COMPUTED (YET)]
P1,1T,3,24.0,0.6,1.0,9.42477796077,9.42477796019,5.78488943401e-10,10.3441948639,9.95215057152,n/a,n/a,-1,2.563e-15,3.743e-14,-1.90375835632e-19,n/a,1.753e-14,2.243e-14,2.688e-09,1.810e-09,h=0.02:nit=161;h=0.01:nit=214,2.957e-14,7.494e-15,1.000000e+00,1.470e-14,3.540e-09,no,yes,9.42477796077,graded,[axisymmetric critical point; stability NOT COMPUTED (YET)]
P1,1T,3,24.0,0.6,2.0,11.9866958677,11.9866958676,9.58842075759e-11,9.81423259657,9.50871329003,n/a,n/a,-1,5.113e-15,3.384e-14,-1.10047218988e-06,n/a,7.539e-15,2.386e-14,2.527e-08,1.546e-09,h=0.02:nit=337;h=0.01:nit=693,2.818e-02,3.649e-02,1.000000e+00,3.294e-02,3.023e-09,yes,yes,11.9859414242,report-only (n_tip > 1 at kappa > 1),[axisymmetric critical point; stability NOT COMPUTED (YET)]
P1,1T,3,24.0,0.6,4.0,15.2917688392,15.2917688392,4.13646161117e-11,9.41155675745,9.16132479621,n/a,n/a,-1,1.529e-14,2.851e-14,-1.09666923976e-06,n/a,9.424e-16,2.474e-14,4.344e-09,1.236e-09,h=0.02:nit=383;h=0.01:nit=791,1.056e-01,1.321e-01,1.000000e+00,6.853e-02,2.386e-09,yes,yes,15.2908097715,report-only (n_tip > 1 at kappa > 1),[axisymmetric critical point; stability NOT COMPUTED (YET)]
P1,1T,3,24.0,0.7,0.25,6.00322711037,6.00310769376,0.000119416610713,NOT COMPUTED (YET),NOT COMPUTED (YET),n/a,n/a,-1,2.377e-14,4.113e-14,NOT COMPUTED (YET),n/a,2.865e-14,2.130e-14,0.000e+00,2.463e-10,h=0.02:nit=1405;h=0.01:nit=2642,9.514e-03,1.150e-02,9.999797e-01,5.496e-02,3.974e-09,yes,NOT COMPUTED (YET),6.02910176075,graded,[axisymmetric critical point; stability NOT COMPUTED (YET)]
P1,1T,3,24.0,0.7,0.5,7.49874428571,7.49874359233,6.93381455183e-07,13.4525062773,11.0211853645,n/a,n/a,-1,2.217e-14,4.782e-14,4.30030650712e-07,n/a,2.733e-14,2.120e-14,9.615e-09,2.526e-10,h=0.02:nit=296;h=0.01:nit=595,8.764e-03,1.065e-02,9.999999e-01,2.969e-02,3.867e-09,yes,yes,7.50909583112,graded,[axisymmetric critical point; stability NOT COMPUTED (YET)]
P1,1T,3,24.0,0.7,1.0,9.42477796077,9.42477795998,7.92719606921e-10,10.0146512529,9.13243206216,n/a,n/a,-1,2.918e-15,3.714e-14,-4.42154805402e-18,n/a,1.828e-14,2.073e-14,1.212e-08,2.380e-10,h=0.02:nit=157;h=0.01:nit=217,2.781e-14,7.189e-15,1.000000e+00,1.470e-14,3.540e-09,no,yes,9.42477796077,graded,[axisymmetric critical point; stability NOT COMPUTED (YET)]
P1,1T,3,24.0,0.7,2.0,11.9037472959,11.9037472958,1.4408562415e-10,9.52749250306,8.78221393418,n/a,n/a,-1,4.962e-15,4.751e-14,-1.1779208835e-06,n/a,9.989e-15,2.194e-14,1.838e-08,2.030e-10,h=0.02:nit=325;h=0.01:nit=626,3.003e-02,3.558e-02,1.000000e+00,3.294e-02,3.023e-09,yes,yes,11.8964734811,report-only (n_tip > 1 at kappa > 1),[axisymmetric critical point; stability NOT COMPUTED (YET)]
P1,1T,3,24.0,0.7,4.0,15.0757690908,15.0757690907,6.7256835052e-11,9.16142862707,8.50822652354,n/a,n/a,-1,1.936e-14,4.765e-14,-1.190630463e-06,n/a,4.147e-15,2.239e-14,2.199e-08,1.554e-10,h=0.02:nit=359;h=0.01:nit=770,1.126e-01,1.281e-01,1.000000e+00,6.853e-02,2.386e-09,yes,yes,15.0631809821,report-only (n_tip > 1 at kappa > 1),[axisymmetric critical point; stability NOT COMPUTED (YET)]
P1,1T,3,24.0,0.8,0.25,6.07161066033,6.07147781138,0.000132848951292,NOT COMPUTED (YET),NOT COMPUTED (YET),n/a,n/a,-1,1.271e-14,3.585e-14,NOT COMPUTED (YET),n/a,2.658e-14,2.106e-14,0.000e+00,3.192e-10,h=0.02:nit=1398;h=0.01:nit=2645,9.974e-03,1.137e-02,9.999736e-01,5.496e-02,3.974e-09,yes,NOT COMPUTED (YET),6.1117630894,graded,[axisymmetric critical point; stability NOT COMPUTED (YET)]
P1,1T,3,24.0,0.8,0.5,7.54393958586,7.54393874074,8.4511699402e-07,13.1521905267,10.0363523783,n/a,n/a,-1,1.201e-14,4.129e-14,3.23892078465e-07,n/a,2.582e-14,1.978e-14,1.059e-08,3.298e-10,h=0.02:nit=288;h=0.01:nit=552,9.247e-03,1.049e-02,9.999999e-01,2.969e-02,3.867e-09,yes,yes,7.56039933802,graded,[axisymmetric critical point; stability NOT COMPUTED (YET)]
P1,1T,3,24.0,0.8,1.0,9.42477796077,9.42477795965,1.12301087615e-09,9.74255004954,8.51276782008,n/a,n/a,-1,3.322e-15,3.717e-14,5.76053373761e-18,n/a,1.904e-14,1.941e-14,2.333e-08,3.125e-10,h=0.02:nit=158;h=0.01:nit=213,2.660e-14,6.981e-15,1.000000e+00,1.470e-14,3.540e-09,no,yes,9.42477796077,graded,[axisymmetric critical point; stability NOT COMPUTED (YET)]
P1,1T,3,24.0,0.8,2.0,11.8275785652,11.827578565,2.20352716642e-10,9.29099336036,8.22898241174,n/a,n/a,-1,2.180e-14,3.519e-14,-1.24701350124e-06,n/a,1.244e-14,2.043e-14,3.658e-08,2.669e-10,h=0.02:nit=312;h=0.01:nit=610,3.181e-02,3.470e-02,1.000000e+00,3.294e-02,3.023e-09,yes,yes,11.8157251294,report-only (n_tip > 1 at kappa > 1),[axisymmetric critical point; stability NOT COMPUTED (YET)]
P1,1T,3,24.0,0.8,4.0,14.8795368991,14.879536899,1.09690436895e-10,8.95488199977,8.00705917214,n/a,n/a,-1,5.433e-14,2.830e-14,-1.27640053777e-06,n/a,6.597e-15,3.056e-14,1.697e-08,2.041e-10,h=0.02:nit=341;h=0.01:nit=705,1.193e-01,1.244e-01,1.000000e+00,6.853e-02,2.386e-09,yes,yes,14.8589278441,report-only (n_tip > 1 at kappa > 1),[axisymmetric critical point; stability NOT COMPUTED (YET)]
P1,1T,3,24.0,0.9,0.25,6.13673533752,6.13658517622,0.000150161304809,NOT COMPUTED (YET),NOT COMPUTED (YET),n/a,n/a,-1,2.445e-14,3.021e-14,NOT COMPUTED (YET),n/a,2.450e-14,2.345e-14,0.000e+00,3.974e-09,h=0.02:nit=1455;h=0.01:nit=2666,1.046e-02,1.123e-02,9.999661e-01,5.496e-02,3.974e-09,yes,NOT COMPUTED (YET),6.18811384692,graded,[axisymmetric critical point; stability NOT COMPUTED (YET)]
P1,1T,3,24.0,0.9,0.5,7.58646463203,7.5864635847,1.04732886344e-06,12.8991816879,9.25427443921,n/a,n/a,-1,2.109e-14,3.818e-14,1.99593381951e-07,n/a,2.431e-14,2.096e-14,1.039e-08,3.867e-09,h=0.02:nit=293;h=0.01:nit=587,9.735e-03,1.032e-02,9.999998e-01,2.969e-02,3.867e-09,yes,yes,7.60760318018,graded,[axisymmetric critical point; stability NOT COMPUTED (YET)]
P1,1T,3,24.0,0.9,1.0,9.42477796077,9.42477795916,1.6126545989e-09,9.5128950953,8.02229654721,n/a,n/a,-1,3.960e-15,3.761e-14,-2.56315160068e-18,n/a,2.017e-14,1.734e-14,1.330e-09,3.540e-09,h=0.02:nit=160;h=0.01:nit=210,2.635e-14,7.050e-15,1.000000e+00,1.470e-14,3.540e-09,no,yes,9.42477796077,graded,[axisymmetric critical point; stability NOT COMPUTED (YET)]
P1,1T,3,24.0,0.9,2.0,11.7573146142,11.7573146138,3.37516669366e-10,9.09140730182,7.78806712308,n/a,n/a,-1,3.188e-14,3.444e-14,-1.30494616422e-06,n/a,1.414e-14,1.858e-14,2.826e-08,3.023e-09,h=0.02:nit=333;h=0.01:nit=574,3.353e-02,3.386e-02,1.000000e+00,3.294e-02,3.023e-09,yes,yes,11.7420950992,report-only (n_tip > 1 at kappa > 1),[axisymmetric critical point; stability NOT COMPUTED (YET)]
P1,1T,3,24.0,0.9,4.0,14.7000918594,14.7000918593,1.77254643057e-10,8.78027824205,7.60484006213,n/a,n/a,-1,7.690e-14,4.485e-14,-1.35119101489e-06,n/a,7.728e-15,4.628e-14,6.528e-09,2.386e-09,h=0.02:nit=376;h=0.01:nit=670,1.256e-01,1.256e-01,1.000000e+00,6.853e-02,2.386e-09,yes,yes,14.6736887674,report-only (n_tip > 1 at kappa > 1),[axisymmetric critical point; stability NOT COMPUTED (YET)]
P1,1T,3,24.0,1,0.25,6.19865949078,6.19848830551,0.000171185266353,NOT COMPUTED (YET),NOT COMPUTED (YET),n/a,n/a,-1,1.690e-14,4.421e-14,NOT COMPUTED (YET),n/a,2.318e-14,2.479e-14,0.000e+00,4.982e-10,h=0.02:nit=1301;h=0.01:nit=2750,1.095e-02,1.109e-02,9.999568e-01,5.496e-02,3.974e-09,yes,NOT COMPUTED (YET),6.25915010337,graded,[axisymmetric critical point; stability NOT COMPUTED (YET)]
P1,1T,3,24.0,1,0.5,7.62651581903,7.62651451177,1.30726057095e-06,12.6825977878,8.61133784545,n/a,n/a,-1,1.140e-14,4.336e-14,5.77584530741e-08,n/a,2.262e-14,2.306e-14,1.875e-08,5.203e-10,h=0.02:nit=300;h=0.01:nit=564,1.022e-02,1.022e-02,9.999998e-01,2.969e-02,3.867e-09,yes,yes,7.65136237067,graded,[axisymmetric critical point; stability NOT COMPUTED (YET)]
P1,1T,3,24.0,1,1.0,9.42477796077,9.42477795845,2.32088309209e-09,9.31563266036,7.62025998879,n/a,n/a,-1,4.799e-15,3.878e-14,-9.70659565847e-19,n/a,2.224e-14,1.564e-14,1.880e-08,4.953e-10,h=0.02:nit=160;h=0.01:nit=211,2.606e-14,7.036e-15,1.000000e+00,1.470e-14,3.540e-09,no,yes,9.42477796077,graded,[axisymmetric critical point; stability NOT COMPUTED (YET)]
P1,1T,3,24.0,1,2.0,11.6921984827,11.6921984822,5.13297214196e-10,8.91989081054,7.42433907318,n/a,n/a,-1,4.614e-14,3.650e-14,-1.34954738041e-06,n/a,3.204e-15,2.887e-15,3.036e-08,4.228e-10,h=0.02:nit=311;h=0.01:nit=603,3.518e-02,3.518e-02,1.000000e+00,3.294e-02,3.023e-09,yes,yes,11.674413225,report-only (n_tip > 1 at kappa > 1),[axisymmetric critical point; stability NOT COMPUTED (YET)]
P1,1T,3,24.0,1,4.0,14.5350256537,14.5350256534,2.82067080034e-10,8.62994138574,7.27092988557,n/a,n/a,-1,1.288e-13,3.200e-14,-1.41279520522e-06,n/a,2.639e-15,5.011e-14,2.959e-08,3.210e-10,h=0.02:nit=347;h=0.01:nit=650,1.315e-01,1.315e-01,1.000000e+00,6.853e-02,2.386e-09,yes,yes,14.5042802305,report-only (n_tip > 1 at kappa > 1),[axisymmetric critical point; stability NOT COMPUTED (YET)]
P1,1T,3,4.0,0.5,0.25,5.74972049371,5.07805535851,0.671665135202,NOT COMPUTED (YET),NOT COMPUTED (YET),n/a,n/a,-1,7.024e-15,3.962e-14,NOT COMPUTED (YET),n/a,4.052e-14,1.915e-14,0.000e+00,1.194e-09,h=0.02:nit=3186;h=0.01:nit=5834,3.767e-03,1.225e-02,9.060879e-01,2.151e-02,3.150e-09,yes,NOT COMPUTED (YET),5.83882287129,graded,[axisymmetric critical point; stability NOT COMPUTED (YET)]
P1,1T,3,4.0,0.5,0.5,7.38340008792,7.25181036132,0.131589726595,NOT COMPUTED (YET),NOT COMPUTED (YET),n/a,n/a,-1,1.043e-14,4.743e-14,NOT COMPUTED (YET),n/a,4.523e-14,2.490e-14,0.000e+00,1.253e-09,h=0.02:nit=2386;h=0.01:nit=3350,6.408e-03,1.124e-02,9.924809e-01,1.695e-02,3.746e-09,yes,NOT COMPUTED (YET),7.39022401406,graded,[axisymmetric critical point; stability NOT COMPUTED (YET)]
P1,1T,3,4.0,0.5,1.0,9.42477796077,9.4103095829,0.0144683778698,NOT COMPUTED (YET),NOT COMPUTED (YET),n/a,n/a,-1,2.119e-15,3.576e-14,NOT COMPUTED (YET),n/a,5.089e-14,2.469e-14,0.000e+00,1.166e-09,h=0.02:nit=144;h=0.01:nit=191,3.016e-14,7.494e-15,9.997673e-01,8.858e-15,3.791e-09,no,NOT COMPUTED (YET),9.42477796077,graded,[axisymmetric critical point; stability NOT COMPUTED (YET)]
P1,1T,3,4.0,0.5,2.0,12.0654590539,12.063076783,0.00238227090025,NOT COMPUTED (YET),NOT COMPUTED (YET),n/a,n/a,-1,8.408e-15,3.503e-14,NOT COMPUTED (YET),n/a,5.372e-14,2.635e-14,0.000e+00,1.003e-09,h=0.02:nit=1446;h=0.01:nit=2427,2.626e-02,3.738e-02,9.999983e-01,2.527e-02,3.444e-09,yes,NOT COMPUTED (YET),12.0864252816,report-only (n_tip > 1 at kappa > 1),[axisymmetric critical point; stability NOT COMPUTED (YET)]
P1,1T,3,4.0,0.5,4.0,15.4962735514,15.4953757588,0.000897792597214,NOT COMPUTED (YET),NOT COMPUTED (YET),n/a,n/a,-1,2.795e-14,4.589e-14,NOT COMPUTED (YET),n/a,4.825e-14,2.659e-14,0.000e+00,8.086e-10,h=0.02:nit=1237;h=0.01:nit=2333,9.974e-02,1.353e-01,1.000000e+00,5.677e-02,2.825e-09,yes,NOT COMPUTED (YET),15.5480755112,report-only (n_tip > 1 at kappa > 1),[axisymmetric critical point; stability NOT COMPUTED (YET)]
P1,1T,3,4.0,0.6,0.25,5.77136117822,5.1650049957,0.606356182513,NOT COMPUTED (YET),NOT COMPUTED (YET),n/a,n/a,-1,4.788e-15,3.183e-14,NOT COMPUTED (YET),n/a,3.525e-14,2.185e-14,0.000e+00,1.511e-10,h=0.02:nit=2976;h=0.01:nit=6214,3.389e-03,1.231e-02,9.010303e-01,2.151e-02,3.150e-09,yes,NOT COMPUTED (YET),5.93877016209,graded,[axisymmetric critical point; stability NOT COMPUTED (YET)]
P1,1T,3,4.0,0.6,0.5,7.40675003602,7.29396671363,0.112783322395,NOT COMPUTED (YET),NOT COMPUTED (YET),n/a,n/a,-1,1.190e-14,4.513e-14,NOT COMPUTED (YET),n/a,3.920e-14,2.338e-14,0.000e+00,1.694e-10,h=0.02:nit=2244;h=0.01:nit=5520,6.244e-03,1.127e-02,9.918547e-01,1.695e-02,3.746e-09,yes,NOT COMPUTED (YET),7.45279782278,graded,[axisymmetric critical point; stability NOT COMPUTED (YET)]
P1,1T,3,4.0,0.6,1.0,9.42477796077,9.41264564047,0.012132320295,NOT COMPUTED (YET),NOT COMPUTED (YET),n/a,n/a,-1,8.236e-15,4.001e-14,NOT COMPUTED (YET),n/a,4.354e-14,2.488e-14,0.000e+00,1.655e-10,h=0.02:nit=147;h=0.01:nit=194,5.114e-14,1.575e-14,9.997345e-01,8.858e-15,3.791e-09,no,NOT COMPUTED (YET),9.42477796077,graded,[axisymmetric critical point; stability NOT COMPUTED (YET)]
P1,1T,3,4.0,0.6,2.0,12.0033735991,12.0012581005,0.00211549865057,NOT COMPUTED (YET),NOT COMPUTED (YET),n/a,n/a,-1,1.229e-14,3.389e-14,NOT COMPUTED (YET),n/a,4.637e-14,2.501e-14,0.000e+00,1.447e-10,h=0.02:nit=1286;h=0.01:nit=2318,2.676e-02,3.708e-02,9.999978e-01,2.527e-02,3.444e-09,yes,NOT COMPUTED (YET),11.9859414242,report-only (n_tip > 1 at kappa > 1),[axisymmetric critical point; stability NOT COMPUTED (YET)]
P1,1T,3,4.0,0.6,4.0,15.3133145996,15.3124572984,0.000857301171401,NOT COMPUTED (YET),NOT COMPUTED (YET),n/a,n/a,-1,3.526e-14,4.101e-14,NOT COMPUTED (YET),n/a,4.260e-14,2.424e-14,0.000e+00,1.121e-10,h=0.02:nit=1285;h=0.01:nit=2426,1.032e-01,1.333e-01,1.000000e+00,5.677e-02,2.825e-09,yes,NOT COMPUTED (YET),15.2908097715,report-only (n_tip > 1 at kappa > 1),[axisymmetric critical point; stability NOT COMPUTED (YET)]
P1,1T,3,4.0,0.7,0.25,5.79581751314,5.2329525033,0.562865009844,NOT COMPUTED (YET),NOT COMPUTED (YET),n/a,n/a,-1,3.882e-16,2.926e-14,NOT COMPUTED (YET),n/a,2.940e-14,1.931e-14,0.000e+00,2.071e-09,h=0.02:nit=3401;h=0.01:nit=6382,3.023e-03,1.235e-02,8.950452e-01,2.151e-02,3.150e-09,yes,NOT COMPUTED (YET),6.02910176075,graded,[axisymmetric critical point; stability NOT COMPUTED (YET)]
P1,1T,3,4.0,0.7,0.5,7.43201806608,7.33084250894,0.10117555714,NOT COMPUTED (YET),NOT COMPUTED (YET),n/a,n/a,-1,9.373e-15,4.337e-14,NOT COMPUTED (YET),n/a,3.411e-14,2.271e-14,0.000e+00,2.312e-09,h=0.02:nit=2065;h=0.01:nit=4328,6.144e-03,1.126e-02,9.910983e-01,1.695e-02,3.746e-09,yes,NOT COMPUTED (YET),7.50909583112,graded,[axisymmetric critical point; stability NOT COMPUTED (YET)]
P1,1T,3,4.0,0.7,1.0,9.42477796077,9.41392421386,0.0108537469123,NOT COMPUTED (YET),NOT COMPUTED (YET),n/a,n/a,-1,8.357e-15,3.785e-14,NOT COMPUTED (YET),n/a,3.901e-14,2.318e-14,0.000e+00,2.254e-09,h=0.02:nit=149;h=0.01:nit=214,4.680e-14,1.518e-14,9.996931e-01,8.858e-15,3.791e-09,no,NOT COMPUTED (YET),9.42477796077,graded,[axisymmetric critical point; stability NOT COMPUTED (YET)]
P1,1T,3,4.0,0.7,2.0,11.9414624424,11.9394578187,0.00200462374474,NOT COMPUTED (YET),NOT COMPUTED (YET),n/a,n/a,-1,1.689e-14,3.804e-14,NOT COMPUTED (YET),n/a,4.222e-14,2.291e-14,0.000e+00,2.004e-09,h=0.02:nit=1504;h=0.01:nit=2227,2.751e-02,3.666e-02,9.999973e-01,2.527e-02,3.444e-09,yes,NOT COMPUTED (YET),11.8964734811,report-only (n_tip > 1 at kappa > 1),[axisymmetric critical point; stability NOT COMPUTED (YET)]
P1,1T,3,4.0,0.7,4.0,15.1369813002,15.1361152223,0.000866077930589,NOT COMPUTED (YET),NOT COMPUTED (YET),n/a,n/a,-1,5.830e-14,6.304e-14,NOT COMPUTED (YET),n/a,3.958e-14,2.253e-14,0.000e+00,1.635e-09,h=0.02:nit=1086;h=0.01:nit=2490,1.073e-01,1.309e-01,1.000000e+00,5.677e-02,2.825e-09,yes,NOT COMPUTED (YET),15.0631809821,report-only (n_tip > 1 at kappa > 1),[axisymmetric critical point; stability NOT COMPUTED (YET)]
P1,1T,3,4.0,0.8,0.25,5.82194466909,5.28813503699,0.533809632102,NOT COMPUTED (YET),NOT COMPUTED (YET),n/a,n/a,-1,2.307e-15,2.581e-14,NOT COMPUTED (YET),n/a,2.658e-14,1.678e-14,0.000e+00,2.414e-09,h=0.02:nit=2573;h=0.01:nit=4928,2.681e-03,1.239e-02,8.883114e-01,2.151e-02,3.150e-09,yes,NOT COMPUTED (YET),6.1117630894,graded,[axisymmetric critical point; stability NOT COMPUTED (YET)]
P1,1T,3,4.0,0.8,0.5,7.45817650115,7.36427637428,0.0939001268612,NOT COMPUTED (YET),NOT COMPUTED (YET),n/a,n/a,-1,4.979e-15,3.885e-14,NOT COMPUTED (YET),n/a,3.148e-14,2.132e-14,0.000e+00,2.758e-09,h=0.02:nit=2235;h=0.01:nit=4450,6.103e-03,1.124e-02,9.902258e-01,1.695e-02,3.746e-09,yes,NOT COMPUTED (YET),7.56039933802,graded,[axisymmetric critical point; stability NOT COMPUTED (YET)]
P1,1T,3,4.0,0.8,1.0,9.42477796077,9.41460742195,0.0101705388175,NOT COMPUTED (YET),NOT COMPUTED (YET),n/a,n/a,-1,8.096e-15,3.618e-14,NOT COMPUTED (YET),n/a,3.619e-14,2.130e-14,0.000e+00,2.731e-09,h=0.02:nit=148;h=0.01:nit=198,4.374e-14,1.424e-14,9.996430e-01,8.858e-15,3.791e-09,no,NOT COMPUTED (YET),9.42477796077,graded,[axisymmetric critical point; stability NOT COMPUTED (YET)]
P1,1T,3,4.0,0.8,2.0,11.8812139896,11.879229784,0.00198420561793,NOT COMPUTED (YET),NOT COMPUTED (YET),n/a,n/a,-1,2.390e-14,3.310e-14,NOT COMPUTED (YET),n/a,3.958e-14,2.138e-14,0.000e+00,2.455e-09,h=0.02:nit=1332;h=0.01:nit=2885,2.842e-02,3.616e-02,9.999965e-01,2.527e-02,3.444e-09,yes,NOT COMPUTED (YET),11.8157251294,report-only (n_tip > 1 at kappa > 1),[axisymmetric critical point; stability NOT COMPUTED (YET)]
P1,1T,3,4.0,0.8,4.0,14.9696609253,14.9687545555,0.000906369725133,NOT COMPUTED (YET),NOT COMPUTED (YET),n/a,n/a,-1,6.644e-14,3.560e-14,NOT COMPUTED (YET),n/a,3.770e-14,2.872e-14,0.000e+00,2.010e-09,h=0.02:nit=1471;h=0.01:nit=2535,1.117e-01,1.282e-01,1.000000e+00,5.677e-02,2.825e-09,yes,NOT COMPUTED (YET),14.8589278441,report-only (n_tip > 1 at kappa > 1),[axisymmetric critical point; stability NOT COMPUTED (YET)]
P1,1T,3,4.0,0.9,0.25,5.84891204765,5.33428390535,0.514628142297,NOT COMPUTED (YET),NOT COMPUTED (YET),n/a,n/a,-1,3.435e-15,2.507e-14,NOT COMPUTED (YET),n/a,2.488e-14,1.519e-14,0.000e+00,2.772e-09,h=0.02:nit=3341;h=0.01:nit=5837,2.367e-03,1.241e-02,8.809645e-01,2.151e-02,3.150e-09,yes,NOT COMPUTED (YET),6.18811384692,graded,[axisymmetric critical point; stability NOT COMPUTED (YET)]
P1,1T,3,4.0,0.9,0.5,7.48455462372,7.39516814493,0.0893864787922,NOT COMPUTED (YET),NOT COMPUTED (YET),n/a,n/a,-1,3.247e-15,3.038e-14,NOT COMPUTED (YET),n/a,2.205e-14,1.827e-14,0.000e+00,3.239e-09,h=0.02:nit=2330;h=0.01:nit=4481,6.110e-03,1.120e-02,9.892474e-01,1.695e-02,3.746e-09,yes,NOT COMPUTED (YET),7.60760318018,graded,[axisymmetric critical point; stability NOT COMPUTED (YET)]
P1,1T,3,4.0,0.9,1.0,9.42477796077,9.41492517701,0.00985278375672,NOT COMPUTED (YET),NOT COMPUTED (YET),n/a,n/a,-1,7.839e-15,3.576e-14,NOT COMPUTED (YET),n/a,3.393e-14,1.998e-14,0.000e+00,3.246e-09,h=0.02:nit=144;h=0.01:nit=208,4.091e-14,1.345e-14,9.995839e-01,8.858e-15,3.791e-09,no,NOT COMPUTED (YET),9.42477796077,graded,[axisymmetric critical point; stability NOT COMPUTED (YET)]
P1,1T,3,4.0,0.9,2.0,11.823319229,11.8212966377,0.0020225913814,NOT COMPUTED (YET),NOT COMPUTED (YET),n/a,n/a,-1,3.078e-14,3.202e-14,NOT COMPUTED (YET),n/a,3.713e-14,1.968e-14,0.000e+00,2.934e-09,h=0.02:nit=1521;h=0.01:nit=3306,2.943e-02,3.561e-02,9.999955e-01,2.527e-02,3.444e-09,yes,NOT COMPUTED (YET),11.7420950992,report-only (n_tip > 1 at kappa > 1),[axisymmetric critical point; stability NOT COMPUTED (YET)]
P1,1T,3,4.0,0.9,4.0,14.8119738208,14.81100413,0.000969690790419,NOT COMPUTED (YET),NOT COMPUTED (YET),n/a,n/a,-1,9.458e-14,4.410e-14,NOT COMPUTED (YET),n/a,3.562e-14,4.317e-14,0.000e+00,2.409e-09,h=0.02:nit=1150;h=0.01:nit=2683,1.163e-01,1.255e-01,1.000000e+00,5.677e-02,2.825e-09,yes,NOT COMPUTED (YET),14.6736887674,report-only (n_tip > 1 at kappa > 1),[axisymmetric critical point; stability NOT COMPUTED (YET)]
P1,1T,3,4.0,1,0.25,5.87612867331,5.3737178948,0.502410778514,NOT COMPUTED (YET),NOT COMPUTED (YET),n/a,n/a,-1,5.079e-15,2.319e-14,NOT COMPUTED (YET),n/a,2.375e-14,1.421e-14,0.000e+00,3.150e-09,h=0.02:nit=3015;h=0.01:nit=5051,2.079e-03,1.242e-02,8.731104e-01,2.151e-02,3.150e-09,yes,NOT COMPUTED (YET),6.25915010337,graded,[axisymmetric critical point; stability NOT COMPUTED (YET)]
P1,1T,3,4.0,1,0.5,7.51072290259,7.42400060806,0.086722294533,NOT COMPUTED (YET),NOT COMPUTED (YET),n/a,n/a,-1,7.836e-15,2.795e-14,NOT COMPUTED (YET),n/a,2.017e-14,1.987e-14,0.000e+00,3.746e-09,h=0.02:nit=2351;h=0.01:nit=4561,6.157e-03,1.114e-02,9.881709e-01,1.695e-02,3.746e-09,yes,NOT COMPUTED (YET),7.65136237067,graded,[axisymmetric critical point; stability NOT COMPUTED (YET)]
P1,1T,3,4.0,1,1.0,9.42477796077,9.4150013414,0.00977661936803,NOT COMPUTED (YET),NOT COMPUTED (YET),n/a,n/a,-1,7.082e-15,3.499e-14,NOT COMPUTED (YET),n/a,3.204e-14,1.866e-14,0.000e+00,3.791e-09,h=0.02:nit=153;h=0.01:nit=178,3.754e-14,1.223e-14,9.995155e-01,8.858e-15,3.791e-09,no,NOT COMPUTED (YET),9.42477796077,graded,[axisymmetric critical point; stability NOT COMPUTED (YET)]
P1,1T,3,4.0,1,2.0,11.7680483478,11.7659452766,0.00210307120683,NOT COMPUTED (YET),NOT COMPUTED (YET),n/a,n/a,-1,4.130e-14,3.293e-14,NOT COMPUTED (YET),n/a,3.543e-14,1.811e-14,0.000e+00,3.444e-09,h=0.02:nit=1330;h=0.01:nit=2844,3.051e-02,3.504e-02,9.999943e-01,2.527e-02,3.444e-09,yes,NOT COMPUTED (YET),11.674413225,report-only (n_tip > 1 at kappa > 1),[axisymmetric critical point; stability NOT COMPUTED (YET)]
P1,1T,3,4.0,1,4.0,14.663746272,14.6626946363,0.00105163565524,NOT COMPUTED (YET),NOT COMPUTED (YET),n/a,n/a,-1,1.175e-13,2.874e-14,NOT COMPUTED (YET),n/a,3.411e-14,5.936e-14,0.000e+00,2.825e-09,h=0.02:nit=1477;h=0.01:nit=2259,1.210e-01,1.228e-01,1.000000e+00,5.677e-02,2.825e-09,yes,NOT COMPUTED (YET),14.5042802305,report-only (n_tip > 1 at kappa > 1),[axisymmetric critical point; stability NOT COMPUTED (YET)]
P1,1T,3,99.0,0.5,0.25,5.84592897861,5.84592897859,1.63326082712e-11,18.9987695103,19.6696920921,n/a,n/a,-1,7.407e-15,4.874e-14,9.837008369e-07,n/a,3.487e-14,2.522e-14,2.626e-08,1.476e-09,h=0.02:nit=561;h=0.01:nit=989,8.593e-03,1.179e-02,1.000000e+00,6.383e-02,3.178e-09,yes,yes,5.83882287129,graded,[axisymmetric critical point; stability NOT COMPUTED (YET)]
P1,1T,3,99.0,0.5,0.5,7.39340206798,7.39340206798,1.21001263406e-16,14.2486309853,14.6634218836,n/a,n/a,-1,3.874e-15,4.730e-14,1.07688300807e-06,n/a,3.185e-14,2.547e-14,3.518e-08,1.394e-09,h=0.02:nit=470;h=0.01:nit=910,7.714e-03,1.102e-02,1.000000e+00,3.294e-02,2.975e-09,yes,yes,7.39022401406,graded,[axisymmetric critical point; stability NOT COMPUTED (YET)]
P1,1T,3,99.0,0.5,1.0,9.42477796077,9.42477796077,1.04709014693e-23,10.7725985333,10.9854965936,n/a,n/a,-1,2.417e-15,4.081e-14,-2.40108986141e-18,n/a,7.162e-15,2.413e-14,2.220e-08,1.258e-09,h=0.02:nit=262;h=0.01:nit=235,3.431e-14,8.132e-15,1.000000e+00,1.508e-14,2.659e-09,no,yes,9.42477796077,graded,[axisymmetric critical point; stability NOT COMPUTED (YET)]
P1,1T,3,99.0,0.5,2.0,12.0838772617,12.0838772617,1.53076982257e-24,10.186619428,10.3707625369,n/a,n/a,-1,6.369e-15,3.842e-14,-1.06497561121e-06,n/a,1.055e-14,2.631e-14,5.761e-08,1.075e-09,h=0.02:nit=533;h=0.01:nit=1158,2.597e-02,3.758e-02,1.000000e+00,3.468e-02,2.251e-09,yes,yes,12.0864252816,report-only (n_tip > 1 at kappa > 1),[axisymmetric critical point; stability NOT COMPUTED (YET)]
P1,1T,3,99.0,0.5,4.0,15.5434818329,15.5434818329,5.94105179707e-25,9.73615464808,9.89958484956,n/a,n/a,-1,1.359e-14,3.251e-14,-1.01915911521e-06,n/a,1.809e-14,2.811e-14,2.133e-08,8.644e-10,h=0.02:nit=638;h=0.01:nit=1336,9.737e-02,1.367e-01,1.000000e+00,7.108e-02,1.784e-09,yes,yes,15.5480755112,report-only (n_tip > 1 at kappa > 1),[axisymmetric critical point; stability NOT COMPUTED (YET)]
P1,1T,3,99.0,0.6,0.25,5.93830966484,5.93830966481,2.63423919324e-11,18.390771392,17.9429159031,n/a,n/a,-1,1.012e-14,4.627e-14,1.08945521516e-06,n/a,3.072e-14,2.244e-14,2.037e-08,1.856e-10,h=0.02:nit=494;h=0.01:nit=1096,9.319e-03,1.161e-02,1.000000e+00,6.383e-02,3.178e-09,yes,yes,5.93877016209,graded,[axisymmetric critical point; stability NOT COMPUTED (YET)]
P1,1T,3,99.0,0.6,0.5,7.45266569514,7.45266569514,2.6109227888e-16,13.7184862339,13.6099973403,n/a,n/a,-1,4.157e-15,4.516e-14,1.29182143486e-06,n/a,2.903e-14,2.348e-14,7.022e-09,1.877e-10,h=0.02:nit=422;h=0.01:nit=913,8.387e-03,1.080e-02,1.000000e+00,3.294e-02,2.975e-09,yes,yes,7.45279782278,graded,[axisymmetric critical point; stability NOT COMPUTED (YET)]
P1,1T,3,99.0,0.6,1.0,9.42477796077,9.42477796077,3.5128360578e-23,10.3208766033,10.294041163,n/a,n/a,-1,3.088e-15,4.050e-14,4.15211433375e-18,n/a,8.105e-15,2.186e-14,3.567e-08,1.751e-10,h=0.02:nit=252;h=0.01:nit=262,3.159e-14,7.896e-15,1.000000e+00,1.508e-14,2.659e-09,no,yes,9.42477796077,graded,[axisymmetric critical point; stability NOT COMPUTED (YET)]
P1,1T,3,99.0,0.6,2.0,11.9859894766,11.9859894766,5.83429217554e-24,9.7956668988,9.77492955093,n/a,n/a,-1,8.580e-15,3.639e-14,-1.35883574902e-06,n/a,7.539e-15,2.282e-14,6.258e-08,1.484e-10,h=0.02:nit=519;h=0.01:nit=981,2.824e-02,3.647e-02,1.000000e+00,3.468e-02,2.251e-09,yes,yes,11.9859414242,report-only (n_tip > 1 at kappa > 1),[axisymmetric critical point; stability NOT COMPUTED (YET)]
P1,1T,3,99.0,0.6,4.0,15.2908705732,15.2908705732,2.51832198307e-24,9.39576270067,9.37888541911,n/a,n/a,-1,2.325e-14,3.196e-14,-1.31291604375e-06,n/a,1.451e-14,2.463e-14,4.648e-08,1.136e-10,h=0.02:nit=573;h=0.01:nit=1172,1.057e-01,1.320e-01,1.000000e+00,7.108e-02,1.784e-09,yes,yes,15.2908097715,report-only (n_tip > 1 at kappa > 1),[axisymmetric critical point; stability NOT COMPUTED (YET)]
P1,1T,3,99.0,0.7,0.25,6.02344583324,6.02344583319,4.347752717e-11,17.9035023316,16.6947028673,n/a,n/a,-1,2.130e-14,7.547e-14,1.19192093378e-06,n/a,2.789e-14,2.227e-14,1.517e-08,2.555e-10,h=0.02:nit=522;h=0.01:nit=850,1.004e-02,1.143e-02,1.000000e+00,6.383e-02,3.178e-09,yes,yes,6.02910176075,graded,[axisymmetric critical point; stability NOT COMPUTED (YET)]
P1,1T,3,99.0,0.7,0.5,7.50673703373,7.50673703373,5.71345843365e-16,13.2959693962,12.8420255747,n/a,n/a,-1,5.851e-15,4.477e-14,1.52339909071e-06,n/a,2.714e-14,2.366e-14,1.772e-08,2.599e-10,h=0.02:nit=467;h=0.01:nit=840,9.037e-03,1.059e-02,1.000000e+00,3.294e-02,2.975e-09,yes,yes,7.50909583112,graded,[axisymmetric critical point; stability NOT COMPUTED (YET)]
P1,1T,3,99.0,0.7,1.0,9.42477796077,9.42477796077,1.17165767588e-22,9.96275520349,9.78198289066,n/a,n/a,-1,4.086e-15,4.016e-14,-2.44795536498e-18,n/a,1.206e-14,1.960e-14,4.921e-08,2.431e-10,h=0.02:nit=238;h=0.01:nit=267,3.010e-14,7.619e-15,1.000000e+00,1.508e-14,2.659e-09,no,yes,9.42477796077,graded,[axisymmetric critical point; stability NOT COMPUTED (YET)]
P1,1T,3,99.0,0.7,2.0,11.8982100207,11.8982100207,2.15064082474e-23,9.48529086791,9.33037462718,n/a,n/a,-1,1.381e-14,3.620e-14,-1.68545504397e-06,n/a,4.147e-15,2.105e-14,3.004e-08,2.059e-10,h=0.02:nit=450;h=0.01:nit=945,3.037e-02,3.544e-02,1.000000e+00,3.468e-02,2.251e-09,yes,yes,11.8964734811,report-only (n_tip > 1 at kappa > 1),[axisymmetric critical point; stability NOT COMPUTED (YET)]
P1,1T,3,99.0,0.7,4.0,15.0662245886,15.0662245886,1.00825420981e-23,9.12472066393,8.98751458324,n/a,n/a,-1,3.844e-14,3.098e-14,-1.63988103956e-06,n/a,1.206e-14,2.287e-14,5.663e-08,1.570e-10,h=0.02:nit=562;h=0.01:nit=1041,1.134e-01,1.277e-01,1.000000e+00,7.108e-02,1.784e-09,yes,yes,15.0631809821,report-only (n_tip > 1 at kappa > 1),[axisymmetric critical point; stability NOT COMPUTED (YET)]
P1,1T,3,99.0,0.8,0.25,6.10231381544,6.10231381537,7.17950937561e-11,17.5011596445,15.7357708774,n/a,n/a,-1,1.831e-15,4.793e-14,1.28748947484e-06,n/a,2.582e-14,2.402e-14,2.011e-09,3.371e-10,h=0.02:nit=487;h=0.01:nit=888,1.074e-02,1.126e-02,1.000000e+00,6.383e-02,3.178e-09,yes,yes,6.1117630894,graded,[axisymmetric critical point; stability NOT COMPUTED (YET)]
P1,1T,3,99.0,0.8,0.5,7.55644542641,7.55644542641,1.23458524349e-15,12.9483526428,12.2482329486,n/a,n/a,-1,4.065e-16,4.475e-14,1.76824729875e-06,n/a,2.563e-14,2.410e-14,1.959e-08,3.442e-10,h=0.02:nit=412;h=0.01:nit=826,9.663e-03,1.039e-02,1.000000e+00,3.294e-02,2.975e-09,yes,yes,7.56039933802,graded,[axisymmetric critical point; stability NOT COMPUTED (YET)]
P1,1T,3,99.0,0.8,1.0,9.42477796077,9.42477796077,3.76973517732e-22,9.66923400849,9.38146829607,n/a,n/a,-1,4.257e-15,4.082e-14,1.86474745439e-18,n/a,1.244e-14,1.828e-14,5.820e-08,3.223e-10,h=0.02:nit=227;h=0.01:nit=260,2.923e-14,7.522e-15,1.000000e+00,1.508e-14,2.659e-09,no,yes,9.42477796077,graded,[axisymmetric critical point; stability NOT COMPUTED (YET)]
P1,1T,3,99.0,0.8,2.0,11.8186326564,11.8186326564,7.50321178879e-23,9.23043637323,8.98048293852,n/a,n/a,-1,2.124e-14,3.674e-14,-2.04227195587e-06,n/a,1.885e-15,1.939e-14,5.699e-09,2.727e-10,h=0.02:nit=454;h=0.01:nit=820,3.235e-02,3.447e-02,1.000000e+00,3.468e-02,2.251e-09,yes,yes,11.8157251294,report-only (n_tip > 1 at kappa > 1),[axisymmetric critical point; stability NOT COMPUTED (YET)]
P1,1T,3,99.0,0.8,4.0,14.8640099718,14.8640099718,3.75910823489e-23,8.90147687035,8.67755746207,n/a,n/a,-1,5.994e-14,3.225e-14,-1.99762710999e-06,n/a,9.424e-15,2.904e-14,2.163e-08,2.070e-10,h=0.02:nit=541;h=0.01:nit=1037,1.205e-01,1.237e-01,1.000000e+00,7.108e-02,1.784e-09,yes,yes,14.8589278441,report-only (n_tip > 1 at kappa > 1),[axisymmetric critical point; stability NOT COMPUTED (YET)]
P1,1T,3,99.0,0.9,0.25,6.17575971734,6.17575971722,1.17275068663e-10,17.1612656318,14.9655579113,n/a,n/a,-1,4.751e-16,6.744e-14,1.37336729959e-06,n/a,2.375e-14,2.617e-14,5.410e-09,3.178e-09,h=0.02:nit=473;h=0.01:nit=806,1.142e-02,1.142e-02,1.000000e+00,6.383e-02,3.178e-09,yes,yes,6.18811384692,graded,[axisymmetric critical point; stability NOT COMPUTED (YET)]
P1,1T,3,99.0,0.9,0.5,7.60244978027,7.60244978027,2.60121892875e-15,12.655351947,11.7692212842,n/a,n/a,-1,6.310e-16,4.711e-14,2.02357984378e-06,n/a,2.375e-14,2.570e-14,5.124e-08,2.975e-09,h=0.02:nit=400;h=0.01:nit=807,1.026e-02,1.026e-02,1.000000e+00,3.294e-02,2.975e-09,yes,yes,7.60760318018,graded,[axisymmetric critical point; stability NOT COMPUTED (YET)]
P1,1T,3,99.0,0.9,1.0,9.42477796077,9.42477796077,1.15502403309e-21,9.42252682092,9.05572724797,n/a,n/a,-1,4.404e-15,4.163e-14,6.55523542464e-19,n/a,1.206e-14,1.753e-14,1.392e-08,2.659e-09,h=0.02:nit=218;h=0.01:nit=267,2.828e-14,7.522e-15,1.000000e+00,1.508e-14,2.659e-09,no,yes,9.42477796077,graded,[axisymmetric critical point; stability NOT COMPUTED (YET)]
P1,1T,3,99.0,0.9,2.0,11.7458554265,11.7458554265,2.45858680632e-22,9.01579637678,8.69438464407,n/a,n/a,-1,3.152e-14,3.814e-14,-2.42708759417e-06,n/a,1.885e-15,1.724e-14,2.201e-08,2.251e-09,h=0.02:nit=453;h=0.01:nit=882,3.422e-02,3.422e-02,1.000000e+00,3.468e-02,2.251e-09,yes,yes,11.7420950992,report-only (n_tip > 1 at kappa > 1),[axisymmetric critical point; stability NOT COMPUTED (YET)]
P1,1T,3,99.0,0.9,4.0,14.6802337001,14.6802337001,1.30096331271e-22,8.71288272299,8.42273317852,n/a,n/a,-1,8.930e-14,3.294e-14,-2.38402189005e-06,n/a,6.408e-15,4.526e-14,4.890e-08,1.784e-09,h=0.02:nit=499;h=0.01:nit=966,1.272e-01,1.272e-01,1.000000e+00,7.108e-02,1.784e-09,yes,yes,14.6736887674,report-only (n_tip > 1 at kappa > 1),[axisymmetric critical point; stability NOT COMPUTED (YET)]
P1,1T,3,99.0,1,0.25,6.24448563283,6.24448563264,1.88427735572e-10,16.8689104321,14.3257797077,n/a,n/a,-1,2.007e-14,5.241e-14,1.44729580302e-06,n/a,2.205e-14,3.044e-14,4.198e-08,5.372e-10,h=0.02:nit=467;h=0.01:nit=820,1.209e-02,1.209e-02,1.000000e+00,6.383e-02,3.178e-09,yes,yes,6.25915010337,graded,[axisymmetric critical point; stability NOT COMPUTED (YET)]
P1,1T,3,99.0,1,0.5,7.64527161177,7.64527161177,5.31403435328e-15,12.4036477263,11.3703321432,n/a,n/a,-1,1.310e-14,4.774e-14,2.28698657969e-06,n/a,2.149e-14,2.800e-14,4.097e-08,5.509e-10,h=0.02:nit=398;h=0.01:nit=874,1.084e-02,1.084e-02,1.000000e+00,3.294e-02,2.975e-09,yes,yes,7.65136237067,graded,[axisymmetric critical point; stability NOT COMPUTED (YET)]
P1,1T,3,99.0,1,1.0,9.42477796077,9.42477796077,3.35435200275e-21,9.21104483719,8.78297859449,n/a,n/a,-1,4.464e-15,4.274e-14,1.14598703377e-20,n/a,1.169e-14,1.715e-14,4.699e-08,5.164e-10,h=0.02:nit=187;h=0.01:nit=269,2.834e-14,7.563e-15,1.000000e+00,1.508e-14,2.659e-09,no,yes,9.42477796077,graded,[axisymmetric critical point; stability NOT COMPUTED (YET)]
P1,1T,3,99.0,1,2.0,11.6788190477,11.6788190477,7.55691479082e-22,8.83141821033,8.45369667622,n/a,n/a,-1,4.776e-14,4.024e-14,-2.83794230667e-06,n/a,9.801e-15,2.890e-15,2.080e-08,4.355e-10,h=0.02:nit=450;h=0.01:nit=905,3.598e-02,3.598e-02,1.000000e+00,3.468e-02,2.251e-09,yes,yes,11.674413225,report-only (n_tip > 1 at kappa > 1),[axisymmetric critical point; stability NOT COMPUTED (YET)]
P1,1T,3,99.0,1,4.0,14.5119158619,14.5119158619,4.18678455953e-22,8.55039541245,8.2073175028,n/a,n/a,-1,1.316e-13,3.562e-14,-2.7971501745e-06,n/a,1.546e-14,4.982e-14,3.214e-08,3.277e-10,h=0.02:nit=472;h=0.01:nit=923,1.334e-01,1.334e-01,1.000000e+00,7.108e-02,1.784e-09,yes,yes,14.5042802305,report-only (n_tip > 1 at kappa > 1),[axisymmetric critical point; stability NOT COMPUTED (YET)]
P1,1T,4,1.0,0.5,0.25,6.28318530718,2.61799387799,3.66519142919,NOT COMPUTED (YET),NOT COMPUTED (YET),n/a,n/a,-1,1.571e-26,1.388e-17,NOT COMPUTED (YET),n/a,2.969e-14,4.269e-14,0.000e+00,2.530e-13,h=0.02:nit=3723;h=0.01:nit=6679,7.452e-15,7.452e-15,5.814934e-47,NOT COMPUTED (YET),1.137e-12,n/a (set has a normal-state row),NOT COMPUTED (YET),7.59424175422,graded,[axisymmetric critical point; stability NOT COMPUTED (YET)]
P1,1T,4,1.0,0.5,0.5,9.39730479444,4.81534855,4.58195624444,NOT COMPUTED (YET),NOT COMPUTED (YET),n/a,n/a,-1,1.799e-14,3.403e-14,NOT COMPUTED (YET),n/a,2.403e-14,1.342e-14,0.000e+00,4.965e-10,h=0.02:nit=3549;h=0.01:nit=8005,1.381e-02,1.836e-02,5.071591e-01,NOT COMPUTED (YET),4.965e-10,n/a (set has a normal-state row),NOT COMPUTED (YET),9.73345724907,graded,[axisymmetric critical point; stability NOT COMPUTED (YET)]
P1,1T,4,1.0,0.5,1.0,12.5663706144,10.6752477047,1.89112290964,NOT COMPUTED (YET),NOT COMPUTED (YET),n/a,n/a,-1,3.916e-15,3.974e-14,NOT COMPUTED (YET),n/a,4.608e-14,1.569e-14,0.000e+00,1.239e-09,h=0.02:nit=303;h=0.01:nit=204,2.447e-14,8.007e-15,9.726348e-01,6.785e-15,1.239e-09,no,NOT COMPUTED (YET),12.5663706144,graded,[axisymmetric critical point; stability NOT COMPUTED (YET)]
P1,1T,4,1.0,0.5,2.0,16.3451137764,15.8521523324,0.492961443976,NOT COMPUTED (YET),NOT COMPUTED (YET),n/a,n/a,-1,2.323e-15,3.541e-14,NOT COMPUTED (YET),n/a,4.976e-14,1.739e-14,0.000e+00,1.222e-09,h=0.02:nit=2281;h=0.01:nit=3699,1.727e-02,4.149e-02,9.990207e-01,1.384e-02,1.222e-09,yes,NOT COMPUTED (YET),16.3107528973,report-only (n_tip > 1 at kappa > 1),[axisymmetric critical point; stability NOT COMPUTED (YET)]
P1,1T,4,1.0,0.5,4.0,21.2136980916,21.0741497868,0.139548304831,NOT COMPUTED (YET),NOT COMPUTED (YET),n/a,n/a,-1,6.619e-15,2.833e-14,NOT COMPUTED (YET),n/a,5.131e-14,1.859e-14,0.000e+00,1.047e-09,h=0.02:nit=2207;h=0.01:nit=3543,7.922e-02,1.464e-01,9.999862e-01,3.631e-02,1.047e-09,yes,NOT COMPUTED (YET),21.2352852769,report-only (n_tip > 1 at kappa > 1),[axisymmetric critical point; stability NOT COMPUTED (YET)]
P1,1T,4,1.0,0.6,0.25,6.28318530718,2.74889357189,3.53429173529,NOT COMPUTED (YET),NOT COMPUTED (YET),n/a,n/a,-1,1.675e-26,1.388e-17,NOT COMPUTED (YET),n/a,2.728e-14,1.809e-14,0.000e+00,1.252e-13,h=0.02:nit=3779;h=0.01:nit=7463,8.424e-15,8.424e-15,4.499617e-47,NOT COMPUTED (YET),1.137e-12,n/a (set has a normal-state row),NOT COMPUTED (YET),7.71250161728,graded,[axisymmetric critical point; stability NOT COMPUTED (YET)]
P1,1T,4,1.0,0.6,0.5,9.39901423706,5.05299036982,4.34602386724,NOT COMPUTED (YET),NOT COMPUTED (YET),n/a,n/a,-1,1.723e-14,2.527e-14,NOT COMPUTED (YET),n/a,2.149e-14,1.172e-14,0.000e+00,2.130e-10,h=0.02:nit=3572;h=0.01:nit=9540,1.420e-02,1.858e-02,4.969857e-01,NOT COMPUTED (YET),4.965e-10,n/a (set has a normal-state row),NOT COMPUTED (YET),9.80801627108,graded,[axisymmetric critical point; stability NOT COMPUTED (YET)]
P1,1T,4,1.0,0.6,1.0,12.5663706144,10.9620123302,1.60435828417,NOT COMPUTED (YET),NOT COMPUTED (YET),n/a,n/a,-1,3.204e-16,3.147e-14,NOT COMPUTED (YET),n/a,3.958e-14,1.597e-14,0.000e+00,1.980e-10,h=0.02:nit=276;h=0.01:nit=222,1.907e-14,3.483e-15,9.716995e-01,6.785e-15,1.239e-09,no,NOT COMPUTED (YET),12.5663706144,graded,[axisymmetric critical point; stability NOT COMPUTED (YET)]
P1,1T,4,1.0,0.6,2.0,16.3063585009,15.9094436871,0.396914813731,NOT COMPUTED (YET),NOT COMPUTED (YET),n/a,n/a,-1,2.933e-15,3.086e-14,NOT COMPUTED (YET),n/a,4.297e-14,1.569e-14,0.000e+00,2.079e-10,h=0.02:nit=2223;h=0.01:nit=3066,1.675e-02,4.171e-02,9.989534e-01,1.384e-02,1.222e-09,yes,NOT COMPUTED (YET),16.189098128,report-only (n_tip > 1 at kappa > 1),[axisymmetric critical point; stability NOT COMPUTED (YET)]
P1,1T,4,1.0,0.6,4.0,21.0728795371,20.9559837705,0.11689576653,NOT COMPUTED (YET),NOT COMPUTED (YET),n/a,n/a,-1,9.208e-15,2.438e-14,NOT COMPUTED (YET),n/a,4.410e-14,1.602e-14,0.000e+00,1.747e-10,h=0.02:nit=2171;h=0.01:nit=5164,7.874e-02,1.466e-01,9.999843e-01,3.631e-02,1.047e-09,yes,NOT COMPUTED (YET),20.9208270972,report-only (n_tip > 1 at kappa > 1),[axisymmetric critical point; stability NOT COMPUTED (YET)]
P1,1T,4,1.0,0.7,0.25,6.28318530718,2.8643933018,3.41879200538,NOT COMPUTED (YET),NOT COMPUTED (YET),n/a,n/a,-1,1.173e-26,1.388e-17,NOT COMPUTED (YET),n/a,2.445e-14,4.622e-14,0.000e+00,1.137e-12,h=0.02:nit=4146;h=0.01:nit=6792,7.480e-15,7.480e-15,2.610901e-47,NOT COMPUTED (YET),1.137e-12,n/a (set has a normal-state row),NOT COMPUTED (YET),7.81979968378,graded,[axisymmetric critical point; stability NOT COMPUTED (YET)]
P1,1T,4,1.0,0.7,0.5,9.40111298709,5.25131937664,4.14979361045,NOT COMPUTED (YET),NOT COMPUTED (YET),n/a,n/a,-1,1.361e-14,1.555e-14,NOT COMPUTED (YET),n/a,1.979e-14,9.637e-15,0.000e+00,2.384e-10,h=0.02:nit=5006;h=0.01:nit=7968,1.471e-02,1.887e-02,4.838688e-01,NOT COMPUTED (YET),4.965e-10,n/a (set has a normal-state row),NOT COMPUTED (YET),9.87539620052,graded,[axisymmetric critical point; stability NOT COMPUTED (YET)]
P1,1T,4,1.0,0.7,1.0,12.5663706144,11.1729546952,1.39341591917,NOT COMPUTED (YET),NOT COMPUTED (YET),n/a,n/a,-1,7.752e-16,2.662e-14,NOT COMPUTED (YET),n/a,3.576e-14,1.611e-14,0.000e+00,2.265e-10,h=0.02:nit=391;h=0.01:nit=228,1.633e-14,2.595e-15,9.705073e-01,6.785e-15,1.239e-09,no,NOT COMPUTED (YET),12.5663706144,graded,[axisymmetric critical point; stability NOT COMPUTED (YET)]
P1,1T,4,1.0,0.7,2.0,16.2629961299,15.9280545332,0.334941596687,NOT COMPUTED (YET),NOT COMPUTED (YET),n/a,n/a,-1,3.396e-15,2.662e-14,NOT COMPUTED (YET),n/a,3.817e-14,1.573e-14,0.000e+00,2.465e-10,h=0.02:nit=2253;h=0.01:nit=4041,1.638e-02,4.186e-02,9.988658e-01,1.384e-02,1.222e-09,yes,NOT COMPUTED (YET),16.0801436685,report-only (n_tip > 1 at kappa > 1),[axisymmetric critical point; stability NOT COMPUTED (YET)]
P1,1T,4,1.0,0.7,4.0,20.9232552292,20.8199604772,0.103294752038,NOT COMPUTED (YET),NOT COMPUTED (YET),n/a,n/a,-1,1.182e-14,2.803e-14,NOT COMPUTED (YET),n/a,3.916e-14,1.579e-14,0.000e+00,2.174e-10,h=0.02:nit=2145;h=0.01:nit=3888,7.907e-02,1.462e-01,9.999818e-01,3.631e-02,1.047e-09,yes,NOT COMPUTED (YET),20.6407115455,report-only (n_tip > 1 at kappa > 1),[axisymmetric critical point; stability NOT COMPUTED (YET)]
P1,1T,4,1.0,0.8,0.25,6.28318530718,2.96705972839,3.31612557879,NOT COMPUTED (YET),NOT COMPUTED (YET),n/a,n/a,-1,8.854e-27,1.388e-17,NOT COMPUTED (YET),n/a,2.347e-14,5.654e-14,0.000e+00,5.082e-13,h=0.02:nit=3373;h=0.01:nit=6102,8.410e-15,8.410e-15,1.167016e-47,NOT COMPUTED (YET),1.137e-12,n/a (set has a normal-state row),NOT COMPUTED (YET),7.91836021612,graded,[axisymmetric critical point; stability NOT COMPUTED (YET)]
P1,1T,4,1.0,0.8,0.5,9.4034683454,5.41532961883,3.98813872657,NOT COMPUTED (YET),NOT COMPUTED (YET),n/a,n/a,-1,8.700e-15,1.291e-14,NOT COMPUTED (YET),n/a,1.781e-14,8.312e-15,0.000e+00,2.725e-10,h=0.02:nit=3601;h=0.01:nit=6781,1.531e-02,1.920e-02,4.681602e-01,NOT COMPUTED (YET),4.965e-10,n/a (set has a normal-state row),NOT COMPUTED (YET),9.9370637637,graded,[axisymmetric critical point; stability NOT COMPUTED (YET)]
P1,1T,4,1.0,0.8,1.0,12.5663706144,11.3300668254,1.23630378893,NOT COMPUTED (YET),NOT COMPUTED (YET),n/a,n/a,-1,1.888e-15,2.899e-14,NOT COMPUTED (YET),n/a,3.265e-14,1.626e-14,0.000e+00,2.628e-10,h=0.02:nit=307;h=0.01:nit=248,3.454e-14,5.745e-15,9.690884e-01,6.785e-15,1.239e-09,no,NOT COMPUTED (YET),12.5663706144,graded,[axisymmetric critical point; stability NOT COMPUTED (YET)]
P1,1T,4,1.0,0.8,2.0,16.2169748044,15.9233587364,0.293616068027,NOT COMPUTED (YET),NOT COMPUTED (YET),n/a,n/a,-1,5.969e-15,2.672e-14,NOT COMPUTED (YET),n/a,3.492e-14,1.512e-14,0.000e+00,2.965e-10,h=0.02:nit=2468;h=0.01:nit=3725,1.615e-02,4.192e-02,9.987589e-01,1.384e-02,1.222e-09,yes,NOT COMPUTED (YET),15.9812552323,report-only (n_tip > 1 at kappa > 1),[axisymmetric critical point; stability NOT COMPUTED (YET)]
P1,1T,4,1.0,0.8,4.0,20.7707626293,20.6757877059,0.0949749233771,NOT COMPUTED (YET),NOT COMPUTED (YET),n/a,n/a,-1,2.422e-14,2.364e-14,NOT COMPUTED (YET),n/a,3.605e-14,1.505e-14,0.000e+00,2.691e-10,h=0.02:nit=1937;h=0.01:nit=4211,8.007e-02,1.455e-01,9.999786e-01,3.631e-02,1.047e-09,yes,NOT COMPUTED (YET),20.387746362,report-only (n_tip > 1 at kappa > 1),[axisymmetric critical point; stability NOT COMPUTED (YET)]
P1,1T,4,1.0,0.9,0.25,6.28318530718,3.05891916271,3.22426614447,NOT COMPUTED (YET),NOT COMPUTED (YET),n/a,n/a,-1,7.264e-27,1.388e-17,NOT COMPUTED (YET),n/a,2.205e-14,2.686e-14,0.000e+00,1.008e-12,h=0.02:nit=5919;h=0.01:nit=6954,9.132e-15,9.132e-15,4.182571e-48,NOT COMPUTED (YET),1.137e-12,n/a (set has a normal-state row),NOT COMPUTED (YET),8.00973549205,graded,[axisymmetric critical point; stability NOT COMPUTED (YET)]
P1,1T,4,1.0,0.9,0.5,9.40595912815,5.54956737163,3.85639175652,NOT COMPUTED (YET),NOT COMPUTED (YET),n/a,n/a,-1,6.329e-15,1.433e-14,NOT COMPUTED (YET),n/a,1.583e-14,7.554e-15,0.000e+00,3.152e-10,h=0.02:nit=3811;h=0.01:nit=6712,1.598e-02,1.958e-02,4.501688e-01,NOT COMPUTED (YET),4.965e-10,n/a (set has a normal-state row),NOT COMPUTED (YET),9.99404197643,graded,[axisymmetric critical point; stability NOT COMPUTED (YET)]
P1,1T,4,1.0,0.9,1.0,12.5663706144,11.4486332915,1.11773732289,NOT COMPUTED (YET),NOT COMPUTED (YET),n/a,n/a,-1,2.482e-15,2.777e-14,NOT COMPUTED (YET),n/a,3.039e-14,1.597e-14,0.000e+00,3.078e-10,h=0.02:nit=437;h=0.01:nit=231,3.285e-14,6.203e-15,9.674683e-01,6.785e-15,1.239e-09,no,NOT COMPUTED (YET),12.5663706144,graded,[axisymmetric critical point; stability NOT COMPUTED (YET)]
P1,1T,4,1.0,0.9,2.0,16.1696777814,15.9043269828,0.265350798606,NOT COMPUTED (YET),NOT COMPUTED (YET),n/a,n/a,-1,7.678e-15,2.534e-14,NOT COMPUTED (YET),n/a,3.195e-14,1.406e-14,0.000e+00,3.574e-10,h=0.02:nit=1975;h=0.01:nit=3844,1.607e-02,4.191e-02,9.986331e-01,1.384e-02,1.222e-09,yes,NOT COMPUTED (YET),15.8905972442,report-only (n_tip > 1 at kappa > 1),[axisymmetric critical point; stability NOT COMPUTED (YET)]
P1,1T,4,1.0,0.9,4.0,20.6190694216,20.5291354984,0.0899339231955,NOT COMPUTED (YET),NOT COMPUTED (YET),n/a,n/a,-1,3.344e-14,2.058e-14,NOT COMPUTED (YET),n/a,3.350e-14,1.723e-14,0.000e+00,3.304e-10,h=0.02:nit=2011;h=0.01:nit=3743,8.159e-02,1.445e-01,9.999746e-01,3.631e-02,1.047e-09,yes,NOT COMPUTED (YET),20.1569228184,report-only (n_tip > 1 at kappa > 1),[axisymmetric critical point; stability NOT COMPUTED (YET)]
P1,1T,4,1.0,1,0.25,NOT COMPUTED (YET),NOT COMPUTED (YET),NOT COMPUTED (YET),NOT COMPUTED (YET),NOT COMPUTED (YET),NOT COMPUTED (YET),NOT COMPUTED (YET),NOT COMPUTED (YET),n/a (normal state),n/a (normal state),NOT COMPUTED (YET),NOT COMPUTED (YET),n/a (normal state),n/a (normal state),n/a (normal state),n/a (normal state),n/a (normal state),2.082e-17,2.082e-17,0.000000e+00,n/a (normal state),n/a (normal state),n/a (normal state),n/a (normal state),n/a,n/a (normal state),"[normal state: exact solution, linearly stable for B > κ/2, marginal at B = κ/2; whether a vortex branch coexists (κ < 1, subcritical) is NOT COMPUTED (YET)] [by construction; not a test] [Venus 20:44]; normal-state energy (not a vortex value) = 6.28318530718"
P1,1T,4,1.0,1,0.5,NOT COMPUTED (YET),NOT COMPUTED (YET),NOT COMPUTED (YET),NOT COMPUTED (YET),NOT COMPUTED (YET),NOT COMPUTED (YET),NOT COMPUTED (YET),NOT COMPUTED (YET),n/a (normal state),n/a (normal state),NOT COMPUTED (YET),NOT COMPUTED (YET),n/a (normal state),n/a (normal state),n/a (normal state),n/a (normal state),n/a (normal state),3.125e-02,3.125e-02,0.000000e+00,n/a (normal state),n/a (normal state),n/a (normal state),n/a (normal state),n/a,n/a (normal state),"[normal state: exact solution, linearly stable for B > κ/2, marginal at B = κ/2; whether a vortex branch coexists (κ < 1, subcritical) is NOT COMPUTED (YET)] [by construction; not a test] [Venus 20:44]; normal-state energy (not a vortex value) = 9.42477796077"
P1,1T,4,1.0,1,1.0,12.5663706144,11.5392430422,1.02712757215,NOT COMPUTED (YET),NOT COMPUTED (YET),n/a,n/a,-1,2.428e-15,2.716e-14,NOT COMPUTED (YET),n/a,2.884e-14,1.569e-14,0.000e+00,3.613e-10,h=0.02:nit=291;h=0.01:nit=213,3.146e-14,6.009e-15,9.656691e-01,6.785e-15,1.239e-09,no,NOT COMPUTED (YET),12.5663706144,graded,[axisymmetric critical point; stability NOT COMPUTED (YET)]
P1,1T,4,1.0,1,2.0,16.1220623515,15.8763810472,0.245681304228,NOT COMPUTED (YET),NOT COMPUTED (YET),n/a,n/a,-1,1.190e-14,2.667e-14,NOT COMPUTED (YET),n/a,2.997e-14,1.388e-14,0.000e+00,4.296e-10,h=0.02:nit=2726;h=0.01:nit=4317,1.611e-02,4.183e-02,9.984890e-01,1.384e-02,1.222e-09,yes,NOT COMPUTED (YET),15.8068291412,report-only (n_tip > 1 at kappa > 1),[axisymmetric critical point; stability NOT COMPUTED (YET)]
P1,1T,4,1.0,1,4.0,20.4703658506,20.383325567,0.087040283627,NOT COMPUTED (YET),NOT COMPUTED (YET),n/a,n/a,-1,5.138e-14,2.760e-14,NOT COMPUTED (YET),n/a,3.166e-14,2.464e-14,0.000e+00,4.030e-10,h=0.02:nit=2089;h=0.01:nit=3638,8.350e-02,1.433e-01,9.999699e-01,3.631e-02,1.047e-09,yes,NOT COMPUTED (YET),19.9445853324,report-only (n_tip > 1 at kappa > 1),[axisymmetric critical point; stability NOT COMPUTED (YET)]
P1,1T,4,24.0,0.5,0.25,7.61725775029,7.61722477121,3.29790784095e-05,NOT COMPUTED (YET),NOT COMPUTED (YET),n/a,n/a,-1,1.409e-14,7.021e-14,NOT COMPUTED (YET),n/a,2.714e-14,1.772e-14,0.000e+00,2.274e-10,h=0.02:nit=356;h=0.01:nit=677,7.485e-03,1.203e-02,9.999980e-01,5.072e-02,6.262e-09,yes,NOT COMPUTED (YET),7.59424175422,graded,[axisymmetric critical point; stability NOT COMPUTED (YET)]
P1,1T,4,24.0,0.5,0.5,9.74530108511,9.74530101209,7.30159292815e-08,15.2368189346,15.3863828996,n/a,n/a,-1,5.023e-16,6.338e-14,7.93416387208e-07,n/a,2.742e-14,1.823e-14,7.665e-08,2.240e-10,h=0.02:nit=263;h=0.01:nit=471,6.769e-03,1.132e-02,1.000000e+00,2.718e-02,6.129e-09,yes,yes,9.73345724907,graded,[axisymmetric critical point; stability NOT COMPUTED (YET)]
P1,1T,4,24.0,0.5,1.0,12.5663706144,12.5663706143,1.9257073708e-11,11.5703116477,11.9735191136,n/a,n/a,-1,5.472e-15,5.393e-14,-4.90331603376e-18,n/a,1.908e-14,1.824e-14,2.362e-08,2.054e-10,h=0.02:nit=149;h=0.01:nit=228,3.238e-14,1.131e-14,1.000000e+00,9.188e-15,5.644e-09,no,yes,12.5663706144,graded,[axisymmetric critical point; stability NOT COMPUTED (YET)]
P1,1T,4,24.0,0.5,2.0,16.2997375533,16.2997375533,2.25400091166e-12,10.874622825,11.2586518174,n/a,n/a,-1,5.520e-15,4.343e-14,-1.12607038207e-06,n/a,8.764e-15,1.918e-14,7.977e-08,1.728e-10,h=0.02:nit=270;h=0.01:nit=567,2.285e-02,3.911e-02,1.000000e+00,2.977e-02,4.853e-09,yes,yes,16.3107528973,report-only (n_tip > 1 at kappa > 1),[axisymmetric critical point; stability NOT COMPUTED (YET)]
P1,1T,4,24.0,0.5,4.0,21.2145585203,21.2145585203,7.2551917553e-13,10.3327486064,10.6940367741,n/a,n/a,-1,9.393e-15,3.774e-14,-1.08919393509e-06,n/a,9.895e-16,1.976e-14,3.421e-08,1.327e-10,h=0.02:nit=309;h=0.01:nit=656,8.573e-02,1.432e-01,1.000000e+00,6.165e-02,3.866e-09,yes,yes,21.2352852769,report-only (n_tip > 1 at kappa > 1),[axisymmetric critical point; stability NOT COMPUTED (YET)]
P1,1T,4,24.0,0.6,0.25,7.70475446286,7.70472061113,3.38517244937e-05,NOT COMPUTED (YET),NOT COMPUTED (YET),n/a,n/a,-1,1.200e-14,5.679e-14,NOT COMPUTED (YET),n/a,2.417e-14,1.718e-14,0.000e+00,2.097e-09,h=0.02:nit=417;h=0.01:nit=632,7.765e-03,1.194e-02,9.999974e-01,5.072e-02,6.262e-09,yes,NOT COMPUTED (YET),7.71250161728,graded,[axisymmetric critical point; stability NOT COMPUTED (YET)]
P1,1T,4,24.0,0.6,0.5,9.80571995667,9.80571987478,8.18916019786e-08,14.7077509963,13.5133382757,n/a,n/a,-1,8.311e-15,6.006e-14,7.56524519414e-07,n/a,2.445e-14,1.685e-14,4.253e-08,1.970e-09,h=0.02:nit=257;h=0.01:nit=472,7.123e-03,1.119e-02,1.000000e+00,2.718e-02,6.129e-09,yes,yes,9.80801627108,graded,[axisymmetric critical point; stability NOT COMPUTED (YET)]
P1,1T,4,24.0,0.6,1.0,12.5663706144,12.5663706143,2.54569371188e-11,11.0961876954,10.7770740282,n/a,n/a,-1,4.064e-15,5.257e-14,-4.52621443169e-19,n/a,1.894e-14,1.597e-14,4.021e-08,1.776e-09,h=0.02:nit=159;h=0.01:nit=219,2.921e-14,8.993e-15,1.000000e+00,9.188e-15,5.644e-09,no,yes,12.5663706144,graded,[axisymmetric critical point; stability NOT COMPUTED (YET)]
P1,1T,4,24.0,0.6,2.0,16.1899676734,16.1899676734,3.39987641635e-12,10.4620676588,10.2211715504,n/a,n/a,-1,5.952e-15,4.287e-14,-1.25002477237e-06,n/a,1.060e-14,1.712e-14,3.216e-08,1.531e-09,h=0.02:nit=260;h=0.01:nit=569,2.446e-02,3.831e-02,1.000000e+00,2.977e-02,4.853e-09,yes,yes,16.189098128,report-only (n_tip > 1 at kappa > 1),[axisymmetric critical point; stability NOT COMPUTED (YET)]
P1,1T,4,24.0,0.6,4.0,20.9219374026,20.9219374026,1.22861436979e-12,9.9741810999,9.78264090706,n/a,n/a,-1,1.085e-14,3.814e-14,-1.2303091403e-06,n/a,4.523e-15,1.749e-14,1.712e-08,1.254e-09,h=0.02:nit=313;h=0.01:nit=605,9.216e-02,1.396e-01,1.000000e+00,6.165e-02,3.866e-09,yes,yes,20.9208270972,report-only (n_tip > 1 at kappa > 1),[axisymmetric critical point; stability NOT COMPUTED (YET)]
P1,1T,4,24.0,0.7,0.25,7.78982798181,7.78979119802,3.67837907944e-05,NOT COMPUTED (YET),NOT COMPUTED (YET),n/a,n/a,-1,2.476e-14,3.969e-14,NOT COMPUTED (YET),n/a,2.248e-14,1.699e-14,0.000e+00,3.502e-09,h=0.02:nit=536;h=0.01:nit=865,8.108e-03,1.184e-02,9.999964e-01,5.072e-02,6.262e-09,yes,NOT COMPUTED (YET),7.81979968378,graded,[axisymmetric critical point; stability NOT COMPUTED (YET)]
P1,1T,4,24.0,0.7,0.5,9.86320483739,9.86320473885,9.85390704442e-08,14.2814338667,12.182295083,n/a,n/a,-1,2.545e-14,5.748e-14,7.03938942519e-07,n/a,2.262e-14,1.657e-14,3.409e-08,3.377e-09,h=0.02:nit=233;h=0.01:nit=444,7.513e-03,1.106e-02,1.000000e+00,2.718e-02,6.129e-09,yes,yes,9.87539620052,graded,[axisymmetric critical point; stability NOT COMPUTED (YET)]
P1,1T,4,24.0,0.7,1.0,12.5663706144,12.5663706143,3.64687331129e-11,10.7162364415,9.92851969085,n/a,n/a,-1,4.165e-15,5.097e-14,-6.75721930126e-18,n/a,1.866e-14,1.470e-14,3.741e-08,3.088e-09,h=0.02:nit=156;h=0.01:nit=219,2.688e-14,8.590e-15,1.000000e+00,9.188e-15,5.644e-09,no,yes,12.5663706144,graded,[axisymmetric critical point; stability NOT COMPUTED (YET)]
P1,1T,4,24.0,0.7,2.0,16.0889393968,16.0889393968,5.42472294146e-12,10.1325662868,9.47969247003,n/a,n/a,-1,1.740e-15,4.282e-14,-1.37601535637e-06,n/a,1.230e-14,1.568e-14,1.869e-08,2.660e-09,h=0.02:nit=249;h=0.01:nit=471,2.605e-02,3.752e-02,1.000000e+00,2.977e-02,4.853e-09,yes,yes,16.0801436685,report-only (n_tip > 1 at kappa > 1),[axisymmetric critical point; stability NOT COMPUTED (YET)]
P1,1T,4,24.0,0.7,4.0,20.6561121693,20.6561121693,2.15028250245e-12,9.68796288773,9.12577098795,n/a,n/a,-1,8.907e-15,3.724e-14,-1.37384731867e-06,n/a,7.068e-15,1.600e-14,3.535e-08,2.143e-09,h=0.02:nit=295;h=0.01:nit=565,9.833e-02,1.361e-01,1.000000e+00,6.165e-02,3.866e-09,yes,yes,20.6407115455,report-only (n_tip > 1 at kappa > 1),[axisymmetric critical point; stability NOT COMPUTED (YET)]
P1,1T,4,24.0,0.8,0.25,7.87156270769,7.87152136266,4.1345031212e-05,NOT COMPUTED (YET),NOT COMPUTED (YET),n/a,n/a,-1,1.147e-14,5.718e-14,NOT COMPUTED (YET),n/a,2.092e-14,1.783e-14,0.000e+00,5.407e-10,h=0.02:nit=635;h=0.01:nit=800,8.487e-03,1.173e-02,9.999952e-01,5.072e-02,6.262e-09,yes,NOT COMPUTED (YET),7.91836021612,graded,[axisymmetric critical point; stability NOT COMPUTED (YET)]
P1,1T,4,24.0,0.8,0.5,9.9175813065,9.91758118323,1.2326595871e-07,13.9290471504,11.1766097379,n/a,n/a,-1,9.335e-15,5.733e-14,6.33543078477e-07,n/a,2.092e-14,1.630e-14,4.347e-09,5.580e-10,h=0.02:nit=218;h=0.01:nit=428,7.918e-03,1.092e-02,1.000000e+00,2.718e-02,6.129e-09,yes,yes,9.9370637637,graded,[axisymmetric critical point; stability NOT COMPUTED (YET)]
P1,1T,4,24.0,0.8,1.0,12.5663706144,12.5663706143,5.43552019873e-11,10.4030448921,9.28793890814,n/a,n/a,-1,5.447e-15,5.169e-14,-9.54622528505e-19,n/a,1.838e-14,1.399e-14,4.139e-08,5.294e-10,h=0.02:nit=159;h=0.01:nit=209,2.678e-14,8.632e-15,1.000000e+00,9.188e-15,5.644e-09,no,yes,12.5663706144,graded,[axisymmetric critical point; stability NOT COMPUTED (YET)]
P1,1T,4,24.0,0.8,2.0,15.9956530192,15.9956530192,8.8423417943e-12,9.8613735373,8.91578546217,n/a,n/a,-1,1.793e-14,4.336e-14,-1.49984468733e-06,n/a,1.329e-14,1.455e-14,1.323e-08,4.548e-10,h=0.02:nit=261;h=0.01:nit=483,2.760e-02,3.675e-02,1.000000e+00,2.977e-02,4.853e-09,yes,yes,15.9812552323,report-only (n_tip > 1 at kappa > 1),[axisymmetric critical point; stability NOT COMPUTED (YET)]
P1,1T,4,24.0,0.8,4.0,20.4130764224,20.4130764224,3.78038656328e-12,9.45225478301,8.62233691743,n/a,n/a,-1,3.368e-14,3.604e-14,-1.51580013163e-06,n/a,9.612e-15,1.671e-14,1.206e-09,3.516e-10,h=0.02:nit=283;h=0.01:nit=569,1.042e-01,1.328e-01,1.000000e+00,6.165e-02,3.866e-09,yes,yes,20.387746362,report-only (n_tip > 1 at kappa > 1),[axisymmetric critical point; stability NOT COMPUTED (YET)]
P1,1T,4,24.0,0.9,0.25,7.94969844493,7.94965104731,4.73976236705e-05,NOT COMPUTED (YET),NOT COMPUTED (YET),n/a,n/a,-1,1.733e-14,5.273e-14,NOT COMPUTED (YET),n/a,2.007e-14,1.821e-14,0.000e+00,3.908e-09,h=0.02:nit=678;h=0.01:nit=906,8.886e-03,1.162e-02,9.999936e-01,5.072e-02,6.262e-09,yes,NOT COMPUTED (YET),8.00973549205,graded,[axisymmetric critical point; stability NOT COMPUTED (YET)]
P1,1T,4,24.0,0.9,0.5,9.96895831135,9.96895815399,1.57359688832e-07,13.6318099363,10.3811755711,n/a,n/a,-1,1.902e-14,5.234e-14,5.44138200633e-07,n/a,2.007e-14,1.675e-14,3.620e-09,3.725e-09,h=0.02:nit=233;h=0.01:nit=442,8.328e-03,1.078e-02,1.000000e+00,2.718e-02,6.129e-09,yes,yes,9.99404197643,graded,[axisymmetric critical point; stability NOT COMPUTED (YET)]
P1,1T,4,24.0,0.9,1.0,12.5663706144,12.5663706143,8.23685371532e-11,10.1390998115,8.7816189445,n/a,n/a,-1,6.552e-15,5.102e-14,1.28211851395e-18,n/a,1.809e-14,1.343e-14,2.043e-08,3.381e-09,h=0.02:nit=139;h=0.01:nit=212,2.610e-14,8.632e-15,1.000000e+00,9.188e-15,5.644e-09,no,yes,12.5663706144,graded,[axisymmetric critical point; stability NOT COMPUTED (YET)]
P1,1T,4,24.0,0.9,2.0,15.9091385186,15.9091385186,1.44507273407e-11,9.6329318696,8.4669833039,n/a,n/a,-1,2.318e-14,5.015e-14,-1.61832443073e-06,n/a,1.428e-14,1.385e-14,9.990e-09,2.911e-09,h=0.02:nit=275;h=0.01:nit=474,2.910e-02,3.601e-02,1.000000e+00,2.977e-02,4.853e-09,yes,yes,15.8905972442,report-only (n_tip > 1 at kappa > 1),[axisymmetric critical point; stability NOT COMPUTED (YET)]
P1,1T,4,24.0,0.9,4.0,20.1894795724,20.1894795724,6.58059308075e-12,9.25346980948,8.21884820205,n/a,n/a,-1,4.392e-14,3.939e-14,-1.65304061982e-06,n/a,1.117e-14,2.692e-14,3.285e-08,2.362e-09,h=0.02:nit=305;h=0.01:nit=554,1.098e-01,1.297e-01,1.000000e+00,6.165e-02,3.866e-09,yes,yes,20.1569228184,report-only (n_tip > 1 at kappa > 1),[axisymmetric critical point; stability NOT COMPUTED (YET)]
P1,1T,4,24.0,1,0.25,8.02426796669,8.02421303431,5.49323760195e-05,NOT COMPUTED (YET),NOT COMPUTED (YET),n/a,n/a,-1,9.623e-15,6.689e-14,NOT COMPUTED (YET),n/a,1.908e-14,1.970e-14,0.000e+00,6.262e-09,h=0.02:nit=869;h=0.01:nit=1041,9.296e-03,1.150e-02,9.999915e-01,5.072e-02,6.262e-09,yes,NOT COMPUTED (YET),8.09506100732,graded,[axisymmetric critical point; stability NOT COMPUTED (YET)]
P1,1T,4,24.0,1,0.5,10.0175425914,10.0175423886,2.02722381152e-07,13.3769565347,9.72954831794,n/a,n/a,-1,6.523e-15,6.103e-14,4.35158095332e-07,n/a,1.922e-14,1.738e-14,1.153e-09,6.129e-09,h=0.02:nit=232;h=0.01:nit=431,8.738e-03,1.064e-02,1.000000e+00,2.718e-02,6.129e-09,yes,yes,10.0470787494,graded,[axisymmetric critical point; stability NOT COMPUTED (YET)]
P1,1T,4,24.0,1,1.0,12.5663706144,12.5663706142,1.25222735399e-10,9.91266933282,8.36720460144,n/a,n/a,-1,7.479e-15,5.310e-14,5.46840326039e-18,n/a,1.781e-14,1.286e-14,1.687e-08,5.644e-09,h=0.02:nit=148;h=0.01:nit=206,2.598e-14,8.646e-15,1.000000e+00,9.188e-15,5.644e-09,no,yes,12.5663706144,graded,[axisymmetric critical point; stability NOT COMPUTED (YET)]
P1,1T,4,24.0,1,2.0,15.8285489249,15.8285489249,2.34364274284e-11,9.43693097162,8.09730732204,n/a,n/a,-1,3.291e-14,4.615e-14,-1.72889535179e-06,n/a,1.442e-14,1.313e-14,1.821e-08,4.853e-09,h=0.02:nit=252;h=0.01:nit=481,3.055e-02,3.530e-02,1.000000e+00,2.977e-02,4.853e-09,yes,yes,15.8068291412,report-only (n_tip > 1 at kappa > 1),[axisymmetric critical point; stability NOT COMPUTED (YET)]
P1,1T,4,24.0,1,4.0,19.9825994906,19.9825994906,1.12594171787e-11,9.08266024472,7.88438332441,n/a,n/a,-1,8.117e-14,4.152e-14,-1.78299633244e-06,n/a,1.244e-14,3.769e-14,3.458e-08,3.866e-09,h=0.02:nit=261;h=0.01:nit=521,1.151e-01,1.267e-01,1.000000e+00,6.165e-02,3.866e-09,yes,yes,19.9445853324,report-only (n_tip > 1 at kappa > 1),[axisymmetric critical point; stability NOT COMPUTED (YET)]
P1,1T,4,4.0,0.5,0.25,7.50488282156,6.74330808552,0.761574736038,NOT COMPUTED (YET),NOT COMPUTED (YET),n/a,n/a,-1,6.713e-15,6.283e-14,NOT COMPUTED (YET),n/a,3.025e-14,1.539e-14,0.000e+00,1.891e-09,h=0.02:nit=3034;h=0.01:nit=4873,3.519e-03,1.246e-02,9.431609e-01,2.048e-02,3.154e-09,yes,NOT COMPUTED (YET),7.59424175422,graded,[axisymmetric critical point; stability NOT COMPUTED (YET)]
P1,1T,4,4.0,0.5,0.5,9.72836961969,9.6093853292,0.11898429049,NOT COMPUTED (YET),NOT COMPUTED (YET),n/a,n/a,-1,5.566e-15,6.024e-14,NOT COMPUTED (YET),n/a,3.421e-14,1.862e-14,0.000e+00,1.985e-09,h=0.02:nit=2442;h=0.01:nit=4111,5.544e-03,1.157e-02,9.967287e-01,1.555e-02,3.598e-09,yes,NOT COMPUTED (YET),9.73345724907,graded,[axisymmetric critical point; stability NOT COMPUTED (YET)]
P1,1T,4,4.0,0.5,1.0,12.5663706144,12.5573630415,0.00900757282552,NOT COMPUTED (YET),NOT COMPUTED (YET),n/a,n/a,-1,3.980e-15,4.969e-14,NOT COMPUTED (YET),n/a,4.382e-14,1.710e-14,0.000e+00,1.853e-09,h=0.02:nit=133;h=0.01:nit=202,2.955e-14,9.673e-15,9.999390e-01,8.623e-15,3.585e-09,no,NOT COMPUTED (YET),12.5663706144,graded,[axisymmetric critical point; stability NOT COMPUTED (YET)]
P1,1T,4,4.0,0.5,2.0,16.2842675757,16.2831222541,0.00114532161601,NOT COMPUTED (YET),NOT COMPUTED (YET),n/a,n/a,-1,8.372e-15,4.150e-14,NOT COMPUTED (YET),n/a,4.523e-14,1.789e-14,0.000e+00,1.596e-09,h=0.02:nit=1071;h=0.01:nit=2065,2.282e-02,3.908e-02,9.999998e-01,2.284e-02,3.247e-09,yes,NOT COMPUTED (YET),16.3107528973,report-only (n_tip > 1 at kappa > 1),[axisymmetric critical point; stability NOT COMPUTED (YET)]
P1,1T,4,4.0,0.5,4.0,21.170320169,21.1699579479,0.000362221058132,NOT COMPUTED (YET),NOT COMPUTED (YET),n/a,n/a,-1,2.552e-14,5.128e-14,NOT COMPUTED (YET),n/a,4.015e-14,1.880e-14,0.000e+00,1.283e-09,h=0.02:nit=1096;h=0.01:nit=1947,8.711e-02,1.424e-01,1.000000e+00,5.110e-02,2.695e-09,yes,NOT COMPUTED (YET),21.2352852769,report-only (n_tip > 1 at kappa > 1),[axisymmetric critical point; stability NOT COMPUTED (YET)]
P1,1T,4,4.0,0.6,0.25,7.53114217706,6.86058600949,0.670556167571,NOT COMPUTED (YET),NOT COMPUTED (YET),n/a,n/a,-1,6.136e-15,5.023e-14,NOT COMPUTED (YET),n/a,2.686e-14,1.462e-14,0.000e+00,2.274e-09,h=0.02:nit=3076;h=0.01:nit=5993,3.193e-03,1.251e-02,9.399066e-01,2.048e-02,3.154e-09,yes,NOT COMPUTED (YET),7.71250161728,graded,[axisymmetric critical point; stability NOT COMPUTED (YET)]
P1,1T,4,4.0,0.6,0.5,9.75613961931,9.65749640129,0.0986432180266,NOT COMPUTED (YET),NOT COMPUTED (YET),n/a,n/a,-1,5.052e-15,5.257e-14,NOT COMPUTED (YET),n/a,3.025e-14,1.730e-14,0.000e+00,2.464e-09,h=0.02:nit=2063;h=0.01:nit=4057,5.385e-03,1.159e-02,9.964272e-01,1.555e-02,3.598e-09,yes,NOT COMPUTED (YET),9.80801627108,graded,[axisymmetric critical point; stability NOT COMPUTED (YET)]
P1,1T,4,4.0,0.6,1.0,12.5663706144,12.5590828514,0.00728776295569,NOT COMPUTED (YET),NOT COMPUTED (YET),n/a,n/a,-1,4.205e-15,4.517e-14,NOT COMPUTED (YET),n/a,3.859e-14,1.513e-14,0.000e+00,2.364e-09,h=0.02:nit=129;h=0.01:nit=168,2.598e-14,8.119e-15,9.999292e-01,8.623e-15,3.585e-09,no,NOT COMPUTED (YET),12.5663706144,graded,[axisymmetric critical point; stability NOT COMPUTED (YET)]
P1,1T,4,4.0,0.6,2.0,16.209284166,16.2082900978,0.000994068170365,NOT COMPUTED (YET),NOT COMPUTED (YET),n/a,n/a,-1,5.705e-15,3.724e-14,NOT COMPUTED (YET),n/a,3.916e-14,1.600e-14,0.000e+00,2.084e-09,h=0.02:nit=1032;h=0.01:nit=2201,2.319e-02,3.885e-02,9.999997e-01,2.284e-02,3.247e-09,yes,NOT COMPUTED (YET),16.189098128,report-only (n_tip > 1 at kappa > 1),[axisymmetric critical point; stability NOT COMPUTED (YET)]
P1,1T,4,4.0,0.6,4.0,20.9470057652,20.9466637801,0.000341985123868,NOT COMPUTED (YET),NOT COMPUTED (YET),n/a,n/a,-1,2.410e-14,4.363e-14,NOT COMPUTED (YET),n/a,3.619e-14,1.662e-14,0.000e+00,1.704e-09,h=0.02:nit=1175;h=0.01:nit=2161,8.993e-02,1.407e-01,1.000000e+00,5.110e-02,2.695e-09,yes,NOT COMPUTED (YET),20.9208270972,report-only (n_tip > 1 at kappa > 1),[axisymmetric critical point; stability NOT COMPUTED (YET)]
P1,1T,4,4.0,0.7,0.25,7.56116941328,6.95156315263,0.609606260647,NOT COMPUTED (YET),NOT COMPUTED (YET),n/a,n/a,-1,6.413e-15,4.381e-14,NOT COMPUTED (YET),n/a,2.488e-14,1.327e-14,0.000e+00,2.864e-10,h=0.02:nit=2771;h=0.01:nit=7280,2.879e-03,1.256e-02,9.359959e-01,2.048e-02,3.154e-09,yes,NOT COMPUTED (YET),7.81979968378,graded,[axisymmetric critical point; stability NOT COMPUTED (YET)]
P1,1T,4,4.0,0.7,0.5,9.78643822593,9.70015488913,0.0862833367999,NOT COMPUTED (YET),NOT COMPUTED (YET),n/a,n/a,-1,5.432e-15,4.941e-14,NOT COMPUTED (YET),n/a,2.771e-14,1.597e-14,0.000e+00,3.388e-10,h=0.02:nit=1708;h=0.01:nit=4075,5.281e-03,1.160e-02,9.960564e-01,1.555e-02,3.598e-09,yes,NOT COMPUTED (YET),9.87539620052,graded,[axisymmetric critical point; stability NOT COMPUTED (YET)]
P1,1T,4,4.0,0.7,1.0,12.5663706144,12.5600076652,0.00636294920674,NOT COMPUTED (YET),NOT COMPUTED (YET),n/a,n/a,-1,3.762e-15,4.098e-14,NOT COMPUTED (YET),n/a,3.492e-14,1.442e-14,0.000e+00,3.469e-10,h=0.02:nit=119;h=0.01:nit=185,2.384e-14,6.786e-15,9.999165e-01,8.623e-15,3.585e-09,no,NOT COMPUTED (YET),12.5663706144,graded,[axisymmetric critical point; stability NOT COMPUTED (YET)]
P1,1T,4,4.0,0.7,2.0,16.1339987024,16.133068203,0.000930499418624,NOT COMPUTED (YET),NOT COMPUTED (YET),n/a,n/a,-1,6.130e-15,3.362e-14,NOT COMPUTED (YET),n/a,3.520e-14,1.453e-14,0.000e+00,3.132e-10,h=0.02:nit=1188;h=0.01:nit=2091,2.379e-02,3.851e-02,9.999996e-01,2.284e-02,3.247e-09,yes,NOT COMPUTED (YET),16.0801436685,report-only (n_tip > 1 at kappa > 1),[axisymmetric critical point; stability NOT COMPUTED (YET)]
P1,1T,4,4.0,0.7,4.0,20.7302179525,20.7298730027,0.000344949790023,NOT COMPUTED (YET),NOT COMPUTED (YET),n/a,n/a,-1,3.705e-14,6.284e-14,NOT COMPUTED (YET),n/a,3.350e-14,1.542e-14,0.000e+00,2.504e-10,h=0.02:nit=1103;h=0.01:nit=2123,9.340e-02,1.387e-01,1.000000e+00,5.110e-02,2.695e-09,yes,NOT COMPUTED (YET),20.6407115455,report-only (n_tip > 1 at kappa > 1),[axisymmetric critical point; stability NOT COMPUTED (YET)]
P1,1T,4,4.0,0.8,0.25,7.59358473496,7.02534215694,0.568242578026,NOT COMPUTED (YET),NOT COMPUTED (YET),n/a,n/a,-1,4.663e-15,3.846e-14,NOT COMPUTED (YET),n/a,2.304e-14,1.216e-14,0.000e+00,3.154e-09,h=0.02:nit=3217;h=0.01:nit=5456,2.586e-03,1.259e-02,9.315340e-01,2.048e-02,3.154e-09,yes,NOT COMPUTED (YET),7.91836021612,graded,[axisymmetric critical point; stability NOT COMPUTED (YET)]
P1,1T,4,4.0,0.8,0.5,9.81802481373,9.73945188107,0.078572932663,NOT COMPUTED (YET),NOT COMPUTED (YET),n/a,n/a,-1,1.682e-15,4.338e-14,NOT COMPUTED (YET),n/a,2.601e-14,1.502e-14,0.000e+00,3.598e-09,h=0.02:nit=1947;h=0.01:nit=4404,5.227e-03,1.159e-02,9.956214e-01,1.555e-02,3.598e-09,yes,NOT COMPUTED (YET),9.9370637637,graded,[axisymmetric critical point; stability NOT COMPUTED (YET)]
P1,1T,4,4.0,0.8,1.0,12.5663706144,12.5605022197,0.00586839470032,NOT COMPUTED (YET),NOT COMPUTED (YET),n/a,n/a,-1,3.637e-15,3.968e-14,NOT COMPUTED (YET),n/a,3.237e-14,1.357e-14,0.000e+00,3.585e-09,h=0.02:nit=129;h=0.01:nit=198,2.220e-14,6.134e-15,9.999008e-01,8.623e-15,3.585e-09,no,NOT COMPUTED (YET),12.5663706144,graded,[axisymmetric critical point; stability NOT COMPUTED (YET)]
P1,1T,4,4.0,0.8,2.0,16.0602809977,16.0593644432,0.000916554589869,NOT COMPUTED (YET),NOT COMPUTED (YET),n/a,n/a,-1,1.177e-14,3.635e-14,NOT COMPUTED (YET),n/a,3.294e-14,1.327e-14,0.000e+00,3.247e-09,h=0.02:nit=1177;h=0.01:nit=2104,2.454e-02,3.810e-02,9.999995e-01,2.284e-02,3.247e-09,yes,NOT COMPUTED (YET),15.9812552323,report-only (n_tip > 1 at kappa > 1),[axisymmetric critical point; stability NOT COMPUTED (YET)]
P1,1T,4,4.0,0.8,4.0,20.5231363026,20.5227735562,0.000362746346921,NOT COMPUTED (YET),NOT COMPUTED (YET),n/a,n/a,-1,4.093e-14,4.163e-14,NOT COMPUTED (YET),n/a,3.181e-14,1.454e-14,0.000e+00,2.695e-09,h=0.02:nit=1170;h=0.01:nit=2148,9.722e-02,1.364e-01,1.000000e+00,5.110e-02,2.695e-09,yes,NOT COMPUTED (YET),20.387746362,report-only (n_tip > 1 at kappa > 1),[axisymmetric critical point; stability NOT COMPUTED (YET)]
P1,1T,4,4.0,0.9,0.25,7.62736902804,7.08727935516,0.540089672881,NOT COMPUTED (YET),NOT COMPUTED (YET),n/a,n/a,-1,3.921e-15,3.688e-14,NOT COMPUTED (YET),n/a,2.191e-14,1.188e-14,0.000e+00,2.843e-09,h=0.02:nit=3088;h=0.01:nit=5264,2.318e-03,1.261e-02,9.266009e-01,2.048e-02,3.154e-09,yes,NOT COMPUTED (YET),8.00973549205,graded,[axisymmetric critical point; stability NOT COMPUTED (YET)]
P1,1T,4,4.0,0.9,0.5,9.85007690842,9.7763271668,0.0737497416252,NOT COMPUTED (YET),NOT COMPUTED (YET),n/a,n/a,-1,6.426e-16,4.312e-14,NOT COMPUTED (YET),n/a,2.474e-14,1.533e-14,0.000e+00,3.239e-09,h=0.02:nit=2277;h=0.01:nit=3456,5.217e-03,1.156e-02,9.951252e-01,1.555e-02,3.598e-09,yes,NOT COMPUTED (YET),9.99404197643,graded,[axisymmetric critical point; stability NOT COMPUTED (YET)]
P1,1T,4,4.0,0.9,1.0,12.5663706144,12.5607401851,0.00563042923975,NOT COMPUTED (YET),NOT COMPUTED (YET),n/a,n/a,-1,3.720e-15,3.817e-14,NOT COMPUTED (YET),n/a,3.025e-14,1.244e-14,0.000e+00,3.209e-09,h=0.02:nit=134;h=0.01:nit=200,2.165e-14,5.940e-15,9.998818e-01,8.623e-15,3.585e-09,no,NOT COMPUTED (YET),12.5663706144,graded,[axisymmetric critical point; stability NOT COMPUTED (YET)]
P1,1T,4,4.0,0.9,2.0,15.9890347378,15.9881001768,0.000934561040058,NOT COMPUTED (YET),NOT COMPUTED (YET),n/a,n/a,-1,1.540e-14,3.555e-14,NOT COMPUTED (YET),n/a,3.067e-14,1.278e-14,0.000e+00,2.908e-09,h=0.02:nit=1272;h=0.01:nit=2270,2.539e-02,3.765e-02,9.999994e-01,2.284e-02,3.247e-09,yes,NOT COMPUTED (YET),15.8905972442,report-only (n_tip > 1 at kappa > 1),[axisymmetric critical point; stability NOT COMPUTED (YET)]
P1,1T,4,4.0,0.9,4.0,20.3267524911,20.3263608903,0.000391600743772,NOT COMPUTED (YET),NOT COMPUTED (YET),n/a,n/a,-1,5.676e-14,4.192e-14,NOT COMPUTED (YET),n/a,3.067e-14,2.360e-14,0.000e+00,2.438e-09,h=0.02:nit=1410;h=0.01:nit=2066,1.012e-01,1.341e-01,1.000000e+00,5.110e-02,2.695e-09,yes,NOT COMPUTED (YET),20.1569228184,report-only (n_tip > 1 at kappa > 1),[axisymmetric critical point; stability NOT COMPUTED (YET)]
P1,1T,4,4.0,1,0.25,7.66178327514,7.14063874259,0.521144532549,NOT COMPUTED (YET),NOT COMPUTED (YET),n/a,n/a,-1,2.213e-15,3.456e-14,NOT COMPUTED (YET),n/a,2.106e-14,1.206e-14,0.000e+00,4.688e-10,h=0.02:nit=3199;h=0.01:nit=6006,2.076e-03,1.262e-02,9.212591e-01,2.048e-02,3.154e-09,yes,NOT COMPUTED (YET),8.09506100732,graded,[axisymmetric critical point; stability NOT COMPUTED (YET)]
P1,1T,4,4.0,1,0.5,9.88205841567,9.8112378574,0.0708205582698,NOT COMPUTED (YET),NOT COMPUTED (YET),n/a,n/a,-1,2.517e-15,4.013e-14,NOT COMPUTED (YET),n/a,2.361e-14,1.528e-14,0.000e+00,6.039e-10,h=0.02:nit=2155;h=0.01:nit=4349,5.243e-03,1.152e-02,9.945702e-01,1.555e-02,3.598e-09,yes,NOT COMPUTED (YET),10.0470787494,graded,[axisymmetric critical point; stability NOT COMPUTED (YET)]
P1,1T,4,4.0,1,1.0,12.5663706144,12.5608117228,0.00555889152195,NOT COMPUTED (YET),NOT COMPUTED (YET),n/a,n/a,-1,4.031e-15,3.979e-14,NOT COMPUTED (YET),n/a,2.898e-14,1.173e-14,0.000e+00,6.541e-10,h=0.02:nit=130;h=0.01:nit=183,2.107e-14,6.065e-15,9.998593e-01,8.623e-15,3.585e-09,no,NOT COMPUTED (YET),12.5663706144,graded,[axisymmetric critical point; stability NOT COMPUTED (YET)]
P1,1T,4,4.0,1,2.0,15.9206465357,15.9196709855,0.000975550210999,NOT COMPUTED (YET),NOT COMPUTED (YET),n/a,n/a,-1,2.329e-14,3.884e-14,NOT COMPUTED (YET),n/a,2.969e-14,1.194e-14,0.000e+00,6.128e-10,h=0.02:nit=1239;h=0.01:nit=2487,2.630e-02,3.716e-02,9.999992e-01,2.284e-02,3.247e-09,yes,NOT COMPUTED (YET),15.8068291412,report-only (n_tip > 1 at kappa > 1),[axisymmetric critical point; stability NOT COMPUTED (YET)]
P1,1T,4,4.0,1,4.0,20.1410496816,20.1406199775,0.000429704111356,NOT COMPUTED (YET),NOT COMPUTED (YET),n/a,n/a,-1,6.958e-14,3.458e-14,NOT COMPUTED (YET),n/a,2.983e-14,3.351e-14,0.000e+00,5.000e-10,h=0.02:nit=1329;h=0.01:nit=2409,1.053e-01,1.318e-01,1.000000e+00,5.110e-02,2.695e-09,yes,NOT COMPUTED (YET),19.9445853324,report-only (n_tip > 1 at kappa > 1),[axisymmetric critical point; stability NOT COMPUTED (YET)]
P1,1T,4,99.0,0.5,0.25,7.60260069167,7.60260069167,4.46838610232e-13,20.2020929097,20.9020131549,n/a,n/a,-1,7.440e-15,7.887e-14,1.06983038816e-06,n/a,2.742e-14,1.881e-14,2.428e-08,2.155e-10,h=0.02:nit=531;h=0.01:nit=915,7.345e-03,1.207e-02,1.000000e+00,5.883e-02,4.588e-09,yes,yes,7.59424175422,graded,[axisymmetric critical point; stability NOT COMPUTED (YET)]
P1,1T,4,99.0,0.5,0.5,9.73722579273,9.73722579273,5.42353274492e-19,15.2413942557,15.645418866,n/a,n/a,-1,4.282e-15,6.810e-14,1.14914941697e-06,n/a,2.742e-14,1.934e-14,2.996e-08,2.149e-10,h=0.02:nit=434;h=0.01:nit=908,6.629e-03,1.137e-02,1.000000e+00,3.014e-02,4.283e-09,yes,yes,9.73345724907,graded,[axisymmetric critical point; stability NOT COMPUTED (YET)]
P1,1T,4,99.0,0.5,1.0,12.5663706144,12.5663706144,3.48172611565e-27,11.5933254025,11.798019521,n/a,n/a,-1,7.087e-15,5.694e-14,-3.5746816492e-18,n/a,1.159e-14,1.965e-14,6.540e-08,1.991e-10,h=0.02:nit=262;h=0.01:nit=256,3.528e-14,1.270e-14,1.000000e+00,9.188e-15,3.831e-09,no,yes,12.5663706144,graded,[axisymmetric critical point; stability NOT COMPUTED (YET)]
P1,1T,4,99.0,0.5,2.0,16.3076764174,16.3076764174,4.00786931971e-28,10.8922103627,11.0656460348,n/a,n/a,-1,8.791e-15,4.528e-14,-1.13125657439e-06,n/a,1.131e-15,1.961e-14,2.144e-08,1.690e-10,h=0.02:nit=449;h=0.01:nit=877,2.253e-02,3.926e-02,1.000000e+00,3.133e-02,3.263e-09,yes,yes,16.3107528973,report-only (n_tip > 1 at kappa > 1),[axisymmetric critical point; stability NOT COMPUTED (YET)]
P1,1T,4,99.0,0.5,4.0,21.2296857208,21.2296857208,1.28809694548e-28,10.3472085213,10.4982196874,n/a,n/a,-1,1.192e-14,3.838e-14,-1.0753195387e-06,n/a,6.502e-15,2.025e-14,2.375e-08,1.305e-10,h=0.02:nit=553;h=0.01:nit=1193,8.488e-02,1.437e-01,1.000000e+00,6.393e-02,2.622e-09,yes,yes,21.2352852769,report-only (n_tip > 1 at kappa > 1),[axisymmetric critical point; stability NOT COMPUTED (YET)]
P1,1T,4,99.0,0.6,0.25,7.71199424777,7.71199424776,7.70247555322e-13,19.5006730431,19.1572487287,n/a,n/a,-1,1.167e-14,7.657e-14,1.21669251263e-06,n/a,2.502e-14,1.739e-14,2.124e-08,3.141e-10,h=0.02:nit=469;h=0.01:nit=841,7.952e-03,1.192e-02,1.000000e+00,5.883e-02,4.588e-09,yes,yes,7.71250161728,graded,[axisymmetric critical point; stability NOT COMPUTED (YET)]
P1,1T,4,99.0,0.6,0.5,9.80786786704,9.80786786704,1.31018068476e-18,14.6350817824,14.5500157555,n/a,n/a,-1,4.876e-15,6.763e-14,1.39967318633e-06,n/a,2.488e-14,1.739e-14,3.051e-08,3.162e-10,h=0.02:nit=435;h=0.01:nit=793,7.200e-03,1.118e-02,1.000000e+00,3.014e-02,4.283e-09,yes,yes,9.80801627108,graded,[axisymmetric critical point; stability NOT COMPUTED (YET)]
P1,1T,4,99.0,0.6,1.0,12.5663706144,12.5663706144,1.40035232958e-26,11.0784099017,11.0568010243,n/a,n/a,-1,7.343e-15,5.717e-14,1.26123865873e-18,n/a,1.131e-14,1.725e-14,4.224e-08,2.944e-10,h=0.02:nit=250;h=0.01:nit=322,3.234e-14,1.074e-14,1.000000e+00,9.188e-15,3.831e-09,no,yes,12.5663706144,graded,[axisymmetric critical point; stability NOT COMPUTED (YET)]
P1,1T,4,99.0,0.6,2.0,16.1891534245,16.1891534245,1.87257325269e-27,10.4484406309,10.4322633482,n/a,n/a,-1,1.143e-14,4.606e-14,-1.45558128541e-06,n/a,1.979e-15,1.843e-14,2.577e-08,2.503e-10,h=0.02:nit=420;h=0.01:nit=821,2.451e-02,3.829e-02,1.000000e+00,3.133e-02,3.263e-09,yes,yes,16.189098128,report-only (n_tip > 1 at kappa > 1),[axisymmetric critical point; stability NOT COMPUTED (YET)]
P1,1T,4,99.0,0.6,4.0,20.92089739,20.92089739,6.7576802941e-28,9.96291172824,9.95012955938,n/a,n/a,-1,1.852e-14,4.027e-14,-1.39722785531e-06,n/a,4.241e-15,1.851e-14,1.062e-08,1.933e-10,h=0.02:nit=468;h=0.01:nit=998,9.225e-02,1.395e-01,1.000000e+00,6.393e-02,2.622e-09,yes,yes,20.9208270972,report-only (n_tip > 1 at kappa > 1),[axisymmetric critical point; stability NOT COMPUTED (YET)]
P1,1T,4,99.0,0.7,0.25,7.8131948369,7.81319483689,1.36645735818e-12,18.9401754441,17.8975614851,n/a,n/a,-1,2.498e-14,7.677e-14,1.36719269307e-06,n/a,2.262e-14,1.739e-14,2.508e-08,2.616e-09,h=0.02:nit=433;h=0.01:nit=782,8.552e-03,1.178e-02,1.000000e+00,5.883e-02,4.588e-09,yes,yes,7.81979968378,graded,[axisymmetric critical point; stability NOT COMPUTED (YET)]
P1,1T,4,99.0,0.7,0.5,9.87260403981,9.87260403981,3.22268001894e-18,14.1533803118,13.7500809061,n/a,n/a,-1,6.462e-15,6.631e-14,1.67329256235e-06,n/a,2.276e-14,1.655e-14,1.499e-08,2.445e-09,h=0.02:nit=396;h=0.01:nit=733,7.751e-03,1.100e-02,1.000000e+00,3.014e-02,4.283e-09,yes,yes,9.87539620052,graded,[axisymmetric critical point; stability NOT COMPUTED (YET)]
P1,1T,4,99.0,0.7,1.0,12.5663706144,12.5663706144,5.60897234966e-26,10.671330378,10.506458004,n/a,n/a,-1,7.906e-15,5.694e-14,-1.84986697209e-18,n/a,1.117e-14,1.611e-14,6.461e-08,2.197e-09,h=0.02:nit=243;h=0.01:nit=331,3.117e-14,1.030e-14,1.000000e+00,9.188e-15,3.831e-09,no,yes,12.5663706144,graded,[axisymmetric critical point; stability NOT COMPUTED (YET)]
P1,1T,4,99.0,0.7,2.0,16.0822488384,16.0822488384,8.43318018449e-27,10.0972991017,9.95858846025,n/a,n/a,-1,1.484e-14,4.772e-14,-1.81789008387e-06,n/a,2.262e-15,1.657e-14,4.571e-08,1.887e-09,h=0.02:nit=363;h=0.01:nit=802,2.636e-02,3.738e-02,1.000000e+00,3.133e-02,3.263e-09,yes,yes,16.0801436685,report-only (n_tip > 1 at kappa > 1),[axisymmetric critical point; stability NOT COMPUTED (YET)]
P1,1T,4,99.0,0.7,4.0,20.6444428219,20.6444428219,3.36165537647e-27,9.65812557034,9.53735407458,n/a,n/a,-1,2.803e-14,4.274e-14,-1.75747437699e-06,n/a,1.838e-15,1.721e-14,5.416e-08,1.538e-09,h=0.02:nit=460;h=0.01:nit=993,9.905e-02,1.357e-01,1.000000e+00,6.393e-02,2.622e-09,yes,yes,20.6407115455,report-only (n_tip > 1 at kappa > 1),[axisymmetric critical point; stability NOT COMPUTED (YET)]
P1,1T,4,99.0,0.8,0.25,7.90729520618,7.90729520618,2.42915877147e-12,18.4785095805,16.9310693003,n/a,n/a,-1,4.231e-15,7.569e-14,1.51746988246e-06,n/a,2.149e-14,1.808e-14,4.878e-08,5.751e-10,h=0.02:nit=425;h=0.01:nit=778,9.139e-03,1.163e-02,1.000000e+00,5.883e-02,4.588e-09,yes,yes,7.91836021612,graded,[axisymmetric critical point; stability NOT COMPUTED (YET)]
P1,1T,4,99.0,0.8,0.5,9.93237086442,9.93237086442,7.82205215217e-18,13.7581715784,13.1310162627,n/a,n/a,-1,3.942e-15,6.697e-14,1.96665868997e-06,n/a,2.092e-14,1.627e-14,2.660e-08,5.847e-10,h=0.02:nit=365;h=0.01:nit=673,8.281e-03,1.083e-02,1.000000e+00,3.014e-02,4.283e-09,yes,yes,9.9370637637,graded,[axisymmetric critical point; stability NOT COMPUTED (YET)]
P1,1T,4,99.0,0.8,1.0,12.5663706144,12.5663706144,2.15742755323e-25,10.3385249384,10.0753657618,n/a,n/a,-1,8.628e-15,5.762e-14,6.6239721418e-19,n/a,1.074e-14,1.498e-14,3.369e-08,5.473e-10,h=0.02:nit=216;h=0.01:nit=310,3.000e-14,1.008e-14,1.000000e+00,9.188e-15,3.831e-09,no,yes,12.5663706144,graded,[axisymmetric critical point; stability NOT COMPUTED (YET)]
P1,1T,4,99.0,0.8,2.0,15.9847913416,15.9847913416,3.56434710406e-26,9.8098346286,9.58535846856,n/a,n/a,-1,1.948e-14,4.819e-14,-2.21565282032e-06,n/a,3.251e-15,1.556e-14,4.734e-09,4.654e-10,h=0.02:nit=383;h=0.01:nit=729,2.809e-02,3.654e-02,1.000000e+00,3.133e-02,3.263e-09,yes,yes,15.9812552323,report-only (n_tip > 1 at kappa > 1),[axisymmetric critical point; stability NOT COMPUTED (YET)]
P1,1T,4,99.0,0.8,4.0,20.3939989825,20.3939989825,1.53576919111e-26,9.40798581382,9.21020055881,n/a,n/a,-1,4.122e-14,4.346e-14,-2.1536919422e-06,n/a,7.068e-16,1.638e-14,5.030e-08,3.570e-10,h=0.02:nit=459;h=0.01:nit=985,1.054e-01,1.322e-01,1.000000e+00,6.393e-02,2.622e-09,yes,yes,20.387746362,report-only (n_tip > 1 at kappa > 1),[axisymmetric critical point; stability NOT COMPUTED (YET)]
P1,1T,4,99.0,0.9,0.25,7.99524795679,7.99524795679,4.26901014087e-12,18.0893086787,16.1559351808,n/a,n/a,-1,8.594e-15,7.663e-14,1.66445639198e-06,n/a,2.021e-14,1.900e-14,2.838e-08,3.911e-09,h=0.02:nit=405;h=0.01:nit=775,9.710e-03,1.150e-02,1.000000e+00,5.883e-02,4.588e-09,yes,yes,8.00973549205,graded,[axisymmetric critical point; stability NOT COMPUTED (YET)]
P1,1T,4,99.0,0.9,0.5,9.98791435414,9.98791435414,1.84568764975e-17,13.4258825248,12.6315183445,n/a,n/a,-1,5.831e-15,6.662e-14,2.27699670443e-06,n/a,1.894e-14,1.725e-14,1.464e-08,3.654e-09,h=0.02:nit=324;h=0.01:nit=698,8.791e-03,1.066e-02,1.000000e+00,3.014e-02,4.283e-09,yes,yes,9.99404197643,graded,[axisymmetric critical point; stability NOT COMPUTED (YET)]
P1,1T,4,99.0,0.9,1.0,12.5663706144,12.5663706144,7.85146041771e-25,10.0594444921,9.7245408404,n/a,n/a,-1,9.325e-15,5.733e-14,-1.18021745931e-17,n/a,1.032e-14,1.428e-14,1.396e-08,3.274e-09,h=0.02:nit=209;h=0.01:nit=310,2.852e-14,9.812e-15,1.000000e+00,9.188e-15,3.831e-09,no,yes,12.5663706144,graded,[axisymmetric critical point; stability NOT COMPUTED (YET)]
P1,1T,4,99.0,0.9,2.0,15.8951824826,15.8951824826,1.40325853717e-25,9.56839372029,9.28010307651,n/a,n/a,-1,2.578e-14,4.768e-14,-2.64671052411e-06,n/a,3.958e-15,1.486e-14,5.756e-08,2.797e-09,h=0.02:nit=363;h=0.01:nit=762,2.973e-02,3.574e-02,1.000000e+00,3.133e-02,3.263e-09,yes,yes,15.8905972442,report-only (n_tip > 1 at kappa > 1),[axisymmetric critical point; stability NOT COMPUTED (YET)]
P1,1T,4,99.0,0.9,4.0,20.164998978,20.164998978,6.44473022098e-26,9.19735976805,8.94127399843,n/a,n/a,-1,5.931e-14,4.388e-14,-2.58381857363e-06,n/a,1.838e-15,2.713e-14,7.933e-09,2.258e-09,h=0.02:nit=416;h=0.01:nit=891,1.113e-01,1.289e-01,1.000000e+00,6.393e-02,2.622e-09,yes,yes,20.1569228184,report-only (n_tip > 1 at kappa > 1),[axisymmetric critical point; stability NOT COMPUTED (YET)]
P1,1T,4,99.0,1,0.25,8.07784531202,8.07784531201,7.36648243032e-12,17.7551229022,15.5131496439,n/a,n/a,-1,1.164e-14,7.793e-14,1.80559330542e-06,n/a,1.894e-14,1.957e-14,1.843e-08,4.588e-09,h=0.02:nit=392;h=0.01:nit=768,1.027e-02,1.137e-02,1.000000e+00,5.883e-02,4.588e-09,yes,yes,8.09506100732,graded,[axisymmetric critical point; stability NOT COMPUTED (YET)]
P1,1T,4,99.0,1,0.5,10.0398255452,10.0398255452,4.20541813281e-17,13.1410660954,12.2157265185,n/a,n/a,-1,3.884e-15,6.934e-14,2.60190063831e-06,n/a,1.781e-14,1.769e-14,4.060e-08,4.283e-09,h=0.02:nit=372;h=0.01:nit=727,9.282e-03,1.051e-02,1.000000e+00,3.014e-02,4.283e-09,yes,yes,10.0470787494,graded,[axisymmetric critical point; stability NOT COMPUTED (YET)]
P1,1T,4,99.0,1,1.0,12.5663706144,12.5663706144,2.68662291516e-24,9.82072241156,9.43079675276,n/a,n/a,-1,1.004e-14,5.836e-14,1.92431591828e-18,n/a,1.004e-14,1.399e-14,1.802e-08,3.831e-09,h=0.02:nit=210;h=0.01:nit=312,2.875e-14,9.631e-15,1.000000e+00,9.188e-15,3.831e-09,no,yes,12.5663706144,graded,[axisymmetric critical point; stability NOT COMPUTED (YET)]
P1,1T,4,99.0,1,2.0,15.8122139258,15.8122139258,5.13191354842e-25,9.36151853078,9.02340009563,n/a,n/a,-1,3.567e-14,5.062e-14,-3.10914841075e-06,n/a,4.523e-15,1.415e-14,6.635e-09,3.263e-09,h=0.02:nit=359;h=0.01:nit=739,3.128e-02,3.499e-02,1.000000e+00,3.133e-02,3.263e-09,yes,yes,15.8068291412,report-only (n_tip > 1 at kappa > 1),[axisymmetric critical point; stability NOT COMPUTED (YET)]
P1,1T,4,99.0,1,4.0,19.9540320669,19.9540320669,2.4880946073e-25,9.01643412206,8.71410579564,n/a,n/a,-1,8.472e-14,4.474e-14,-3.04600223901e-06,n/a,2.544e-15,3.846e-14,5.296e-08,2.622e-09,h=0.02:nit=418;h=0.01:nit=937,1.168e-01,1.258e-01,1.000000e+00,6.393e-02,2.622e-09,yes,yes,19.9445853324,report-only (n_tip > 1 at kappa > 1),[axisymmetric critical point; stability NOT COMPUTED (YET)]
P12,2T-unequal,2,1.0,"(0.8, 0.5)",0.25,NOT COMPUTED (YET),NOT COMPUTED (YET),NOT COMPUTED (YET),NOT COMPUTED (YET),NOT COMPUTED (YET),NOT COMPUTED (YET),NOT COMPUTED (YET),NOT COMPUTED (YET),NOT COMPUTED (YET),NOT COMPUTED (YET),NOT COMPUTED (YET),NOT COMPUTED (YET),NOT COMPUTED (YET),NOT COMPUTED (YET),NOT COMPUTED (YET),NOT COMPUTED (YET),NOT COMPUTED (YET),NOT COMPUTED (YET),NOT COMPUTED (YET),NOT COMPUTED (YET),NOT COMPUTED (YET),NOT COMPUTED (YET),NOT COMPUTED (YET),NOT COMPUTED (YET),NOT COMPUTED (YET),FAILED,"FAILED: failed upstream (row P12 2T-unequal n=2 eps=1 alpha=(0.8, 0.5) stage NC kappa=0.5): not converged (cap hit) at NC kappa=0.5 alpha=(0.8, 0.5) [node cap MAX_NODES = 100000 reached; status 1, max|phi|^2 = 1.956e-07, iterations 5, nodes 65098]"
P12,2T-unequal,2,1.0,"(0.8, 0.5)",0.5,NOT COMPUTED (YET),NOT COMPUTED (YET),NOT COMPUTED (YET),NOT COMPUTED (YET),NOT COMPUTED (YET),NOT COMPUTED (YET),NOT COMPUTED (YET),NOT COMPUTED (YET),NOT COMPUTED (YET),NOT COMPUTED (YET),NOT COMPUTED (YET),NOT COMPUTED (YET),NOT COMPUTED (YET),NOT COMPUTED (YET),NOT COMPUTED (YET),NOT COMPUTED (YET),NOT COMPUTED (YET),NOT COMPUTED (YET),NOT COMPUTED (YET),NOT COMPUTED (YET),NOT COMPUTED (YET),NOT COMPUTED (YET),NOT COMPUTED (YET),NOT COMPUTED (YET),NOT COMPUTED (YET),FAILED,"FAILED: failed directly: not converged (cap hit) at NC kappa=0.5 alpha=(0.8, 0.5) [node cap MAX_NODES = 100000 reached; status 1, max|phi|^2 = 1.956e-07, iterations 5, nodes 65098]"
P12,2T-unequal,2,1.0,"(0.8, 0.5)",1.0,6.28318530718,3.18170307036,3.10148223682,NOT COMPUTED (YET),NOT COMPUTED (YET),NOT COMPUTED (YET),NOT COMPUTED (YET),-1,7.188e-15,5.747e-14,NOT COMPUTED (YET),NOT COMPUTED (YET),4.043e-14,2.036e-14,0.000e+00,3.873e-10,h=0.02:nit=259;h=0.01:nit=259,2.120e-13,7.026e-14,7.416246e-01,n/a,n/a,n/a,n/a,n/a,report-only (optional P12),[axisymmetric critical point; stability NOT COMPUTED (YET)]
P12,2T-unequal,2,1.0,"(0.8, 0.5)",2.0,7.6106536884,3.78415466123,3.82649902716,NOT COMPUTED (YET),NOT COMPUTED (YET),NOT COMPUTED (YET),NOT COMPUTED (YET),-1,4.740e-14,4.349e-14,NOT COMPUTED (YET),NOT COMPUTED (YET),3.237e-14,4.843e-14,0.000e+00,3.094e-10,h=0.02:nit=817;h=0.01:nit=1533,3.678e-02,3.678e-02,9.409931e-01,n/a,n/a,n/a,n/a,n/a,report-only (optional P12),[axisymmetric critical point; stability NOT COMPUTED (YET)]
P12,2T-unequal,2,1.0,"(0.8, 0.5)",4.0,9.10820255101,4.46437686564,4.64382568537,NOT COMPUTED (YET),NOT COMPUTED (YET),NOT COMPUTED (YET),NOT COMPUTED (YET),-1,1.949e-13,2.637e-14,NOT COMPUTED (YET),NOT COMPUTED (YET),6.502e-15,1.843e-13,0.000e+00,2.372e-10,h=0.02:nit=840;h=0.01:nit=1624,1.646e-01,1.646e-01,9.912403e-01,n/a,n/a,n/a,n/a,n/a,report-only (optional P12),[axisymmetric critical point; stability NOT COMPUTED (YET)]
P12,2T-unequal,2,24.0,"(0.8, 0.5)",0.25,4.47900058535,2.29615676102,2.18284382434,NOT COMPUTED (YET),NOT COMPUTED (YET),NOT COMPUTED (YET),NOT COMPUTED (YET),-1,5.783e-14,3.826e-14,NOT COMPUTED (YET),NOT COMPUTED (YET),1.131e-15,7.198e-14,0.000e+00,2.837e-11,h=0.02:nit=1079;h=0.01:nit=2177,1.928e-02,1.928e-02,9.950736e-01,n/a,n/a,n/a,n/a,n/a,report-only (optional P12),[axisymmetric critical point; stability NOT COMPUTED (YET)]
P12,2T-unequal,2,24.0,"(0.8, 0.5)",0.5,5.29103101058,2.68102916773,2.61000184285,10.8512646806,7.24206620142,11.5257786066,10.3822456107,-1,4.570e-14,4.227e-14,-5.70570171169e-07,-2.11116484939e-07,8.199e-15,5.556e-14,1.628e-08,2.882e-11,h=0.02:nit=1020;h=0.01:nit=1924,1.702e-02,1.702e-02,9.996906e-01,n/a,n/a,n/a,n/a,n/a,report-only (optional P12),[axisymmetric critical point; stability NOT COMPUTED (YET)]
P12,2T-unequal,2,24.0,"(0.8, 0.5)",1.0,6.28318530718,3.1415926537,3.14159265348,7.80124664917,6.3396422279,8.44667531812,8.12684747563,-1,3.137e-15,4.063e-14,8.76764448984e-18,3.96930109244e-18,5.612e-14,1.654e-14,2.526e-08,2.645e-11,h=0.02:nit=299;h=0.01:nit=310,2.241e-13,7.089e-14,9.999936e-01,n/a,n/a,n/a,n/a,n/a,report-only (optional P12),[axisymmetric critical point; stability NOT COMPUTED (YET)]
P12,2T-unequal,2,24.0,"(0.8, 0.5)",2.0,7.49306163665,3.69254372717,3.80051790948,7.58939348327,6.23689457635,8.16090816171,7.88260335692,-1,9.075e-14,3.841e-14,-6.87296050939e-07,-6.41611619695e-07,8.397e-14,4.848e-14,2.113e-08,2.167e-11,h=0.02:nit=935;h=0.01:nit=1778,5.362e-02,5.362e-02,1.000000e+00,n/a,n/a,n/a,n/a,n/a,report-only (optional P12),[axisymmetric critical point; stability NOT COMPUTED (YET)]
P12,2T-unequal,2,24.0,"(0.8, 0.5)",4.0,8.95582933376,4.34624125451,4.60958807924,7.44201830669,6.16243137782,7.95394590137,7.70297524981,-1,2.656e-13,3.618e-14,-7.09898391235e-07,-6.40241325051e-07,1.163e-13,2.231e-13,2.087e-08,1.539e-11,h=0.02:nit=980;h=0.01:nit=1953,1.926e-01,1.926e-01,1.000000e+00,n/a,n/a,n/a,n/a,n/a,report-only (optional P12),[axisymmetric critical point; stability NOT COMPUTED (YET)]
P12,2T-unequal,2,4.0,"(0.8, 0.5)",0.25,4.20609379781,2.16847917975,2.03761461806,NOT COMPUTED (YET),NOT COMPUTED (YET),NOT COMPUTED (YET),NOT COMPUTED (YET),-1,4.215e-15,4.753e-14,NOT COMPUTED (YET),NOT COMPUTED (YET),1.202e-14,5.701e-14,0.000e+00,2.733e-11,h=0.02:nit=1064;h=0.01:nit=2305,5.848e-03,1.202e-02,5.476896e-01,n/a,n/a,n/a,n/a,n/a,report-only (optional P12),[axisymmetric critical point; stability NOT COMPUTED (YET)]
P12,2T-unequal,2,4.0,"(0.8, 0.5)",0.5,5.23624107976,2.64678504269,2.58945603707,NOT COMPUTED (YET),NOT COMPUTED (YET),NOT COMPUTED (YET),NOT COMPUTED (YET),-1,2.916e-14,5.171e-14,NOT COMPUTED (YET),NOT COMPUTED (YET),2.813e-14,5.937e-14,0.000e+00,2.247e-11,h=0.02:nit=914;h=0.01:nit=1684,1.229e-02,1.229e-02,8.873400e-01,n/a,n/a,n/a,n/a,n/a,report-only (optional P12),[axisymmetric critical point; stability NOT COMPUTED (YET)]
P12,2T-unequal,2,4.0,"(0.8, 0.5)",1.0,6.28318530718,3.14203998882,3.14114531835,NOT COMPUTED (YET),NOT COMPUTED (YET),NOT COMPUTED (YET),NOT COMPUTED (YET),-1,3.921e-16,5.047e-14,NOT COMPUTED (YET),NOT COMPUTED (YET),2.813e-14,1.682e-14,0.000e+00,2.402e-11,h=0.02:nit=269;h=0.01:nit=276,2.262e-13,7.144e-14,9.796385e-01,n/a,n/a,n/a,n/a,n/a,report-only (optional P12),[axisymmetric critical point; stability NOT COMPUTED (YET)]
P12,2T-unequal,2,4.0,"(0.8, 0.5)",2.0,7.51671936103,3.71229605215,3.80442330887,NOT COMPUTED (YET),NOT COMPUTED (YET),NOT COMPUTED (YET),NOT COMPUTED (YET),-1,7.197e-14,3.587e-14,NOT COMPUTED (YET),NOT COMPUTED (YET),3.251e-15,4.053e-14,0.000e+00,1.999e-11,h=0.02:nit=830;h=0.01:nit=1566,5.005e-02,5.005e-02,9.979781e-01,n/a,n/a,n/a,n/a,n/a,report-only (optional P12),[axisymmetric critical point; stability NOT COMPUTED (YET)]
P12,2T-unequal,2,4.0,"(0.8, 0.5)",4.0,8.99367335293,4.3784455213,4.61522783162,NOT COMPUTED (YET),NOT COMPUTED (YET),NOT COMPUTED (YET),NOT COMPUTED (YET),-1,2.319e-13,3.166e-14,NOT COMPUTED (YET),NOT COMPUTED (YET),2.827e-16,2.135e-13,0.000e+00,1.401e-11,h=0.02:nit=885;h=0.01:nit=1646,1.852e-01,1.852e-01,9.999002e-01,n/a,n/a,n/a,n/a,n/a,report-only (optional P12),[axisymmetric critical point; stability NOT COMPUTED (YET)]
P12,2T-unequal,2,99.0,"(0.8, 0.5)",0.25,4.49478522745,2.3098289845,2.18495624295,14.5692718494,12.1604567787,15.5451099131,15.0875273987,-1,7.322e-14,4.007e-14,7.28240900781e-07,6.34894709918e-07,1.018e-14,7.450e-14,1.675e-08,5.884e-10,h=0.02:nit=1451;h=0.01:nit=3079,2.041e-02,2.041e-02,9.999966e-01,n/a,n/a,n/a,n/a,n/a,report-only (optional P12),[axisymmetric critical point; stability NOT COMPUTED (YET)]
P12,2T-unequal,2,99.0,"(0.8, 0.5)",0.5,5.29710051317,2.68638535089,2.61071516228,10.5448782975,9.59501217184,11.4033588979,11.2666158979,-1,5.171e-14,3.755e-14,1.19575815823e-06,7.36211851934e-07,2.771e-14,5.516e-14,1.796e-08,5.523e-10,h=0.02:nit=1441;h=0.01:nit=2774,1.759e-02,1.759e-02,1.000000e+00,n/a,n/a,n/a,n/a,n/a,report-only (optional P12),[axisymmetric critical point; stability NOT COMPUTED (YET)]
P12,2T-unequal,2,99.0,"(0.8, 0.5)",1.0,6.28318530718,3.14159265359,3.14159265359,7.70088809633,7.32331566976,8.4247585135,8.37965633598,-1,4.099e-15,4.041e-14,-7.71674550934e-18,3.72142705644e-18,1.226e-13,1.753e-14,3.922e-08,4.866e-10,h=0.02:nit=355;h=0.01:nit=335,2.158e-13,6.907e-14,1.000000e+00,n/a,n/a,n/a,n/a,n/a,report-only (optional P12),[axisymmetric critical point; stability NOT COMPUTED (YET)]
P12,2T-unequal,2,99.0,"(0.8, 0.5)",2.0,7.48913907361,3.68902615999,3.80011291362,7.49802417935,7.14908842945,8.1417486336,8.10177879483,-1,8.921e-14,3.832e-14,-1.50956820809e-06,-7.75530439111e-07,1.537e-13,5.064e-14,2.551e-08,3.978e-10,h=0.02:nit=1358;h=0.01:nit=2678,5.424e-02,5.424e-02,1.000000e+00,n/a,n/a,n/a,n/a,n/a,report-only (optional P12),[axisymmetric critical point; stability NOT COMPUTED (YET)]
P12,2T-unequal,2,99.0,"(0.8, 0.5)",4.0,8.94933186782,4.34039517046,4.60893669736,7.35551120962,7.02582138367,7.93641421487,7.89987574273,-1,2.614e-13,3.577e-14,-1.50319862901e-06,-7.61941758598e-07,1.910e-13,2.253e-13,1.393e-08,2.948e-10,h=0.02:nit=1490;h=0.01:nit=2827,1.940e-01,1.940e-01,1.000000e+00,n/a,n/a,n/a,n/a,n/a,report-only (optional P12),[axisymmetric critical point; stability NOT COMPUTED (YET)]
P2,2T,2,1.0,0.5,0.25,NOT COMPUTED (YET),NOT COMPUTED (YET),NOT COMPUTED (YET),NOT COMPUTED (YET),NOT COMPUTED (YET),NOT COMPUTED (YET),NOT COMPUTED (YET),NOT COMPUTED (YET),NOT COMPUTED (YET),NOT COMPUTED (YET),NOT COMPUTED (YET),NOT COMPUTED (YET),NOT COMPUTED (YET),NOT COMPUTED (YET),NOT COMPUTED (YET),NOT COMPUTED (YET),NOT COMPUTED (YET),NOT COMPUTED (YET),NOT COMPUTED (YET),NOT COMPUTED (YET),NOT COMPUTED (YET),NOT COMPUTED (YET),NOT COMPUTED (YET),NOT COMPUTED (YET),NOT COMPUTED (YET),FAILED,"FAILED: failed upstream (row P2 2T n=2 eps=1 alpha=0.5 stage NC kappa=0.5): not converged (cap hit) at NC kappa=0.5 alpha=0.5 [node cap MAX_NODES = 100000 reached; status 1, max|phi|^2 = 1.049e-08, iterations 6, nodes 94025]"
P2,2T,2,1.0,0.5,0.5,NOT COMPUTED (YET),NOT COMPUTED (YET),NOT COMPUTED (YET),NOT COMPUTED (YET),NOT COMPUTED (YET),NOT COMPUTED (YET),NOT COMPUTED (YET),NOT COMPUTED (YET),NOT COMPUTED (YET),NOT COMPUTED (YET),NOT COMPUTED (YET),NOT COMPUTED (YET),NOT COMPUTED (YET),NOT COMPUTED (YET),NOT COMPUTED (YET),NOT COMPUTED (YET),NOT COMPUTED (YET),NOT COMPUTED (YET),NOT COMPUTED (YET),NOT COMPUTED (YET),NOT COMPUTED (YET),NOT COMPUTED (YET),NOT COMPUTED (YET),NOT COMPUTED (YET),NOT COMPUTED (YET),FAILED,"FAILED: failed directly: not converged (cap hit) at NC kappa=0.5 alpha=0.5 [node cap MAX_NODES = 100000 reached; status 1, max|phi|^2 = 1.049e-08, iterations 6, nodes 94025]"
P2,2T,2,1.0,0.5,1.0,6.28318530718,3.14159265359,3.14159265359,NOT COMPUTED (YET),NOT COMPUTED (YET),NOT COMPUTED (YET),NOT COMPUTED (YET),-1,6.659e-19,4.844e-14,NOT COMPUTED (YET),NOT COMPUTED (YET),5.329e-14,3.803e-14,0.000e+00,2.437e-11,h=0.02:nit=239;h=0.01:nit=269,1.262e-13,4.277e-14,7.249878e-01,4.997e-13,9.981e-10,no,NOT COMPUTED (YET),n/a,graded,[axisymmetric critical point; stability NOT COMPUTED (YET)]
P2,2T,2,1.0,0.5,2.0,7.60049704257,3.80024852128,3.80024852128,NOT COMPUTED (YET),NOT COMPUTED (YET),NOT COMPUTED (YET),NOT COMPUTED (YET),-1,1.291e-18,4.247e-14,NOT COMPUTED (YET),NOT COMPUTED (YET),4.283e-14,1.952e-14,0.000e+00,1.884e-11,h=0.02:nit=755;h=0.01:nit=1526,3.767e-02,3.767e-02,9.325899e-01,3.084e-02,5.279e-10,yes,NOT COMPUTED (YET),n/a,graded,[axisymmetric critical point; stability NOT COMPUTED (YET)]
P2,2T,2,1.0,0.5,4.0,9.12275693754,4.56137846877,4.56137846877,NOT COMPUTED (YET),NOT COMPUTED (YET),NOT COMPUTED (YET),NOT COMPUTED (YET),-1,3.263e-18,3.550e-14,NOT COMPUTED (YET),NOT COMPUTED (YET),1.555e-15,1.850e-14,0.000e+00,1.338e-11,h=0.02:nit=828;h=0.01:nit=1559,1.630e-01,1.630e-01,9.890662e-01,7.865e-02,1.808e-10,yes,NOT COMPUTED (YET),n/a,graded,[axisymmetric critical point; stability NOT COMPUTED (YET)]
P2,2T,2,1.0,0.6,0.25,NOT COMPUTED (YET),NOT COMPUTED (YET),NOT COMPUTED (YET),NOT COMPUTED (YET),NOT COMPUTED (YET),NOT COMPUTED (YET),NOT COMPUTED (YET),NOT COMPUTED (YET),NOT COMPUTED (YET),NOT COMPUTED (YET),NOT COMPUTED (YET),NOT COMPUTED (YET),NOT COMPUTED (YET),NOT COMPUTED (YET),NOT COMPUTED (YET),NOT COMPUTED (YET),NOT COMPUTED (YET),NOT COMPUTED (YET),NOT COMPUTED (YET),NOT COMPUTED (YET),NOT COMPUTED (YET),NOT COMPUTED (YET),NOT COMPUTED (YET),NOT COMPUTED (YET),NOT COMPUTED (YET),FAILED,"FAILED: failed upstream (row P2 2T n=2 eps=1 alpha=0.6 stage NC kappa=0.5): not converged (cap hit) at NC kappa=0.5 alpha=0.6 [node cap MAX_NODES = 100000 reached; status 1, max|phi|^2 = 7.498e-09, iterations 6, nodes 99873]"
P2,2T,2,1.0,0.6,0.5,NOT COMPUTED (YET),NOT COMPUTED (YET),NOT COMPUTED (YET),NOT COMPUTED (YET),NOT COMPUTED (YET),NOT COMPUTED (YET),NOT COMPUTED (YET),NOT COMPUTED (YET),NOT COMPUTED (YET),NOT COMPUTED (YET),NOT COMPUTED (YET),NOT COMPUTED (YET),NOT COMPUTED (YET),NOT COMPUTED (YET),NOT COMPUTED (YET),NOT COMPUTED (YET),NOT COMPUTED (YET),NOT COMPUTED (YET),NOT COMPUTED (YET),NOT COMPUTED (YET),NOT COMPUTED (YET),NOT COMPUTED (YET),NOT COMPUTED (YET),NOT COMPUTED (YET),NOT COMPUTED (YET),FAILED,"FAILED: failed directly: not converged (cap hit) at NC kappa=0.5 alpha=0.6 [node cap MAX_NODES = 100000 reached; status 1, max|phi|^2 = 7.498e-09, iterations 6, nodes 99873]"
P2,2T,2,1.0,0.6,1.0,6.28318530718,3.14159265359,3.14159265359,NOT COMPUTED (YET),NOT COMPUTED (YET),NOT COMPUTED (YET),NOT COMPUTED (YET),-1,1.102e-19,4.485e-14,NOT COMPUTED (YET),NOT COMPUTED (YET),5.244e-14,1.753e-14,0.000e+00,5.026e-10,h=0.02:nit=267;h=0.01:nit=320,1.910e-13,5.730e-14,7.026270e-01,4.997e-13,9.981e-10,no,NOT COMPUTED (YET),n/a,graded,[axisymmetric critical point; stability NOT COMPUTED (YET)]
P2,2T,2,1.0,0.6,2.0,7.53574777638,3.76787388819,3.76787388819,NOT COMPUTED (YET),NOT COMPUTED (YET),NOT COMPUTED (YET),NOT COMPUTED (YET),-1,0.000e+00,4.189e-14,NOT COMPUTED (YET),NOT COMPUTED (YET),4.114e-14,1.850e-14,0.000e+00,3.299e-10,h=0.02:nit=766;h=0.01:nit=1489,3.931e-02,3.931e-02,9.213511e-01,3.084e-02,5.279e-10,yes,NOT COMPUTED (YET),n/a,graded,[axisymmetric critical point; stability NOT COMPUTED (YET)]
P2,2T,2,1.0,0.6,4.0,8.93746694914,4.46873347457,4.46873347457,NOT COMPUTED (YET),NOT COMPUTED (YET),NOT COMPUTED (YET),NOT COMPUTED (YET),-1,2.342e-18,3.303e-14,NOT COMPUTED (YET),NOT COMPUTED (YET),3.534e-15,5.843e-14,0.000e+00,1.808e-10,h=0.02:nit=807;h=0.01:nit=1539,1.726e-01,1.726e-01,9.857702e-01,7.865e-02,1.808e-10,yes,NOT COMPUTED (YET),n/a,graded,[axisymmetric critical point; stability NOT COMPUTED (YET)]
P2,2T,2,1.0,0.7,0.25,NOT COMPUTED (YET),NOT COMPUTED (YET),NOT COMPUTED (YET),NOT COMPUTED (YET),NOT COMPUTED (YET),NOT COMPUTED (YET),NOT COMPUTED (YET),NOT COMPUTED (YET),NOT COMPUTED (YET),NOT COMPUTED (YET),NOT COMPUTED (YET),NOT COMPUTED (YET),NOT COMPUTED (YET),NOT COMPUTED (YET),NOT COMPUTED (YET),NOT COMPUTED (YET),NOT COMPUTED (YET),NOT COMPUTED (YET),NOT COMPUTED (YET),NOT COMPUTED (YET),NOT COMPUTED (YET),NOT COMPUTED (YET),NOT COMPUTED (YET),NOT COMPUTED (YET),NOT COMPUTED (YET),FAILED,"FAILED: failed upstream (row P2 2T n=2 eps=1 alpha=0.7 stage NC kappa=0.5): not converged (cap hit) at NC kappa=0.5 alpha=0.7 [node cap MAX_NODES = 100000 reached; status 1, max|phi|^2 = 8.825e-08, iterations 5, nodes 64587]"
P2,2T,2,1.0,0.7,0.5,NOT COMPUTED (YET),NOT COMPUTED (YET),NOT COMPUTED (YET),NOT COMPUTED (YET),NOT COMPUTED (YET),NOT COMPUTED (YET),NOT COMPUTED (YET),NOT COMPUTED (YET),NOT COMPUTED (YET),NOT COMPUTED (YET),NOT COMPUTED (YET),NOT COMPUTED (YET),NOT COMPUTED (YET),NOT COMPUTED (YET),NOT COMPUTED (YET),NOT COMPUTED (YET),NOT COMPUTED (YET),NOT COMPUTED (YET),NOT COMPUTED (YET),NOT COMPUTED (YET),NOT COMPUTED (YET),NOT COMPUTED (YET),NOT COMPUTED (YET),NOT COMPUTED (YET),NOT COMPUTED (YET),FAILED,"FAILED: failed directly: not converged (cap hit) at NC kappa=0.5 alpha=0.7 [node cap MAX_NODES = 100000 reached; status 1, max|phi|^2 = 8.825e-08, iterations 5, nodes 64587]"
P2,2T,2,1.0,0.7,1.0,6.28318530718,3.14159265359,3.14159265359,NOT COMPUTED (YET),NOT COMPUTED (YET),NOT COMPUTED (YET),NOT COMPUTED (YET),-1,5.000e-19,4.227e-14,NOT COMPUTED (YET),NOT COMPUTED (YET),4.948e-14,9.188e-15,0.000e+00,5.248e-11,h=0.02:nit=286;h=0.01:nit=371,2.084e-13,7.204e-14,6.845350e-01,4.997e-13,9.981e-10,no,NOT COMPUTED (YET),n/a,graded,[axisymmetric critical point; stability NOT COMPUTED (YET)]
P2,2T,2,1.0,0.7,2.0,7.48338220723,3.74169110361,3.74169110361,NOT COMPUTED (YET),NOT COMPUTED (YET),NOT COMPUTED (YET),NOT COMPUTED (YET),-1,8.576e-18,4.085e-14,NOT COMPUTED (YET),NOT COMPUTED (YET),3.661e-14,3.027e-14,0.000e+00,3.324e-11,h=0.02:nit=778;h=0.01:nit=1440,4.064e-02,4.064e-02,9.115422e-01,3.084e-02,5.279e-10,yes,NOT COMPUTED (YET),n/a,graded,[axisymmetric critical point; stability NOT COMPUTED (YET)]
P2,2T,2,1.0,0.7,4.0,8.7853534665,4.39267673325,4.39267673325,NOT COMPUTED (YET),NOT COMPUTED (YET),NOT COMPUTED (YET),NOT COMPUTED (YET),-1,4.995e-18,3.208e-14,NOT COMPUTED (YET),NOT COMPUTED (YET),4.382e-15,9.584e-14,0.000e+00,2.705e-11,h=0.02:nit=807;h=0.01:nit=1532,1.807e-01,1.807e-01,9.825820e-01,7.865e-02,1.808e-10,yes,NOT COMPUTED (YET),n/a,graded,[axisymmetric critical point; stability NOT COMPUTED (YET)]
P2,2T,2,1.0,0.8,0.25,NOT COMPUTED (YET),NOT COMPUTED (YET),NOT COMPUTED (YET),NOT COMPUTED (YET),NOT COMPUTED (YET),NOT COMPUTED (YET),NOT COMPUTED (YET),NOT COMPUTED (YET),NOT COMPUTED (YET),NOT COMPUTED (YET),NOT COMPUTED (YET),NOT COMPUTED (YET),NOT COMPUTED (YET),NOT COMPUTED (YET),NOT COMPUTED (YET),NOT COMPUTED (YET),NOT COMPUTED (YET),NOT COMPUTED (YET),NOT COMPUTED (YET),NOT COMPUTED (YET),NOT COMPUTED (YET),NOT COMPUTED (YET),NOT COMPUTED (YET),NOT COMPUTED (YET),NOT COMPUTED (YET),FAILED,"FAILED: failed upstream (row P2 2T n=2 eps=1 alpha=0.8 stage NC kappa=0.5): not converged (cap hit) at NC kappa=0.5 alpha=0.8 [node cap MAX_NODES = 100000 reached; status 1, max|phi|^2 = 7.502e-08, iterations 5, nodes 71217]"
P2,2T,2,1.0,0.8,0.5,NOT COMPUTED (YET),NOT COMPUTED (YET),NOT COMPUTED (YET),NOT COMPUTED (YET),NOT COMPUTED (YET),NOT COMPUTED (YET),NOT COMPUTED (YET),NOT COMPUTED (YET),NOT COMPUTED (YET),NOT COMPUTED (YET),NOT COMPUTED (YET),NOT COMPUTED (YET),NOT COMPUTED (YET),NOT COMPUTED (YET),NOT COMPUTED (YET),NOT COMPUTED (YET),NOT COMPUTED (YET),NOT COMPUTED (YET),NOT COMPUTED (YET),NOT COMPUTED (YET),NOT COMPUTED (YET),NOT COMPUTED (YET),NOT COMPUTED (YET),NOT COMPUTED (YET),NOT COMPUTED (YET),FAILED,"FAILED: failed directly: not converged (cap hit) at NC kappa=0.5 alpha=0.8 [node cap MAX_NODES = 100000 reached; status 1, max|phi|^2 = 7.502e-08, iterations 5, nodes 71217]"
P2,2T,2,1.0,0.8,1.0,6.28318530718,3.14159265359,3.14159265359,NOT COMPUTED (YET),NOT COMPUTED (YET),NOT COMPUTED (YET),NOT COMPUTED (YET),-1,1.219e-18,3.883e-14,NOT COMPUTED (YET),NOT COMPUTED (YET),4.340e-14,9.612e-15,0.000e+00,6.788e-10,h=0.02:nit=302;h=0.01:nit=354,2.039e-13,8.712e-14,6.695578e-01,4.997e-13,9.981e-10,no,NOT COMPUTED (YET),n/a,graded,[axisymmetric critical point; stability NOT COMPUTED (YET)]
P2,2T,2,1.0,0.8,2.0,7.4401624142,3.7200812071,3.7200812071,NOT COMPUTED (YET),NOT COMPUTED (YET),NOT COMPUTED (YET),NOT COMPUTED (YET),-1,5.952e-18,3.886e-14,NOT COMPUTED (YET),NOT COMPUTED (YET),3.209e-14,3.581e-14,0.000e+00,3.897e-10,h=0.02:nit=778;h=0.01:nit=1465,4.176e-02,4.176e-02,9.029062e-01,3.084e-02,5.279e-10,yes,NOT COMPUTED (YET),n/a,graded,[axisymmetric critical point; stability NOT COMPUTED (YET)]
P2,2T,2,1.0,0.8,4.0,8.65815328845,4.32907664422,4.32907664422,NOT COMPUTED (YET),NOT COMPUTED (YET),NOT COMPUTED (YET),NOT COMPUTED (YET),-1,1.057e-17,3.099e-14,NOT COMPUTED (YET),NOT COMPUTED (YET),4.382e-15,1.256e-13,0.000e+00,7.774e-11,h=0.02:nit=799;h=0.01:nit=1560,1.876e-01,1.876e-01,9.795338e-01,7.865e-02,1.808e-10,yes,NOT COMPUTED (YET),n/a,graded,[axisymmetric critical point; stability NOT COMPUTED (YET)]
P2,2T,2,1.0,0.9,0.25,NOT COMPUTED (YET),NOT COMPUTED (YET),NOT COMPUTED (YET),NOT COMPUTED (YET),NOT COMPUTED (YET),NOT COMPUTED (YET),NOT COMPUTED (YET),NOT COMPUTED (YET),NOT COMPUTED (YET),NOT COMPUTED (YET),NOT COMPUTED (YET),NOT COMPUTED (YET),NOT COMPUTED (YET),NOT COMPUTED (YET),NOT COMPUTED (YET),NOT COMPUTED (YET),NOT COMPUTED (YET),NOT COMPUTED (YET),NOT COMPUTED (YET),NOT COMPUTED (YET),NOT COMPUTED (YET),NOT COMPUTED (YET),NOT COMPUTED (YET),NOT COMPUTED (YET),NOT COMPUTED (YET),FAILED,"FAILED: failed upstream (row P2 2T n=2 eps=1 alpha=0.9 stage NC kappa=0.5): not converged (cap hit) at NC kappa=0.5 alpha=0.9 [node cap MAX_NODES = 100000 reached; status 1, max|phi|^2 = 6.605e-08, iterations 5, nodes 77853]"
P2,2T,2,1.0,0.9,0.5,NOT COMPUTED (YET),NOT COMPUTED (YET),NOT COMPUTED (YET),NOT COMPUTED (YET),NOT COMPUTED (YET),NOT COMPUTED (YET),NOT COMPUTED (YET),NOT COMPUTED (YET),NOT COMPUTED (YET),NOT COMPUTED (YET),NOT COMPUTED (YET),NOT COMPUTED (YET),NOT COMPUTED (YET),NOT COMPUTED (YET),NOT COMPUTED (YET),NOT COMPUTED (YET),NOT COMPUTED (YET),NOT COMPUTED (YET),NOT COMPUTED (YET),NOT COMPUTED (YET),NOT COMPUTED (YET),NOT COMPUTED (YET),NOT COMPUTED (YET),NOT COMPUTED (YET),NOT COMPUTED (YET),FAILED,"FAILED: failed directly: not converged (cap hit) at NC kappa=0.5 alpha=0.9 [node cap MAX_NODES = 100000 reached; status 1, max|phi|^2 = 6.605e-08, iterations 5, nodes 77853]"
P2,2T,2,1.0,0.9,1.0,6.28318530718,3.14159265359,3.14159265359,NOT COMPUTED (YET),NOT COMPUTED (YET),NOT COMPUTED (YET),NOT COMPUTED (YET),-1,2.282e-18,3.508e-14,NOT COMPUTED (YET),NOT COMPUTED (YET),3.661e-14,1.414e-14,0.000e+00,9.981e-10,h=0.02:nit=290;h=0.01:nit=377,1.919e-13,9.484e-14,6.569308e-01,4.997e-13,9.981e-10,no,NOT COMPUTED (YET),n/a,graded,[axisymmetric critical point; stability NOT COMPUTED (YET)]
P2,2T,2,1.0,0.9,2.0,7.403911527,3.7019557635,3.7019557635,NOT COMPUTED (YET),NOT COMPUTED (YET),NOT COMPUTED (YET),NOT COMPUTED (YET),-1,0.000e+00,4.150e-14,NOT COMPUTED (YET),NOT COMPUTED (YET),2.149e-14,7.306e-14,0.000e+00,5.279e-10,h=0.02:nit=783;h=0.01:nit=1492,4.272e-02,4.272e-02,8.952387e-01,3.084e-02,5.279e-10,yes,NOT COMPUTED (YET),n/a,graded,[axisymmetric critical point; stability NOT COMPUTED (YET)]
P2,2T,2,1.0,0.9,4.0,8.55022030651,4.27511015325,4.27511015325,NOT COMPUTED (YET),NOT COMPUTED (YET),NOT COMPUTED (YET),NOT COMPUTED (YET),-1,2.777e-17,3.121e-14,NOT COMPUTED (YET),NOT COMPUTED (YET),3.817e-15,1.974e-13,0.000e+00,8.183e-11,h=0.02:nit=825;h=0.01:nit=1537,1.935e-01,1.935e-01,9.766359e-01,7.865e-02,1.808e-10,yes,NOT COMPUTED (YET),n/a,graded,[axisymmetric critical point; stability NOT COMPUTED (YET)]
P2,2T,2,1.0,1,0.25,NOT COMPUTED (YET),NOT COMPUTED (YET),NOT COMPUTED (YET),NOT COMPUTED (YET),NOT COMPUTED (YET),NOT COMPUTED (YET),NOT COMPUTED (YET),NOT COMPUTED (YET),n/a (normal state),n/a (normal state),NOT COMPUTED (YET),NOT COMPUTED (YET),n/a (normal state),n/a (normal state),n/a (normal state),n/a (normal state),n/a (normal state),1.388e-17,1.388e-17,0.000000e+00,n/a (normal state),n/a (normal state),n/a (normal state),n/a (normal state),n/a,n/a (normal state),"[normal state: exact solution, linearly stable for B > κ/2, marginal at B = κ/2; whether a vortex branch coexists (κ < 1, subcritical) is NOT COMPUTED (YET)] [by construction; not a test] [Venus 20:44]; normal-state energy (not a vortex value) = 3.14159265359"
P2,2T,2,1.0,1,0.5,NOT COMPUTED (YET),NOT COMPUTED (YET),NOT COMPUTED (YET),NOT COMPUTED (YET),NOT COMPUTED (YET),NOT COMPUTED (YET),NOT COMPUTED (YET),NOT COMPUTED (YET),n/a (normal state),n/a (normal state),NOT COMPUTED (YET),NOT COMPUTED (YET),n/a (normal state),n/a (normal state),n/a (normal state),n/a (normal state),n/a (normal state),3.125e-02,3.125e-02,0.000000e+00,n/a (normal state),n/a (normal state),n/a (normal state),n/a (normal state),n/a,n/a (normal state),"[normal state: exact solution, linearly stable for B > κ/2, marginal at B = κ/2; whether a vortex branch coexists (κ < 1, subcritical) is NOT COMPUTED (YET)] [by construction; not a test] [Venus 20:44]; normal-state energy (not a vortex value) = 4.71238898038"
P2,2T,2,1.0,1,1.0,6.28318530718,3.14159265359,3.14159265359,NOT COMPUTED (YET),NOT COMPUTED (YET),NOT COMPUTED (YET),NOT COMPUTED (YET),-1,2.855e-19,3.156e-14,NOT COMPUTED (YET),NOT COMPUTED (YET),2.686e-14,4.956e-13,0.000e+00,1.174e-10,h=0.02:nit=303;h=0.01:nit=379,1.791e-13,9.813e-14,6.461254e-01,4.997e-13,9.981e-10,no,NOT COMPUTED (YET),n/a,graded,[axisymmetric critical point; stability NOT COMPUTED (YET)]
P2,2T,2,1.0,1,2.0,7.37310285688,3.68655142844,3.68655142844,NOT COMPUTED (YET),NOT COMPUTED (YET),NOT COMPUTED (YET),NOT COMPUTED (YET),-1,6.358e-18,4.450e-14,NOT COMPUTED (YET),NOT COMPUTED (YET),2.050e-14,8.430e-13,0.000e+00,4.580e-11,h=0.02:nit=774;h=0.01:nit=1518,4.355e-02,4.355e-02,8.883786e-01,3.084e-02,5.279e-10,yes,NOT COMPUTED (YET),n/a,graded,[axisymmetric critical point; stability NOT COMPUTED (YET)]
P2,2T,2,1.0,1,4.0,8.45753413339,4.2287670667,4.2287670667,NOT COMPUTED (YET),NOT COMPUTED (YET),NOT COMPUTED (YET),NOT COMPUTED (YET),-1,1.742e-17,3.110e-14,NOT COMPUTED (YET),NOT COMPUTED (YET),2.262e-15,1.315e-12,0.000e+00,4.056e-11,h=0.02:nit=770;h=0.01:nit=1533,1.986e-01,1.986e-01,9.738876e-01,7.865e-02,1.808e-10,yes,NOT COMPUTED (YET),n/a,graded,[axisymmetric critical point; stability NOT COMPUTED (YET)]
P2,2T,2,24.0,0.5,0.25,4.41339707035,2.20669853518,2.20669853518,NOT COMPUTED (YET),NOT COMPUTED (YET),NOT COMPUTED (YET),NOT COMPUTED (YET),-1,7.638e-18,6.683e-14,NOT COMPUTED (YET),NOT COMPUTED (YET),1.371e-14,4.971e-14,0.000e+00,3.897e-10,h=0.02:nit=911;h=0.01:nit=1826,1.719e-02,1.719e-02,9.943260e-01,8.181e-02,1.092e-09,yes,NOT COMPUTED (YET),n/a,graded,[axisymmetric critical point; stability NOT COMPUTED (YET)]
P2,2T,2,24.0,0.5,0.5,5.24139631101,2.62069815551,2.62069815551,11.3699823142,12.2883765645,11.3699823142,12.2883765645,-1,4.209e-18,6.032e-14,-8.49346441893e-07,-8.4934644189e-07,8.481e-15,5.304e-14,5.670e-08,3.538e-10,h=0.02:nit=880;h=0.01:nit=1478,1.468e-02,1.468e-02,9.996090e-01,4.283e-02,9.643e-10,yes,yes,n/a,graded,[axisymmetric critical point; stability NOT COMPUTED (YET)]
P2,2T,2,24.0,0.5,1.0,6.28318530718,3.14159265359,3.14159265359,8.33034809754,9.49382645689,8.33034809754,9.49382645689,-1,8.452e-19,5.261e-14,-2.61612987009e-18,2.34260414653e-18,4.948e-15,4.396e-14,3.259e-08,3.062e-10,h=0.02:nit=211;h=0.01:nit=113,1.077e-13,4.848e-14,9.999910e-01,4.825e-13,8.223e-10,no,yes,n/a,graded,[axisymmetric critical point; stability NOT COMPUTED (YET)]
P2,2T,2,24.0,0.5,2.0,7.58450797291,3.79225398645,3.79225398645,8.05810315759,9.17752676623,8.05810315759,9.17752676623,-1,1.638e-19,4.476e-14,-1.00535349329e-06,-1.0053534933e-06,1.059e-13,4.743e-14,6.651e-08,2.495e-10,h=0.02:nit=900;h=0.01:nit=1801,4.529e-02,4.529e-02,1.000000e+00,4.602e-02,6.516e-10,yes,yes,n/a,graded,[axisymmetric critical point; stability NOT COMPUTED (YET)]
P2,2T,2,24.0,0.5,4.0,9.1902794144,4.5951397072,4.5951397072,7.85807558923,8.94116057743,7.85807558923,8.94116057743,-1,1.205e-18,3.746e-14,-1.00448542261e-06,-1.00448542261e-06,1.327e-13,1.256e-14,3.170e-08,1.874e-10,h=0.02:nit=954;h=0.01:nit=1929,1.634e-01,1.634e-01,1.000000e+00,9.493e-02,4.671e-10,yes,yes,n/a,graded,[axisymmetric critical point; stability NOT COMPUTED (YET)]
P2,2T,2,24.0,0.6,0.25,4.51210685308,2.25605342654,2.25605342654,NOT COMPUTED (YET),NOT COMPUTED (YET),NOT COMPUTED (YET),NOT COMPUTED (YET),-1,1.652e-19,4.581e-14,NOT COMPUTED (YET),NOT COMPUTED (YET),1.216e-14,3.661e-14,0.000e+00,2.752e-11,h=0.02:nit=860;h=0.01:nit=1717,1.907e-02,1.907e-02,9.915804e-01,8.181e-02,1.092e-09,yes,NOT COMPUTED (YET),n/a,graded,[axisymmetric critical point; stability NOT COMPUTED (YET)]
P2,2T,2,24.0,0.6,0.5,5.30071606151,2.65035803075,2.65035803075,11.1978740245,11.6252023162,11.1978740245,11.6252023162,-1,4.071e-18,4.774e-14,-4.78073837517e-06,-4.78073837517e-06,8.057e-15,2.966e-14,2.028e-08,2.595e-11,h=0.02:nit=861;h=0.01:nit=1595,1.618e-02,1.618e-02,9.992849e-01,4.283e-02,9.643e-10,yes,yes,n/a,graded,[axisymmetric critical point; stability NOT COMPUTED (YET)]
P2,2T,2,24.0,0.6,1.0,6.28318530718,3.14159265359,3.14159265359,8.02730091434,9.14214684578,8.02730091434,9.14214684578,-1,1.025e-18,4.850e-14,9.59722805326e-18,1.03684112698e-17,5.937e-15,1.852e-14,1.355e-08,2.319e-11,h=0.02:nit=228;h=0.01:nit=277,1.656e-13,5.335e-14,9.999776e-01,4.825e-13,8.223e-10,no,yes,n/a,graded,[axisymmetric critical point; stability NOT COMPUTED (YET)]
P2,2T,2,24.0,0.6,2.0,7.49791634569,3.74895817284,3.74895817284,7.78833906273,8.87600576539,7.78833906273,8.87600576539,-1,2.294e-18,3.980e-14,-1.3146916268e-06,-1.3146916268e-06,7.944e-14,1.647e-14,7.461e-09,1.898e-11,h=0.02:nit=843;h=0.01:nit=1658,4.922e-02,4.922e-02,9.999998e-01,4.602e-02,6.516e-10,yes,yes,n/a,graded,[axisymmetric critical point; stability NOT COMPUTED (YET)]
P2,2T,2,24.0,0.6,4.0,8.98031568558,4.49015784279,4.49015784279,7.61460444496,8.67820766803,7.61460444496,8.67820766803,-1,5.546e-18,3.481e-14,-1.32686096497e-06,-1.32686096497e-06,1.490e-13,5.519e-14,5.986e-09,1.354e-11,h=0.02:nit=919;h=0.01:nit=1786,1.763e-01,1.763e-01,1.000000e+00,9.493e-02,4.671e-10,yes,yes,n/a,graded,[axisymmetric critical point; stability NOT COMPUTED (YET)]
P2,2T,2,24.0,0.7,0.25,4.59861986931,2.29930993466,2.29930993466,NOT COMPUTED (YET),NOT COMPUTED (YET),NOT COMPUTED (YET),NOT COMPUTED (YET),-1,2.579e-19,3.746e-14,NOT COMPUTED (YET),NOT COMPUTED (YET),2.615e-14,2.994e-14,0.000e+00,8.370e-10,h=0.02:nit=837;h=0.01:nit=1628,2.082e-02,2.082e-02,9.885954e-01,8.181e-02,1.092e-09,yes,NOT COMPUTED (YET),n/a,graded,[axisymmetric critical point; stability NOT COMPUTED (YET)]
P2,2T,2,24.0,0.7,0.5,5.35243879055,2.67621939528,2.67621939528,NOT COMPUTED (YET),NOT COMPUTED (YET),NOT COMPUTED (YET),NOT COMPUTED (YET),-1,1.542e-18,4.571e-14,NOT COMPUTED (YET),NOT COMPUTED (YET),8.623e-15,2.273e-14,0.000e+00,7.486e-10,h=0.02:nit=805;h=0.01:nit=1594,1.756e-02,1.756e-02,9.988611e-01,4.283e-02,9.643e-10,yes,yes,n/a,graded,[axisymmetric critical point; stability NOT COMPUTED (YET)]
P2,2T,2,24.0,0.7,1.0,6.28318530718,3.14159265359,3.14159265359,7.78701883198,8.84437549112,7.78701883198,8.84437549112,-1,9.248e-19,4.603e-14,-3.56083999426e-18,1.59501586448e-18,1.244e-14,1.428e-14,2.072e-08,6.429e-10,h=0.02:nit=273;h=0.01:nit=282,2.103e-13,6.384e-14,9.999548e-01,4.825e-13,8.223e-10,no,yes,n/a,graded,[axisymmetric critical point; stability NOT COMPUTED (YET)]
P2,2T,2,24.0,0.7,2.0,7.42362220259,3.71181110129,3.71181110129,7.57324894977,8.61781448772,7.57324894977,8.61781448772,-1,3.305e-18,3.671e-14,-1.60030311571e-06,-1.60030311571e-06,5.796e-14,1.627e-14,2.784e-08,5.139e-10,h=0.02:nit=853;h=0.01:nit=1645,5.272e-02,5.272e-02,9.999995e-01,4.602e-02,6.516e-10,yes,yes,n/a,graded,[axisymmetric critical point; stability NOT COMPUTED (YET)]
P2,2T,2,24.0,0.7,4.0,8.80193537926,4.40096768963,4.40096768963,7.41927360709,8.45017372036,7.41927360709,8.45017372036,-1,2.210e-18,3.258e-14,-1.63447356803e-06,-1.63447356803e-06,1.607e-13,9.889e-14,1.633e-08,3.734e-10,h=0.02:nit=909;h=0.01:nit=1725,1.876e-01,1.876e-01,1.000000e+00,9.493e-02,4.671e-10,yes,yes,n/a,graded,[axisymmetric critical point; stability NOT COMPUTED (YET)]
P2,2T,2,24.0,0.8,0.25,4.67544120547,2.33772060274,2.33772060274,NOT COMPUTED (YET),NOT COMPUTED (YET),NOT COMPUTED (YET),NOT COMPUTED (YET),-1,3.034e-18,3.109e-14,NOT COMPUTED (YET),NOT COMPUTED (YET),2.601e-14,3.419e-14,0.000e+00,1.092e-09,h=0.02:nit=852;h=0.01:nit=1664,2.247e-02,2.247e-02,9.854724e-01,8.181e-02,1.092e-09,yes,NOT COMPUTED (YET),n/a,graded,[axisymmetric critical point; stability NOT COMPUTED (YET)]
P2,2T,2,24.0,0.8,0.5,5.3981791346,2.6990895673,2.6990895673,NOT COMPUTED (YET),NOT COMPUTED (YET),NOT COMPUTED (YET),NOT COMPUTED (YET),-1,9.102e-18,4.217e-14,NOT COMPUTED (YET),NOT COMPUTED (YET),2.403e-15,2.616e-14,0.000e+00,9.643e-10,h=0.02:nit=802;h=0.01:nit=1521,1.885e-02,1.885e-02,9.983479e-01,4.283e-02,9.643e-10,yes,yes,n/a,graded,[axisymmetric critical point; stability NOT COMPUTED (YET)]
P2,2T,2,24.0,0.8,1.0,6.28318530718,3.14159265359,3.14159265359,7.59052323641,8.58342925398,7.59052323641,8.58342925398,-1,1.502e-18,4.222e-14,1.20859097131e-18,-2.18975191349e-18,2.756e-14,1.399e-14,3.069e-08,8.223e-10,h=0.02:nit=272;h=0.01:nit=306,2.233e-13,8.493e-14,9.999207e-01,4.825e-13,8.223e-10,no,yes,n/a,graded,[axisymmetric critical point; stability NOT COMPUTED (YET)]
P2,2T,2,24.0,0.8,2.0,7.35886158623,3.67943079312,3.67943079312,7.39638119557,8.38898863943,7.39638119557,8.38898863943,-1,4.021e-19,3.416e-14,-1.81125282169e-06,-1.8112528217e-06,3.463e-14,3.681e-14,2.642e-08,6.516e-10,h=0.02:nit=826;h=0.01:nit=1624,5.589e-02,5.589e-02,9.999988e-01,4.602e-02,6.516e-10,yes,yes,n/a,graded,[axisymmetric critical point; stability NOT COMPUTED (YET)]
P2,2T,2,24.0,0.8,4.0,8.64780393417,4.32390196709,4.32390196709,7.25774117734,8.24563673732,7.25774117734,8.24563673732,-1,4.070e-18,3.044e-14,-1.88369752727e-06,-1.88369752727e-06,1.537e-13,1.364e-13,5.594e-08,4.671e-10,h=0.02:nit=891;h=0.01:nit=1675,1.976e-01,1.976e-01,1.000000e+00,9.493e-02,4.671e-10,yes,yes,n/a,graded,[axisymmetric critical point; stability NOT COMPUTED (YET)]
P2,2T,2,24.0,0.9,0.25,4.74433492848,2.37216746424,2.37216746424,NOT COMPUTED (YET),NOT COMPUTED (YET),NOT COMPUTED (YET),NOT COMPUTED (YET),-1,1.553e-17,2.486e-14,NOT COMPUTED (YET),NOT COMPUTED (YET),2.756e-14,2.920e-14,0.000e+00,6.573e-11,h=0.02:nit=819;h=0.01:nit=1649,2.401e-02,2.401e-02,9.822840e-01,8.181e-02,1.092e-09,yes,NOT COMPUTED (YET),n/a,graded,[axisymmetric critical point; stability NOT COMPUTED (YET)]
P2,2T,2,24.0,0.9,0.5,5.43906862035,2.71953431018,2.71953431018,NOT COMPUTED (YET),NOT COMPUTED (YET),NOT COMPUTED (YET),NOT COMPUTED (YET),-1,7.665e-19,3.457e-14,NOT COMPUTED (YET),NOT COMPUTED (YET),2.827e-15,1.682e-14,0.000e+00,6.057e-11,h=0.02:nit=784;h=0.01:nit=1522,2.005e-02,2.005e-02,9.977574e-01,4.283e-02,9.643e-10,yes,yes,n/a,graded,[axisymmetric critical point; stability NOT COMPUTED (YET)]
P2,2T,2,24.0,0.9,1.0,6.28318530718,3.14159265359,3.14159265359,7.42674303073,8.3494724214,7.42674303073,8.3494724214,-1,1.693e-18,3.439e-14,1.25278280607e-18,2.88210515574e-18,3.463e-14,1.880e-14,5.143e-09,5.176e-11,h=0.02:nit=272;h=0.01:nit=310,2.210e-13,1.016e-13,9.998739e-01,4.825e-13,8.223e-10,no,yes,n/a,graded,[axisymmetric critical point; stability NOT COMPUTED (YET)]
P2,2T,2,24.0,0.9,2.0,7.30171548599,3.65085774299,3.65085774299,7.24806986499,8.18156548224,7.24806986499,8.18156548224,-1,3.411e-18,3.101e-14,-1.85904452713e-06,-1.85904452713e-06,2.643e-14,7.529e-14,3.095e-08,4.108e-11,h=0.02:nit=833;h=0.01:nit=1611,5.876e-02,5.876e-02,9.999977e-01,4.602e-02,6.516e-10,yes,yes,n/a,graded,[axisymmetric critical point; stability NOT COMPUTED (YET)]
P2,2T,2,24.0,0.9,4.0,8.5128643127,4.25643215635,4.25643215635,7.12153560466,8.05816015727,7.12153560466,8.05816015727,-1,1.668e-17,2.803e-14,-2.00006977376e-06,-2.00006977376e-06,9.909e-14,2.080e-13,2.424e-08,2.864e-11,h=0.02:nit=868;h=0.01:nit=1701,2.066e-01,2.066e-01,1.000000e+00,9.493e-02,4.671e-10,yes,yes,n/a,graded,[axisymmetric critical point; stability NOT COMPUTED (YET)]
P2,2T,2,24.0,1,0.25,4.80660228187,2.40330114094,2.40330114094,NOT COMPUTED (YET),NOT COMPUTED (YET),NOT COMPUTED (YET),NOT COMPUTED (YET),-1,6.496e-18,2.103e-14,NOT COMPUTED (YET),NOT COMPUTED (YET),2.700e-14,2.204e-13,0.000e+00,8.143e-11,h=0.02:nit=806;h=0.01:nit=1609,2.547e-02,2.547e-02,9.790816e-01,8.181e-02,1.092e-09,yes,NOT COMPUTED (YET),n/a,graded,[axisymmetric critical point; stability NOT COMPUTED (YET)]
P2,2T,2,24.0,1,0.5,5.47593685298,2.73796842649,2.73796842649,NOT COMPUTED (YET),NOT COMPUTED (YET),NOT COMPUTED (YET),NOT COMPUTED (YET),-1,1.262e-17,2.833e-14,NOT COMPUTED (YET),NOT COMPUTED (YET),1.272e-15,3.213e-13,0.000e+00,7.586e-11,h=0.02:nit=759;h=0.01:nit=1597,2.117e-02,2.117e-02,9.971019e-01,4.283e-02,9.643e-10,yes,yes,n/a,graded,[axisymmetric critical point; stability NOT COMPUTED (YET)]
P2,2T,2,24.0,1,1.0,6.28318530718,3.14159265359,3.14159265359,7.28906475165,8.13653200421,7.28906475165,8.13653200421,-1,3.370e-18,3.228e-14,1.37717868466e-17,1.03730341712e-17,3.590e-14,4.863e-13,2.278e-08,6.318e-11,h=0.02:nit=276;h=0.01:nit=312,2.137e-13,1.117e-13,9.998139e-01,4.825e-13,8.223e-10,no,yes,n/a,graded,[axisymmetric critical point; stability NOT COMPUTED (YET)]
P2,2T,2,24.0,1,2.0,7.25079055461,3.6253952773,3.6253952773,7.12247659172,7.99078249335,7.12247659172,7.99078249335,-1,2.027e-18,2.771e-14,-1.59735563876e-06,-1.59735563876e-06,2.658e-14,7.467e-13,5.954e-08,4.950e-11,h=0.02:nit=838;h=0.01:nit=1572,6.139e-02,6.139e-02,9.999959e-01,4.602e-02,6.516e-10,yes,yes,n/a,graded,[axisymmetric critical point; stability NOT COMPUTED (YET)]
P2,2T,2,24.0,1,4.0,8.39347074852,4.19673537426,4.19673537426,7.00550934398,7.8839637671,7.00550934398,7.8839637671,-1,1.544e-18,2.530e-14,-1.85982005852e-06,-1.85982005852e-06,8.128e-14,1.207e-12,4.733e-08,3.355e-11,h=0.02:nit=847;h=0.01:nit=1678,2.147e-01,2.147e-01,1.000000e+00,9.493e-02,4.671e-10,yes,yes,n/a,graded,[axisymmetric critical point; stability NOT COMPUTED (YET)]
P2,2T,2,4.0,0.5,0.25,4.21896043193,2.10948021597,2.10948021597,NOT COMPUTED (YET),NOT COMPUTED (YET),NOT COMPUTED (YET),NOT COMPUTED (YET),-1,8.320e-18,5.127e-14,NOT COMPUTED (YET),NOT COMPUTED (YET),1.159e-14,7.958e-14,0.000e+00,3.630e-11,h=0.02:nit=913;h=0.01:nit=2013,6.313e-03,1.173e-02,5.270592e-01,2.457e-02,1.385e-09,yes,NOT COMPUTED (YET),n/a,graded,[axisymmetric critical point; stability NOT COMPUTED (YET)]
P2,2T,2,4.0,0.5,0.5,5.24036634288,2.62018317144,2.62018317144,NOT COMPUTED (YET),NOT COMPUTED (YET),NOT COMPUTED (YET),NOT COMPUTED (YET),-1,0.000e+00,5.679e-14,NOT COMPUTED (YET),NOT COMPUTED (YET),3.336e-14,4.051e-14,0.000e+00,1.894e-11,h=0.02:nit=821;h=0.01:nit=1523,1.280e-02,1.280e-02,8.768815e-01,3.187e-02,1.759e-09,yes,NOT COMPUTED (YET),n/a,graded,[axisymmetric critical point; stability NOT COMPUTED (YET)]
P2,2T,2,4.0,0.5,1.0,6.28318530718,3.14159265359,3.14159265359,NOT COMPUTED (YET),NOT COMPUTED (YET),NOT COMPUTED (YET),NOT COMPUTED (YET),-1,1.700e-18,5.035e-14,NOT COMPUTED (YET),NOT COMPUTED (YET),3.986e-14,3.506e-14,0.000e+00,2.076e-11,h=0.02:nit=231;h=0.01:nit=28,1.177e-13,4.605e-14,9.759431e-01,5.278e-13,1.198e-09,no,NOT COMPUTED (YET),n/a,graded,[axisymmetric critical point; stability NOT COMPUTED (YET)]
P2,2T,2,4.0,0.5,2.0,7.55050835747,3.77525417873,3.77525417873,NOT COMPUTED (YET),NOT COMPUTED (YET),NOT COMPUTED (YET),NOT COMPUTED (YET),-1,1.515e-18,4.558e-14,NOT COMPUTED (YET),NOT COMPUTED (YET),1.117e-14,3.741e-14,0.000e+00,1.384e-11,h=0.02:nit=780;h=0.01:nit=1526,4.746e-02,4.746e-02,9.973543e-01,4.484e-02,7.588e-10,yes,NOT COMPUTED (YET),n/a,graded,[axisymmetric critical point; stability NOT COMPUTED (YET)]
P2,2T,2,4.0,0.5,4.0,9.11930720882,4.55965360441,4.55965360441,NOT COMPUTED (YET),NOT COMPUTED (YET),NOT COMPUTED (YET),NOT COMPUTED (YET),-1,3.851e-18,4.108e-14,NOT COMPUTED (YET),NOT COMPUTED (YET),7.068e-15,1.636e-14,0.000e+00,9.259e-12,h=0.02:nit=843;h=0.01:nit=1588,1.702e-01,1.702e-01,9.998553e-01,9.432e-02,4.810e-10,yes,NOT COMPUTED (YET),n/a,graded,[axisymmetric critical point; stability NOT COMPUTED (YET)]
P2,2T,2,4.0,0.6,0.25,4.25444810607,2.12722405303,2.12722405303,NOT COMPUTED (YET),NOT COMPUTED (YET),NOT COMPUTED (YET),NOT COMPUTED (YET),-1,1.639e-17,5.013e-14,NOT COMPUTED (YET),NOT COMPUTED (YET),5.796e-15,4.885e-14,0.000e+00,6.324e-11,h=0.02:nit=919;h=0.01:nit=1725,7.505e-03,1.198e-02,4.795391e-01,2.457e-02,1.385e-09,yes,NOT COMPUTED (YET),n/a,graded,[axisymmetric critical point; stability NOT COMPUTED (YET)]
P2,2T,2,4.0,0.6,0.5,5.28842552665,2.64421276332,2.64421276332,NOT COMPUTED (YET),NOT COMPUTED (YET),NOT COMPUTED (YET),NOT COMPUTED (YET),-1,4.166e-18,4.809e-14,NOT COMPUTED (YET),NOT COMPUTED (YET),3.350e-14,3.325e-14,0.000e+00,2.798e-11,h=0.02:nit=743;h=0.01:nit=1517,1.344e-02,1.344e-02,8.559304e-01,3.187e-02,1.759e-09,yes,NOT COMPUTED (YET),n/a,graded,[axisymmetric critical point; stability NOT COMPUTED (YET)]
P2,2T,2,4.0,0.6,1.0,6.28318530718,3.14159265359,3.14159265359,NOT COMPUTED (YET),NOT COMPUTED (YET),NOT COMPUTED (YET),NOT COMPUTED (YET),-1,7.991e-19,4.715e-14,NOT COMPUTED (YET),NOT COMPUTED (YET),4.509e-14,1.922e-14,0.000e+00,2.718e-11,h=0.02:nit=262;h=0.01:nit=257,1.904e-13,5.880e-14,9.687612e-01,5.278e-13,1.198e-09,no,NOT COMPUTED (YET),n/a,graded,[axisymmetric critical point; stability NOT COMPUTED (YET)]
P2,2T,2,4.0,0.6,2.0,7.46486823092,3.73243411546,3.73243411546,NOT COMPUTED (YET),NOT COMPUTED (YET),NOT COMPUTED (YET),NOT COMPUTED (YET),-1,1.815e-18,4.079e-14,NOT COMPUTED (YET),NOT COMPUTED (YET),6.220e-15,1.559e-14,0.000e+00,1.967e-11,h=0.02:nit=779;h=0.01:nit=1494,5.127e-02,5.127e-02,9.959699e-01,4.484e-02,7.588e-10,yes,NOT COMPUTED (YET),n/a,graded,[axisymmetric critical point; stability NOT COMPUTED (YET)]
P2,2T,2,4.0,0.6,4.0,8.9101814068,4.4550907034,4.4550907034,NOT COMPUTED (YET),NOT COMPUTED (YET),NOT COMPUTED (YET),NOT COMPUTED (YET),-1,7.430e-18,3.880e-14,NOT COMPUTED (YET),NOT COMPUTED (YET),5.513e-15,6.260e-14,0.000e+00,1.216e-11,h=0.02:nit=823;h=0.01:nit=1552,1.830e-01,1.830e-01,9.997296e-01,9.432e-02,4.810e-10,yes,NOT COMPUTED (YET),n/a,graded,[axisymmetric critical point; stability NOT COMPUTED (YET)]
P2,2T,2,4.0,0.7,0.25,4.28008557896,2.14004278948,2.14004278948,NOT COMPUTED (YET),NOT COMPUTED (YET),NOT COMPUTED (YET),NOT COMPUTED (YET),-1,0.000e+00,4.631e-14,NOT COMPUTED (YET),NOT COMPUTED (YET),2.686e-15,3.652e-14,0.000e+00,9.353e-10,h=0.02:nit=915;h=0.01:nit=1759,8.500e-03,1.224e-02,4.417466e-01,2.457e-02,1.385e-09,yes,NOT COMPUTED (YET),n/a,graded,[axisymmetric critical point; stability NOT COMPUTED (YET)]
P2,2T,2,4.0,0.7,0.5,5.32794245279,2.66397122639,2.66397122639,NOT COMPUTED (YET),NOT COMPUTED (YET),NOT COMPUTED (YET),NOT COMPUTED (YET),-1,4.305e-18,4.028e-14,NOT COMPUTED (YET),NOT COMPUTED (YET),2.375e-14,3.434e-14,0.000e+00,9.758e-10,h=0.02:nit=754;h=0.01:nit=1491,1.394e-02,1.394e-02,8.376132e-01,3.187e-02,1.759e-09,yes,NOT COMPUTED (YET),n/a,graded,[axisymmetric critical point; stability NOT COMPUTED (YET)]
P2,2T,2,4.0,0.7,1.0,6.28318530718,3.14159265359,3.14159265359,NOT COMPUTED (YET),NOT COMPUTED (YET),NOT COMPUTED (YET),NOT COMPUTED (YET),-1,3.113e-18,4.427e-14,NOT COMPUTED (YET),NOT COMPUTED (YET),4.099e-14,1.541e-14,0.000e+00,7.166e-10,h=0.02:nit=257;h=0.01:nit=304,2.221e-13,7.115e-14,9.618687e-01,5.278e-13,1.198e-09,no,NOT COMPUTED (YET),n/a,graded,[axisymmetric critical point; stability NOT COMPUTED (YET)]
P2,2T,2,4.0,0.7,2.0,7.39212014706,3.69606007353,3.69606007353,NOT COMPUTED (YET),NOT COMPUTED (YET),NOT COMPUTED (YET),NOT COMPUTED (YET),-1,5.635e-18,3.782e-14,NOT COMPUTED (YET),NOT COMPUTED (YET),5.654e-16,1.562e-14,0.000e+00,5.246e-10,h=0.02:nit=773;h=0.01:nit=1491,5.461e-02,5.461e-02,9.944381e-01,4.484e-02,7.588e-10,yes,NOT COMPUTED (YET),n/a,graded,[axisymmetric critical point; stability NOT COMPUTED (YET)]
P2,2T,2,4.0,0.7,4.0,8.73345761927,4.36672880964,4.36672880964,NOT COMPUTED (YET),NOT COMPUTED (YET),NOT COMPUTED (YET),NOT COMPUTED (YET),-1,5.359e-18,3.680e-14,NOT COMPUTED (YET),NOT COMPUTED (YET),1.838e-15,1.102e-13,0.000e+00,3.601e-10,h=0.02:nit=807;h=0.01:nit=1549,1.940e-01,1.940e-01,9.995626e-01,9.432e-02,4.810e-10,yes,NOT COMPUTED (YET),n/a,graded,[axisymmetric critical point; stability NOT COMPUTED (YET)]
P2,2T,2,4.0,0.8,0.25,4.29917897101,2.14958948551,2.14958948551,NOT COMPUTED (YET),NOT COMPUTED (YET),NOT COMPUTED (YET),NOT COMPUTED (YET),-1,6.358e-17,4.523e-14,NOT COMPUTED (YET),NOT COMPUTED (YET),1.131e-15,3.037e-14,0.000e+00,1.399e-10,h=0.02:nit=938;h=0.01:nit=1974,9.325e-03,1.250e-02,4.114132e-01,2.457e-02,1.385e-09,yes,NOT COMPUTED (YET),n/a,graded,[axisymmetric critical point; stability NOT COMPUTED (YET)]
P2,2T,2,4.0,0.8,0.5,5.36096511297,2.68048255649,2.68048255649,NOT COMPUTED (YET),NOT COMPUTED (YET),NOT COMPUTED (YET),NOT COMPUTED (YET),-1,8.857e-18,3.388e-14,NOT COMPUTED (YET),NOT COMPUTED (YET),1.824e-14,3.463e-14,0.000e+00,5.869e-11,h=0.02:nit=751;h=0.01:nit=1495,1.433e-02,1.433e-02,8.215207e-01,3.187e-02,1.759e-09,yes,NOT COMPUTED (YET),n/a,graded,[axisymmetric critical point; stability NOT COMPUTED (YET)]
P2,2T,2,4.0,0.8,1.0,6.28318530718,3.14159265359,3.14159265359,NOT COMPUTED (YET),NOT COMPUTED (YET),NOT COMPUTED (YET),NOT COMPUTED (YET),-1,4.711e-18,4.029e-14,NOT COMPUTED (YET),NOT COMPUTED (YET),3.378e-14,1.371e-14,0.000e+00,4.811e-11,h=0.02:nit=278;h=0.01:nit=331,2.247e-13,9.115e-14,9.553454e-01,5.278e-13,1.198e-09,no,NOT COMPUTED (YET),n/a,graded,[axisymmetric critical point; stability NOT COMPUTED (YET)]
P2,2T,2,4.0,0.8,2.0,7.32938342225,3.66469171113,3.66469171113,NOT COMPUTED (YET),NOT COMPUTED (YET),NOT COMPUTED (YET),NOT COMPUTED (YET),-1,8.270e-18,3.524e-14,NOT COMPUTED (YET),NOT COMPUTED (YET),3.675e-15,3.878e-14,0.000e+00,3.608e-11,h=0.02:nit=773;h=0.01:nit=1433,5.756e-02,5.756e-02,9.928153e-01,4.484e-02,7.588e-10,yes,NOT COMPUTED (YET),n/a,graded,[axisymmetric critical point; stability NOT COMPUTED (YET)]
P2,2T,2,4.0,0.8,4.0,8.58161853523,4.29080926761,4.29080926761,NOT COMPUTED (YET),NOT COMPUTED (YET),NOT COMPUTED (YET),NOT COMPUTED (YET),-1,1.745e-17,3.748e-14,NOT COMPUTED (YET),NOT COMPUTED (YET),8.481e-16,1.408e-13,0.000e+00,1.870e-11,h=0.02:nit=794;h=0.01:nit=1555,2.037e-01,2.037e-01,9.993580e-01,9.432e-02,4.810e-10,yes,NOT COMPUTED (YET),n/a,graded,[axisymmetric critical point; stability NOT COMPUTED (YET)]
P2,2T,2,4.0,0.9,0.25,4.31378229301,2.15689114651,2.15689114651,NOT COMPUTED (YET),NOT COMPUTED (YET),NOT COMPUTED (YET),NOT COMPUTED (YET),-1,0.000e+00,4.993e-14,NOT COMPUTED (YET),NOT COMPUTED (YET),4.241e-16,2.080e-14,0.000e+00,1.385e-09,h=0.02:nit=1107;h=0.01:nit=1991,1.001e-02,1.273e-02,3.868052e-01,2.457e-02,1.385e-09,yes,NOT COMPUTED (YET),n/a,graded,[axisymmetric critical point; stability NOT COMPUTED (YET)]
P2,2T,2,4.0,0.9,0.5,5.38892618314,2.69446309157,2.69446309157,NOT COMPUTED (YET),NOT COMPUTED (YET),NOT COMPUTED (YET),NOT COMPUTED (YET),-1,4.537e-18,3.420e-14,NOT COMPUTED (YET),NOT COMPUTED (YET),1.527e-14,2.209e-14,0.000e+00,1.615e-09,h=0.02:nit=764;h=0.01:nit=1478,1.465e-02,1.465e-02,8.073041e-01,3.187e-02,1.759e-09,yes,NOT COMPUTED (YET),n/a,graded,[axisymmetric critical point; stability NOT COMPUTED (YET)]
P2,2T,2,4.0,0.9,1.0,6.28318530718,3.14159265359,3.14159265359,NOT COMPUTED (YET),NOT COMPUTED (YET),NOT COMPUTED (YET),NOT COMPUTED (YET),-1,4.092e-18,3.368e-14,NOT COMPUTED (YET),NOT COMPUTED (YET),2.304e-14,2.050e-14,0.000e+00,1.123e-09,h=0.02:nit=269;h=0.01:nit=342,2.170e-13,1.035e-13,9.492162e-01,5.278e-13,1.198e-09,no,NOT COMPUTED (YET),n/a,graded,[axisymmetric critical point; stability NOT COMPUTED (YET)]
P2,2T,2,4.0,0.9,2.0,7.27464771385,3.63732385693,3.63732385693,NOT COMPUTED (YET),NOT COMPUTED (YET),NOT COMPUTED (YET),NOT COMPUTED (YET),-1,9.194e-18,3.336e-14,NOT COMPUTED (YET),NOT COMPUTED (YET),4.665e-15,7.789e-14,0.000e+00,7.588e-10,h=0.02:nit=778;h=0.01:nit=1448,6.019e-02,6.019e-02,9.911433e-01,4.484e-02,7.588e-10,yes,NOT COMPUTED (YET),n/a,graded,[axisymmetric critical point; stability NOT COMPUTED (YET)]
P2,2T,2,4.0,0.9,4.0,8.44947866817,4.22473933408,4.22473933408,NOT COMPUTED (YET),NOT COMPUTED (YET),NOT COMPUTED (YET),NOT COMPUTED (YET),-1,3.728e-18,3.447e-14,NOT COMPUTED (YET),NOT COMPUTED (YET),6.502e-15,2.153e-13,0.000e+00,4.810e-10,h=0.02:nit=804;h=0.01:nit=1551,2.123e-01,2.123e-01,9.991201e-01,9.432e-02,4.810e-10,yes,NOT COMPUTED (YET),n/a,graded,[axisymmetric critical point; stability NOT COMPUTED (YET)]
P2,2T,2,4.0,1,0.25,4.32521347723,2.16260673862,2.16260673862,NOT COMPUTED (YET),NOT COMPUTED (YET),NOT COMPUTED (YET),NOT COMPUTED (YET),-1,0.000e+00,7.943e-14,NOT COMPUTED (YET),NOT COMPUTED (YET),1.414e-15,1.306e-13,0.000e+00,1.138e-09,h=0.02:nit=897;h=0.01:nit=1897,1.058e-02,1.295e-02,3.666136e-01,2.457e-02,1.385e-09,yes,NOT COMPUTED (YET),n/a,graded,[axisymmetric critical point; stability NOT COMPUTED (YET)]
P2,2T,2,4.0,1,0.5,5.41286370789,2.70643185394,2.70643185394,NOT COMPUTED (YET),NOT COMPUTED (YET),NOT COMPUTED (YET),NOT COMPUTED (YET),-1,0.000e+00,4.203e-14,NOT COMPUTED (YET),NOT COMPUTED (YET),1.230e-14,3.318e-13,0.000e+00,1.759e-09,h=0.02:nit=775;h=0.01:nit=1509,1.491e-02,1.491e-02,7.946743e-01,3.187e-02,1.759e-09,yes,NOT COMPUTED (YET),n/a,graded,[axisymmetric critical point; stability NOT COMPUTED (YET)]
P2,2T,2,4.0,1,1.0,6.28318530718,3.14159265359,3.14159265359,NOT COMPUTED (YET),NOT COMPUTED (YET),NOT COMPUTED (YET),NOT COMPUTED (YET),-1,5.407e-18,3.431e-14,NOT COMPUTED (YET),NOT COMPUTED (YET),2.021e-14,5.336e-13,0.000e+00,1.198e-09,h=0.02:nit=287;h=0.01:nit=385,2.073e-13,1.106e-13,9.434781e-01,5.278e-13,1.198e-09,no,NOT COMPUTED (YET),n/a,graded,[axisymmetric critical point; stability NOT COMPUTED (YET)]
P2,2T,2,4.0,1,2.0,7.22644518469,3.61322259235,3.61322259235,NOT COMPUTED (YET),NOT COMPUTED (YET),NOT COMPUTED (YET),NOT COMPUTED (YET),-1,0.000e+00,3.081e-14,NOT COMPUTED (YET),NOT COMPUTED (YET),5.089e-15,8.016e-13,0.000e+00,7.479e-10,h=0.02:nit=776;h=0.01:nit=1525,6.255e-02,6.255e-02,9.894522e-01,4.484e-02,7.588e-10,yes,NOT COMPUTED (YET),n/a,graded,[axisymmetric critical point; stability NOT COMPUTED (YET)]
P2,2T,2,4.0,1,4.0,8.33329526375,4.16664763188,4.16664763188,NOT COMPUTED (YET),NOT COMPUTED (YET),NOT COMPUTED (YET),NOT COMPUTED (YET),-1,3.962e-18,3.219e-14,NOT COMPUTED (YET),NOT COMPUTED (YET),6.644e-15,1.269e-12,0.000e+00,4.661e-10,h=0.02:nit=786;h=0.01:nit=1538,2.199e-01,2.199e-01,9.988537e-01,9.432e-02,4.810e-10,yes,NOT COMPUTED (YET),n/a,graded,[axisymmetric critical point; stability NOT COMPUTED (YET)]
P2,2T,2,99.0,0.5,0.25,4.38471523919,2.1923576196,2.1923576196,15.3420194904,17.4349771666,15.3420194904,17.4349771666,-1,3.128e-18,7.526e-14,9.94859960687e-07,9.94859960687e-07,1.159e-14,5.591e-14,7.151e-09,3.879e-10,h=0.02:nit=1181;h=0.01:nit=2429,1.627e-02,1.627e-02,9.999955e-01,8.205e-02,1.331e-09,yes,yes,n/a,graded,[axisymmetric critical point; stability NOT COMPUTED (YET)]
P2,2T,2,99.0,0.5,0.5,5.22764089534,2.61382044767,2.61382044767,11.3022558784,12.4558713048,11.3022558784,12.4558713048,-1,5.627e-19,6.222e-14,1.06586752016e-06,1.06586752016e-06,7.068e-15,5.794e-14,5.076e-08,3.605e-10,h=0.02:nit=1109;h=0.01:nit=2433,1.406e-02,1.406e-02,1.000000e+00,4.264e-02,1.206e-09,yes,yes,n/a,graded,[axisymmetric critical point; stability NOT COMPUTED (YET)]
P2,2T,2,99.0,0.5,1.0,6.28318530718,3.14159265359,3.14159265359,8.37883050524,8.92716226618,8.37883050524,8.92716226618,-1,3.568e-19,5.301e-14,1.21008789761e-18,8.98223784008e-19,9.075e-14,4.990e-14,9.271e-10,3.208e-10,h=0.02:nit=271;h=0.01:nit=30,1.179e-13,4.977e-14,1.000000e+00,4.628e-13,1.033e-09,no,yes,n/a,graded,[axisymmetric critical point; stability NOT COMPUTED (YET)]
P2,2T,2,99.0,0.5,2.0,7.59576886256,3.79788443128,3.79788443128,8.10112199168,8.60261951992,8.10112199168,8.60261951992,-1,4.869e-19,4.547e-14,-9.899262557e-07,-9.89926255701e-07,2.304e-13,5.238e-14,6.583e-08,2.629e-10,h=0.02:nit=1154;h=0.01:nit=2262,4.434e-02,4.434e-02,1.000000e+00,4.578e-02,8.197e-10,yes,yes,n/a,graded,[axisymmetric critical point; stability NOT COMPUTED (YET)]
P2,2T,2,99.0,0.5,4.0,9.21022999866,4.60511499933,4.60511499933,7.89866135242,8.3673848523,7.89866135242,8.3673848523,-1,1.594e-18,3.784e-14,-9.64519182595e-07,-9.64519182593e-07,2.567e-13,1.080e-14,2.321e-08,1.985e-10,h=0.02:nit=1348;h=0.01:nit=2693,1.611e-01,1.611e-01,1.000000e+00,9.450e-02,5.861e-10,yes,yes,n/a,graded,[axisymmetric critical point; stability NOT COMPUTED (YET)]
P2,2T,2,99.0,0.6,0.25,4.48243428046,2.24121714023,2.24121714023,14.8716607094,16.9425882185,14.8716607094,16.9425882185,-1,8.969e-18,5.497e-14,1.32537040487e-06,1.32537040487e-06,8.906e-15,3.567e-14,4.738e-08,5.546e-10,h=0.02:nit=1111;h=0.01:nit=2397,1.810e-02,1.810e-02,9.999880e-01,8.205e-02,1.331e-09,yes,yes,n/a,graded,[axisymmetric critical point; stability NOT COMPUTED (YET)]
P2,2T,2,99.0,0.6,0.5,5.28638012451,2.64319006226,2.64319006226,10.9196243746,12.1156194776,10.9196243746,12.1156194776,-1,4.083e-18,5.136e-14,1.49427438038e-06,1.49427438037e-06,3.817e-15,3.612e-14,1.361e-08,5.149e-10,h=0.02:nit=1023;h=0.01:nit=2202,1.552e-02,1.552e-02,9.999999e-01,4.264e-02,1.206e-09,yes,yes,n/a,graded,[axisymmetric critical point; stability NOT COMPUTED (YET)]
P2,2T,2,99.0,0.6,1.0,6.28318530718,3.14159265359,3.14159265359,8.06984599897,8.6456698042,8.06984599897,8.6456698042,-1,1.236e-18,4.805e-14,-1.69530949986e-18,-1.36667358955e-18,8.665e-14,2.092e-14,4.098e-08,4.530e-10,h=0.02:nit=268;h=0.01:nit=120,1.406e-13,4.650e-14,1.000000e+00,4.628e-13,1.033e-09,no,yes,n/a,graded,[axisymmetric critical point; stability NOT COMPUTED (YET)]
P2,2T,2,99.0,0.6,2.0,7.50956577494,3.75478288747,3.75478288747,7.82672889765,8.35845532828,7.82672889765,8.35845532828,-1,1.223e-18,4.090e-14,-1.40039284974e-06,-1.40039284974e-06,2.065e-13,1.597e-14,6.480e-08,3.696e-10,h=0.02:nit=1150;h=0.01:nit=2211,4.824e-02,4.824e-02,1.000000e+00,4.578e-02,8.197e-10,yes,yes,n/a,graded,[axisymmetric critical point; stability NOT COMPUTED (YET)]
P2,2T,2,99.0,0.6,4.0,9.00082260907,4.50041130453,4.50041130453,7.65138010249,8.15238297499,7.65138010249,8.15238297499,-1,1.158e-18,3.488e-14,-1.369470234e-06,-1.36947023399e-06,2.358e-13,5.151e-14,1.483e-08,2.759e-10,h=0.02:nit=1209;h=0.01:nit=2426,1.740e-01,1.740e-01,1.000000e+00,9.450e-02,5.861e-10,yes,yes,n/a,graded,[axisymmetric critical point; stability NOT COMPUTED (YET)]
P2,2T,2,99.0,0.7,0.25,4.56838068355,2.28419034177,2.28419034177,14.4955727186,16.518920652,14.4955727186,16.518920652,-1,5.766e-18,4.005e-14,1.65110928603e-06,1.65110928603e-06,2.262e-15,2.819e-14,2.152e-08,7.475e-10,h=0.02:nit=1075;h=0.01:nit=2182,1.981e-02,1.981e-02,9.999744e-01,8.205e-02,1.331e-09,yes,yes,n/a,graded,[axisymmetric critical point; stability NOT COMPUTED (YET)]
P2,2T,2,99.0,0.7,0.5,5.33767039965,2.66883519983,2.66883519983,10.6126355634,11.8413516819,10.6126355634,11.8413516819,-1,1.105e-18,4.567e-14,1.98206327138e-06,1.98206327139e-06,1.795e-14,2.230e-14,2.631e-08,6.917e-10,h=0.02:nit=1026;h=0.01:nit=2074,1.687e-02,1.687e-02,9.999998e-01,4.264e-02,1.206e-09,yes,yes,n/a,graded,[axisymmetric critical point; stability NOT COMPUTED (YET)]
P2,2T,2,99.0,0.7,1.0,6.28318530718,3.14159265359,3.14159265359,7.82263882974,8.42259556635,7.82263882974,8.42259556635,-1,1.150e-18,4.528e-14,-3.27365676014e-18,-4.05630013233e-18,8.170e-14,1.357e-14,6.013e-08,6.045e-10,h=0.02:nit=303;h=0.01:nit=322,1.944e-13,5.912e-14,1.000000e+00,4.628e-13,1.033e-09,no,yes,n/a,graded,[axisymmetric critical point; stability NOT COMPUTED (YET)]
P2,2T,2,99.0,0.7,2.0,7.43556351788,3.71778175894,3.71778175894,7.60593400604,8.16422948234,7.60593400604,8.16422948234,-1,5.603e-18,3.704e-14,-1.87868042493e-06,-1.87868042492e-06,1.652e-13,1.840e-14,1.660e-08,4.902e-10,h=0.02:nit=1106;h=0.01:nit=2157,5.172e-02,5.172e-02,1.000000e+00,4.578e-02,8.197e-10,yes,yes,n/a,graded,[axisymmetric critical point; stability NOT COMPUTED (YET)]
P2,2T,2,99.0,0.7,4.0,8.82284693681,4.41142346841,4.41142346841,7.45108528845,7.98047683161,7.45108528845,7.98047683161,-1,2.502e-18,3.234e-14,-1.84280780214e-06,-1.84280780214e-06,2.311e-13,8.939e-14,4.706e-08,3.611e-10,h=0.02:nit=1206;h=0.01:nit=2234,1.853e-01,1.853e-01,1.000000e+00,9.450e-02,5.861e-10,yes,yes,n/a,graded,[axisymmetric critical point; stability NOT COMPUTED (YET)]
P2,2T,2,99.0,0.8,0.25,4.64499444466,2.32249722233,2.32249722233,14.1853063964,16.140811719,14.1853063964,16.140811719,-1,4.575e-18,3.730e-14,1.93667905562e-06,1.93667905562e-06,9.754e-15,3.480e-14,3.340e-08,4.163e-11,h=0.02:nit=1040;h=0.01:nit=1971,2.143e-02,2.143e-02,9.999530e-01,8.205e-02,1.331e-09,yes,yes,n/a,graded,[axisymmetric critical point; stability NOT COMPUTED (YET)]
P2,2T,2,99.0,0.8,0.5,5.38309342114,2.69154671057,2.69154671057,10.3578268598,11.611374048,10.3578268598,11.611374048,-1,5.202e-18,4.348e-14,2.52319490421e-06,2.52319490421e-06,1.838e-14,2.607e-14,1.564e-08,4.276e-11,h=0.02:nit=1010;h=0.01:nit=1931,1.813e-02,1.813e-02,9.999994e-01,4.264e-02,1.206e-09,yes,yes,n/a,graded,[axisymmetric critical point; stability NOT COMPUTED (YET)]
P2,2T,2,99.0,0.8,1.0,6.28318530718,3.14159265359,3.14159265359,7.61789778027,8.23919755781,7.61789778027,8.23919755781,-1,4.483e-19,4.278e-14,1.30364962598e-18,8.54148130678e-18,7.379e-14,1.145e-14,4.625e-08,3.952e-11,h=0.02:nit=341;h=0.01:nit=321,2.190e-13,8.354e-14,1.000000e+00,4.628e-13,1.033e-09,no,yes,n/a,graded,[axisymmetric critical point; stability NOT COMPUTED (YET)]
P2,2T,2,99.0,0.8,2.0,7.37102352344,3.68551176172,3.68551176172,7.42211895396,8.00395948365,7.42211895396,8.00395948365,-1,5.166e-18,3.426e-14,-2.42341991458e-06,-2.42341991459e-06,1.337e-13,2.494e-14,2.473e-08,3.207e-11,h=0.02:nit=1013;h=0.01:nit=2079,5.486e-02,5.486e-02,1.000000e+00,4.578e-02,8.197e-10,yes,yes,n/a,graded,[axisymmetric critical point; stability NOT COMPUTED (YET)]
P2,2T,2,99.0,0.8,4.0,8.66901097139,4.33450548569,4.33450548569,7.28336562916,7.8379386027,7.28336562916,7.8379386027,-1,2.686e-18,3.029e-14,-2.38333826027e-06,-2.38333826027e-06,2.202e-13,1.318e-13,5.087e-08,2.274e-11,h=0.02:nit=1136;h=0.01:nit=2291,1.953e-01,1.953e-01,1.000000e+00,9.450e-02,5.861e-10,yes,yes,n/a,graded,[axisymmetric critical point; stability NOT COMPUTED (YET)]
P2,2T,2,99.0,0.9,0.25,4.71399314191,2.35699657095,2.35699657095,13.9239641822,15.7951410122,13.9239641822,15.7951410122,-1,2.187e-18,3.248e-14,2.12402926847e-06,2.12402926847e-06,1.513e-14,3.128e-14,4.138e-08,5.251e-11,h=0.02:nit=1007;h=0.01:nit=2036,2.297e-02,2.297e-02,9.999224e-01,8.205e-02,1.331e-09,yes,yes,n/a,graded,[axisymmetric critical point; stability NOT COMPUTED (YET)]
P2,2T,2,99.0,0.9,0.5,5.42375851643,2.71187925821,2.71187925821,10.1409635911,11.4127636098,10.1409635911,11.4127636098,-1,1.206e-18,3.664e-14,3.11142333535e-06,3.11142333534e-06,9.612e-15,1.605e-14,3.887e-08,5.389e-11,h=0.02:nit=957;h=0.01:nit=1864,1.931e-02,1.931e-02,9.999988e-01,4.264e-02,1.206e-09,yes,yes,n/a,graded,[axisymmetric critical point; stability NOT COMPUTED (YET)]
P2,2T,2,99.0,0.9,1.0,6.28318530718,3.14159265359,3.14159265359,7.44393425943,8.08421458665,7.44393425943,8.08421458665,-1,2.228e-18,3.896e-14,-4.40193766206e-19,1.47460682858e-18,7.676e-14,1.922e-14,3.514e-09,4.967e-11,h=0.02:nit=329;h=0.01:nit=347,2.253e-13,1.018e-13,1.000000e+00,4.628e-13,1.033e-09,no,yes,n/a,graded,[axisymmetric critical point; stability NOT COMPUTED (YET)]
P2,2T,2,99.0,0.9,2.0,7.31404365967,3.65702182983,3.65702182983,7.26520061725,7.86803343948,7.26520061725,7.86803343948,-1,3.789e-18,3.197e-14,-3.03312427756e-06,-3.03312427756e-06,1.053e-13,7.480e-14,2.517e-08,4.018e-11,h=0.02:nit=1049;h=0.01:nit=1987,5.773e-02,5.773e-02,1.000000e+00,4.578e-02,8.197e-10,yes,yes,n/a,graded,[axisymmetric critical point; stability NOT COMPUTED (YET)]
P2,2T,2,99.0,0.9,4.0,8.53428534758,4.26714267379,4.26714267379,7.13944701007,7.71649812817,7.13944701007,7.71649812817,-1,7.174e-18,2.896e-14,-2.98972173953e-06,-2.98972173953e-06,2.026e-13,2.075e-13,3.712e-08,2.821e-11,h=0.02:nit=1079;h=0.01:nit=2151,2.042e-01,2.042e-01,1.000000e+00,9.450e-02,5.861e-10,yes,yes,n/a,graded,[axisymmetric critical point; stability NOT COMPUTED (YET)]
P2,2T,2,99.0,1,0.25,4.7766419804,2.3883209902,2.3883209902,13.7011326036,15.4741562707,13.7011326036,15.4741562707,-1,1.885e-17,2.935e-14,2.1179403309e-06,2.11794033091e-06,1.640e-14,2.064e-13,5.194e-08,1.331e-09,h=0.02:nit=1009;h=0.01:nit=1833,2.444e-02,2.444e-02,9.998817e-01,8.205e-02,1.331e-09,yes,yes,n/a,graded,[axisymmetric critical point; stability NOT COMPUTED (YET)]
P2,2T,2,99.0,1,0.5,5.46047968574,2.73023984287,2.73023984287,9.95281693892,11.2372978056,9.95281693892,11.2372978056,-1,8.473e-18,3.051e-14,3.74034446694e-06,3.74034446694e-06,1.414e-16,3.082e-13,1.677e-08,1.206e-09,h=0.02:nit=964;h=0.01:nit=1842,2.042e-02,2.042e-02,9.999977e-01,4.264e-02,1.206e-09,yes,yes,n/a,graded,[axisymmetric critical point; stability NOT COMPUTED (YET)]
P2,2T,2,99.0,1,1.0,6.28318530718,3.14159265359,3.14159265359,7.29318842599,7.9504177857,7.29318842599,7.9504177857,-1,4.596e-18,3.250e-14,6.06234333972e-18,4.63176378032e-18,7.421e-14,4.741e-13,1.184e-08,1.033e-09,h=0.02:nit=328;h=0.01:nit=322,2.215e-13,1.147e-13,1.000000e+00,4.628e-13,1.033e-09,no,yes,n/a,graded,[axisymmetric critical point; stability NOT COMPUTED (YET)]
P2,2T,2,99.0,1,2.0,7.2632423513,3.63162117565,3.63162117565,7.12864071097,7.75027495133,7.12864071097,7.75027495133,-1,6.222e-18,3.018e-14,-3.70620117084e-06,-3.70620117084e-06,8.298e-14,7.357e-13,2.753e-08,8.197e-10,h=0.02:nit=1048;h=0.01:nit=1887,6.035e-02,6.035e-02,1.000000e+00,4.578e-02,8.197e-10,yes,yes,n/a,graded,[axisymmetric critical point; stability NOT COMPUTED (YET)]
P2,2T,2,99.0,1,4.0,8.41504321504,4.20752160752,4.20752160752,7.01362113734,7.61083292807,7.01362113734,7.61083292807,-1,3.051e-18,2.808e-14,-3.66049133345e-06,-3.66049133345e-06,1.852e-13,1.195e-12,4.643e-08,5.861e-10,h=0.02:nit=1074;h=0.01:nit=2084,2.123e-01,2.123e-01,1.000000e+00,9.450e-02,5.861e-10,yes,yes,n/a,graded,[axisymmetric critical point; stability NOT COMPUTED (YET)]
P2,2T,4,1.0,0.5,0.25,NOT COMPUTED (YET),NOT COMPUTED (YET),NOT COMPUTED (YET),NOT COMPUTED (YET),NOT COMPUTED (YET),NOT COMPUTED (YET),NOT COMPUTED (YET),NOT COMPUTED (YET),NOT COMPUTED (YET),NOT COMPUTED (YET),NOT COMPUTED (YET),NOT COMPUTED (YET),NOT COMPUTED (YET),NOT COMPUTED (YET),NOT COMPUTED (YET),NOT COMPUTED (YET),NOT COMPUTED (YET),NOT COMPUTED (YET),NOT COMPUTED (YET),NOT COMPUTED (YET),NOT COMPUTED (YET),NOT COMPUTED (YET),NOT COMPUTED (YET),NOT COMPUTED (YET),NOT COMPUTED (YET),FAILED,"FAILED: failed upstream (row P2 2T n=4 eps=1 alpha=0.5 stage NC kappa=0.5): not converged (cap hit) at NC kappa=0.5 alpha=0.5 [node cap MAX_NODES = 100000 reached; status 1, max|phi|^2 = 9.277e-08, iterations 6, nodes 82411]"
P2,2T,4,1.0,0.5,0.5,NOT COMPUTED (YET),NOT COMPUTED (YET),NOT COMPUTED (YET),NOT COMPUTED (YET),NOT COMPUTED (YET),NOT COMPUTED (YET),NOT COMPUTED (YET),NOT COMPUTED (YET),NOT COMPUTED (YET),NOT COMPUTED (YET),NOT COMPUTED (YET),NOT COMPUTED (YET),NOT COMPUTED (YET),NOT COMPUTED (YET),NOT COMPUTED (YET),NOT COMPUTED (YET),NOT COMPUTED (YET),NOT COMPUTED (YET),NOT COMPUTED (YET),NOT COMPUTED (YET),NOT COMPUTED (YET),NOT COMPUTED (YET),NOT COMPUTED (YET),NOT COMPUTED (YET),NOT COMPUTED (YET),FAILED,"FAILED: failed directly: not converged (cap hit) at NC kappa=0.5 alpha=0.5 [node cap MAX_NODES = 100000 reached; status 1, max|phi|^2 = 9.277e-08, iterations 6, nodes 82411]"
P2,2T,4,1.0,0.5,1.0,12.5663706144,6.28318530718,6.28318530718,NOT COMPUTED (YET),NOT COMPUTED (YET),NOT COMPUTED (YET),NOT COMPUTED (YET),-1,6.077e-19,2.739e-14,NOT COMPUTED (YET),NOT COMPUTED (YET),6.220e-14,4.425e-14,0.000e+00,8.172e-10,h=0.02:nit=190;h=0.01:nit=240,5.244e-14,1.589e-14,8.150494e-01,4.212e-14,2.326e-09,no,NOT COMPUTED (YET),n/a,graded,[axisymmetric critical point; stability NOT COMPUTED (YET)]
P2,2T,4,1.0,0.5,2.0,15.7194621162,7.85973105809,7.85973105809,NOT COMPUTED (YET),NOT COMPUTED (YET),NOT COMPUTED (YET),NOT COMPUTED (YET),-1,1.593e-18,2.211e-14,NOT COMPUTED (YET),NOT COMPUTED (YET),6.107e-14,4.441e-14,0.000e+00,6.631e-10,h=0.02:nit=450;h=0.01:nit=841,3.090e-02,3.486e-02,9.688385e-01,3.411e-02,1.585e-09,yes,NOT COMPUTED (YET),n/a,report-only (n_tip > 1 at kappa > 1),[axisymmetric critical point; stability NOT COMPUTED (YET)]
P2,2T,4,1.0,0.5,4.0,19.677577811,9.83878890552,9.83878890552,NOT COMPUTED (YET),NOT COMPUTED (YET),NOT COMPUTED (YET),NOT COMPUTED (YET),-1,8.451e-19,1.671e-14,NOT COMPUTED (YET),NOT COMPUTED (YET),5.824e-14,4.730e-14,0.000e+00,5.066e-10,h=0.02:nit=440;h=0.01:nit=894,1.264e-01,1.264e-01,9.970200e-01,7.849e-02,9.748e-10,yes,NOT COMPUTED (YET),n/a,report-only (n_tip > 1 at kappa > 1),[axisymmetric critical point; stability NOT COMPUTED (YET)]
P2,2T,4,1.0,0.6,0.25,NOT COMPUTED (YET),NOT COMPUTED (YET),NOT COMPUTED (YET),NOT COMPUTED (YET),NOT COMPUTED (YET),NOT COMPUTED (YET),NOT COMPUTED (YET),NOT COMPUTED (YET),NOT COMPUTED (YET),NOT COMPUTED (YET),NOT COMPUTED (YET),NOT COMPUTED (YET),NOT COMPUTED (YET),NOT COMPUTED (YET),NOT COMPUTED (YET),NOT COMPUTED (YET),NOT COMPUTED (YET),NOT COMPUTED (YET),NOT COMPUTED (YET),NOT COMPUTED (YET),NOT COMPUTED (YET),NOT COMPUTED (YET),NOT COMPUTED (YET),NOT COMPUTED (YET),NOT COMPUTED (YET),FAILED,"FAILED: failed upstream (row P2 2T n=4 eps=1 alpha=0.6 stage NC kappa=0.5): not converged (cap hit) at NC kappa=0.5 alpha=0.6 [node cap MAX_NODES = 100000 reached; status 1, max|phi|^2 = 4.244e-08, iterations 6, nodes 87564]"
P2,2T,4,1.0,0.6,0.5,NOT COMPUTED (YET),NOT COMPUTED (YET),NOT COMPUTED (YET),NOT COMPUTED (YET),NOT COMPUTED (YET),NOT COMPUTED (YET),NOT COMPUTED (YET),NOT COMPUTED (YET),NOT COMPUTED (YET),NOT COMPUTED (YET),NOT COMPUTED (YET),NOT COMPUTED (YET),NOT COMPUTED (YET),NOT COMPUTED (YET),NOT COMPUTED (YET),NOT COMPUTED (YET),NOT COMPUTED (YET),NOT COMPUTED (YET),NOT COMPUTED (YET),NOT COMPUTED (YET),NOT COMPUTED (YET),NOT COMPUTED (YET),NOT COMPUTED (YET),NOT COMPUTED (YET),NOT COMPUTED (YET),FAILED,"FAILED: failed directly: not converged (cap hit) at NC kappa=0.5 alpha=0.6 [node cap MAX_NODES = 100000 reached; status 1, max|phi|^2 = 4.244e-08, iterations 6, nodes 87564]"
P2,2T,4,1.0,0.6,1.0,12.5663706144,6.28318530718,6.28318530718,NOT COMPUTED (YET),NOT COMPUTED (YET),NOT COMPUTED (YET),NOT COMPUTED (YET),-1,1.529e-18,2.728e-14,NOT COMPUTED (YET),NOT COMPUTED (YET),4.693e-14,3.774e-14,0.000e+00,1.211e-10,h=0.02:nit=173;h=0.01:nit=226,6.765e-14,2.236e-14,7.911341e-01,4.212e-14,2.326e-09,no,NOT COMPUTED (YET),n/a,graded,[axisymmetric critical point; stability NOT COMPUTED (YET)]
P2,2T,4,1.0,0.6,2.0,15.5821920687,7.79109603433,7.79109603433,NOT COMPUTED (YET),NOT COMPUTED (YET),NOT COMPUTED (YET),NOT COMPUTED (YET),-1,1.115e-18,2.202e-14,NOT COMPUTED (YET),NOT COMPUTED (YET),4.735e-14,3.728e-14,0.000e+00,1.044e-10,h=0.02:nit=413;h=0.01:nit=819,3.276e-02,3.386e-02,9.605644e-01,3.411e-02,1.585e-09,yes,NOT COMPUTED (YET),n/a,report-only (n_tip > 1 at kappa > 1),[axisymmetric critical point; stability NOT COMPUTED (YET)]
P2,2T,4,1.0,0.6,4.0,19.3054125394,9.65270626969,9.65270626969,NOT COMPUTED (YET),NOT COMPUTED (YET),NOT COMPUTED (YET),NOT COMPUTED (YET),-1,5.390e-18,1.383e-14,NOT COMPUTED (YET),NOT COMPUTED (YET),1.399e-14,3.000e-14,0.000e+00,6.705e-11,h=0.02:nit=455;h=0.01:nit=890,1.358e-01,1.358e-01,9.955800e-01,7.849e-02,9.748e-10,yes,NOT COMPUTED (YET),n/a,report-only (n_tip > 1 at kappa > 1),[axisymmetric critical point; stability NOT COMPUTED (YET)]
P2,2T,4,1.0,0.7,0.25,NOT COMPUTED (YET),NOT COMPUTED (YET),NOT COMPUTED (YET),NOT COMPUTED (YET),NOT COMPUTED (YET),NOT COMPUTED (YET),NOT COMPUTED (YET),NOT COMPUTED (YET),NOT COMPUTED (YET),NOT COMPUTED (YET),NOT COMPUTED (YET),NOT COMPUTED (YET),NOT COMPUTED (YET),NOT COMPUTED (YET),NOT COMPUTED (YET),NOT COMPUTED (YET),NOT COMPUTED (YET),NOT COMPUTED (YET),NOT COMPUTED (YET),NOT COMPUTED (YET),NOT COMPUTED (YET),NOT COMPUTED (YET),NOT COMPUTED (YET),NOT COMPUTED (YET),NOT COMPUTED (YET),FAILED,"FAILED: failed upstream (row P2 2T n=4 eps=1 alpha=0.7 stage NC kappa=0.5): not converged (cap hit) at NC kappa=0.5 alpha=0.7 [node cap MAX_NODES = 100000 reached; status 1, max|phi|^2 = 2.628e-08, iterations 6, nodes 94476]"
P2,2T,4,1.0,0.7,0.5,NOT COMPUTED (YET),NOT COMPUTED (YET),NOT COMPUTED (YET),NOT COMPUTED (YET),NOT COMPUTED (YET),NOT COMPUTED (YET),NOT COMPUTED (YET),NOT COMPUTED (YET),NOT COMPUTED (YET),NOT COMPUTED (YET),NOT COMPUTED (YET),NOT COMPUTED (YET),NOT COMPUTED (YET),NOT COMPUTED (YET),NOT COMPUTED (YET),NOT COMPUTED (YET),NOT COMPUTED (YET),NOT COMPUTED (YET),NOT COMPUTED (YET),NOT COMPUTED (YET),NOT COMPUTED (YET),NOT COMPUTED (YET),NOT COMPUTED (YET),NOT COMPUTED (YET),NOT COMPUTED (YET),FAILED,"FAILED: failed directly: not converged (cap hit) at NC kappa=0.5 alpha=0.7 [node cap MAX_NODES = 100000 reached; status 1, max|phi|^2 = 2.628e-08, iterations 6, nodes 94476]"
P2,2T,4,1.0,0.7,1.0,12.5663706144,6.28318530718,6.28318530718,NOT COMPUTED (YET),NOT COMPUTED (YET),NOT COMPUTED (YET),NOT COMPUTED (YET),-1,1.234e-18,2.983e-14,NOT COMPUTED (YET),NOT COMPUTED (YET),3.534e-14,2.742e-14,0.000e+00,1.586e-09,h=0.02:nit=183;h=0.01:nit=244,6.456e-14,2.121e-14,7.708683e-01,4.212e-14,2.326e-09,no,NOT COMPUTED (YET),n/a,graded,[axisymmetric critical point; stability NOT COMPUTED (YET)]
P2,2T,4,1.0,0.7,2.0,15.4657482928,7.7328741464,7.7328741464,NOT COMPUTED (YET),NOT COMPUTED (YET),NOT COMPUTED (YET),NOT COMPUTED (YET),-1,1.163e-18,1.902e-14,NOT COMPUTED (YET),NOT COMPUTED (YET),3.393e-14,2.642e-14,0.000e+00,1.222e-09,h=0.02:nit=388;h=0.01:nit=788,3.429e-02,3.429e-02,9.527993e-01,3.411e-02,1.585e-09,yes,NOT COMPUTED (YET),n/a,report-only (n_tip > 1 at kappa > 1),[axisymmetric critical point; stability NOT COMPUTED (YET)]
P2,2T,4,1.0,0.7,4.0,18.9860765757,9.49303828785,9.49303828785,NOT COMPUTED (YET),NOT COMPUTED (YET),NOT COMPUTED (YET),NOT COMPUTED (YET),-1,9.489e-18,1.269e-14,NOT COMPUTED (YET),NOT COMPUTED (YET),1.159e-14,3.368e-15,0.000e+00,8.864e-10,h=0.02:nit=435;h=0.01:nit=861,1.439e-01,1.439e-01,9.940205e-01,7.849e-02,9.748e-10,yes,NOT COMPUTED (YET),n/a,report-only (n_tip > 1 at kappa > 1),[axisymmetric critical point; stability NOT COMPUTED (YET)]
P2,2T,4,1.0,0.8,0.25,NOT COMPUTED (YET),NOT COMPUTED (YET),NOT COMPUTED (YET),NOT COMPUTED (YET),NOT COMPUTED (YET),NOT COMPUTED (YET),NOT COMPUTED (YET),NOT COMPUTED (YET),NOT COMPUTED (YET),NOT COMPUTED (YET),NOT COMPUTED (YET),NOT COMPUTED (YET),NOT COMPUTED (YET),NOT COMPUTED (YET),NOT COMPUTED (YET),NOT COMPUTED (YET),NOT COMPUTED (YET),NOT COMPUTED (YET),NOT COMPUTED (YET),NOT COMPUTED (YET),NOT COMPUTED (YET),NOT COMPUTED (YET),NOT COMPUTED (YET),NOT COMPUTED (YET),NOT COMPUTED (YET),FAILED,"FAILED: failed upstream (row P2 2T n=4 eps=1 alpha=0.8 stage NC kappa=0.5): not converged (cap hit) at NC kappa=0.5 alpha=0.8 [node cap MAX_NODES = 100000 reached; status 1, max|phi|^2 = 2.552e-07, iterations 5, nodes 48113]"
P2,2T,4,1.0,0.8,0.5,NOT COMPUTED (YET),NOT COMPUTED (YET),NOT COMPUTED (YET),NOT COMPUTED (YET),NOT COMPUTED (YET),NOT COMPUTED (YET),NOT COMPUTED (YET),NOT COMPUTED (YET),NOT COMPUTED (YET),NOT COMPUTED (YET),NOT COMPUTED (YET),NOT COMPUTED (YET),NOT COMPUTED (YET),NOT COMPUTED (YET),NOT COMPUTED (YET),NOT COMPUTED (YET),NOT COMPUTED (YET),NOT COMPUTED (YET),NOT COMPUTED (YET),NOT COMPUTED (YET),NOT COMPUTED (YET),NOT COMPUTED (YET),NOT COMPUTED (YET),NOT COMPUTED (YET),NOT COMPUTED (YET),FAILED,"FAILED: failed directly: not converged (cap hit) at NC kappa=0.5 alpha=0.8 [node cap MAX_NODES = 100000 reached; status 1, max|phi|^2 = 2.552e-07, iterations 5, nodes 48113]"
P2,2T,4,1.0,0.8,1.0,12.5663706144,6.28318530718,6.28318530718,NOT COMPUTED (YET),NOT COMPUTED (YET),NOT COMPUTED (YET),NOT COMPUTED (YET),-1,3.099e-18,1.972e-14,NOT COMPUTED (YET),NOT COMPUTED (YET),2.912e-14,2.092e-14,0.000e+00,2.323e-10,h=0.02:nit=175;h=0.01:nit=249,5.840e-14,1.953e-14,7.534521e-01,4.212e-14,2.326e-09,no,NOT COMPUTED (YET),n/a,graded,[axisymmetric critical point; stability NOT COMPUTED (YET)]
P2,2T,4,1.0,0.8,2.0,15.3654469525,7.68272347627,7.68272347627,NOT COMPUTED (YET),NOT COMPUTED (YET),NOT COMPUTED (YET),NOT COMPUTED (YET),-1,0.000e+00,1.645e-14,NOT COMPUTED (YET),NOT COMPUTED (YET),2.502e-14,1.884e-14,0.000e+00,1.927e-10,h=0.02:nit=411;h=0.01:nit=820,3.559e-02,3.559e-02,9.455645e-01,3.411e-02,1.585e-09,yes,NOT COMPUTED (YET),n/a,report-only (n_tip > 1 at kappa > 1),[axisymmetric critical point; stability NOT COMPUTED (YET)]
P2,2T,4,1.0,0.8,4.0,18.7080247227,9.35401236135,9.35401236135,NOT COMPUTED (YET),NOT COMPUTED (YET),NOT COMPUTED (YET),NOT COMPUTED (YET),-1,3.989e-18,1.716e-14,NOT COMPUTED (YET),NOT COMPUTED (YET),1.046e-14,2.621e-14,0.000e+00,1.274e-10,h=0.02:nit=429;h=0.01:nit=814,1.510e-01,1.510e-01,9.923930e-01,7.849e-02,9.748e-10,yes,NOT COMPUTED (YET),n/a,report-only (n_tip > 1 at kappa > 1),[axisymmetric critical point; stability NOT COMPUTED (YET)]
P2,2T,4,1.0,0.9,0.25,NOT COMPUTED (YET),NOT COMPUTED (YET),NOT COMPUTED (YET),NOT COMPUTED (YET),NOT COMPUTED (YET),NOT COMPUTED (YET),NOT COMPUTED (YET),NOT COMPUTED (YET),NOT COMPUTED (YET),NOT COMPUTED (YET),NOT COMPUTED (YET),NOT COMPUTED (YET),NOT COMPUTED (YET),NOT COMPUTED (YET),NOT COMPUTED (YET),NOT COMPUTED (YET),NOT COMPUTED (YET),NOT COMPUTED (YET),NOT COMPUTED (YET),NOT COMPUTED (YET),NOT COMPUTED (YET),NOT COMPUTED (YET),NOT COMPUTED (YET),NOT COMPUTED (YET),NOT COMPUTED (YET),FAILED,"FAILED: failed upstream (row P2 2T n=4 eps=1 alpha=0.9 stage NC kappa=0.5): not converged (cap hit) at NC kappa=0.5 alpha=0.9 [node cap MAX_NODES = 100000 reached; status 1, max|phi|^2 = 1.949e-07, iterations 5, nodes 51777]"
P2,2T,4,1.0,0.9,0.5,NOT COMPUTED (YET),NOT COMPUTED (YET),NOT COMPUTED (YET),NOT COMPUTED (YET),NOT COMPUTED (YET),NOT COMPUTED (YET),NOT COMPUTED (YET),NOT COMPUTED (YET),NOT COMPUTED (YET),NOT COMPUTED (YET),NOT COMPUTED (YET),NOT COMPUTED (YET),NOT COMPUTED (YET),NOT COMPUTED (YET),NOT COMPUTED (YET),NOT COMPUTED (YET),NOT COMPUTED (YET),NOT COMPUTED (YET),NOT COMPUTED (YET),NOT COMPUTED (YET),NOT COMPUTED (YET),NOT COMPUTED (YET),NOT COMPUTED (YET),NOT COMPUTED (YET),NOT COMPUTED (YET),FAILED,"FAILED: failed directly: not converged (cap hit) at NC kappa=0.5 alpha=0.9 [node cap MAX_NODES = 100000 reached; status 1, max|phi|^2 = 1.949e-07, iterations 5, nodes 51777]"
P2,2T,4,1.0,0.9,1.0,12.5663706144,6.28318530718,6.28318530718,NOT COMPUTED (YET),NOT COMPUTED (YET),NOT COMPUTED (YET),NOT COMPUTED (YET),-1,6.584e-19,1.760e-14,NOT COMPUTED (YET),NOT COMPUTED (YET),2.262e-14,1.555e-14,0.000e+00,3.041e-10,h=0.02:nit=181;h=0.01:nit=235,5.267e-14,1.756e-14,7.383027e-01,4.212e-14,2.326e-09,no,NOT COMPUTED (YET),n/a,graded,[axisymmetric critical point; stability NOT COMPUTED (YET)]
P2,2T,4,1.0,0.9,2.0,15.2779971906,7.63899859531,7.63899859531,NOT COMPUTED (YET),NOT COMPUTED (YET),NOT COMPUTED (YET),NOT COMPUTED (YET),-1,2.502e-18,1.472e-14,NOT COMPUTED (YET),NOT COMPUTED (YET),1.922e-14,1.314e-14,0.000e+00,2.445e-10,h=0.02:nit=403;h=0.01:nit=763,3.670e-02,3.670e-02,9.388400e-01,3.411e-02,1.585e-09,yes,NOT COMPUTED (YET),n/a,report-only (n_tip > 1 at kappa > 1),[axisymmetric critical point; stability NOT COMPUTED (YET)]
P2,2T,4,1.0,0.9,4.0,18.4631516618,9.2315758309,9.2315758309,NOT COMPUTED (YET),NOT COMPUTED (YET),NOT COMPUTED (YET),NOT COMPUTED (YET),-1,4.173e-18,2.623e-14,NOT COMPUTED (YET),NOT COMPUTED (YET),9.612e-15,4.753e-14,0.000e+00,1.668e-10,h=0.02:nit=431;h=0.01:nit=829,1.573e-01,1.573e-01,9.907334e-01,7.849e-02,9.748e-10,yes,NOT COMPUTED (YET),n/a,report-only (n_tip > 1 at kappa > 1),[axisymmetric critical point; stability NOT COMPUTED (YET)]
P2,2T,4,1.0,1,0.25,NOT COMPUTED (YET),NOT COMPUTED (YET),NOT COMPUTED (YET),NOT COMPUTED (YET),NOT COMPUTED (YET),NOT COMPUTED (YET),NOT COMPUTED (YET),NOT COMPUTED (YET),n/a (normal state),n/a (normal state),NOT COMPUTED (YET),NOT COMPUTED (YET),n/a (normal state),n/a (normal state),n/a (normal state),n/a (normal state),n/a (normal state),1.388e-17,1.388e-17,0.000000e+00,n/a (normal state),n/a (normal state),n/a (normal state),n/a (normal state),n/a,n/a (normal state),"[normal state: exact solution, linearly stable for B > κ/2, marginal at B = κ/2; whether a vortex branch coexists (κ < 1, subcritical) is NOT COMPUTED (YET)] [by construction; not a test] [Venus 20:44]; normal-state energy (not a vortex value) = 6.28318530718"
P2,2T,4,1.0,1,0.5,NOT COMPUTED (YET),NOT COMPUTED (YET),NOT COMPUTED (YET),NOT COMPUTED (YET),NOT COMPUTED (YET),NOT COMPUTED (YET),NOT COMPUTED (YET),NOT COMPUTED (YET),n/a (normal state),n/a (normal state),NOT COMPUTED (YET),NOT COMPUTED (YET),n/a (normal state),n/a (normal state),n/a (normal state),n/a (normal state),n/a (normal state),3.125e-02,3.125e-02,0.000000e+00,n/a (normal state),n/a (normal state),n/a (normal state),n/a (normal state),n/a,n/a (normal state),"[normal state: exact solution, linearly stable for B > κ/2, marginal at B = κ/2; whether a vortex branch coexists (κ < 1, subcritical) is NOT COMPUTED (YET)] [by construction; not a test] [Venus 20:44]; normal-state energy (not a vortex value) = 9.42477796077"
P2,2T,4,1.0,1,1.0,12.5663706144,6.28318530718,6.28318530718,NOT COMPUTED (YET),NOT COMPUTED (YET),NOT COMPUTED (YET),NOT COMPUTED (YET),-1,1.020e-18,1.589e-14,NOT COMPUTED (YET),NOT COMPUTED (YET),1.824e-14,1.216e-14,0.000e+00,2.326e-09,h=0.02:nit=172;h=0.01:nit=252,4.770e-14,1.592e-14,7.249878e-01,4.212e-14,2.326e-09,no,NOT COMPUTED (YET),n/a,graded,[axisymmetric critical point; stability NOT COMPUTED (YET)]
P2,2T,4,1.0,1,2.0,15.2009940851,7.60049704257,7.60049704257,NOT COMPUTED (YET),NOT COMPUTED (YET),NOT COMPUTED (YET),NOT COMPUTED (YET),-1,5.164e-18,2.947e-14,NOT COMPUTED (YET),NOT COMPUTED (YET),1.357e-14,1.204e-14,0.000e+00,1.585e-09,h=0.02:nit=406;h=0.01:nit=779,3.767e-02,3.767e-02,9.325899e-01,3.411e-02,1.585e-09,yes,NOT COMPUTED (YET),n/a,report-only (n_tip > 1 at kappa > 1),[axisymmetric critical point; stability NOT COMPUTED (YET)]
P2,2T,4,1.0,1,4.0,18.2455138751,9.12275693754,9.12275693754,NOT COMPUTED (YET),NOT COMPUTED (YET),NOT COMPUTED (YET),NOT COMPUTED (YET),-1,2.175e-18,2.866e-14,NOT COMPUTED (YET),NOT COMPUTED (YET),7.775e-15,6.192e-14,0.000e+00,9.748e-10,h=0.02:nit=426;h=0.01:nit=812,1.630e-01,1.630e-01,9.890662e-01,7.849e-02,9.748e-10,yes,NOT COMPUTED (YET),n/a,report-only (n_tip > 1 at kappa > 1),[axisymmetric critical point; stability NOT COMPUTED (YET)]
P2,2T,4,24.0,0.5,0.25,8.1631056049,4.08155280245,4.08155280245,17.9978966831,18.214769278,17.9978966831,18.214769278,-1,3.227e-18,2.707e-14,-5.64446777998e-06,-5.64446777998e-06,6.333e-14,5.049e-14,8.903e-08,6.748e-11,h=0.02:nit=445;h=0.01:nit=1000,1.164e-02,1.164e-02,9.991659e-01,7.519e-02,2.875e-09,yes,NOT COMPUTED (YET),n/a,graded,[axisymmetric critical point; stability NOT COMPUTED (YET)]
P2,2T,4,24.0,0.5,0.5,10.0786489138,5.03932445688,5.03932445688,12.9265778333,14.6909729973,12.9265778333,14.6909729973,-1,1.714e-18,3.131e-14,9.81175902482e-07,9.81175902487e-07,6.234e-14,4.953e-14,8.423e-09,6.646e-11,h=0.02:nit=430;h=0.01:nit=840,1.015e-02,1.029e-02,9.999789e-01,3.855e-02,2.640e-09,yes,yes,n/a,graded,[axisymmetric critical point; stability NOT COMPUTED (YET)]
P2,2T,4,24.0,0.5,1.0,12.5663706144,6.28318530718,6.28318530718,9.69820311589,10.9231262606,9.69820311589,10.9231262606,-1,1.535e-18,2.756e-14,-3.41015886353e-18,-1.71975618164e-18,3.746e-14,4.735e-14,4.587e-08,6.266e-11,h=0.02:nit=208;h=0.01:nit=33,5.743e-14,1.750e-14,9.999999e-01,4.750e-14,2.308e-09,no,yes,n/a,graded,[axisymmetric critical point; stability NOT COMPUTED (YET)]
P2,2T,4,24.0,0.5,2.0,15.7808159901,7.89040799505,7.89040799505,9.26031987034,10.3805612867,9.26031987034,10.3805612867,-1,5.859e-19,2.326e-14,-1.25130916689e-06,-1.2513091669e-06,2.827e-16,5.032e-14,3.406e-08,4.996e-11,h=0.02:nit=516;h=0.01:nit=1023,3.262e-02,3.441e-02,1.000000e+00,4.033e-02,1.888e-09,yes,yes,n/a,report-only (n_tip > 1 at kappa > 1),[axisymmetric critical point; stability NOT COMPUTED (YET)]
P2,2T,4,24.0,0.5,4.0,19.8976747101,9.94883735507,9.94883735507,8.92692242815,9.96650844728,8.92692242815,9.96650844728,-1,1.432e-18,1.923e-14,-1.21271519642e-06,-1.21271519642e-06,2.643e-14,5.231e-14,1.390e-08,3.760e-11,h=0.02:nit=602;h=0.01:nit=1183,1.201e-01,1.241e-01,1.000000e+00,8.254e-02,1.423e-09,yes,yes,n/a,report-only (n_tip > 1 at kappa > 1),[axisymmetric critical point; stability NOT COMPUTED (YET)]
P2,2T,4,24.0,0.6,0.25,8.32346633431,4.16173316715,4.16173316715,NOT COMPUTED (YET),NOT COMPUTED (YET),NOT COMPUTED (YET),NOT COMPUTED (YET),-1,1.471e-18,2.160e-14,NOT COMPUTED (YET),NOT COMPUTED (YET),4.792e-14,4.354e-14,0.000e+00,1.047e-09,h=0.02:nit=465;h=0.01:nit=844,1.289e-02,1.289e-02,9.985169e-01,7.519e-02,2.875e-09,yes,NOT COMPUTED (YET),n/a,graded,[axisymmetric critical point; stability NOT COMPUTED (YET)]
P2,2T,4,24.0,0.6,0.5,10.1770751062,5.0885375531,5.0885375531,12.4538628598,14.0739773024,12.4538628598,14.0739773024,-1,5.205e-18,2.665e-14,1.17589610903e-06,1.17589610903e-06,4.750e-14,4.399e-14,2.599e-08,9.576e-10,h=0.02:nit=444;h=0.01:nit=962,1.119e-02,1.119e-02,9.999494e-01,3.855e-02,2.640e-09,yes,yes,n/a,graded,[axisymmetric critical point; stability NOT COMPUTED (YET)]
P2,2T,4,24.0,0.6,1.0,12.5663706144,6.28318530718,6.28318530718,9.30138071195,10.5232484278,9.30138071195,10.5232484278,-1,2.679e-19,2.638e-14,2.63544786382e-18,-7.44188940264e-18,1.937e-14,4.170e-14,2.600e-09,8.383e-10,h=0.02:nit=196;h=0.01:nit=116,7.941e-14,2.666e-14,9.999996e-01,4.750e-14,2.308e-09,no,yes,n/a,graded,[axisymmetric critical point; stability NOT COMPUTED (YET)]
P2,2T,4,24.0,0.6,2.0,15.6287493049,7.81437465247,7.81437465247,8.91369821569,10.0461508317,8.91369821569,10.0461508317,-1,4.117e-19,2.295e-14,-1.72424903057e-06,-1.72424903057e-06,3.534e-15,4.296e-14,2.818e-08,6.982e-10,h=0.02:nit=496;h=0.01:nit=1063,3.561e-02,3.561e-02,1.000000e+00,4.033e-02,1.888e-09,yes,yes,n/a,report-only (n_tip > 1 at kappa > 1),[axisymmetric critical point; stability NOT COMPUTED (YET)]
P2,2T,4,24.0,0.6,4.0,19.5158783403,9.75793917013,9.75793917013,8.62106628955,9.68400292497,8.62106628955,9.68400292497,-1,9.366e-18,1.927e-14,-1.68364373432e-06,-1.68364373431e-06,2.445e-14,4.205e-14,4.780e-08,5.448e-10,h=0.02:nit=569;h=0.01:nit=1120,1.305e-01,1.305e-01,1.000000e+00,8.254e-02,1.423e-09,yes,yes,n/a,report-only (n_tip > 1 at kappa > 1),[axisymmetric critical point; stability NOT COMPUTED (YET)]
P2,2T,4,24.0,0.7,0.25,8.46710549885,4.23355274943,4.23355274943,NOT COMPUTED (YET),NOT COMPUTED (YET),NOT COMPUTED (YET),NOT COMPUTED (YET),-1,7.995e-18,1.948e-14,NOT COMPUTED (YET),NOT COMPUTED (YET),3.675e-14,4.049e-14,0.000e+00,1.372e-10,h=0.02:nit=436;h=0.01:nit=989,1.405e-02,1.405e-02,9.976863e-01,7.519e-02,2.875e-09,yes,NOT COMPUTED (YET),n/a,graded,[axisymmetric critical point; stability NOT COMPUTED (YET)]
P2,2T,4,24.0,0.7,0.5,10.2648128316,5.13240641579,5.13240641579,12.0843843899,13.5473042811,12.0843843899,13.5473042811,-1,1.678e-18,2.220e-14,1.19778270409e-06,1.19778270409e-06,3.661e-14,3.998e-14,2.545e-08,1.345e-10,h=0.02:nit=467;h=0.01:nit=834,1.214e-02,1.214e-02,9.999004e-01,3.855e-02,2.640e-09,yes,yes,n/a,graded,[axisymmetric critical point; stability NOT COMPUTED (YET)]
P2,2T,4,24.0,0.7,1.0,12.5663706144,6.28318530718,6.28318530718,8.98774162997,10.2011985621,8.98774162997,10.2011985621,-1,1.795e-19,2.288e-14,7.63186598296e-19,7.26761733224e-19,1.272e-14,3.251e-14,3.236e-08,1.224e-10,h=0.02:nit=162;h=0.01:nit=220,7.376e-14,2.469e-14,9.999988e-01,4.750e-14,2.308e-09,no,yes,n/a,graded,[axisymmetric critical point; stability NOT COMPUTED (YET)]
P2,2T,4,24.0,0.7,2.0,15.494847225,7.74742361249,7.74742361249,8.63861139431,9.77596302102,8.63861139431,9.77596302102,-1,4.035e-18,1.694e-14,-2.24815069936e-06,-2.24815069936e-06,3.463e-14,3.921e-14,3.327e-08,1.008e-10,h=0.02:nit=504;h=0.01:nit=1003,3.832e-02,3.832e-02,1.000000e+00,4.033e-02,1.888e-09,yes,yes,n/a,report-only (n_tip > 1 at kappa > 1),[axisymmetric critical point; stability NOT COMPUTED (YET)]
P2,2T,4,24.0,0.7,4.0,19.1822113049,9.59110565243,9.59110565243,8.37710876131,9.45468303988,8.37710876131,9.45468303988,-1,4.151e-18,1.417e-14,-2.20966531396e-06,-2.20966531396e-06,5.301e-14,1.334e-14,6.221e-08,7.438e-11,h=0.02:nit=553;h=0.01:nit=1118,1.399e-01,1.399e-01,1.000000e+00,8.254e-02,1.423e-09,yes,yes,n/a,report-only (n_tip > 1 at kappa > 1),[axisymmetric critical point; stability NOT COMPUTED (YET)]
P2,2T,4,24.0,0.8,0.25,8.59740106698,4.29870053349,4.29870053349,NOT COMPUTED (YET),NOT COMPUTED (YET),NOT COMPUTED (YET),NOT COMPUTED (YET),-1,1.360e-18,1.466e-14,NOT COMPUTED (YET),NOT COMPUTED (YET),2.785e-14,3.678e-14,0.000e+00,1.822e-10,h=0.02:nit=476;h=0.01:nit=962,1.515e-02,1.515e-02,9.966955e-01,7.519e-02,2.875e-09,yes,NOT COMPUTED (YET),n/a,graded,[axisymmetric critical point; stability NOT COMPUTED (YET)]
P2,2T,4,24.0,0.8,0.5,10.3440563317,5.17202816583,5.17202816583,11.788940197,13.0833519297,11.788940197,13.0833519297,-1,1.284e-18,2.085e-14,8.00808011527e-07,8.00808011535e-07,2.714e-14,3.349e-14,5.137e-08,1.775e-10,h=0.02:nit=407;h=0.01:nit=903,1.304e-02,1.304e-02,9.998287e-01,3.855e-02,2.640e-09,yes,yes,n/a,graded,[axisymmetric critical point; stability NOT COMPUTED (YET)]
P2,2T,4,24.0,0.8,1.0,12.5663706144,6.28318530718,6.28318530718,8.73098777588,9.93148459976,8.73098777588,9.93148459976,-1,4.256e-18,2.012e-14,-5.60956544288e-18,1.85956295799e-18,3.958e-15,2.375e-14,1.047e-08,1.615e-10,h=0.02:nit=170;h=0.01:nit=234,6.620e-14,2.227e-14,9.999974e-01,4.750e-14,2.308e-09,no,yes,n/a,graded,[axisymmetric critical point; stability NOT COMPUTED (YET)]
P2,2T,4,24.0,0.8,2.0,15.3752604293,7.68763021465,7.68763021465,8.41257058407,9.54877334948,8.41257058407,9.54877334948,-1,1.583e-18,1.481e-14,-2.81268714219e-06,-2.81268714219e-06,2.092e-14,1.814e-14,1.455e-08,1.327e-10,h=0.02:nit=483;h=0.01:nit=907,4.082e-02,4.082e-02,1.000000e+00,4.033e-02,1.888e-09,yes,yes,n/a,report-only (n_tip > 1 at kappa > 1),[axisymmetric critical point; stability NOT COMPUTED (YET)]
P2,2T,4,24.0,0.8,4.0,18.8862688947,9.44313444736,9.44313444736,8.17573387491,9.26080628084,8.17573387491,9.26080628084,-1,3.162e-18,1.242e-14,-2.78087308809e-06,-2.7808730881e-06,4.834e-14,1.618e-14,3.014e-08,9.736e-11,h=0.02:nit=504;h=0.01:nit=1002,1.484e-01,1.484e-01,1.000000e+00,8.254e-02,1.423e-09,yes,yes,n/a,report-only (n_tip > 1 at kappa > 1),[axisymmetric critical point; stability NOT COMPUTED (YET)]
P2,2T,4,24.0,0.9,0.25,8.71671863833,4.35835931916,4.35835931916,NOT COMPUTED (YET),NOT COMPUTED (YET),NOT COMPUTED (YET),NOT COMPUTED (YET),-1,1.315e-18,1.343e-14,NOT COMPUTED (YET),NOT COMPUTED (YET),2.092e-14,3.240e-14,0.000e+00,2.875e-09,h=0.02:nit=456;h=0.01:nit=921,1.619e-02,1.619e-02,9.955678e-01,7.519e-02,2.875e-09,yes,NOT COMPUTED (YET),n/a,graded,[axisymmetric critical point; stability NOT COMPUTED (YET)]
P2,2T,4,24.0,0.9,0.5,10.4163409999,5.20817049997,5.20817049997,11.5526203258,12.6667363945,11.5526203258,12.6667363945,-1,4.245e-18,1.917e-14,-4.7686335659e-07,-4.76863356591e-07,1.951e-14,2.763e-14,2.073e-08,2.640e-09,h=0.02:nit=424;h=0.01:nit=872,1.388e-02,1.388e-02,9.997319e-01,3.855e-02,2.640e-09,yes,yes,n/a,graded,[axisymmetric critical point; stability NOT COMPUTED (YET)]
P2,2T,4,24.0,0.9,1.0,12.5663706144,6.28318530718,6.28318530718,8.51526268409,9.69891753231,8.51526268409,9.69891753231,-1,6.765e-20,1.831e-14,-2.78905475138e-18,-7.41317774421e-19,2.262e-15,1.725e-14,2.498e-08,2.308e-09,h=0.02:nit=167;h=0.01:nit=218,6.002e-14,2.022e-14,9.999949e-01,4.750e-14,2.308e-09,no,yes,n/a,graded,[axisymmetric critical point; stability NOT COMPUTED (YET)]
P2,2T,4,24.0,0.9,2.0,15.2673039571,7.63365197857,7.63365197857,8.22199113669,9.35196520454,8.22199113669,9.35196520454,-1,1.259e-18,1.367e-14,-3.40738832932e-06,-3.40738832932e-06,1.682e-14,5.468e-15,2.960e-08,1.888e-09,h=0.02:nit=467;h=0.01:nit=936,4.313e-02,4.313e-02,1.000000e+00,4.033e-02,1.888e-09,yes,yes,n/a,report-only (n_tip > 1 at kappa > 1),[axisymmetric critical point; stability NOT COMPUTED (YET)]
P2,2T,4,24.0,0.9,4.0,18.620810411,9.31040520552,9.31040520552,8.00524506039,9.09185199455,8.00524506039,9.09185199455,-1,6.134e-18,2.444e-14,-3.38712103286e-06,-3.38712103285e-06,4.000e-14,3.930e-14,4.305e-08,1.423e-09,h=0.02:nit=510;h=0.01:nit=947,1.562e-01,1.562e-01,1.000000e+00,8.254e-02,1.423e-09,yes,yes,n/a,report-only (n_tip > 1 at kappa > 1),[axisymmetric critical point; stability NOT COMPUTED (YET)]
P2,2T,4,24.0,1,0.25,8.82679414071,4.41339707035,4.41339707035,NOT COMPUTED (YET),NOT COMPUTED (YET),NOT COMPUTED (YET),NOT COMPUTED (YET),-1,7.282e-18,1.464e-14,NOT COMPUTED (YET),NOT COMPUTED (YET),1.513e-14,3.079e-14,0.000e+00,2.942e-10,h=0.02:nit=472;h=0.01:nit=921,1.719e-02,1.719e-02,9.943260e-01,7.519e-02,2.875e-09,yes,NOT COMPUTED (YET),n/a,graded,[axisymmetric critical point; stability NOT COMPUTED (YET)]
P2,2T,4,24.0,1,0.5,10.482792622,5.24139631101,5.24139631101,11.3699823142,12.2883765645,11.3699823142,12.2883765645,-1,6.329e-19,1.664e-14,-3.39738576532e-06,-3.39738576534e-06,1.428e-14,2.457e-14,5.670e-08,2.818e-10,h=0.02:nit=429;h=0.01:nit=877,1.468e-02,1.468e-02,9.996090e-01,3.855e-02,2.640e-09,yes,yes,n/a,graded,[axisymmetric critical point; stability NOT COMPUTED (YET)]
P2,2T,4,24.0,1,1.0,12.5663706144,6.28318530718,6.28318530718,8.33034809753,9.49382645688,8.33034809753,9.49382645688,-1,6.944e-18,1.691e-14,1.25980298457e-18,-1.35302317032e-18,5.796e-15,1.244e-14,3.259e-08,2.554e-10,h=0.02:nit=182;h=0.01:nit=223,5.469e-14,1.842e-14,9.999910e-01,4.750e-14,2.308e-09,no,yes,n/a,graded,[axisymmetric critical point; stability NOT COMPUTED (YET)]
P2,2T,4,24.0,1,2.0,15.1690159458,7.58450797291,7.58450797291,8.05810315759,9.17752676623,8.05810315759,9.17752676623,-1,4.258e-18,2.730e-14,-4.02141397387e-06,-4.02141397387e-06,1.470e-14,1.124e-14,6.651e-08,2.084e-10,h=0.02:nit=478;h=0.01:nit=920,4.529e-02,4.529e-02,1.000000e+00,4.033e-02,1.888e-09,yes,yes,n/a,report-only (n_tip > 1 at kappa > 1),[axisymmetric critical point; stability NOT COMPUTED (YET)]
P2,2T,4,24.0,1,4.0,18.3805588288,9.1902794144,9.1902794144,7.85807558929,8.9411605775,7.85807558929,8.9411605775,-1,2.678e-19,2.574e-14,-4.01794168795e-06,-4.01794168795e-06,3.732e-14,5.973e-14,3.170e-08,1.511e-10,h=0.02:nit=506;h=0.01:nit=929,1.634e-01,1.634e-01,1.000000e+00,8.254e-02,1.423e-09,yes,yes,n/a,report-only (n_tip > 1 at kappa > 1),[axisymmetric critical point; stability NOT COMPUTED (YET)]
P2,2T,4,4.0,0.5,0.25,8.07935465735,4.03967732868,4.03967732868,NOT COMPUTED (YET),NOT COMPUTED (YET),NOT COMPUTED (YET),NOT COMPUTED (YET),-1,8.439e-18,3.448e-14,NOT COMPUTED (YET),NOT COMPUTED (YET),7.280e-14,4.133e-14,0.000e+00,7.695e-11,h=0.02:nit=502;h=0.01:nit=1199,5.621e-03,1.153e-02,7.098242e-01,4.249e-02,4.474e-09,yes,NOT COMPUTED (YET),n/a,graded,[axisymmetric critical point; stability NOT COMPUTED (YET)]
P2,2T,4,4.0,0.5,0.5,10.1151810525,5.05759052627,5.05759052627,NOT COMPUTED (YET),NOT COMPUTED (YET),NOT COMPUTED (YET),NOT COMPUTED (YET),-1,1.310e-18,3.319e-14,NOT COMPUTED (YET),NOT COMPUTED (YET),6.842e-14,4.777e-14,0.000e+00,8.103e-11,h=0.02:nit=442;h=0.01:nit=824,9.994e-03,1.020e-02,9.432808e-01,3.488e-02,4.061e-09,yes,NOT COMPUTED (YET),n/a,graded,[axisymmetric critical point; stability NOT COMPUTED (YET)]
P2,2T,4,4.0,0.5,1.0,12.5663706144,6.28318530718,6.28318530718,NOT COMPUTED (YET),NOT COMPUTED (YET),NOT COMPUTED (YET),NOT COMPUTED (YET),-1,6.489e-19,2.757e-14,NOT COMPUTED (YET),NOT COMPUTED (YET),6.573e-14,4.566e-14,0.000e+00,7.320e-11,h=0.02:nit=165;h=0.01:nit=206,5.569e-14,1.708e-14,9.933720e-01,4.538e-14,3.206e-09,no,NOT COMPUTED (YET),n/a,graded,[axisymmetric critical point; stability NOT COMPUTED (YET)]
P2,2T,4,4.0,0.5,2.0,15.7159631842,7.85798159212,7.85798159212,NOT COMPUTED (YET),NOT COMPUTED (YET),NOT COMPUTED (YET),NOT COMPUTED (YET),-1,1.189e-18,2.370e-14,NOT COMPUTED (YET),NOT COMPUTED (YET),5.414e-14,4.770e-14,0.000e+00,5.717e-11,h=0.02:nit=449;h=0.01:nit=877,3.473e-02,3.473e-02,9.996650e-01,4.072e-02,2.487e-09,yes,NOT COMPUTED (YET),n/a,report-only (n_tip > 1 at kappa > 1),[axisymmetric critical point; stability NOT COMPUTED (YET)]
P2,2T,4,4.0,0.5,4.0,19.763791542,9.88189577099,9.88189577099,NOT COMPUTED (YET),NOT COMPUTED (YET),NOT COMPUTED (YET),NOT COMPUTED (YET),-1,3.134e-19,2.676e-14,NOT COMPUTED (YET),NOT COMPUTED (YET),3.548e-14,5.015e-14,0.000e+00,4.106e-11,h=0.02:nit=467;h=0.01:nit=956,1.267e-01,1.267e-01,9.999932e-01,8.362e-02,1.792e-09,yes,NOT COMPUTED (YET),n/a,report-only (n_tip > 1 at kappa > 1),[axisymmetric critical point; stability NOT COMPUTED (YET)]
P2,2T,4,4.0,0.6,0.25,8.18437792081,4.0921889604,4.0921889604,NOT COMPUTED (YET),NOT COMPUTED (YET),NOT COMPUTED (YET),NOT COMPUTED (YET),-1,0.000e+00,5.068e-14,NOT COMPUTED (YET),NOT COMPUTED (YET),4.976e-14,3.169e-14,0.000e+00,1.345e-09,h=0.02:nit=550;h=0.01:nit=1062,4.879e-03,1.149e-02,6.638396e-01,4.249e-02,4.474e-09,yes,NOT COMPUTED (YET),n/a,graded,[axisymmetric critical point; stability NOT COMPUTED (YET)]
P2,2T,4,4.0,0.6,0.5,10.208910108,5.104455054,5.104455054,NOT COMPUTED (YET),NOT COMPUTED (YET),NOT COMPUTED (YET),NOT COMPUTED (YET),-1,3.612e-18,2.767e-14,NOT COMPUTED (YET),NOT COMPUTED (YET),5.131e-14,4.019e-14,0.000e+00,1.158e-09,h=0.02:nit=439;h=0.01:nit=847,1.076e-02,1.076e-02,9.283371e-01,3.488e-02,4.061e-09,yes,NOT COMPUTED (YET),n/a,graded,[axisymmetric critical point; stability NOT COMPUTED (YET)]
P2,2T,4,4.0,0.6,1.0,12.5663706144,6.28318530718,6.28318530718,NOT COMPUTED (YET),NOT COMPUTED (YET),NOT COMPUTED (YET),NOT COMPUTED (YET),-1,1.807e-18,2.684e-14,NOT COMPUTED (YET),NOT COMPUTED (YET),5.216e-14,3.887e-14,0.000e+00,9.516e-10,h=0.02:nit=161;h=0.01:nit=210,7.805e-14,2.620e-14,9.902153e-01,4.538e-14,3.206e-09,no,NOT COMPUTED (YET),n/a,graded,[axisymmetric critical point; stability NOT COMPUTED (YET)]
P2,2T,4,4.0,0.6,2.0,15.5620124095,7.78100620474,7.78100620474,NOT COMPUTED (YET),NOT COMPUTED (YET),NOT COMPUTED (YET),NOT COMPUTED (YET),-1,6.500e-19,2.120e-14,NOT COMPUTED (YET),NOT COMPUTED (YET),9.612e-15,5.490e-14,0.000e+00,7.782e-10,h=0.02:nit=446;h=0.01:nit=820,3.778e-02,3.778e-02,9.993751e-01,4.072e-02,2.487e-09,yes,NOT COMPUTED (YET),n/a,report-only (n_tip > 1 at kappa > 1),[axisymmetric critical point; stability NOT COMPUTED (YET)]
P2,2T,4,4.0,0.6,4.0,19.3782652039,9.68913260195,9.68913260195,NOT COMPUTED (YET),NOT COMPUTED (YET),NOT COMPUTED (YET),NOT COMPUTED (YET),-1,8.701e-20,2.431e-14,NOT COMPUTED (YET),NOT COMPUTED (YET),9.612e-15,3.447e-14,0.000e+00,5.925e-10,h=0.02:nit=489;h=0.01:nit=933,1.373e-01,1.373e-01,9.999829e-01,8.362e-02,1.792e-09,yes,NOT COMPUTED (YET),n/a,report-only (n_tip > 1 at kappa > 1),[axisymmetric critical point; stability NOT COMPUTED (YET)]
P2,2T,4,4.0,0.7,0.25,8.26827138754,4.13413569377,4.13413569377,NOT COMPUTED (YET),NOT COMPUTED (YET),NOT COMPUTED (YET),NOT COMPUTED (YET),-1,8.455e-18,6.474e-14,NOT COMPUTED (YET),NOT COMPUTED (YET),3.548e-14,2.814e-14,0.000e+00,1.915e-10,h=0.02:nit=464;h=0.01:nit=898,4.146e-03,1.150e-02,6.232032e-01,4.249e-02,4.474e-09,yes,NOT COMPUTED (YET),n/a,graded,[axisymmetric critical point; stability NOT COMPUTED (YET)]
P2,2T,4,4.0,0.7,0.5,10.2901396906,5.14506984531,5.14506984531,NOT COMPUTED (YET),NOT COMPUTED (YET),NOT COMPUTED (YET),NOT COMPUTED (YET),-1,5.582e-18,2.336e-14,NOT COMPUTED (YET),NOT COMPUTED (YET),3.916e-14,3.556e-14,0.000e+00,1.528e-10,h=0.02:nit=422;h=0.01:nit=798,1.140e-02,1.140e-02,9.141901e-01,3.488e-02,4.061e-09,yes,NOT COMPUTED (YET),n/a,graded,[axisymmetric critical point; stability NOT COMPUTED (YET)]
P2,2T,4,4.0,0.7,1.0,12.5663706144,6.28318530718,6.28318530718,NOT COMPUTED (YET),NOT COMPUTED (YET),NOT COMPUTED (YET),NOT COMPUTED (YET),-1,3.779e-18,2.312e-14,NOT COMPUTED (YET),NOT COMPUTED (YET),3.916e-14,2.813e-14,0.000e+00,1.468e-10,h=0.02:nit=160;h=0.01:nit=225,7.208e-14,2.416e-14,9.867957e-01,4.538e-14,3.206e-09,no,NOT COMPUTED (YET),n/a,graded,[axisymmetric critical point; stability NOT COMPUTED (YET)]
P2,2T,4,4.0,0.7,2.0,15.4269824613,7.71349123064,7.71349123064,NOT COMPUTED (YET),NOT COMPUTED (YET),NOT COMPUTED (YET),NOT COMPUTED (YET),-1,2.881e-18,1.841e-14,NOT COMPUTED (YET),NOT COMPUTED (YET),8.481e-15,3.224e-14,0.000e+00,1.113e-10,h=0.02:nit=424;h=0.01:nit=812,4.053e-02,4.053e-02,9.989900e-01,4.072e-02,2.487e-09,yes,NOT COMPUTED (YET),n/a,report-only (n_tip > 1 at kappa > 1),[axisymmetric critical point; stability NOT COMPUTED (YET)]
P2,2T,4,4.0,0.7,4.0,19.0421971407,9.52109857036,9.52109857036,NOT COMPUTED (YET),NOT COMPUTED (YET),NOT COMPUTED (YET),NOT COMPUTED (YET),-1,3.071e-18,2.228e-14,NOT COMPUTED (YET),NOT COMPUTED (YET),7.492e-15,4.105e-15,0.000e+00,7.847e-11,h=0.02:nit=484;h=0.01:nit=856,1.468e-01,1.468e-01,9.999652e-01,8.362e-02,1.792e-09,yes,NOT COMPUTED (YET),n/a,report-only (n_tip > 1 at kappa > 1),[axisymmetric critical point; stability NOT COMPUTED (YET)]
P2,2T,4,4.0,0.8,0.25,8.3362017728,4.1681008864,4.1681008864,NOT COMPUTED (YET),NOT COMPUTED (YET),NOT COMPUTED (YET),NOT COMPUTED (YET),-1,1.685e-17,7.623e-14,NOT COMPUTED (YET),NOT COMPUTED (YET),7.775e-15,3.772e-14,0.000e+00,2.882e-10,h=0.02:nit=476;h=0.01:nit=1051,4.915e-03,1.155e-02,5.872331e-01,4.249e-02,4.474e-09,yes,NOT COMPUTED (YET),n/a,graded,[axisymmetric critical point; stability NOT COMPUTED (YET)]
P2,2T,4,4.0,0.8,0.5,10.3613863547,5.18069317733,5.18069317733,NOT COMPUTED (YET),NOT COMPUTED (YET),NOT COMPUTED (YET),NOT COMPUTED (YET),-1,2.868e-18,2.059e-14,NOT COMPUTED (YET),NOT COMPUTED (YET),3.067e-14,2.846e-14,0.000e+00,1.956e-10,h=0.02:nit=383;h=0.01:nit=818,1.194e-02,1.194e-02,9.009072e-01,3.488e-02,4.061e-09,yes,NOT COMPUTED (YET),n/a,graded,[axisymmetric critical point; stability NOT COMPUTED (YET)]
P2,2T,4,4.0,0.8,1.0,12.5663706144,6.28318530718,6.28318530718,NOT COMPUTED (YET),NOT COMPUTED (YET),NOT COMPUTED (YET),NOT COMPUTED (YET),-1,2.145e-19,2.037e-14,NOT COMPUTED (YET),NOT COMPUTED (YET),2.969e-14,2.106e-14,0.000e+00,1.927e-10,h=0.02:nit=173;h=0.01:nit=201,6.449e-14,2.158e-14,9.832271e-01,4.538e-14,3.206e-09,no,NOT COMPUTED (YET),n/a,graded,[axisymmetric critical point; stability NOT COMPUTED (YET)]
P2,2T,4,4.0,0.8,2.0,15.3068721033,7.65343605166,7.65343605166,NOT COMPUTED (YET),NOT COMPUTED (YET),NOT COMPUTED (YET),NOT COMPUTED (YET),-1,1.548e-19,1.668e-14,NOT COMPUTED (YET),NOT COMPUTED (YET),1.060e-14,1.207e-14,0.000e+00,1.439e-10,h=0.02:nit=431;h=0.01:nit=833,4.303e-02,4.303e-02,9.985178e-01,4.072e-02,2.487e-09,yes,NOT COMPUTED (YET),n/a,report-only (n_tip > 1 at kappa > 1),[axisymmetric critical point; stability NOT COMPUTED (YET)]
P2,2T,4,4.0,0.8,4.0,18.7448621134,9.3724310567,9.3724310567,NOT COMPUTED (YET),NOT COMPUTED (YET),NOT COMPUTED (YET),NOT COMPUTED (YET),-1,1.016e-17,2.488e-14,NOT COMPUTED (YET),NOT COMPUTED (YET),4.241e-15,2.407e-14,0.000e+00,9.983e-11,h=0.02:nit=457;h=0.01:nit=833,1.553e-01,1.553e-01,9.999387e-01,8.362e-02,1.792e-09,yes,NOT COMPUTED (YET),n/a,report-only (n_tip > 1 at kappa > 1),[axisymmetric critical point; stability NOT COMPUTED (YET)]
P2,2T,4,4.0,0.9,0.25,8.39185196889,4.19592598444,4.19592598444,NOT COMPUTED (YET),NOT COMPUTED (YET),NOT COMPUTED (YET),NOT COMPUTED (YET),-1,3.351e-17,8.433e-14,NOT COMPUTED (YET),NOT COMPUTED (YET),9.330e-15,2.709e-14,0.000e+00,4.170e-10,h=0.02:nit=532;h=0.01:nit=1010,5.640e-03,1.163e-02,5.553516e-01,4.249e-02,4.474e-09,yes,NOT COMPUTED (YET),n/a,graded,[axisymmetric critical point; stability NOT COMPUTED (YET)]
P2,2T,4,4.0,0.9,0.5,10.4244632627,5.21223163135,5.21223163135,NOT COMPUTED (YET),NOT COMPUTED (YET),NOT COMPUTED (YET),NOT COMPUTED (YET),-1,1.959e-18,1.895e-14,NOT COMPUTED (YET),NOT COMPUTED (YET),2.445e-14,2.249e-14,0.000e+00,2.443e-10,h=0.02:nit=415;h=0.01:nit=820,1.240e-02,1.240e-02,8.884837e-01,3.488e-02,4.061e-09,yes,NOT COMPUTED (YET),n/a,graded,[axisymmetric critical point; stability NOT COMPUTED (YET)]
P2,2T,4,4.0,0.9,1.0,12.5663706144,6.28318530718,6.28318530718,NOT COMPUTED (YET),NOT COMPUTED (YET),NOT COMPUTED (YET),NOT COMPUTED (YET),-1,4.879e-18,1.844e-14,NOT COMPUTED (YET),NOT COMPUTED (YET),2.248e-14,1.513e-14,0.000e+00,2.442e-10,h=0.02:nit=177;h=0.01:nit=200,5.855e-14,1.962e-14,9.795906e-01,4.538e-14,3.206e-09,no,NOT COMPUTED (YET),n/a,graded,[axisymmetric critical point; stability NOT COMPUTED (YET)]
P2,2T,4,4.0,0.9,2.0,15.1988949407,7.59944747037,7.59944747037,NOT COMPUTED (YET),NOT COMPUTED (YET),NOT COMPUTED (YET),NOT COMPUTED (YET),-1,7.274e-19,1.632e-14,NOT COMPUTED (YET),NOT COMPUTED (YET),1.286e-14,7.363e-15,0.000e+00,1.800e-10,h=0.02:nit=415;h=0.01:nit=815,4.533e-02,4.533e-02,9.979689e-01,4.072e-02,2.487e-09,yes,NOT COMPUTED (YET),n/a,report-only (n_tip > 1 at kappa > 1),[axisymmetric critical point; stability NOT COMPUTED (YET)]
P2,2T,4,4.0,0.9,4.0,18.4788087726,9.23940438629,9.23940438629,NOT COMPUTED (YET),NOT COMPUTED (YET),NOT COMPUTED (YET),NOT COMPUTED (YET),-1,6.558e-19,2.951e-14,NOT COMPUTED (YET),NOT COMPUTED (YET),8.481e-16,4.787e-14,0.000e+00,1.222e-10,h=0.02:nit=448;h=0.01:nit=825,1.631e-01,1.631e-01,9.999022e-01,8.362e-02,1.792e-09,yes,NOT COMPUTED (YET),n/a,report-only (n_tip > 1 at kappa > 1),[axisymmetric critical point; stability NOT COMPUTED (YET)]
P2,2T,4,4.0,1,0.25,8.43792086386,4.21896043193,4.21896043193,NOT COMPUTED (YET),NOT COMPUTED (YET),NOT COMPUTED (YET),NOT COMPUTED (YET),-1,3.328e-17,6.630e-14,NOT COMPUTED (YET),NOT COMPUTED (YET),9.047e-15,1.958e-14,0.000e+00,4.474e-09,h=0.02:nit=470;h=0.01:nit=1011,6.313e-03,1.173e-02,5.270592e-01,4.249e-02,4.474e-09,yes,NOT COMPUTED (YET),n/a,graded,[axisymmetric critical point; stability NOT COMPUTED (YET)]
P2,2T,4,4.0,1,0.5,10.4807326858,5.24036634288,5.24036634288,NOT COMPUTED (YET),NOT COMPUTED (YET),NOT COMPUTED (YET),NOT COMPUTED (YET),-1,2.003e-18,2.216e-14,NOT COMPUTED (YET),NOT COMPUTED (YET),1.993e-14,1.814e-14,0.000e+00,4.061e-09,h=0.02:nit=429;h=0.01:nit=814,1.280e-02,1.280e-02,8.768815e-01,3.488e-02,4.061e-09,yes,NOT COMPUTED (YET),n/a,graded,[axisymmetric critical point; stability NOT COMPUTED (YET)]
P2,2T,4,4.0,1,1.0,12.5663706144,6.28318530718,6.28318530718,NOT COMPUTED (YET),NOT COMPUTED (YET),NOT COMPUTED (YET),NOT COMPUTED (YET),-1,2.550e-18,1.701e-14,NOT COMPUTED (YET),NOT COMPUTED (YET),1.753e-14,1.046e-14,0.000e+00,3.206e-09,h=0.02:nit=180;h=0.01:nit=226,5.310e-14,1.779e-14,9.759431e-01,4.538e-14,3.206e-09,no,NOT COMPUTED (YET),n/a,graded,[axisymmetric critical point; stability NOT COMPUTED (YET)]
P2,2T,4,4.0,1,2.0,15.1010167149,7.55050835747,7.55050835747,NOT COMPUTED (YET),NOT COMPUTED (YET),NOT COMPUTED (YET),NOT COMPUTED (YET),-1,1.852e-18,3.046e-14,NOT COMPUTED (YET),NOT COMPUTED (YET),1.018e-14,1.494e-14,0.000e+00,2.487e-09,h=0.02:nit=400;h=0.01:nit=741,4.746e-02,4.746e-02,9.973543e-01,4.072e-02,2.487e-09,yes,NOT COMPUTED (YET),n/a,report-only (n_tip > 1 at kappa > 1),[axisymmetric critical point; stability NOT COMPUTED (YET)]
P2,2T,4,4.0,1,4.0,18.2386144176,9.11930720882,9.11930720882,NOT COMPUTED (YET),NOT COMPUTED (YET),NOT COMPUTED (YET),NOT COMPUTED (YET),-1,3.989e-18,2.787e-14,NOT COMPUTED (YET),NOT COMPUTED (YET),4.241e-16,6.428e-14,0.000e+00,1.792e-09,h=0.02:nit=449;h=0.01:nit=833,1.702e-01,1.702e-01,9.998553e-01,8.362e-02,1.792e-09,yes,NOT COMPUTED (YET),n/a,report-only (n_tip > 1 at kappa > 1),[axisymmetric critical point; stability NOT COMPUTED (YET)]
P2,2T,4,99.0,0.5,0.25,8.11614065887,4.05807032943,4.05807032943,17.4254450433,19.4009070813,17.4254450433,19.4009070813,-1,9.340e-18,3.174e-14,1.18242467128e-06,1.18242467128e-06,6.347e-14,4.706e-14,3.991e-08,6.490e-10,h=0.02:nit=814;h=0.01:nit=1820,1.094e-02,1.127e-02,1.000000e+00,7.450e-02,2.610e-09,yes,yes,n/a,graded,[axisymmetric critical point; stability NOT COMPUTED (YET)]
P2,2T,4,99.0,0.5,0.5,10.056214934,5.028107467,5.028107467,12.9964136436,13.9821623721,12.9964136436,13.9821623721,-1,1.874e-18,3.148e-14,1.16478995053e-06,1.16478995053e-06,6.149e-14,5.211e-14,1.645e-08,6.016e-10,h=0.02:nit=803;h=0.01:nit=1416,9.674e-03,1.041e-02,1.000000e+00,3.817e-02,2.443e-09,yes,yes,n/a,graded,[axisymmetric critical point; stability NOT COMPUTED (YET)]
P2,2T,4,99.0,0.5,1.0,12.5663706144,6.28318530718,6.28318530718,9.75777300701,10.2166066573,9.75777300701,10.2166066573,-1,9.080e-19,2.851e-14,2.78589142524e-19,-5.04080948187e-19,1.088e-14,5.061e-14,6.790e-08,5.353e-10,h=0.02:nit=265;h=0.01:nit=161,6.027e-14,1.693e-14,1.000000e+00,4.863e-14,2.166e-09,no,yes,n/a,graded,[axisymmetric critical point; stability NOT COMPUTED (YET)]
P2,2T,4,99.0,0.5,2.0,15.7998423069,7.89992115343,7.89992115343,9.30959301036,9.71238668926,9.30959301036,9.71238668926,-1,2.264e-18,2.446e-14,-1.07343549674e-06,-1.07343549674e-06,3.774e-14,4.891e-14,1.792e-08,4.523e-10,h=0.02:nit=827;h=0.01:nit=1666,3.182e-02,3.476e-02,1.000000e+00,4.004e-02,1.793e-09,yes,yes,n/a,report-only (n_tip > 1 at kappa > 1),[axisymmetric critical point; stability NOT COMPUTED (YET)]
P2,2T,4,99.0,0.5,4.0,19.9322339222,9.96611696112,9.96611696112,8.97065473661,9.3338572324,8.97065473661,9.3338572324,-1,1.018e-18,1.992e-14,-1.03073005592e-06,-1.03073005592e-06,5.994e-14,5.347e-14,1.912e-08,3.601e-10,h=0.02:nit=979;h=0.01:nit=2190,1.181e-01,1.251e-01,1.000000e+00,8.207e-02,1.365e-09,yes,yes,n/a,report-only (n_tip > 1 at kappa > 1),[axisymmetric critical point; stability NOT COMPUTED (YET)]
P2,2T,4,99.0,0.6,0.25,8.27356550477,4.13678275238,4.13678275238,16.8265819359,18.8524566872,16.8265819359,18.8524566872,-1,4.195e-18,3.102e-14,1.64565385541e-06,1.64565385541e-06,5.216e-14,4.337e-14,2.571e-08,8.993e-11,h=0.02:nit=726;h=0.01:nit=1670,1.213e-02,1.213e-02,9.999998e-01,7.450e-02,2.610e-09,yes,yes,n/a,graded,[axisymmetric critical point; stability NOT COMPUTED (YET)]
P2,2T,4,99.0,0.6,0.5,10.1532613112,5.07663065559,5.07663065559,12.5086896541,13.5373554944,12.5086896541,13.5373554944,-1,3.327e-19,2.625e-14,1.63886515537e-06,1.63886515537e-06,4.608e-14,4.444e-14,2.278e-08,9.104e-11,h=0.02:nit=754;h=0.01:nit=1295,1.067e-02,1.067e-02,1.000000e+00,3.817e-02,2.443e-09,yes,yes,n/a,graded,[axisymmetric critical point; stability NOT COMPUTED (YET)]
P2,2T,4,99.0,0.6,1.0,12.5663706144,6.28318530718,6.28318530718,9.35913459505,9.83890832326,9.35913459505,9.83890832326,-1,1.711e-18,2.725e-14,1.80205137845e-18,2.3071179721e-19,3.958e-15,4.509e-14,2.917e-08,8.461e-11,h=0.02:nit=270;h=0.01:nit=219,7.143e-14,2.430e-14,1.000000e+00,4.863e-14,2.166e-09,no,yes,n/a,graded,[axisymmetric critical point; stability NOT COMPUTED (YET)]
P2,2T,4,99.0,0.6,2.0,15.6487485948,7.8243742974,7.8243742974,8.96243586026,9.38844194909,8.96243586026,9.38844194909,-1,2.181e-18,2.415e-14,-1.50923075749e-06,-1.50923075749e-06,4.000e-14,4.393e-14,6.858e-08,7.073e-11,h=0.02:nit=787;h=0.01:nit=1584,3.477e-02,3.477e-02,1.000000e+00,4.004e-02,1.793e-09,yes,yes,n/a,report-only (n_tip > 1 at kappa > 1),[axisymmetric critical point; stability NOT COMPUTED (YET)]
P2,2T,4,99.0,0.6,4.0,19.5519706882,9.77598534409,9.77598534409,8.66509168179,9.05316267989,8.66509168179,9.05316267989,-1,3.031e-18,2.029e-14,-1.45490203005e-06,-1.45490203005e-06,5.725e-14,4.325e-14,3.091e-08,5.335e-11,h=0.02:nit=918;h=0.01:nit=1760,1.285e-01,1.285e-01,1.000000e+00,8.207e-02,1.365e-09,yes,yes,n/a,report-only (n_tip > 1 at kappa > 1),[axisymmetric critical point; stability NOT COMPUTED (YET)]
P2,2T,4,99.0,0.7,0.25,8.41478211085,4.20739105543,4.20739105543,16.3503319022,18.410752593,16.3503319022,18.410752593,-1,1.313e-18,2.239e-14,2.16600527134e-06,2.16600527134e-06,3.576e-14,4.053e-14,3.499e-08,1.241e-10,h=0.02:nit=668;h=0.01:nit=1316,1.324e-02,1.324e-02,9.999995e-01,7.450e-02,2.610e-09,yes,yes,n/a,graded,[axisymmetric critical point; stability NOT COMPUTED (YET)]
P2,2T,4,99.0,0.7,0.5,10.2398431222,5.11992156109,5.11992156109,12.1214131199,13.1875786404,12.1214131199,13.1875786404,-1,2.636e-18,2.199e-14,2.1881382073e-06,2.1881382073e-06,3.435e-14,4.042e-14,2.467e-08,1.258e-10,h=0.02:nit=650;h=0.01:nit=1274,1.159e-02,1.159e-02,1.000000e+00,3.817e-02,2.443e-09,yes,yes,n/a,graded,[axisymmetric critical point; stability NOT COMPUTED (YET)]
P2,2T,4,99.0,0.7,1.0,12.5663706144,6.28318530718,6.28318530718,9.04349793448,9.54248163909,9.04349793448,9.54248163909,-1,4.471e-19,2.402e-14,-6.56783683265e-19,-7.57124567402e-19,1.315e-14,3.449e-14,1.678e-08,1.166e-10,h=0.02:nit=254;h=0.01:nit=268,7.434e-14,2.486e-14,1.000000e+00,4.863e-14,2.166e-09,no,yes,n/a,graded,[axisymmetric critical point; stability NOT COMPUTED (YET)]
P2,2T,4,99.0,0.7,2.0,15.5156471949,7.75782359747,7.75782359747,8.68642514758,9.13363374393,8.68642514758,9.13363374393,-1,1.859e-18,1.847e-14,-2.01629578686e-06,-2.01629578686e-06,6.997e-14,4.373e-14,1.554e-08,9.738e-11,h=0.02:nit=722;h=0.01:nit=1468,3.745e-02,3.745e-02,1.000000e+00,4.004e-02,1.793e-09,yes,yes,n/a,report-only (n_tip > 1 at kappa > 1),[axisymmetric critical point; stability NOT COMPUTED (YET)]
P2,2T,4,99.0,0.7,4.0,19.219540482,9.609770241,9.609770241,8.42090352121,8.83164812195,8.42090352121,8.83164812195,-1,2.750e-18,1.554e-14,-1.95008839093e-06,-1.95008839093e-06,8.750e-14,1.701e-14,4.449e-08,7.275e-11,h=0.02:nit=827;h=0.01:nit=1722,1.378e-01,1.378e-01,1.000000e+00,8.207e-02,1.365e-09,yes,yes,n/a,report-only (n_tip > 1 at kappa > 1),[axisymmetric critical point; stability NOT COMPUTED (YET)]
P2,2T,4,99.0,0.8,0.25,8.5430686367,4.27153431835,4.27153431835,15.9582763313,18.0401019548,15.9582763313,18.0401019548,-1,1.046e-18,2.513e-14,2.73459122522e-06,2.73459122521e-06,2.615e-14,3.701e-14,7.677e-08,2.055e-09,h=0.02:nit=681;h=0.01:nit=1188,1.429e-02,1.429e-02,9.999988e-01,7.450e-02,2.610e-09,yes,yes,n/a,graded,[axisymmetric critical point; stability NOT COMPUTED (YET)]
P2,2T,4,99.0,0.8,0.5,10.3181060651,5.15905303255,5.15905303255,11.8028736529,12.9019571956,11.8028736529,12.9019571956,-1,4.845e-18,1.885e-14,2.8103205802e-06,2.8103205802e-06,2.488e-14,3.460e-14,3.433e-08,1.927e-09,h=0.02:nit=639;h=0.01:nit=1304,1.246e-02,1.246e-02,1.000000e+00,3.817e-02,2.443e-09,yes,yes,n/a,graded,[axisymmetric critical point; stability NOT COMPUTED (YET)]
P2,2T,4,99.0,0.8,1.0,12.5663706144,6.28318530718,6.28318530718,8.78453593371,9.30122957155,8.78453593371,9.30122957155,-1,1.708e-18,2.117e-14,9.61736550741e-19,-2.55910867957e-18,1.838e-14,2.601e-14,5.679e-09,1.713e-09,h=0.02:nit=209;h=0.01:nit=215,6.796e-14,2.268e-14,1.000000e+00,4.863e-14,2.166e-09,no,yes,n/a,graded,[axisymmetric critical point; stability NOT COMPUTED (YET)]
P2,2T,4,99.0,0.8,2.0,15.3967302884,7.6983651442,7.6983651442,8.45910242641,8.92581183506,8.45910242641,8.92581183506,-1,5.235e-18,1.635e-14,-2.59408907387e-06,-2.59408907386e-06,6.177e-14,2.192e-14,3.366e-08,1.424e-09,h=0.02:nit=633;h=0.01:nit=1382,3.991e-02,3.991e-02,1.000000e+00,4.004e-02,1.793e-09,yes,yes,n/a,report-only (n_tip > 1 at kappa > 1),[axisymmetric critical point; stability NOT COMPUTED (YET)]
P2,2T,4,99.0,0.8,4.0,18.9246140186,9.46230700932,9.46230700932,8.21884220393,8.65042037804,8.21884220393,8.65042037804,-1,3.865e-18,1.409e-14,-2.51593493826e-06,-2.51593493826e-06,7.831e-14,1.258e-14,2.489e-08,1.093e-09,h=0.02:nit=730;h=0.01:nit=1616,1.462e-01,1.462e-01,1.000000e+00,8.207e-02,1.365e-09,yes,yes,n/a,report-only (n_tip > 1 at kappa > 1),[axisymmetric critical point; stability NOT COMPUTED (YET)]
P2,2T,4,99.0,0.9,0.25,8.66072238076,4.33036119038,4.33036119038,15.6271789679,17.7193196267,15.6271789679,17.7193196267,-1,1.836e-18,2.639e-14,3.34223598535e-06,3.34223598533e-06,1.753e-14,3.282e-14,7.266e-08,2.610e-09,h=0.02:nit=625;h=0.01:nit=1218,1.530e-02,1.530e-02,9.999976e-01,7.450e-02,2.610e-09,yes,yes,n/a,graded,[axisymmetric critical point; stability NOT COMPUTED (YET)]
P2,2T,4,99.0,0.9,0.5,10.3895518464,5.19477592319,5.19477592319,11.5339354232,12.6619995139,11.5339354232,12.6619995139,-1,5.231e-18,1.688e-14,3.50296291633e-06,3.50296291634e-06,1.710e-14,2.838e-14,3.394e-08,2.443e-09,h=0.02:nit=614;h=0.01:nit=1121,1.328e-02,1.328e-02,1.000000e+00,3.817e-02,2.443e-09,yes,yes,n/a,graded,[axisymmetric critical point; stability NOT COMPUTED (YET)]
P2,2T,4,99.0,0.9,1.0,12.5663706144,6.28318530718,6.28318530718,8.56638564724,9.09947736601,8.56638564724,9.09947736601,-1,3.775e-18,1.894e-14,5.04240103893e-18,-6.59694485431e-19,2.219e-14,1.894e-14,5.397e-10,2.166e-09,h=0.02:nit=219;h=0.01:nit=218,6.171e-14,2.065e-14,1.000000e+00,4.863e-14,2.166e-09,no,yes,n/a,graded,[axisymmetric critical point; stability NOT COMPUTED (YET)]
P2,2T,4,99.0,0.9,2.0,15.2893410755,7.64467053773,7.64467053773,8.266915133,8.75165925503,8.266915133,8.75165925503,-1,6.239e-19,1.450e-14,-3.24207558146e-06,-3.24207558146e-06,5.202e-14,5.112e-15,3.553e-08,1.793e-09,h=0.02:nit=613;h=0.01:nit=1334,4.220e-02,4.220e-02,1.000000e+00,4.004e-02,1.793e-09,yes,yes,n/a,report-only (n_tip > 1 at kappa > 1),[axisymmetric critical point; stability NOT COMPUTED (YET)]
P2,2T,4,99.0,0.9,4.0,18.6600010621,9.33000053104,9.33000053104,8.0472686118,8.49810497366,8.0472686118,8.49810497366,-1,8.119e-18,1.810e-14,-3.15206690787e-06,-3.15206690787e-06,6.884e-14,3.808e-14,3.514e-08,1.365e-09,h=0.02:nit=740;h=0.01:nit=1437,1.540e-01,1.540e-01,1.000000e+00,8.207e-02,1.365e-09,yes,yes,n/a,report-only (n_tip > 1 at kappa > 1),[axisymmetric critical point; stability NOT COMPUTED (YET)]
P2,2T,4,99.0,1,0.25,8.76943047838,4.38471523919,4.38471523919,15.3420194903,17.4349771665,15.3420194903,17.4349771665,-1,6.881e-18,2.488e-14,3.97943984462e-06,3.97943984463e-06,1.159e-14,2.957e-14,7.151e-09,2.580e-10,h=0.02:nit=581;h=0.01:nit=1197,1.627e-02,1.627e-02,9.999955e-01,7.450e-02,2.610e-09,yes,yes,n/a,graded,[axisymmetric critical point; stability NOT COMPUTED (YET)]
P2,2T,4,99.0,1,0.5,10.4552817907,5.22764089534,5.22764089534,11.3022558785,12.4558713049,11.3022558785,12.4558713049,-1,3.376e-18,1.562e-14,4.26347007711e-06,4.26347007711e-06,1.272e-14,2.396e-14,5.076e-08,2.636e-10,h=0.02:nit=602;h=0.01:nit=1102,1.406e-02,1.406e-02,1.000000e+00,3.817e-02,2.443e-09,yes,yes,n/a,graded,[axisymmetric critical point; stability NOT COMPUTED (YET)]
P2,2T,4,99.0,1,1.0,12.5663706144,6.28318530718,6.28318530718,8.37883050525,8.92716226619,8.37883050525,8.92716226619,-1,5.343e-18,1.746e-14,-4.91729793041e-18,-5.84245911094e-18,2.488e-14,1.371e-14,9.278e-10,2.442e-10,h=0.02:nit=235;h=0.01:nit=343,5.670e-14,1.890e-14,1.000000e+00,4.863e-14,2.166e-09,no,yes,n/a,graded,[axisymmetric critical point; stability NOT COMPUTED (YET)]
P2,2T,4,99.0,1,2.0,15.1915377251,7.59576886256,7.59576886256,8.10112199166,8.6026195199,8.10112199166,8.6026195199,-1,6.491e-19,1.341e-14,-3.95970502398e-06,-3.95970502398e-06,4.665e-14,1.064e-14,6.584e-08,2.020e-10,h=0.02:nit=629;h=0.01:nit=1268,4.434e-02,4.434e-02,1.000000e+00,4.004e-02,1.793e-09,yes,yes,n/a,report-only (n_tip > 1 at kappa > 1),[axisymmetric critical point; stability NOT COMPUTED (YET)]
P2,2T,4,99.0,1,4.0,18.4204599973,9.21022999866,9.21022999866,7.8986613524,8.36738485228,7.8986613524,8.36738485228,-1,1.063e-18,2.511e-14,-3.85807673137e-06,-3.85807673137e-06,6.333e-14,5.767e-14,2.321e-08,1.479e-10,h=0.02:nit=724;h=0.01:nit=1399,1.611e-01,1.611e-01,1.000000e+00,8.207e-02,1.365e-09,yes,yes,n/a,report-only (n_tip > 1 at kappa > 1),[axisymmetric critical point; stability NOT COMPUTED (YET)]
