row,layout,n,eps,alpha,kappa,tip,n_i,mu_i,s,s_kind,mu_i(s),Phi_i(s),Phi_i(s)/(2 pi n_i)
CGR,1T,1,1.0,0.5,1.0,N,1,2.79706124452,2,secondary grid,1.70662471118,2.6605434076,0.423438634631
CGR,1T,1,1.0,0.5,1.0,N,1,2.79706124452,4,secondary grid,NOT COMPUTED (YET),NOT COMPUTED (YET),NOT COMPUTED (YET) (s >= midpoint)
CGR,1T,1,1.0,0.5,1.0,N,1,2.79706124452,6,secondary grid,NOT COMPUTED (YET),NOT COMPUTED (YET),NOT COMPUTED (YET) (s >= midpoint)
CGR,1T,1,1.0,0.5,1.0,N,1,2.79706124452,8,secondary grid,NOT COMPUTED (YET),NOT COMPUTED (YET),NOT COMPUTED (YET) (s >= midpoint)
CGR,1T,1,1.0,0.5,1.0,S,0,0.344531409067,2,secondary grid,0.048884310813,0.449796732784,n/a (n_i = 0)
CGR,1T,1,1.0,0.5,1.0,S,0,0.344531409067,4,secondary grid,NOT COMPUTED (YET),NOT COMPUTED (YET),NOT COMPUTED (YET) (s >= midpoint)
CGR,1T,1,1.0,0.5,1.0,S,0,0.344531409067,6,secondary grid,NOT COMPUTED (YET),NOT COMPUTED (YET),NOT COMPUTED (YET) (s >= midpoint)
CGR,1T,1,1.0,0.5,1.0,S,0,0.344531409067,8,secondary grid,NOT COMPUTED (YET),NOT COMPUTED (YET),NOT COMPUTED (YET) (s >= midpoint)
CGR,1T,1,1.0,0.6,1.0,N,1,2.7713410616,2,secondary grid,1.97151496717,2.98301293476,0.474761253875
CGR,1T,1,1.0,0.6,1.0,N,1,2.7713410616,4,secondary grid,NOT COMPUTED (YET),NOT COMPUTED (YET),NOT COMPUTED (YET) (s >= midpoint)
CGR,1T,1,1.0,0.6,1.0,N,1,2.7713410616,6,secondary grid,NOT COMPUTED (YET),NOT COMPUTED (YET),NOT COMPUTED (YET) (s >= midpoint)
CGR,1T,1,1.0,0.6,1.0,N,1,2.7713410616,8,secondary grid,NOT COMPUTED (YET),NOT COMPUTED (YET),NOT COMPUTED (YET) (s >= midpoint)
CGR,1T,1,1.0,0.6,1.0,S,0,0.370251591994,2,secondary grid,0.0859723320953,0.650363612929,n/a (n_i = 0)
CGR,1T,1,1.0,0.6,1.0,S,0,0.370251591994,4,secondary grid,NOT COMPUTED (YET),NOT COMPUTED (YET),NOT COMPUTED (YET) (s >= midpoint)
CGR,1T,1,1.0,0.6,1.0,S,0,0.370251591994,6,secondary grid,NOT COMPUTED (YET),NOT COMPUTED (YET),NOT COMPUTED (YET) (s >= midpoint)
CGR,1T,1,1.0,0.6,1.0,S,0,0.370251591994,8,secondary grid,NOT COMPUTED (YET),NOT COMPUTED (YET),NOT COMPUTED (YET) (s >= midpoint)
CGR,1T,1,1.0,0.7,1.0,N,1,2.7489241522,2,secondary grid,2.16952233597,3.24819093892,0.516965644036
CGR,1T,1,1.0,0.7,1.0,N,1,2.7489241522,4,secondary grid,NOT COMPUTED (YET),NOT COMPUTED (YET),NOT COMPUTED (YET) (s >= midpoint)
CGR,1T,1,1.0,0.7,1.0,N,1,2.7489241522,6,secondary grid,NOT COMPUTED (YET),NOT COMPUTED (YET),NOT COMPUTED (YET) (s >= midpoint)
CGR,1T,1,1.0,0.7,1.0,N,1,2.7489241522,8,secondary grid,NOT COMPUTED (YET),NOT COMPUTED (YET),NOT COMPUTED (YET) (s >= midpoint)
CGR,1T,1,1.0,0.7,1.0,S,0,0.392668501395,2,secondary grid,0.132446349076,0.867304821776,n/a (n_i = 0)
CGR,1T,1,1.0,0.7,1.0,S,0,0.392668501395,4,secondary grid,NOT COMPUTED (YET),NOT COMPUTED (YET),NOT COMPUTED (YET) (s >= midpoint)
CGR,1T,1,1.0,0.7,1.0,S,0,0.392668501395,6,secondary grid,NOT COMPUTED (YET),NOT COMPUTED (YET),NOT COMPUTED (YET) (s >= midpoint)
CGR,1T,1,1.0,0.7,1.0,S,0,0.392668501395,8,secondary grid,NOT COMPUTED (YET),NOT COMPUTED (YET),NOT COMPUTED (YET) (s >= midpoint)
CGR,1T,1,1.0,0.8,1.0,N,1,2.72910556714,2,secondary grid,2.3179577439,3.47151661018,0.552509028535
CGR,1T,1,1.0,0.8,1.0,N,1,2.72910556714,4,secondary grid,NOT COMPUTED (YET),NOT COMPUTED (YET),NOT COMPUTED (YET) (s >= midpoint)
CGR,1T,1,1.0,0.8,1.0,N,1,2.72910556714,6,secondary grid,NOT COMPUTED (YET),NOT COMPUTED (YET),NOT COMPUTED (YET) (s >= midpoint)
CGR,1T,1,1.0,0.8,1.0,N,1,2.72910556714,8,secondary grid,NOT COMPUTED (YET),NOT COMPUTED (YET),NOT COMPUTED (YET) (s >= midpoint)
CGR,1T,1,1.0,0.8,1.0,S,0,0.412487086454,2,secondary grid,0.186722781878,1.09447055156,n/a (n_i = 0)
CGR,1T,1,1.0,0.8,1.0,S,0,0.412487086454,4,secondary grid,NOT COMPUTED (YET),NOT COMPUTED (YET),NOT COMPUTED (YET) (s >= midpoint)
CGR,1T,1,1.0,0.8,1.0,S,0,0.412487086454,6,secondary grid,NOT COMPUTED (YET),NOT COMPUTED (YET),NOT COMPUTED (YET) (s >= midpoint)
CGR,1T,1,1.0,0.8,1.0,S,0,0.412487086454,8,secondary grid,NOT COMPUTED (YET),NOT COMPUTED (YET),NOT COMPUTED (YET) (s >= midpoint)
CGR,1T,1,1.0,0.9,1.0,N,1,2.71139259781,2,secondary grid,2.43110509974,3.66436445377,0.583201716107
CGR,1T,1,1.0,0.9,1.0,N,1,2.71139259781,4,secondary grid,NOT COMPUTED (YET),NOT COMPUTED (YET),NOT COMPUTED (YET) (s >= midpoint)
CGR,1T,1,1.0,0.9,1.0,N,1,2.71139259781,6,secondary grid,NOT COMPUTED (YET),NOT COMPUTED (YET),NOT COMPUTED (YET) (s >= midpoint)
CGR,1T,1,1.0,0.9,1.0,N,1,2.71139259781,8,secondary grid,NOT COMPUTED (YET),NOT COMPUTED (YET),NOT COMPUTED (YET) (s >= midpoint)
CGR,1T,1,1.0,0.9,1.0,S,0,0.430200055782,2,secondary grid,0.247251355788,1.32734847408,n/a (n_i = 0)
CGR,1T,1,1.0,0.9,1.0,S,0,0.430200055782,4,secondary grid,NOT COMPUTED (YET),NOT COMPUTED (YET),NOT COMPUTED (YET) (s >= midpoint)
CGR,1T,1,1.0,0.9,1.0,S,0,0.430200055782,6,secondary grid,NOT COMPUTED (YET),NOT COMPUTED (YET),NOT COMPUTED (YET) (s >= midpoint)
CGR,1T,1,1.0,0.9,1.0,S,0,0.430200055782,8,secondary grid,NOT COMPUTED (YET),NOT COMPUTED (YET),NOT COMPUTED (YET) (s >= midpoint)
CGR,1T,1,1.0,1,1.0,N,1,2.69542465204,2,secondary grid,2.5192219991,3.83477320249,0.610323110812
CGR,1T,1,1.0,1,1.0,N,1,2.69542465204,4,secondary grid,NOT COMPUTED (YET),NOT COMPUTED (YET),NOT COMPUTED (YET) (s >= midpoint)
CGR,1T,1,1.0,1,1.0,N,1,2.69542465204,6,secondary grid,NOT COMPUTED (YET),NOT COMPUTED (YET),NOT COMPUTED (YET) (s >= midpoint)
CGR,1T,1,1.0,1,1.0,N,1,2.69542465204,8,secondary grid,NOT COMPUTED (YET),NOT COMPUTED (YET),NOT COMPUTED (YET) (s >= midpoint)
CGR,1T,1,1.0,1,1.0,S,0,0.446168001544,2,secondary grid,0.312645459231,1.56261761568,n/a (n_i = 0)
CGR,1T,1,1.0,1,1.0,S,0,0.446168001544,4,secondary grid,NOT COMPUTED (YET),NOT COMPUTED (YET),NOT COMPUTED (YET) (s >= midpoint)
CGR,1T,1,1.0,1,1.0,S,0,0.446168001544,6,secondary grid,NOT COMPUTED (YET),NOT COMPUTED (YET),NOT COMPUTED (YET) (s >= midpoint)
CGR,1T,1,1.0,1,1.0,S,0,0.446168001544,8,secondary grid,NOT COMPUTED (YET),NOT COMPUTED (YET),NOT COMPUTED (YET) (s >= midpoint)
CGR,1T,1,24.0,0.5,1.0,N,1,3.14159261886,2,secondary grid,1.94833509354,2.67731444215,0.42610782768
CGR,1T,1,24.0,0.5,1.0,N,1,3.14159261886,4,secondary grid,3.09486569926,5.4831706746,0.872673716678
CGR,1T,1,24.0,0.5,1.0,N,1,3.14159261886,6,secondary grid,3.14065445202,6.15436993477,0.979498396735
CGR,1T,1,24.0,0.5,1.0,N,1,3.14159261886,8,secondary grid,3.14157531254,6.26424990206,0.996986336676
CGR,1T,1,24.0,0.5,1.0,N,1,3.14159261886,8.591315081,"s_c,delta (report-only extra)",3.14158733653,6.27255119407,0.998307528333
CGR,1T,1,24.0,0.5,1.0,S,0,3.47269147085e-08,2,secondary grid,0,4.03632633232e-08,n/a (n_i = 0)
CGR,1T,1,24.0,0.5,1.0,S,0,3.47269147085e-08,4,secondary grid,0,4.85435963939e-07,n/a (n_i = 0)
CGR,1T,1,24.0,0.5,1.0,S,0,3.47269147085e-08,6,secondary grid,1.17610925753e-12,4.42324026552e-06,n/a (n_i = 0)
CGR,1T,1,24.0,0.5,1.0,S,0,3.47269147085e-08,8,secondary grid,6.92606974861e-11,3.66021916281e-05,n/a (n_i = 0)
CGR,1T,1,24.0,0.6,1.0,N,1,3.14159250212,2,secondary grid,2.21395082594,2.9529304605,0.469973479395
CGR,1T,1,24.0,0.6,1.0,N,1,3.14159250212,4,secondary grid,3.11131858555,5.58678372112,0.889164245202
CGR,1T,1,24.0,0.6,1.0,N,1,3.14159250212,6,secondary grid,3.14100047091,6.17283876822,0.982437802872
CGR,1T,1,24.0,0.6,1.0,N,1,3.14159250212,8,secondary grid,3.14158173431,6.26716962225,0.997451024576
CGR,1T,1,24.0,0.6,1.0,N,1,3.14159250212,8.304734539,"s_c,delta (report-only extra)",3.14158671591,6.27130994901,0.998109978046
CGR,1T,1,24.0,0.6,1.0,S,0,1.51466349679e-07,2,secondary grid,0,2.43385476291e-07,n/a (n_i = 0)
CGR,1T,1,24.0,0.6,1.0,S,0,1.51466349679e-07,4,secondary grid,5.59454107081e-13,2.91520979445e-06,n/a (n_i = 0)
CGR,1T,1,24.0,0.6,1.0,S,0,1.51466349679e-07,6,secondary grid,3.80885703588e-11,2.63772482363e-05,n/a (n_i = 0)
CGR,1T,1,24.0,0.6,1.0,S,0,1.51466349679e-07,8,secondary grid,2.09718208261e-09,0.000215994133054,n/a (n_i = 0)
CGR,1T,1,24.0,0.7,1.0,N,1,3.14159217862,2,secondary grid,2.40093488984,3.16438923315,0.503628188323
CGR,1T,1,24.0,0.7,1.0,N,1,3.14159217862,4,secondary grid,3.12014283542,5.65670859568,0.900293134632
CGR,1T,1,24.0,0.7,1.0,N,1,3.14159217862,6,secondary grid,3.14117949169,6.18518835008,0.984403299869
CGR,1T,1,24.0,0.7,1.0,N,1,3.14159217862,8,secondary grid,3.14158504446,6.2691435674,0.997765187705
CGR,1T,1,24.0,0.7,1.0,N,1,3.14159217862,8.079556456,"s_c,delta (report-only extra)",3.1415861633,6.27020473198,0.997934077293
CGR,1T,1,24.0,0.7,1.0,S,0,4.74970687729e-07,2,secondary grid,0,9.88789072078e-07,n/a (n_i = 0)
CGR,1T,1,24.0,0.7,1.0,S,0,4.74970687729e-07,4,secondary grid,9.53478611301e-12,1.17952902142e-05,n/a (n_i = 0)
CGR,1T,1,24.0,0.7,1.0,S,0,4.74970687729e-07,6,secondary grid,5.40015518367e-10,0.000105971449575,n/a (n_i = 0)
CGR,1T,1,24.0,0.7,1.0,S,0,4.74970687729e-07,8,secondary grid,2.96180686026e-08,0.000858490548499,n/a (n_i = 0)
CGR,1T,1,24.0,0.8,1.0,N,1,3.14159146236,2,secondary grid,2.53493261913,3.33011448707,0.530004181678
CGR,1T,1,24.0,0.8,1.0,N,1,3.14159146236,4,secondary grid,3.12541860676,5.70709080194,0.908311711804
CGR,1T,1,24.0,0.8,1.0,N,1,3.14159146236,6,secondary grid,3.14128415731,6.19408305989,0.985818936903
CGR,1T,1,24.0,0.8,1.0,N,1,3.14159146236,8,secondary grid,3.14158697587,6.27058594153,0.997994748677
CGR,1T,1,24.0,0.8,1.0,N,1,3.14159146236,7.896536966,"s_c,delta (report-only extra)",3.14158567128,6.26922068662,0.99777746161
CGR,1T,1,24.0,0.8,1.0,S,0,1.19123165531e-06,2,secondary grid,1.09379556098e-12,3.07264746006e-06,n/a (n_i = 0)
CGR,1T,1,24.0,0.8,1.0,S,0,1.19123165531e-06,4,secondary grid,8.18766666302e-11,3.65041950587e-05,n/a (n_i = 0)
CGR,1T,1,24.0,0.8,1.0,S,0,1.19123165531e-06,6,secondary grid,4.56064825614e-09,0.000325620122766,n/a (n_i = 0)
CGR,1T,1,24.0,0.8,1.0,S,0,1.19123165531e-06,8,secondary grid,2.49823050873e-07,0.00260897036659,n/a (n_i = 0)
CGR,1T,1,24.0,0.9,1.0,N,1,3.14159010648,2,secondary grid,2.63343570042,3.46281827787,0.551124645953
CGR,1T,1,24.0,0.9,1.0,N,1,3.14159010648,4,secondary grid,3.12883214387,5.74520075453,0.914377099139
CGR,1T,1,24.0,0.9,1.0,N,1,3.14159010648,6,secondary grid,3.14135087205,6.20084658758,0.986895385768
CGR,1T,1,24.0,0.9,1.0,N,1,3.14159010648,8,secondary grid,3.14158820569,6.27170168745,0.998172325156
CGR,1T,1,24.0,0.9,1.0,N,1,3.14159010648,7.744058951,"s_c,delta (report-only extra)",3.14158523425,6.26834663396,0.997638351809
CGR,1T,1,24.0,0.9,1.0,S,0,2.54711249552e-06,2,secondary grid,7.66249830328e-12,7.88141825225e-06,n/a (n_i = 0)
CGR,1T,1,24.0,0.9,1.0,S,0,2.54711249552e-06,4,secondary grid,4.80248798933e-10,9.32511228982e-05,n/a (n_i = 0)
CGR,1T,1,24.0,0.9,1.0,S,0,2.54711249552e-06,6,secondary grid,2.66534686224e-08,0.000825802975184,n/a (n_i = 0)
CGR,1T,1,24.0,0.9,1.0,S,0,2.54711249552e-06,8,secondary grid,1.45851184453e-06,0.00654196925168,n/a (n_i = 0)
CGR,1T,1,24.0,1,1.0,N,1,3.14158781631,2,secondary grid,2.70774745148,3.57119517149,0.568373364289
CGR,1T,1,24.0,1,1.0,N,1,3.14158781631,4,secondary grid,3.13117638279,5.77512896497,0.919140321769
CGR,1T,1,24.0,1,1.0,N,1,3.14158781631,6,secondary grid,3.1413962064,6.20620731096,0.987748571393
CGR,1T,1,24.0,1,1.0,N,1,3.14158781631,8,secondary grid,NOT COMPUTED (YET),NOT COMPUTED (YET),NOT COMPUTED (YET) (s >= midpoint)
CGR,1T,1,24.0,1,1.0,N,1,3.14158781631,7.614630062,"s_c,delta (report-only extra)",3.14158484785,6.26757384108,0.997515358002
CGR,1T,1,24.0,1,1.0,S,0,4.83728111558e-06,2,secondary grid,3.52609553675e-11,1.75231153336e-05,n/a (n_i = 0)
CGR,1T,1,24.0,1,1.0,S,0,4.83728111558e-06,4,secondary grid,2.13863086548e-09,0.000206478499576,n/a (n_i = 0)
CGR,1T,1,24.0,1,1.0,S,0,4.83728111558e-06,6,secondary grid,1.1849368504e-07,0.00181515869506,n/a (n_i = 0)
CGR,1T,1,24.0,1,1.0,S,0,4.83728111558e-06,8,secondary grid,NOT COMPUTED (YET),NOT COMPUTED (YET),NOT COMPUTED (YET) (s >= midpoint)
CGR,1T,1,4.0,0.5,1.0,N,1,3.13263639105,2,secondary grid,1.87159774838,2.67207408977,0.425273799695
CGR,1T,1,4.0,0.5,1.0,N,1,3.13263639105,4,secondary grid,3.08532702175,5.52456478657,0.879261794213
CGR,1T,1,4.0,0.5,1.0,N,1,3.13263639105,6,secondary grid,NOT COMPUTED (YET),NOT COMPUTED (YET),NOT COMPUTED (YET) (s >= midpoint)
CGR,1T,1,4.0,0.5,1.0,N,1,3.13263639105,8,secondary grid,NOT COMPUTED (YET),NOT COMPUTED (YET),NOT COMPUTED (YET) (s >= midpoint)
CGR,1T,1,4.0,0.5,1.0,S,0,0.00895626254445,2,secondary grid,2.32633177243e-05,0.00988554027217,n/a (n_i = 0)
CGR,1T,1,4.0,0.5,1.0,S,0,0.00895626254445,4,secondary grid,0.0013402920048,0.108504689847,n/a (n_i = 0)
CGR,1T,1,4.0,0.5,1.0,S,0,0.00895626254445,6,secondary grid,NOT COMPUTED (YET),NOT COMPUTED (YET),NOT COMPUTED (YET) (s >= midpoint)
CGR,1T,1,4.0,0.5,1.0,S,0,0.00895626254445,8,secondary grid,NOT COMPUTED (YET),NOT COMPUTED (YET),NOT COMPUTED (YET) (s >= midpoint)
CGR,1T,1,4.0,0.6,1.0,N,1,3.1283566598,2,secondary grid,2.13979133212,2.96158718524,0.471351239928
CGR,1T,1,4.0,0.6,1.0,N,1,3.1283566598,4,secondary grid,3.10488804033,5.64361479756,0.898209191939
CGR,1T,1,4.0,0.6,1.0,N,1,3.1283566598,6,secondary grid,NOT COMPUTED (YET),NOT COMPUTED (YET),NOT COMPUTED (YET) (s >= midpoint)
CGR,1T,1,4.0,0.6,1.0,N,1,3.1283566598,8,secondary grid,NOT COMPUTED (YET),NOT COMPUTED (YET),NOT COMPUTED (YET) (s >= midpoint)
CGR,1T,1,4.0,0.6,1.0,S,0,0.0132359937856,2,secondary grid,8.29679384804e-05,0.0203683279271,n/a (n_i = 0)
CGR,1T,1,4.0,0.6,1.0,S,0,0.0132359937856,4,secondary grid,0.00467397686308,0.217506772284,n/a (n_i = 0)
CGR,1T,1,4.0,0.6,1.0,S,0,0.0132359937856,6,secondary grid,NOT COMPUTED (YET),NOT COMPUTED (YET),NOT COMPUTED (YET) (s >= midpoint)
CGR,1T,1,4.0,0.6,1.0,S,0,0.0132359937856,8,secondary grid,NOT COMPUTED (YET),NOT COMPUTED (YET),NOT COMPUTED (YET) (s >= midpoint)
CGR,1T,1,4.0,0.7,1.0,N,1,3.12368372107,2,secondary grid,2.33204082804,3.1880036663,0.507386542087
CGR,1T,1,4.0,0.7,1.0,N,1,3.12368372107,4,secondary grid,3.1154245344,5.72706251014,0.911490307885
CGR,1T,1,4.0,0.7,1.0,N,1,3.12368372107,6,secondary grid,NOT COMPUTED (YET),NOT COMPUTED (YET),NOT COMPUTED (YET) (s >= midpoint)
CGR,1T,1,4.0,0.7,1.0,N,1,3.12368372107,8,secondary grid,NOT COMPUTED (YET),NOT COMPUTED (YET),NOT COMPUTED (YET) (s >= midpoint)
CGR,1T,1,4.0,0.7,1.0,S,0,0.01790893252,2,secondary grid,0.000222679353687,0.0358998971403,n/a (n_i = 0)
CGR,1T,1,4.0,0.7,1.0,S,0,0.01790893252,4,secondary grid,0.0122174198635,0.372322541819,n/a (n_i = 0)
CGR,1T,1,4.0,0.7,1.0,S,0,0.01790893252,6,secondary grid,NOT COMPUTED (YET),NOT COMPUTED (YET),NOT COMPUTED (YET) (s >= midpoint)
CGR,1T,1,4.0,0.7,1.0,S,0,0.01790893252,8,secondary grid,NOT COMPUTED (YET),NOT COMPUTED (YET),NOT COMPUTED (YET) (s >= midpoint)
CGR,1T,1,4.0,0.8,1.0,N,1,3.11876698816,2,secondary grid,2.47158906993,3.36892907817,0.536181715717
CGR,1T,1,4.0,0.8,1.0,N,1,3.11876698816,4,secondary grid,NOT COMPUTED (YET),NOT COMPUTED (YET),NOT COMPUTED (YET) (s >= midpoint)
CGR,1T,1,4.0,0.8,1.0,N,1,3.11876698816,6,secondary grid,NOT COMPUTED (YET),NOT COMPUTED (YET),NOT COMPUTED (YET) (s >= midpoint)
CGR,1T,1,4.0,0.8,1.0,N,1,3.11876698816,8,secondary grid,NOT COMPUTED (YET),NOT COMPUTED (YET),NOT COMPUTED (YET) (s >= midpoint)
CGR,1T,1,4.0,0.8,1.0,S,0,0.0228256654309,2,secondary grid,0.000492800202609,0.0568711586947,n/a (n_i = 0)
CGR,1T,1,4.0,0.8,1.0,S,0,0.0228256654309,4,secondary grid,NOT COMPUTED (YET),NOT COMPUTED (YET),NOT COMPUTED (YET) (s >= midpoint)
CGR,1T,1,4.0,0.8,1.0,S,0,0.0228256654309,6,secondary grid,NOT COMPUTED (YET),NOT COMPUTED (YET),NOT COMPUTED (YET) (s >= midpoint)
CGR,1T,1,4.0,0.8,1.0,S,0,0.0228256654309,8,secondary grid,NOT COMPUTED (YET),NOT COMPUTED (YET),NOT COMPUTED (YET) (s >= midpoint)
CGR,1T,1,4.0,0.9,1.0,N,1,3.11371605835,2,secondary grid,2.5751406775,3.51679626577,0.559715509545
CGR,1T,1,4.0,0.9,1.0,N,1,3.11371605835,4,secondary grid,NOT COMPUTED (YET),NOT COMPUTED (YET),NOT COMPUTED (YET) (s >= midpoint)
CGR,1T,1,4.0,0.9,1.0,N,1,3.11371605835,6,secondary grid,NOT COMPUTED (YET),NOT COMPUTED (YET),NOT COMPUTED (YET) (s >= midpoint)
CGR,1T,1,4.0,0.9,1.0,N,1,3.11371605835,8,secondary grid,NOT COMPUTED (YET),NOT COMPUTED (YET),NOT COMPUTED (YET) (s >= midpoint)
CGR,1T,1,4.0,0.9,1.0,S,0,0.0278765952397,2,secondary grid,0.000950010222013,0.0834306549222,n/a (n_i = 0)
CGR,1T,1,4.0,0.9,1.0,S,0,0.0278765952397,4,secondary grid,NOT COMPUTED (YET),NOT COMPUTED (YET),NOT COMPUTED (YET) (s >= midpoint)
CGR,1T,1,4.0,0.9,1.0,S,0,0.0278765952397,6,secondary grid,NOT COMPUTED (YET),NOT COMPUTED (YET),NOT COMPUTED (YET) (s >= midpoint)
CGR,1T,1,4.0,0.9,1.0,S,0,0.0278765952397,8,secondary grid,NOT COMPUTED (YET),NOT COMPUTED (YET),NOT COMPUTED (YET) (s >= midpoint)
CGR,1T,1,4.0,1,1.0,N,1,3.10861036706,2,secondary grid,2.65381974368,3.64023923017,0.579362067518
CGR,1T,1,4.0,1,1.0,N,1,3.10861036706,4,secondary grid,NOT COMPUTED (YET),NOT COMPUTED (YET),NOT COMPUTED (YET) (s >= midpoint)
CGR,1T,1,4.0,1,1.0,N,1,3.10861036706,6,secondary grid,NOT COMPUTED (YET),NOT COMPUTED (YET),NOT COMPUTED (YET) (s >= midpoint)
CGR,1T,1,4.0,1,1.0,N,1,3.10861036706,8,secondary grid,NOT COMPUTED (YET),NOT COMPUTED (YET),NOT COMPUTED (YET) (s >= midpoint)
CGR,1T,1,4.0,1,1.0,S,0,0.0329822865313,2,secondary grid,0.00165259226297,0.115549187701,n/a (n_i = 0)
CGR,1T,1,4.0,1,1.0,S,0,0.0329822865313,4,secondary grid,NOT COMPUTED (YET),NOT COMPUTED (YET),NOT COMPUTED (YET) (s >= midpoint)
CGR,1T,1,4.0,1,1.0,S,0,0.0329822865313,6,secondary grid,NOT COMPUTED (YET),NOT COMPUTED (YET),NOT COMPUTED (YET) (s >= midpoint)
CGR,1T,1,4.0,1,1.0,S,0,0.0329822865313,8,secondary grid,NOT COMPUTED (YET),NOT COMPUTED (YET),NOT COMPUTED (YET) (s >= midpoint)
CGR,1T,1,99.0,0.5,1.0,N,1,3.14159265359,2,secondary grid,1.96200851024,2.67818660763,0.426246637126
CGR,1T,1,99.0,0.5,1.0,N,1,3.14159265359,4,secondary grid,3.09639565958,5.47621974019,0.871567441108
CGR,1T,1,99.0,0.5,1.0,N,1,3.14159265359,6,secondary grid,3.14069378575,6.14996899457,0.978797965348
CGR,1T,1,99.0,0.5,1.0,N,1,3.14159265359,8,secondary grid,3.14157612499,6.26282030365,0.996758809022
CGR,1T,1,99.0,0.5,1.0,N,1,3.14159265359,8.461200585,"s_c,delta (report-only extra)",3.14158608602,6.27005018099,0.997909479738
CGR,1T,1,99.0,0.5,1.0,S,0,7.39042067768e-18,2,secondary grid,0,0,n/a (n_i = 0)
CGR,1T,1,99.0,0.5,1.0,S,0,7.39042067768e-18,4,secondary grid,0,1.19285102632e-13,n/a (n_i = 0)
CGR,1T,1,99.0,0.5,1.0,S,0,7.39042067768e-18,6,secondary grid,0,2.9786396973e-13,n/a (n_i = 0)
CGR,1T,1,99.0,0.5,1.0,S,0,7.39042067768e-18,8,secondary grid,0,4.18544219761e-13,n/a (n_i = 0)
CGR,1T,1,99.0,0.6,1.0,N,1,3.14159265359,2,secondary grid,2.22693681128,2.95136083344,0.46972366549
CGR,1T,1,99.0,0.6,1.0,N,1,3.14159265359,4,secondary grid,3.11235427476,5.57740939895,0.88767227549
CGR,1T,1,99.0,0.6,1.0,N,1,3.14159265359,6,secondary grid,3.14102615752,6.16782543017,0.981639905339
CGR,1T,1,99.0,0.6,1.0,N,1,3.14159265359,8,secondary grid,3.14158226599,6.26561075777,0.997202923588
CGR,1T,1,99.0,0.6,1.0,N,1,3.14159265359,8.159326071,"s_c,delta (report-only extra)",3.1415851021,6.26808233441,0.997596287228
CGR,1T,1,99.0,0.6,1.0,S,0,2.23095282473e-16,2,secondary grid,0,0,n/a (n_i = 0)
CGR,1T,1,99.0,0.6,1.0,S,0,2.23095282473e-16,4,secondary grid,0,7.39428121578e-14,n/a (n_i = 0)
CGR,1T,1,99.0,0.6,1.0,S,0,2.23095282473e-16,6,secondary grid,0,7.39428121578e-14,n/a (n_i = 0)
CGR,1T,1,99.0,0.6,1.0,S,0,2.23095282473e-16,8,secondary grid,0,3.57855307896e-13,n/a (n_i = 0)
CGR,1T,1,99.0,0.7,1.0,N,1,3.14159265359,2,secondary grid,2.41284863945,3.16025884558,0.502970816724
CGR,1T,1,99.0,0.7,1.0,N,1,3.14159265359,4,secondary grid,3.12090905757,5.64529460379,0.898476541403
CGR,1T,1,99.0,0.7,1.0,N,1,3.14159265359,6,secondary grid,3.14119813415,6.17961663028,0.983516533123
CGR,1T,1,99.0,0.7,1.0,N,1,3.14159265359,8,secondary grid,3.14158543075,6.26745551448,0.997496525738
CGR,1T,1,99.0,0.7,1.0,N,1,3.14159265359,7.918864603,"s_c,delta (report-only extra)",3.14158415725,6.26619263441,0.997295532132
CGR,1T,1,99.0,0.7,1.0,S,0,3.14515197294e-15,2,secondary grid,0,0,n/a (n_i = 0)
CGR,1T,1,99.0,0.7,1.0,S,0,3.14515197294e-15,4,secondary grid,0,2.09272109881e-15,n/a (n_i = 0)
CGR,1T,1,99.0,0.7,1.0,S,0,3.14515197294e-15,6,secondary grid,0,3.71109208188e-13,n/a (n_i = 0)
CGR,1T,1,99.0,0.7,1.0,S,0,3.14515197294e-15,8,secondary grid,0,5.93146916771e-12,n/a (n_i = 0)
CGR,1T,1,99.0,0.8,1.0,N,1,3.14159265359,2,secondary grid,2.54578193247,3.32343997447,0.528941900007
CGR,1T,1,99.0,0.8,1.0,N,1,3.14159265359,4,secondary grid,3.12602183251,5.69385255314,0.906204779068
CGR,1T,1,99.0,0.8,1.0,N,1,3.14159265359,6,secondary grid,3.14129866908,6.18797800841,0.984847287783
CGR,1T,1,99.0,0.8,1.0,N,1,3.14159265359,8,secondary grid,3.14158727629,6.26876718717,0.997705284931
CGR,1T,1,99.0,0.8,1.0,N,1,3.14159265359,7.720539484,"s_c,delta (report-only extra)",3.141583246,6.26437013489,0.997005472324
CGR,1T,1,99.0,0.8,1.0,S,0,2.6487814935e-14,2,secondary grid,0,0,n/a (n_i = 0)
CGR,1T,1,99.0,0.8,1.0,S,0,2.6487814935e-14,4,secondary grid,0,4.06685466868e-13,n/a (n_i = 0)
CGR,1T,1,99.0,0.8,1.0,S,0,2.6487814935e-14,6,secondary grid,0,7.26453250765e-12,n/a (n_i = 0)
CGR,1T,1,99.0,0.8,1.0,S,0,2.6487814935e-14,8,secondary grid,0,6.65471357946e-11,n/a (n_i = 0)
CGR,1T,1,99.0,0.9,1.0,N,1,3.14159265359,2,secondary grid,2.64334347891,3.4536603089,0.549667109922
CGR,1T,1,99.0,0.9,1.0,N,1,3.14159265359,4,secondary grid,3.1293288675,5.73026765078,0.912000421861
CGR,1T,1,99.0,0.9,1.0,N,1,3.14159265359,6,secondary grid,3.14136273342,6.19422032836,0.985840783859
CGR,1T,1,99.0,0.9,1.0,N,1,3.14159265359,8,secondary grid,3.14158845043,6.26975018282,0.997861733547
CGR,1T,1,99.0,0.9,1.0,N,1,3.14159265359,7.552695799,"s_c,delta (report-only extra)",3.14158236434,6.26260681785,0.996724831702
CGR,1T,1,99.0,0.9,1.0,S,0,1.54435743569e-13,2,secondary grid,0,0,n/a (n_i = 0)
CGR,1T,1,99.0,0.9,1.0,S,0,1.54435743569e-13,4,secondary grid,0,4.99672041025e-12,n/a (n_i = 0)
CGR,1T,1,99.0,0.9,1.0,S,0,1.54435743569e-13,6,secondary grid,0,5.40340587711e-11,n/a (n_i = 0)
CGR,1T,1,99.0,0.9,1.0,S,0,1.54435743569e-13,8,secondary grid,0,4.67470643904e-10,n/a (n_i = 0)
CGR,1T,1,99.0,1,1.0,N,1,3.14159265359,2,secondary grid,2.71685389469,3.55962288613,0.566531577871
CGR,1T,1,99.0,1,1.0,N,1,3.14159265359,4,secondary grid,3.1315993024,5.75858273225,0.916506907042
CGR,1T,1,99.0,1,1.0,N,1,3.14159265359,6,secondary grid,3.14140624999,6.19906546719,0.986611911653
CGR,1T,1,99.0,1,1.0,N,1,3.14159265359,8,secondary grid,3.14158924707,6.27051678565,0.997983742177
CGR,1T,1,99.0,1,1.0,N,1,3.14159265359,7.407802888,"s_c,delta (report-only extra)",3.1415815092,6.2608965446,0.99645263326
CGR,1T,1,99.0,1,1.0,S,0,6.85114044512e-13,2,secondary grid,0,1.47188050616e-12,n/a (n_i = 0)
CGR,1T,1,99.0,1,1.0,S,0,6.85114044512e-13,4,secondary grid,0,2.96950148183e-11,n/a (n_i = 0)
CGR,1T,1,99.0,1,1.0,S,0,6.85114044512e-13,6,secondary grid,0,2.84302439436e-10,n/a (n_i = 0)
CGR,1T,1,99.0,1,1.0,S,0,6.85114044512e-13,8,secondary grid,0,2.42110531304e-09,n/a (n_i = 0)
CGR,1T,2,1.0,0.5,1.0,N,2,5.76962152111,2,secondary grid,1.56106271688,3.00474849287,0.239110287694
CGR,1T,2,1.0,0.5,1.0,N,2,5.76962152111,4,secondary grid,5.3230995205,9.26381842787,0.73719124735
CGR,1T,2,1.0,0.5,1.0,N,2,5.76962152111,6,secondary grid,NOT COMPUTED (YET),NOT COMPUTED (YET),NOT COMPUTED (YET) (s >= midpoint)
CGR,1T,2,1.0,0.5,1.0,N,2,5.76962152111,8,secondary grid,NOT COMPUTED (YET),NOT COMPUTED (YET),NOT COMPUTED (YET) (s >= midpoint)
CGR,1T,2,1.0,0.5,1.0,S,0,0.513563786073,2,secondary grid,0.00615346084276,0.161201523811,n/a (n_i = 0)
CGR,1T,2,1.0,0.5,1.0,S,0,0.513563786073,4,secondary grid,0.254897989867,1.53774688505,n/a (n_i = 0)
CGR,1T,2,1.0,0.5,1.0,S,0,0.513563786073,6,secondary grid,NOT COMPUTED (YET),NOT COMPUTED (YET),NOT COMPUTED (YET) (s >= midpoint)
CGR,1T,2,1.0,0.5,1.0,S,0,0.513563786073,8,secondary grid,NOT COMPUTED (YET),NOT COMPUTED (YET),NOT COMPUTED (YET) (s >= midpoint)
CGR,1T,2,1.0,0.6,1.0,N,2,5.72683644508,2,secondary grid,1.93857149205,3.55205163537,0.282663287943
CGR,1T,2,1.0,0.6,1.0,N,2,5.72683644508,4,secondary grid,5.67842096719,9.95268451033,0.792009468427
CGR,1T,2,1.0,0.6,1.0,N,2,5.72683644508,6,secondary grid,NOT COMPUTED (YET),NOT COMPUTED (YET),NOT COMPUTED (YET) (s >= midpoint)
CGR,1T,2,1.0,0.6,1.0,N,2,5.72683644508,8,secondary grid,NOT COMPUTED (YET),NOT COMPUTED (YET),NOT COMPUTED (YET) (s >= midpoint)
CGR,1T,2,1.0,0.6,1.0,S,0,0.556348862102,2,secondary grid,0.0141381673097,0.2671280231,n/a (n_i = 0)
CGR,1T,2,1.0,0.6,1.0,S,0,0.556348862102,4,secondary grid,0.511202055283,2.37107668454,n/a (n_i = 0)
CGR,1T,2,1.0,0.6,1.0,S,0,0.556348862102,6,secondary grid,NOT COMPUTED (YET),NOT COMPUTED (YET),NOT COMPUTED (YET) (s >= midpoint)
CGR,1T,2,1.0,0.6,1.0,S,0,0.556348862102,8,secondary grid,NOT COMPUTED (YET),NOT COMPUTED (YET),NOT COMPUTED (YET) (s >= midpoint)
CGR,1T,2,1.0,0.7,1.0,N,2,5.68872128933,2,secondary grid,2.33707467359,4.06072018982,0.323141845362
CGR,1T,2,1.0,0.7,1.0,N,2,5.68872128933,4,secondary grid,NOT COMPUTED (YET),NOT COMPUTED (YET),NOT COMPUTED (YET) (s >= midpoint)
CGR,1T,2,1.0,0.7,1.0,N,2,5.68872128933,6,secondary grid,NOT COMPUTED (YET),NOT COMPUTED (YET),NOT COMPUTED (YET) (s >= midpoint)
CGR,1T,2,1.0,0.7,1.0,N,2,5.68872128933,8,secondary grid,NOT COMPUTED (YET),NOT COMPUTED (YET),NOT COMPUTED (YET) (s >= midpoint)
CGR,1T,2,1.0,0.7,1.0,S,0,0.594464017847,2,secondary grid,0.0268795048678,0.397070239915,n/a (n_i = 0)
CGR,1T,2,1.0,0.7,1.0,S,0,0.594464017847,4,secondary grid,NOT COMPUTED (YET),NOT COMPUTED (YET),NOT COMPUTED (YET) (s >= midpoint)
CGR,1T,2,1.0,0.7,1.0,S,0,0.594464017847,6,secondary grid,NOT COMPUTED (YET),NOT COMPUTED (YET),NOT COMPUTED (YET) (s >= midpoint)
CGR,1T,2,1.0,0.7,1.0,S,0,0.594464017847,8,secondary grid,NOT COMPUTED (YET),NOT COMPUTED (YET),NOT COMPUTED (YET) (s >= midpoint)
CGR,1T,2,1.0,0.8,1.0,N,2,5.65431612964,2,secondary grid,2.72757979149,4.5249482149,0.360083937818
CGR,1T,2,1.0,0.8,1.0,N,2,5.65431612964,4,secondary grid,NOT COMPUTED (YET),NOT COMPUTED (YET),NOT COMPUTED (YET) (s >= midpoint)
CGR,1T,2,1.0,0.8,1.0,N,2,5.65431612964,6,secondary grid,NOT COMPUTED (YET),NOT COMPUTED (YET),NOT COMPUTED (YET) (s >= midpoint)
CGR,1T,2,1.0,0.8,1.0,N,2,5.65431612964,8,secondary grid,NOT COMPUTED (YET),NOT COMPUTED (YET),NOT COMPUTED (YET) (s >= midpoint)
CGR,1T,2,1.0,0.8,1.0,S,0,0.628869177543,2,secondary grid,0.0449468307234,0.547841794011,n/a (n_i = 0)
CGR,1T,2,1.0,0.8,1.0,S,0,0.628869177543,4,secondary grid,NOT COMPUTED (YET),NOT COMPUTED (YET),NOT COMPUTED (YET) (s >= midpoint)
CGR,1T,2,1.0,0.8,1.0,S,0,0.628869177543,6,secondary grid,NOT COMPUTED (YET),NOT COMPUTED (YET),NOT COMPUTED (YET) (s >= midpoint)
CGR,1T,2,1.0,0.8,1.0,S,0,0.628869177543,8,secondary grid,NOT COMPUTED (YET),NOT COMPUTED (YET),NOT COMPUTED (YET) (s >= midpoint)
CGR,1T,2,1.0,0.9,1.0,N,2,5.6229478277,2,secondary grid,3.08950372395,4.94414697314,0.393442715074
CGR,1T,2,1.0,0.9,1.0,N,2,5.6229478277,4,secondary grid,NOT COMPUTED (YET),NOT COMPUTED (YET),NOT COMPUTED (YET) (s >= midpoint)
CGR,1T,2,1.0,0.9,1.0,N,2,5.6229478277,6,secondary grid,NOT COMPUTED (YET),NOT COMPUTED (YET),NOT COMPUTED (YET) (s >= midpoint)
CGR,1T,2,1.0,0.9,1.0,N,2,5.6229478277,8,secondary grid,NOT COMPUTED (YET),NOT COMPUTED (YET),NOT COMPUTED (YET) (s >= midpoint)
CGR,1T,2,1.0,0.9,1.0,S,0,0.660237479477,2,secondary grid,0.0685804912082,0.716308970994,n/a (n_i = 0)
CGR,1T,2,1.0,0.9,1.0,S,0,0.660237479477,4,secondary grid,NOT COMPUTED (YET),NOT COMPUTED (YET),NOT COMPUTED (YET) (s >= midpoint)
CGR,1T,2,1.0,0.9,1.0,S,0,0.660237479477,6,secondary grid,NOT COMPUTED (YET),NOT COMPUTED (YET),NOT COMPUTED (YET) (s >= midpoint)
CGR,1T,2,1.0,0.9,1.0,S,0,0.660237479477,8,secondary grid,NOT COMPUTED (YET),NOT COMPUTED (YET),NOT COMPUTED (YET) (s >= midpoint)
CGR,1T,2,1.0,1,1.0,N,2,5.59412248905,2,secondary grid,3.41324942236,5.32108681521,0.423438634631
CGR,1T,2,1.0,1,1.0,N,2,5.59412248905,4,secondary grid,NOT COMPUTED (YET),NOT COMPUTED (YET),NOT COMPUTED (YET) (s >= midpoint)
CGR,1T,2,1.0,1,1.0,N,2,5.59412248905,6,secondary grid,NOT COMPUTED (YET),NOT COMPUTED (YET),NOT COMPUTED (YET) (s >= midpoint)
CGR,1T,2,1.0,1,1.0,N,2,5.59412248905,8,secondary grid,NOT COMPUTED (YET),NOT COMPUTED (YET),NOT COMPUTED (YET) (s >= midpoint)
CGR,1T,2,1.0,1,1.0,S,0,0.689062818133,2,secondary grid,0.0977686216257,0.899593465565,n/a (n_i = 0)
CGR,1T,2,1.0,1,1.0,S,0,0.689062818133,4,secondary grid,NOT COMPUTED (YET),NOT COMPUTED (YET),NOT COMPUTED (YET) (s >= midpoint)
CGR,1T,2,1.0,1,1.0,S,0,0.689062818133,6,secondary grid,NOT COMPUTED (YET),NOT COMPUTED (YET),NOT COMPUTED (YET) (s >= midpoint)
CGR,1T,2,1.0,1,1.0,S,0,0.689062818133,8,secondary grid,NOT COMPUTED (YET),NOT COMPUTED (YET),NOT COMPUTED (YET) (s >= midpoint)
CGR,1T,2,24.0,0.5,1.0,N,2,6.28318530712,2,secondary grid,1.70909048036,3.10670230551,0.247223514318
CGR,1T,2,24.0,0.5,1.0,N,2,6.28318530712,4,secondary grid,5.67909508106,9.45239032931,0.752197322472
CGR,1T,2,24.0,0.5,1.0,N,2,6.28318530712,6,secondary grid,6.26702796336,12.0072966924,0.95551031088
CGR,1T,2,24.0,0.5,1.0,N,2,6.28318530712,8,secondary grid,6.28287602723,12.4809167859,0.993199800396
CGR,1T,2,24.0,0.5,1.0,N,2,6.28318530712,9.912669333,"s_c,delta (report-only extra)",6.28317853756,12.5528313785,0.998922581845
CGR,1T,2,24.0,0.5,1.0,S,0,6.26113678192e-11,2,secondary grid,0,1.57386578104e-11,n/a (n_i = 0)
CGR,1T,2,24.0,0.5,1.0,S,0,6.26113678192e-11,4,secondary grid,0,2.06894778712e-10,n/a (n_i = 0)
CGR,1T,2,24.0,0.5,1.0,S,0,6.26113678192e-11,6,secondary grid,0,1.92821787382e-09,n/a (n_i = 0)
CGR,1T,2,24.0,0.5,1.0,S,0,6.26113678192e-11,8,secondary grid,0,1.63722388891e-08,n/a (n_i = 0)
CGR,1T,2,24.0,0.6,1.0,N,2,6.28318530668,2,secondary grid,2.19544445839,3.66995994727,0.292046133279
CGR,1T,2,24.0,0.6,1.0,N,2,6.28318530668,4,secondary grid,5.92102896293,10.0027747713,0.795995524746
CGR,1T,2,24.0,0.6,1.0,N,2,6.28318530668,6,secondary grid,6.27461631868,12.1251376085,0.964887793032
CGR,1T,2,24.0,0.6,1.0,N,2,6.28318530668,8,secondary grid,6.2830239018,12.4996330802,0.994689195771
CGR,1T,2,24.0,0.6,1.0,N,2,6.28318530668,9.525623783,"s_c,delta (report-only extra)",6.28317765788,12.5510720202,0.998782576556
CGR,1T,2,24.0,0.6,1.0,S,0,5.04011330602e-10,2,secondary grid,0,2.08090420033e-10,n/a (n_i = 0)
CGR,1T,2,24.0,0.6,1.0,S,0,5.04011330602e-10,4,secondary grid,0,2.53872321453e-09,n/a (n_i = 0)
CGR,1T,2,24.0,0.6,1.0,S,0,5.04011330602e-10,6,secondary grid,0,2.34656147138e-08,n/a (n_i = 0)
CGR,1T,2,24.0,0.6,1.0,S,0,5.04011330602e-10,8,secondary grid,0,1.98165404217e-07,n/a (n_i = 0)
CGR,1T,2,24.0,0.7,1.0,N,2,6.28318530463,2,secondary grid,2.69055380463,4.17776472846,0.332455953805
CGR,1T,2,24.0,0.7,1.0,N,2,6.28318530463,4,secondary grid,6.04678014163,10.3704933296,0.825257637851
CGR,1T,2,24.0,0.7,1.0,N,2,6.28318530463,6,secondary grid,6.2779719784,12.1980575177,0.970690575031
CGR,1T,2,24.0,0.7,1.0,N,2,6.28318530463,8,secondary grid,6.28308794957,12.5111177955,0.995603120379
CGR,1T,2,24.0,0.7,1.0,N,2,6.28318530463,9.221603202,"s_c,delta (report-only extra)",6.28317683831,12.5494328678,0.998652136955
CGR,1T,2,24.0,0.7,1.0,S,0,2.55034834814e-09,2,secondary grid,0,1.47485217012e-09,n/a (n_i = 0)
CGR,1T,2,24.0,0.7,1.0,S,0,2.55034834814e-09,4,secondary grid,0,1.78609281311e-08,n/a (n_i = 0)
CGR,1T,2,24.0,0.7,1.0,S,0,2.55034834814e-09,6,secondary grid,0,1.64459368529e-07,n/a (n_i = 0)
CGR,1T,2,24.0,0.7,1.0,S,0,2.55034834814e-09,8,secondary grid,0,1.38187259542e-06,n/a (n_i = 0)
CGR,1T,2,24.0,0.8,1.0,N,2,6.28318529776,2,secondary grid,3.1498297589,4.62546989765,0.368083199167
CGR,1T,2,24.0,0.8,1.0,N,2,6.28318529776,4,secondary grid,6.11803458122,10.6296256146,0.84587872989
CGR,1T,2,24.0,0.8,1.0,N,2,6.28318529776,6,secondary grid,6.27970002965,12.2471755084,0.974599260538
CGR,1T,2,24.0,0.8,1.0,N,2,6.28318529776,8,secondary grid,6.28312054856,12.5188290105,0.996216759374
CGR,1T,2,24.0,0.8,1.0,N,2,6.28318529776,8.974198225,"s_c,delta (report-only extra)",6.28317607118,12.5478986145,0.998530044961
CGR,1T,2,24.0,0.8,1.0,S,0,9.42310869136e-09,2,secondary grid,0,7.15571240566e-09,n/a (n_i = 0)
CGR,1T,2,24.0,0.8,1.0,S,0,9.42310869136e-09,4,secondary grid,0,8.64228827841e-08,n/a (n_i = 0)
CGR,1T,2,24.0,0.8,1.0,S,0,9.42310869136e-09,6,secondary grid,0,7.92978838508e-07,n/a (n_i = 0)
CGR,1T,2,24.0,0.8,1.0,S,0,9.42310869136e-09,8,secondary grid,1.24168118529e-12,6.62948247826e-06,n/a (n_i = 0)
CGR,1T,2,24.0,0.9,1.0,N,2,6.28318527937,2,secondary grid,3.55298029738,5.01573756019,0.399139712978
CGR,1T,2,24.0,0.9,1.0,N,2,6.28318527937,4,secondary grid,6.16152084178,10.8205248654,0.861070009587
CGR,1T,2,24.0,0.9,1.0,N,2,6.28318527937,6,secondary grid,6.28069187596,12.2823536205,0.977398645754
CGR,1T,2,24.0,0.9,1.0,N,2,6.28318527937,8,secondary grid,6.28313912431,12.5243506373,0.99665615647
CGR,1T,2,24.0,0.9,1.0,N,2,6.28318527937,8.767511507,"s_c,delta (report-only extra)",6.28317535087,12.5464580048,0.998415404876
CGR,1T,2,24.0,0.9,1.0,S,0,2.78117344487e-08,2,secondary grid,0,2.65532921561e-08,n/a (n_i = 0)
CGR,1T,2,24.0,0.9,1.0,S,0,2.78117344487e-08,4,secondary grid,0,3.20006645689e-07,n/a (n_i = 0)
CGR,1T,2,24.0,0.9,1.0,S,0,2.78117344487e-08,6,secondary grid,1.56256508711e-13,2.92605279842e-06,n/a (n_i = 0)
CGR,1T,2,24.0,0.9,1.0,S,0,2.78117344487e-08,8,secondary grid,1.65429602861e-11,2.43381034212e-05,n/a (n_i = 0)
CGR,1T,2,24.0,1,1.0,N,2,6.28318523773,2,secondary grid,3.89667018708,5.3546288843,0.42610782768
CGR,1T,2,24.0,1,1.0,N,2,6.28318523773,4,secondary grid,6.18973139852,10.9663413492,0.872673716678
CGR,1T,2,24.0,1,1.0,N,2,6.28318523773,6,secondary grid,6.28130890405,12.3087398695,0.979498396736
CGR,1T,2,24.0,1,1.0,N,2,6.28318523773,8,secondary grid,6.28315062508,12.5284998041,0.996986336676
CGR,1T,2,24.0,1,1.0,N,2,6.28318523773,8.591315081,"s_c,delta (report-only extra)",6.28317467306,12.5451023881,0.998307528333
CGR,1T,2,24.0,1,1.0,S,0,6.94538294733e-08,2,secondary grid,0,8.07258095406e-08,n/a (n_i = 0)
CGR,1T,2,24.0,1,1.0,S,0,6.94538294733e-08,4,secondary grid,0,9.70870859195e-07,n/a (n_i = 0)
CGR,1T,2,24.0,1,1.0,S,0,6.94538294733e-08,6,secondary grid,2.35221851506e-12,8.8464796814e-06,n/a (n_i = 0)
CGR,1T,2,24.0,1,1.0,S,0,6.94538294733e-08,8,secondary grid,1.38521394972e-10,7.32043819168e-05,n/a (n_i = 0)
CGR,1T,2,4.0,0.5,1.0,N,2,6.28040586142,2,secondary grid,1.65363016476,3.07190583608,0.244454499262
CGR,1T,2,4.0,0.5,1.0,N,2,6.28040586142,4,secondary grid,5.58083897335,9.39899905131,0.747948579566
CGR,1T,2,4.0,0.5,1.0,N,2,6.28040586142,6,secondary grid,6.26265496793,12.0258018556,0.956982904979
CGR,1T,2,4.0,0.5,1.0,N,2,6.28040586142,8,secondary grid,NOT COMPUTED (YET),NOT COMPUTED (YET),NOT COMPUTED (YET) (s >= midpoint)
CGR,1T,2,4.0,0.5,1.0,S,0,0.00277944576097,2,secondary grid,1.11362833463e-07,0.000691195651066,n/a (n_i = 0)
CGR,1T,2,4.0,0.5,1.0,S,0,0.00277944576097,4,secondary grid,6.65331479142e-06,0.0080566202557,n/a (n_i = 0)
CGR,1T,2,4.0,0.5,1.0,S,0,0.00277944576097,6,secondary grid,0.000364259650704,0.0693008665958,n/a (n_i = 0)
CGR,1T,2,4.0,0.5,1.0,S,0,0.00277944576097,8,secondary grid,NOT COMPUTED (YET),NOT COMPUTED (YET),NOT COMPUTED (YET) (s >= midpoint)
CGR,1T,2,4.0,0.6,1.0,N,2,6.27834797941,2,secondary grid,2.10300080158,3.63063244518,0.2889165501
CGR,1T,2,4.0,0.6,1.0,N,2,6.27834797941,4,secondary grid,5.85650858467,9.98965164674,0.794951219672
CGR,1T,2,4.0,0.6,1.0,N,2,6.27834797941,6,secondary grid,6.27233951275,12.1557821365,0.967326407085
CGR,1T,2,4.0,0.6,1.0,N,2,6.27834797941,8,secondary grid,NOT COMPUTED (YET),NOT COMPUTED (YET),NOT COMPUTED (YET) (s >= midpoint)
CGR,1T,2,4.0,0.6,1.0,S,0,0.00483732777345,2,secondary grid,6.68322457454e-07,0.00185088980353,n/a (n_i = 0)
CGR,1T,2,4.0,0.6,1.0,S,0,0.00483732777345,4,secondary grid,3.97264710135e-05,0.0213367261912,n/a (n_i = 0)
CGR,1T,2,4.0,0.6,1.0,S,0,0.00483732777345,6,secondary grid,0.00214418001322,0.179328325252,n/a (n_i = 0)
CGR,1T,2,4.0,0.6,1.0,S,0,0.00483732777345,8,secondary grid,NOT COMPUTED (YET),NOT COMPUTED (YET),NOT COMPUTED (YET) (s >= midpoint)
CGR,1T,2,4.0,0.7,1.0,N,2,6.27574142111,2,secondary grid,2.56825985467,4.13962056195,0.32942053748
CGR,1T,2,4.0,0.7,1.0,N,2,6.27574142111,4,secondary grid,6.00242754455,10.3889609177,0.826727241817
CGR,1T,2,4.0,0.7,1.0,N,2,6.27574142111,6,secondary grid,NOT COMPUTED (YET),NOT COMPUTED (YET),NOT COMPUTED (YET) (s >= midpoint)
CGR,1T,2,4.0,0.7,1.0,N,2,6.27574142111,8,secondary grid,NOT COMPUTED (YET),NOT COMPUTED (YET),NOT COMPUTED (YET) (s >= midpoint)
CGR,1T,2,4.0,0.7,1.0,S,0,0.00744388607412,2,secondary grid,2.69636595425e-06,0.00400706689061,n/a (n_i = 0)
CGR,1T,2,4.0,0.7,1.0,S,0,0.00744388607412,4,secondary grid,0.000159305523842,0.0456639328882,n/a (n_i = 0)
CGR,1T,2,4.0,0.7,1.0,S,0,0.00744388607412,6,secondary grid,NOT COMPUTED (YET),NOT COMPUTED (YET),NOT COMPUTED (YET) (s >= midpoint)
CGR,1T,2,4.0,0.7,1.0,S,0,0.00744388607412,8,secondary grid,NOT COMPUTED (YET),NOT COMPUTED (YET),NOT COMPUTED (YET) (s >= midpoint)
CGR,1T,2,4.0,0.8,1.0,N,2,6.27264887228,2,secondary grid,3.0086038353,4.59339336965,0.365530630173
CGR,1T,2,4.0,0.8,1.0,N,2,6.27264887228,4,secondary grid,6.08595430916,10.6733603914,0.849359032843
CGR,1T,2,4.0,0.8,1.0,N,2,6.27264887228,6,secondary grid,NOT COMPUTED (YET),NOT COMPUTED (YET),NOT COMPUTED (YET) (s >= midpoint)
CGR,1T,2,4.0,0.8,1.0,N,2,6.27264887228,8,secondary grid,NOT COMPUTED (YET),NOT COMPUTED (YET),NOT COMPUTED (YET) (s >= midpoint)
CGR,1T,2,4.0,0.8,1.0,S,0,0.0105364348968,2,secondary grid,8.31041991583e-06,0.0075046628532,n/a (n_i = 0)
CGR,1T,2,4.0,0.8,1.0,S,0,0.0105364348968,4,secondary grid,0.000487465106407,0.0845015043962,n/a (n_i = 0)
CGR,1T,2,4.0,0.8,1.0,S,0,0.0105364348968,6,secondary grid,NOT COMPUTED (YET),NOT COMPUTED (YET),NOT COMPUTED (YET) (s >= midpoint)
CGR,1T,2,4.0,0.8,1.0,S,0,0.0105364348968,8,secondary grid,NOT COMPUTED (YET),NOT COMPUTED (YET),NOT COMPUTED (YET) (s >= midpoint)
CGR,1T,2,4.0,0.9,1.0,N,2,6.26913766834,2,secondary grid,3.40229819056,4.99327901727,0.397352518918
CGR,1T,2,4.0,0.9,1.0,N,2,6.26913766834,4,secondary grid,6.1372450989,10.8852337424,0.866219378406
CGR,1T,2,4.0,0.9,1.0,N,2,6.26913766834,6,secondary grid,NOT COMPUTED (YET),NOT COMPUTED (YET),NOT COMPUTED (YET) (s >= midpoint)
CGR,1T,2,4.0,0.9,1.0,N,2,6.26913766834,8,secondary grid,NOT COMPUTED (YET),NOT COMPUTED (YET),NOT COMPUTED (YET) (s >= midpoint)
CGR,1T,2,4.0,0.9,1.0,S,0,0.0140476388383,2,secondary grid,2.11258012495e-05,0.0126648407733,n/a (n_i = 0)
CGR,1T,2,4.0,0.9,1.0,S,0,0.0140476388383,4,secondary grid,0.00122883025168,0.140831486817,n/a (n_i = 0)
CGR,1T,2,4.0,0.9,1.0,S,0,0.0140476388383,6,secondary grid,NOT COMPUTED (YET),NOT COMPUTED (YET),NOT COMPUTED (YET) (s >= midpoint)
CGR,1T,2,4.0,0.9,1.0,S,0,0.0140476388383,8,secondary grid,NOT COMPUTED (YET),NOT COMPUTED (YET),NOT COMPUTED (YET) (s >= midpoint)
CGR,1T,2,4.0,1,1.0,N,2,6.26527278209,2,secondary grid,3.74319549677,5.34414817954,0.425273799695
CGR,1T,2,4.0,1,1.0,N,2,6.26527278209,4,secondary grid,6.17065404351,11.0491295731,0.879261794213
CGR,1T,2,4.0,1,1.0,N,2,6.26527278209,6,secondary grid,NOT COMPUTED (YET),NOT COMPUTED (YET),NOT COMPUTED (YET) (s >= midpoint)
CGR,1T,2,4.0,1,1.0,N,2,6.26527278209,8,secondary grid,NOT COMPUTED (YET),NOT COMPUTED (YET),NOT COMPUTED (YET) (s >= midpoint)
CGR,1T,2,4.0,1,1.0,S,0,0.0179125250889,2,secondary grid,4.65266354465e-05,0.0197710805434,n/a (n_i = 0)
CGR,1T,2,4.0,1,1.0,S,0,0.0179125250889,4,secondary grid,0.00268058400959,0.217009379693,n/a (n_i = 0)
CGR,1T,2,4.0,1,1.0,S,0,0.0179125250889,6,secondary grid,NOT COMPUTED (YET),NOT COMPUTED (YET),NOT COMPUTED (YET) (s >= midpoint)
CGR,1T,2,4.0,1,1.0,S,0,0.0179125250889,8,secondary grid,NOT COMPUTED (YET),NOT COMPUTED (YET),NOT COMPUTED (YET) (s >= midpoint)
CGR,1T,2,99.0,0.5,1.0,N,2,6.28318530718,2,secondary grid,1.7199130411,3.11314275392,0.247736028919
CGR,1T,2,99.0,0.5,1.0,N,2,6.28318530718,4,secondary grid,5.69529863041,9.46124611707,0.75290204367
CGR,1T,2,99.0,0.5,1.0,N,2,6.28318530718,6,secondary grid,6.26769444573,12.0041837293,0.955262589148
CGR,1T,2,99.0,0.5,1.0,N,2,6.28318530718,8,secondary grid,6.28289022338,12.4789110592,0.993040189737
CGR,1T,2,99.0,0.5,1.0,N,2,6.28318530718,9.820722412,"s_c,delta (report-only extra)",6.28317756318,12.5508826162,0.998767504265
CGR,1T,2,99.0,0.5,1.0,S,0,1.51697935479e-24,2,secondary grid,0,0,n/a (n_i = 0)
CGR,1T,2,99.0,0.5,1.0,S,0,1.51697935479e-24,4,secondary grid,0,7.11525173594e-14,n/a (n_i = 0)
CGR,1T,2,99.0,0.5,1.0,S,0,1.51697935479e-24,6,secondary grid,0,2.44150794861e-13,n/a (n_i = 0)
CGR,1T,2,99.0,0.5,1.0,S,0,1.51697935479e-24,8,secondary grid,0,2.44150794861e-13,n/a (n_i = 0)
CGR,1T,2,99.0,0.6,1.0,N,2,6.28318530718,2,secondary grid,2.21303901176,3.67713728518,0.292617287682
CGR,1T,2,99.0,0.6,1.0,N,2,6.28318530718,4,secondary grid,5.93150743436,10.0047162248,0.796150020703
CGR,1T,2,99.0,0.6,1.0,N,2,6.28318530718,6,secondary grid,6.27496636664,12.1200718849,0.964484675556
CGR,1T,2,99.0,0.6,1.0,N,2,6.28318530718,8,secondary grid,6.28303120735,12.4973744852,0.994509462497
CGR,1T,2,99.0,0.6,1.0,N,2,6.28318530718,9.426120142,"s_c,delta (report-only extra)",6.28317641502,12.5485863136,0.99858477031
CGR,1T,2,99.0,0.6,1.0,S,0,1.7006839027e-22,2,secondary grid,0,0,n/a (n_i = 0)
CGR,1T,2,99.0,0.6,1.0,S,0,1.7006839027e-22,4,secondary grid,0,0,n/a (n_i = 0)
CGR,1T,2,99.0,0.6,1.0,S,0,1.7006839027e-22,6,secondary grid,0,0,n/a (n_i = 0)
CGR,1T,2,99.0,0.6,1.0,S,0,1.7006839027e-22,8,secondary grid,0,1.19982676331e-13,n/a (n_i = 0)
CGR,1T,2,99.0,0.7,1.0,N,2,6.28318530718,2,secondary grid,2.7133200992,4.1846257544,0.333001936901
CGR,1T,2,99.0,0.7,1.0,N,2,6.28318530718,4,secondary grid,6.05392794337,10.3671180149,0.824989038846
CGR,1T,2,99.0,0.7,1.0,N,2,6.28318530718,6,secondary grid,6.27818455123,12.1917051075,0.970185066285
CGR,1T,2,99.0,0.7,1.0,N,2,6.28318530718,8,secondary grid,6.28309235024,12.5086791895,0.995409062276
CGR,1T,2,99.0,0.7,1.0,N,2,6.28318530718,9.114466532,"s_c,delta (report-only extra)",6.28317530742,12.5463710928,0.998408488642
CGR,1T,2,99.0,0.7,1.0,S,0,7.1151124495e-21,2,secondary grid,0,0,n/a (n_i = 0)
CGR,1T,2,99.0,0.7,1.0,S,0,7.1151124495e-21,4,secondary grid,0,0,n/a (n_i = 0)
CGR,1T,2,99.0,0.7,1.0,S,0,7.1151124495e-21,6,secondary grid,0,0,n/a (n_i = 0)
CGR,1T,2,99.0,0.7,1.0,S,0,7.1151124495e-21,8,secondary grid,0,0,n/a (n_i = 0)
CGR,1T,2,99.0,0.8,1.0,N,2,6.28318530718,2,secondary grid,3.17565399841,4.63115270136,0.368535422317
CGR,1T,2,99.0,0.8,1.0,N,2,6.28318530718,4,secondary grid,6.12318547856,10.6220618479,0.845276824458
CGR,1T,2,99.0,0.8,1.0,N,2,6.28318530718,6,secondary grid,6.27984281122,12.2398585526,0.974016995693
CGR,1T,2,99.0,0.8,1.0,N,2,6.28318530718,8,secondary grid,6.28312349636,12.5162397482,0.996010712427
CGR,1T,2,99.0,0.8,1.0,N,2,6.28318530718,8.859403174,"s_c,delta (report-only extra)",6.28317423393,12.5442241168,0.998237637721
CGR,1T,2,99.0,0.8,1.0,S,0,1.45789234617e-19,2,secondary grid,0,0,n/a (n_i = 0)
CGR,1T,2,99.0,0.8,1.0,S,0,1.45789234617e-19,4,secondary grid,0,0,n/a (n_i = 0)
CGR,1T,2,99.0,0.8,1.0,S,0,1.45789234617e-19,6,secondary grid,0,0,n/a (n_i = 0)
CGR,1T,2,99.0,0.8,1.0,S,0,1.45789234617e-19,8,secondary grid,0,0,n/a (n_i = 0)
CGR,1T,2,99.0,0.9,1.0,N,2,6.28318530718,2,secondary grid,3.58014190367,5.01964133578,0.399450365569
CGR,1T,2,99.0,0.9,1.0,N,2,6.28318530718,4,secondary grid,6.16541344046,10.8095334563,0.860195341043
CGR,1T,2,99.0,0.9,1.0,N,2,6.28318530718,6,secondary grid,6.28079502016,12.2742444457,0.976753338122
CGR,1T,2,99.0,0.9,1.0,N,2,6.28318530718,8,secondary grid,6.28314125316,12.5216235351,0.996439140577
CGR,1T,2,99.0,0.9,1.0,N,2,6.28318530718,8.645054195,"s_c,delta (report-only extra)",6.28317318996,12.5421361772,0.99807148477
CGR,1T,2,99.0,0.9,1.0,S,0,1.78077810519e-18,2,secondary grid,0,0,n/a (n_i = 0)
CGR,1T,2,99.0,0.9,1.0,S,0,1.78077810519e-18,4,secondary grid,0,0,n/a (n_i = 0)
CGR,1T,2,99.0,0.9,1.0,S,0,1.78077810519e-18,6,secondary grid,0,0,n/a (n_i = 0)
CGR,1T,2,99.0,0.9,1.0,S,0,1.78077810519e-18,8,secondary grid,0,-1.11611791936e-14,n/a (n_i = 0)
CGR,1T,2,99.0,1,1.0,N,2,6.28318530718,2,secondary grid,3.92401702047,5.35637321525,0.426246637126
CGR,1T,2,99.0,1,1.0,N,2,6.28318530718,4,secondary grid,6.19279131917,10.9524394804,0.871567441108
CGR,1T,2,99.0,1,1.0,N,2,6.28318530718,6,secondary grid,6.28138757151,12.2999379891,0.978797965348
CGR,1T,2,99.0,1,1.0,N,2,6.28318530718,8,secondary grid,6.28315224997,12.5256406073,0.996758809022
CGR,1T,2,99.0,1,1.0,N,2,6.28318530718,8.461200585,"s_c,delta (report-only extra)",6.28317217205,12.540100362,0.997909479738
CGR,1T,2,99.0,1,1.0,S,0,1.47816228317e-17,2,secondary grid,0,0,n/a (n_i = 0)
CGR,1T,2,99.0,1,1.0,S,0,1.47816228317e-17,4,secondary grid,0,0,n/a (n_i = 0)
CGR,1T,2,99.0,1,1.0,S,0,1.47816228317e-17,6,secondary grid,0,0,n/a (n_i = 0)
CGR,1T,2,99.0,1,1.0,S,0,1.47816228317e-17,8,secondary grid,0,0,n/a (n_i = 0)
CGR,1T,3,1.0,0.5,1.0,N,3,8.78350547864,2,secondary grid,1.52968567679,3.05516578546,0.162081578907
CGR,1T,3,1.0,0.5,1.0,N,3,8.78350547864,4,secondary grid,5.99572968061,10.9323795743,0.579980749669
CGR,1T,3,1.0,0.5,1.0,N,3,8.78350547864,6,secondary grid,NOT COMPUTED (YET),NOT COMPUTED (YET),NOT COMPUTED (YET) (s >= midpoint)
CGR,1T,3,1.0,0.5,1.0,N,3,8.78350547864,8,secondary grid,NOT COMPUTED (YET),NOT COMPUTED (YET),NOT COMPUTED (YET) (s >= midpoint)
CGR,1T,3,1.0,0.5,1.0,S,0,0.64127248213,2,secondary grid,0.00106830038777,0.0674392640443,n/a (n_i = 0)
CGR,1T,3,1.0,0.5,1.0,S,0,0.64127248213,4,secondary grid,0.0547192468631,0.721493990259,n/a (n_i = 0)
CGR,1T,3,1.0,0.5,1.0,S,0,0.64127248213,6,secondary grid,NOT COMPUTED (YET),NOT COMPUTED (YET),NOT COMPUTED (YET) (s >= midpoint)
CGR,1T,3,1.0,0.5,1.0,S,0,0.64127248213,8,secondary grid,NOT COMPUTED (YET),NOT COMPUTED (YET),NOT COMPUTED (YET) (s >= midpoint)
CGR,1T,3,1.0,0.6,1.0,N,3,8.72779899848,2,secondary grid,1.83748282376,3.64459963297,0.193352015726
CGR,1T,3,1.0,0.6,1.0,N,3,8.72779899848,4,secondary grid,7.00745538215,12.3595381367,0.655693862932
CGR,1T,3,1.0,0.6,1.0,N,3,8.72779899848,6,secondary grid,NOT COMPUTED (YET),NOT COMPUTED (YET),NOT COMPUTED (YET) (s >= midpoint)
CGR,1T,3,1.0,0.6,1.0,N,3,8.72779899848,8,secondary grid,NOT COMPUTED (YET),NOT COMPUTED (YET),NOT COMPUTED (YET) (s >= midpoint)
CGR,1T,3,1.0,0.6,1.0,S,0,0.696978962292,2,secondary grid,0.00297619978859,0.123088520621,n/a (n_i = 0)
CGR,1T,3,1.0,0.6,1.0,S,0,0.696978962292,4,secondary grid,0.140666464655,1.25989754139,n/a (n_i = 0)
CGR,1T,3,1.0,0.6,1.0,S,0,0.696978962292,6,secondary grid,NOT COMPUTED (YET),NOT COMPUTED (YET),NOT COMPUTED (YET) (s >= midpoint)
CGR,1T,3,1.0,0.6,1.0,S,0,0.696978962292,8,secondary grid,NOT COMPUTED (YET),NOT COMPUTED (YET),NOT COMPUTED (YET) (s >= midpoint)
CGR,1T,3,1.0,0.7,1.0,N,3,8.67772763094,2,secondary grid,2.16631283963,4.22329984977,0.22405301575
CGR,1T,3,1.0,0.7,1.0,N,3,8.67772763094,4,secondary grid,7.72140552748,13.4516249739,0.713630869069
CGR,1T,3,1.0,0.7,1.0,N,3,8.67772763094,6,secondary grid,NOT COMPUTED (YET),NOT COMPUTED (YET),NOT COMPUTED (YET) (s >= midpoint)
CGR,1T,3,1.0,0.7,1.0,N,3,8.67772763094,8,secondary grid,NOT COMPUTED (YET),NOT COMPUTED (YET),NOT COMPUTED (YET) (s >= midpoint)
CGR,1T,3,1.0,0.7,1.0,S,0,0.747050329829,2,secondary grid,0.0065949863889,0.197602554391,n/a (n_i = 0)
CGR,1T,3,1.0,0.7,1.0,S,0,0.747050329829,4,secondary grid,0.285720002681,1.93042506758,n/a (n_i = 0)
CGR,1T,3,1.0,0.7,1.0,S,0,0.747050329829,6,secondary grid,NOT COMPUTED (YET),NOT COMPUTED (YET),NOT COMPUTED (YET) (s >= midpoint)
CGR,1T,3,1.0,0.7,1.0,S,0,0.747050329829,8,secondary grid,NOT COMPUTED (YET),NOT COMPUTED (YET),NOT COMPUTED (YET) (s >= midpoint)
CGR,1T,3,1.0,0.8,1.0,N,3,8.63214705226,2,secondary grid,2.52424165284,4.7863163624,0.253921969426
CGR,1T,3,1.0,0.8,1.0,N,3,8.63214705226,4,secondary grid,8.19914822437,14.2846177545,0.7578225086
CGR,1T,3,1.0,0.8,1.0,N,3,8.63214705226,6,secondary grid,NOT COMPUTED (YET),NOT COMPUTED (YET),NOT COMPUTED (YET) (s >= midpoint)
CGR,1T,3,1.0,0.8,1.0,N,3,8.63214705226,8,secondary grid,NOT COMPUTED (YET),NOT COMPUTED (YET),NOT COMPUTED (YET) (s >= midpoint)
CGR,1T,3,1.0,0.8,1.0,S,0,0.792630908506,2,secondary grid,0.0125054678467,0.29048188992,n/a (n_i = 0)
CGR,1T,3,1.0,0.8,1.0,S,0,0.792630908506,4,secondary grid,0.495094792665,2.70532812094,n/a (n_i = 0)
CGR,1T,3,1.0,0.8,1.0,S,0,0.792630908506,6,secondary grid,NOT COMPUTED (YET),NOT COMPUTED (YET),NOT COMPUTED (YET) (s >= midpoint)
CGR,1T,3,1.0,0.8,1.0,S,0,0.792630908506,8,secondary grid,NOT COMPUTED (YET),NOT COMPUTED (YET),NOT COMPUTED (YET) (s >= midpoint)
CGR,1T,3,1.0,0.9,1.0,N,3,8.59025466762,2,secondary grid,2.90785723808,5.32807745305,0.282663287943
CGR,1T,3,1.0,0.9,1.0,N,3,8.59025466762,4,secondary grid,8.51763145079,14.9290267655,0.792009468427
CGR,1T,3,1.0,0.9,1.0,N,3,8.59025466762,6,secondary grid,NOT COMPUTED (YET),NOT COMPUTED (YET),NOT COMPUTED (YET) (s >= midpoint)
CGR,1T,3,1.0,0.9,1.0,N,3,8.59025466762,8,secondary grid,NOT COMPUTED (YET),NOT COMPUTED (YET),NOT COMPUTED (YET) (s >= midpoint)
CGR,1T,3,1.0,0.9,1.0,S,0,0.834523293153,2,secondary grid,0.0212072509643,0.400692034649,n/a (n_i = 0)
CGR,1T,3,1.0,0.9,1.0,S,0,0.834523293153,4,secondary grid,0.766803082924,3.5566150268,n/a (n_i = 0)
CGR,1T,3,1.0,0.9,1.0,S,0,0.834523293153,6,secondary grid,NOT COMPUTED (YET),NOT COMPUTED (YET),NOT COMPUTED (YET) (s >= midpoint)
CGR,1T,3,1.0,0.9,1.0,S,0,0.834523293153,8,secondary grid,NOT COMPUTED (YET),NOT COMPUTED (YET),NOT COMPUTED (YET) (s >= midpoint)
CGR,1T,3,1.0,1,1.0,N,3,8.55146103485,2,secondary grid,3.30567615687,5.84390424001,0.310028748918
CGR,1T,3,1.0,1,1.0,N,3,8.55146103485,4,secondary grid,NOT COMPUTED (YET),NOT COMPUTED (YET),NOT COMPUTED (YET) (s >= midpoint)
CGR,1T,3,1.0,1,1.0,N,3,8.55146103485,6,secondary grid,NOT COMPUTED (YET),NOT COMPUTED (YET),NOT COMPUTED (YET) (s >= midpoint)
CGR,1T,3,1.0,1,1.0,N,3,8.55146103485,8,secondary grid,NOT COMPUTED (YET),NOT COMPUTED (YET),NOT COMPUTED (YET) (s >= midpoint)
CGR,1T,3,1.0,1,1.0,S,0,0.873316925921,2,secondary grid,0.0330919544452,0.526923782727,n/a (n_i = 0)
CGR,1T,3,1.0,1,1.0,S,0,0.873316925921,4,secondary grid,NOT COMPUTED (YET),NOT COMPUTED (YET),NOT COMPUTED (YET) (s >= midpoint)
CGR,1T,3,1.0,1,1.0,S,0,0.873316925921,6,secondary grid,NOT COMPUTED (YET),NOT COMPUTED (YET),NOT COMPUTED (YET) (s >= midpoint)
CGR,1T,3,1.0,1,1.0,S,0,0.873316925921,8,secondary grid,NOT COMPUTED (YET),NOT COMPUTED (YET),NOT COMPUTED (YET) (s >= midpoint)
CGR,1T,3,24.0,0.5,1.0,N,3,9.42477796077,2,secondary grid,1.57671468694,3.13398901984,0.166263281368
CGR,1T,3,24.0,0.5,1.0,N,3,9.42477796077,4,secondary grid,6.82543545599,11.5560475814,0.613067365064
CGR,1T,3,24.0,0.5,1.0,N,3,9.42477796077,6,secondary grid,9.30591129612,17.2867699096,0.917091627068
CGR,1T,3,24.0,0.5,1.0,N,3,9.42477796077,8,secondary grid,9.42229760944,18.6018677906,0.986859736538
CGR,1T,3,24.0,0.5,1.0,N,3,9.42477796077,10.89416625,"s_c,delta (report-only extra)",9.42477025504,18.8341444749,0.999182397363
CGR,1T,3,24.0,0.5,1.0,S,0,4.35241774819e-13,2,secondary grid,0,0,n/a (n_i = 0)
CGR,1T,3,24.0,0.5,1.0,S,0,4.35241774819e-13,4,secondary grid,0,0,n/a (n_i = 0)
CGR,1T,3,24.0,0.5,1.0,S,0,4.35241774819e-13,6,secondary grid,0,3.69993090269e-12,n/a (n_i = 0)
CGR,1T,3,24.0,0.5,1.0,S,0,4.35241774819e-13,8,secondary grid,0,3.9613815253e-11,n/a (n_i = 0)
CGR,1T,3,24.0,0.6,1.0,N,3,9.42477796076,2,secondary grid,1.93048637069,3.75477159356,0.199196819765
CGR,1T,3,24.0,0.6,1.0,N,3,9.42477796076,4,secondary grid,7.76062937983,12.8694729518,0.68274674509
CGR,1T,3,24.0,0.6,1.0,N,3,9.42477796076,6,secondary grid,9.36830594269,17.6877374599,0.938363616286
CGR,1T,3,24.0,0.6,1.0,N,3,9.42477796076,8,secondary grid,9.42365852146,18.6690337282,0.990423000198
CGR,1T,3,24.0,0.6,1.0,N,3,9.42477796076,10.43079251,"s_c,delta (report-only extra)",9.42476923261,18.8320995998,0.99907391337
CGR,1T,3,24.0,0.6,1.0,S,0,5.57749825567e-12,2,secondary grid,0,0,n/a (n_i = 0)
CGR,1T,3,24.0,0.6,1.0,S,0,5.57749825567e-12,4,secondary grid,0,8.88987922772e-12,n/a (n_i = 0)
CGR,1T,3,24.0,0.6,1.0,S,0,5.57749825567e-12,6,secondary grid,0,9.737291758e-11,n/a (n_i = 0)
CGR,1T,3,24.0,0.6,1.0,S,0,5.57749825567e-12,8,secondary grid,0,8.43927452073e-10,n/a (n_i = 0)
CGR,1T,3,24.0,0.7,1.0,N,3,9.42477796073,2,secondary grid,2.33860040576,4.36343792614,0.231487571606
CGR,1T,3,24.0,0.7,1.0,N,3,9.42477796073,4,secondary grid,8.32682196277,13.8104030823,0.732664638877
CGR,1T,3,24.0,0.7,1.0,N,3,9.42477796073,6,secondary grid,9.39355194886,17.9260377048,0.951005836922
CGR,1T,3,24.0,0.7,1.0,N,3,9.42477796073,8,secondary grid,9.42417510652,18.7077614786,0.992477571167
CGR,1T,3,24.0,0.7,1.0,N,3,9.42477796073,10.06742533,"s_c,delta (report-only extra)",9.42476826887,18.8301721274,0.998971657785
CGR,1T,3,24.0,0.7,1.0,S,0,4.05497163208e-11,2,secondary grid,0,6.73298134856e-12,n/a (n_i = 0)
CGR,1T,3,24.0,0.7,1.0,S,0,4.05497163208e-11,4,secondary grid,0,1.11832225225e-10,n/a (n_i = 0)
CGR,1T,3,24.0,0.7,1.0,S,0,4.05497163208e-11,6,secondary grid,0,1.05744918093e-09,n/a (n_i = 0)
CGR,1T,3,24.0,0.7,1.0,S,0,4.05497163208e-11,8,secondary grid,0,9.00749015348e-09,n/a (n_i = 0)
CGR,1T,3,24.0,0.8,1.0,N,3,9.42477796057,2,secondary grid,2.79990977129,4.94985354545,0.262597886446
CGR,1T,3,24.0,0.8,1.0,N,3,9.42477796057,4,secondary grid,8.66869148931,14.4944180433,0.768952759611
CGR,1T,3,24.0,0.8,1.0,N,3,9.42477796057,6,secondary grid,9.40552872009,18.0806349663,0.959207476373
CGR,1T,3,24.0,0.8,1.0,N,3,9.42477796057,8,secondary grid,9.42441193522,18.7324840683,0.993789145288
CGR,1T,3,24.0,0.8,1.0,N,3,9.42477796057,9.772106343,"s_c,delta (report-only extra)",9.4247673556,18.8283455835,0.99887475662
CGR,1T,3,24.0,0.8,1.0,S,0,2.00822984755e-10,2,secondary grid,0,6.11130366747e-11,n/a (n_i = 0)
CGR,1T,3,24.0,0.8,1.0,S,0,2.00822984755e-10,4,secondary grid,0,7.73503201656e-10,n/a (n_i = 0)
CGR,1T,3,24.0,0.8,1.0,S,0,2.00822984755e-10,6,secondary grid,0,7.18491981646e-09,n/a (n_i = 0)
CGR,1T,3,24.0,0.8,1.0,S,0,2.00822984755e-10,8,secondary grid,0,6.08931614446e-08,n/a (n_i = 0)
CGR,1T,3,24.0,0.9,1.0,N,3,9.42477796001,2,secondary grid,3.29316668759,5.50493992091,0.292046133279
CGR,1T,3,24.0,0.9,1.0,N,3,9.42477796001,4,secondary grid,8.88154344439,15.004162157,0.795995524746
CGR,1T,3,24.0,0.9,1.0,N,3,9.42477796001,6,secondary grid,9.41192447801,18.1877064128,0.964887793032
CGR,1T,3,24.0,0.9,1.0,N,3,9.42477796001,8,secondary grid,9.42453585269,18.7494496202,0.994689195771
CGR,1T,3,24.0,0.9,1.0,N,3,9.42477796001,9.525623783,"s_c,delta (report-only extra)",9.42476648682,18.8266080303,0.998782576556
CGR,1T,3,24.0,0.9,1.0,S,0,7.56016999865e-10,2,secondary grid,0,3.11363415965e-10,n/a (n_i = 0)
CGR,1T,3,24.0,0.9,1.0,S,0,7.56016999865e-10,4,secondary grid,0,3.80718704444e-09,n/a (n_i = 0)
CGR,1T,3,24.0,0.9,1.0,S,0,7.56016999865e-10,6,secondary grid,0,3.51974901123e-08,n/a (n_i = 0)
CGR,1T,3,24.0,0.9,1.0,S,0,7.56016999865e-10,8,secondary grid,0,2.97247529432e-07,n/a (n_i = 0)
CGR,1T,3,24.0,1,1.0,N,3,9.42477795845,2,secondary grid,3.79172638174,6.02270674468,0.319514516403
CGR,1T,3,24.0,1,1.0,N,3,9.42477795845,4,secondary grid,9.01939895821,15.3940855152,0.816681601372
CGR,1T,3,24.0,1,1.0,N,3,9.42477795845,6,secondary grid,9.41566071605,18.2656579429,0.969023250145
CGR,1T,3,24.0,1,1.0,N,3,9.42477795845,8,secondary grid,9.4246072985,18.7617354717,0.995340980434
CGR,1T,3,24.0,1,1.0,N,3,9.42477795845,9.31563266,"s_c,delta (report-only extra)",9.42476565801,18.8249504143,0.998694637298
CGR,1T,3,24.0,1,1.0,S,0,2.32088310897e-09,2,secondary grid,0,1.20921610531e-09,n/a (n_i = 0)
CGR,1T,3,24.0,1,1.0,S,0,2.32088310897e-09,4,secondary grid,0,1.46751955442e-08,n/a (n_i = 0)
CGR,1T,3,24.0,1,1.0,S,0,2.32088310897e-09,6,secondary grid,0,1.35298171984e-07,n/a (n_i = 0)
CGR,1T,3,24.0,1,1.0,S,0,2.32088310897e-09,8,secondary grid,0,1.13875741429e-06,n/a (n_i = 0)
CGR,1T,3,4.0,0.5,1.0,N,3,9.42377447902,2,secondary grid,1.55942650663,3.10645212351,0.164802403645
CGR,1T,3,4.0,0.5,1.0,N,3,9.42377447902,4,secondary grid,6.55915499021,11.3605750748,0.602697226509
CGR,1T,3,4.0,0.5,1.0,N,3,9.42377447902,6,secondary grid,9.27290031914,17.2413066895,0.914679728331
CGR,1T,3,4.0,0.5,1.0,N,3,9.42377447902,8,secondary grid,9.42146432225,18.6101824251,0.987300841598
CGR,1T,3,4.0,0.5,1.0,S,0,0.00100348175067,2,secondary grid,1.66489635854e-09,8.48578200148e-05,n/a (n_i = 0)
CGR,1T,3,4.0,0.5,1.0,S,0,0.00100348175067,4,secondary grid,1.00232235901e-07,0.0010067044781,n/a (n_i = 0)
CGR,1T,3,4.0,0.5,1.0,S,0,0.00100348175067,6,secondary grid,5.55749734308e-06,0.00895498747288,n/a (n_i = 0)
CGR,1T,3,4.0,0.5,1.0,S,0,0.00100348175067,8,secondary grid,0.000302130970464,0.0713080367603,n/a (n_i = 0)
CGR,1T,3,4.0,0.6,1.0,N,3,9.4228067539,2,secondary grid,1.8951307512,3.71649888724,0.197166389633
CGR,1T,3,4.0,0.6,1.0,N,3,9.4228067539,4,secondary grid,7.5373382454,12.7169617609,0.674655775121
CGR,1T,3,4.0,0.6,1.0,N,3,9.4228067539,6,secondary grid,9.35269855135,17.6829526991,0.938109776842
CGR,1T,3,4.0,0.6,1.0,N,3,9.4228067539,8,secondary grid,NOT COMPUTED (YET),NOT COMPUTED (YET),NOT COMPUTED (YET) (s >= midpoint)
CGR,1T,3,4.0,0.6,1.0,S,0,0.00197120687176,2,secondary grid,1.48163202842e-08,0.000276791423015,n/a (n_i = 0)
CGR,1T,3,4.0,0.6,1.0,S,0,0.00197120687176,4,secondary grid,8.89046260861e-07,0.00326094058853,n/a (n_i = 0)
CGR,1T,3,4.0,0.6,1.0,S,0,0.00197120687176,6,secondary grid,4.91073558561e-05,0.0286381131751,n/a (n_i = 0)
CGR,1T,3,4.0,0.6,1.0,S,0,0.00197120687176,8,secondary grid,NOT COMPUTED (YET),NOT COMPUTED (YET),NOT COMPUTED (YET) (s >= midpoint)
CGR,1T,3,4.0,0.7,1.0,N,3,9.42144201891,2,secondary grid,2.27338051344,4.31528143425,0.228932790365
CGR,1T,3,4.0,0.7,1.0,N,3,9.42144201891,4,secondary grid,8.15653311375,13.7070544596,0.727181824158
CGR,1T,3,4.0,0.7,1.0,N,3,9.42144201891,6,secondary grid,9.38504003749,17.9452432158,0.952024720928
CGR,1T,3,4.0,0.7,1.0,N,3,9.42144201891,8,secondary grid,NOT COMPUTED (YET),NOT COMPUTED (YET),NOT COMPUTED (YET) (s >= midpoint)
CGR,1T,3,4.0,0.7,1.0,S,0,0.00333594185778,2,secondary grid,8.12314458368e-08,0.000698991761982,n/a (n_i = 0)
CGR,1T,3,4.0,0.7,1.0,S,0,0.00333594185778,4,secondary grid,4.86044740692e-06,0.00817686309312,n/a (n_i = 0)
CGR,1T,3,4.0,0.7,1.0,S,0,0.00333594185778,6,secondary grid,0.00026702816391,0.0708405445714,n/a (n_i = 0)
CGR,1T,3,4.0,0.7,1.0,S,0,0.00333594185778,8,secondary grid,NOT COMPUTED (YET),NOT COMPUTED (YET),NOT COMPUTED (YET) (s >= midpoint)
CGR,1T,3,4.0,0.8,1.0,N,3,9.41967627631,2,secondary grid,2.69792869801,4.89445009404,0.259658642061
CGR,1T,3,4.0,0.8,1.0,N,3,9.41967627631,4,secondary grid,8.54105252249,14.436071268,0.765857367042
CGR,1T,3,4.0,0.8,1.0,N,3,9.41967627631,6,secondary grid,9.40035385695,18.115467267,0.961055387321
CGR,1T,3,4.0,0.8,1.0,N,3,9.41967627631,8,secondary grid,NOT COMPUTED (YET),NOT COMPUTED (YET),NOT COMPUTED (YET) (s >= midpoint)
CGR,1T,3,4.0,0.8,1.0,S,0,0.0051016844598,2,secondary grid,3.20848552967e-07,0.0014829571819,n/a (n_i = 0)
CGR,1T,3,4.0,0.8,1.0,S,0,0.0051016844598,4,secondary grid,1.91384912184e-05,0.0172226181,n/a (n_i = 0)
CGR,1T,3,4.0,0.8,1.0,S,0,0.0051016844598,6,secondary grid,0.00104354412069,0.147047743684,n/a (n_i = 0)
CGR,1T,3,4.0,0.8,1.0,S,0,0.0051016844598,8,secondary grid,NOT COMPUTED (YET),NOT COMPUTED (YET),NOT COMPUTED (YET) (s >= midpoint)
CGR,1T,3,4.0,0.9,1.0,N,3,9.41752196911,2,secondary grid,3.15450120237,5.44594866776,0.2889165501
CGR,1T,3,4.0,0.9,1.0,N,3,9.41752196911,4,secondary grid,8.78476287701,14.9844774701,0.794951219672
CGR,1T,3,4.0,0.9,1.0,N,3,9.41752196911,6,secondary grid,9.40850926912,18.2336732047,0.967326407085
CGR,1T,3,4.0,0.9,1.0,N,3,9.41752196911,8,secondary grid,NOT COMPUTED (YET),NOT COMPUTED (YET),NOT COMPUTED (YET) (s >= midpoint)
CGR,1T,3,4.0,0.9,1.0,S,0,0.00725599166016,2,secondary grid,1.00248321532e-06,0.00277633470465,n/a (n_i = 0)
CGR,1T,3,4.0,0.9,1.0,S,0,0.00725599166016,4,secondary grid,5.95897060818e-05,0.0320050892864,n/a (n_i = 0)
CGR,1T,3,4.0,0.9,1.0,S,0,0.00725599166016,6,secondary grid,0.0032162700194,0.268992487878,n/a (n_i = 0)
CGR,1T,3,4.0,0.9,1.0,S,0,0.00725599166016,8,secondary grid,NOT COMPUTED (YET),NOT COMPUTED (YET),NOT COMPUTED (YET) (s >= midpoint)
CGR,1T,3,4.0,1,1.0,N,3,9.4150013414,2,secondary grid,3.62143767891,5.9639928218,0.316399646052
CGR,1T,3,4.0,1,1.0,N,3,9.4150013414,4,secondary grid,8.94445116843,15.4072237661,0.817378607231
CGR,1T,3,4.0,1,1.0,N,3,9.4150013414,6,secondary grid,9.41326079905,18.3201932074,0.971916435786
CGR,1T,3,4.0,1,1.0,N,3,9.4150013414,8,secondary grid,NOT COMPUTED (YET),NOT COMPUTED (YET),NOT COMPUTED (YET) (s >= midpoint)
CGR,1T,3,4.0,1,1.0,S,0,0.00977661936803,2,secondary grid,2.6307155648e-06,0.00473404017268,n/a (n_i = 0)
CGR,1T,3,4.0,1,1.0,S,0,0.00977661936803,4,secondary grid,0.000155761180776,0.0541587407461,n/a (n_i = 0)
CGR,1T,3,4.0,1,1.0,S,0,0.00977661936803,6,secondary grid,0.00829676379969,0.447499125141,n/a (n_i = 0)
CGR,1T,3,4.0,1,1.0,S,0,0.00977661936803,8,secondary grid,NOT COMPUTED (YET),NOT COMPUTED (YET),NOT COMPUTED (YET) (s >= midpoint)
CGR,1T,3,99.0,0.5,1.0,N,3,9.42477796077,2,secondary grid,1.58008356901,3.13916475322,0.166537862552
CGR,1T,3,99.0,0.5,1.0,N,3,9.42477796077,4,secondary grid,6.87251485169,11.5904284361,0.61489132605
CGR,1T,3,99.0,0.5,1.0,N,3,9.42477796077,6,secondary grid,9.31092672293,17.2940630584,0.917478540629
CGR,1T,3,99.0,0.5,1.0,N,3,9.42477796077,8,secondary grid,9.42241982415,18.6005256615,0.986788534378
CGR,1T,3,99.0,0.5,1.0,N,3,9.42477796077,10.81425989,"s_c,delta (report-only extra)",9.42476939291,18.8324202171,0.999090922643
CGR,1T,3,99.0,0.5,1.0,S,0,1.89435607612e-25,2,secondary grid,0,0,n/a (n_i = 0)
CGR,1T,3,99.0,0.5,1.0,S,0,1.89435607612e-25,4,secondary grid,0,0,n/a (n_i = 0)
CGR,1T,3,99.0,0.5,1.0,S,0,1.89435607612e-25,6,secondary grid,0,0,n/a (n_i = 0)
CGR,1T,3,99.0,0.5,1.0,S,0,1.89435607612e-25,8,secondary grid,0,2.23223583873e-14,n/a (n_i = 0)
CGR,1T,3,99.0,0.6,1.0,N,3,9.42477796077,2,secondary grid,1.93748728411,3.76193645271,0.199576927349
CGR,1T,3,99.0,0.6,1.0,N,3,9.42477796077,4,secondary grid,7.79862450384,12.8956463889,0.684135289055
CGR,1T,3,99.0,0.6,1.0,N,3,9.42477796077,6,secondary grid,9.3706729106,17.6883611194,0.93839670245
CGR,1T,3,99.0,0.6,1.0,N,3,9.42477796077,8,secondary grid,9.4237116433,18.6667179415,0.990300143899
CGR,1T,3,99.0,0.6,1.0,N,3,9.42477796077,10.34621093,"s_c,delta (report-only extra)",9.4247681421,18.8299185941,0.998958207425
CGR,1T,3,99.0,0.6,1.0,S,0,2.51164116981e-25,2,secondary grid,0,0,n/a (n_i = 0)
CGR,1T,3,99.0,0.6,1.0,S,0,2.51164116981e-25,4,secondary grid,0,0,n/a (n_i = 0)
CGR,1T,3,99.0,0.6,1.0,S,0,2.51164116981e-25,6,secondary grid,0,0,n/a (n_i = 0)
CGR,1T,3,99.0,0.6,1.0,S,0,2.51164116981e-25,8,secondary grid,0,0,n/a (n_i = 0)
CGR,1T,3,99.0,0.7,1.0,N,3,9.42477796077,2,secondary grid,2.35142297938,4.37238944703,0.231962464539
CGR,1T,3,99.0,0.7,1.0,N,3,9.42477796077,4,secondary grid,8.35513056066,13.8277580893,0.733585350599
CGR,1T,3,99.0,0.7,1.0,N,3,9.42477796077,6,secondary grid,9.39484637308,17.9227546372,0.950831664776
CGR,1T,3,99.0,0.7,1.0,N,3,9.42477796077,8,secondary grid,9.42420301494,18.7049302663,0.992327370691
CGR,1T,3,99.0,0.7,1.0,N,3,9.42477796077,9.977963916,"s_c,delta (report-only extra)",9.42476693463,18.8275036541,0.998830090879
CGR,1T,3,99.0,0.7,1.0,S,0,1.19256729778e-24,2,secondary grid,0,0,n/a (n_i = 0)
CGR,1T,3,99.0,0.7,1.0,S,0,1.19256729778e-24,4,secondary grid,0,0,n/a (n_i = 0)
CGR,1T,3,99.0,0.7,1.0,S,0,1.19256729778e-24,6,secondary grid,0,0,n/a (n_i = 0)
CGR,1T,3,99.0,0.7,1.0,S,0,1.19256729778e-24,8,secondary grid,0,0,n/a (n_i = 0)
CGR,1T,3,99.0,0.8,1.0,N,3,9.42477796077,2,secondary grid,2.81964605586,4.96006145709,0.263139432978
CGR,1T,3,99.0,0.8,1.0,N,3,9.42477796077,4,secondary grid,8.68960795626,14.5039388447,0.769457853814
CGR,1T,3,99.0,0.8,1.0,N,3,9.42477796077,6,secondary grid,9.4063194635,18.0748227508,0.958899128769
CGR,1T,3,99.0,0.8,1.0,N,3,9.42477796077,8,secondary grid,9.42442862834,18.7293293187,0.993621780621
CGR,1T,3,99.0,0.8,1.0,N,3,9.42477796077,9.677654022,"s_c,delta (report-only extra)",9.42476576318,18.8251607498,0.998705795944
CGR,1T,3,99.0,0.8,1.0,S,0,1.26856185963e-23,2,secondary grid,0,0,n/a (n_i = 0)
CGR,1T,3,99.0,0.8,1.0,S,0,1.26856185963e-23,4,secondary grid,0,0,n/a (n_i = 0)
CGR,1T,3,99.0,0.8,1.0,S,0,1.26856185963e-23,6,secondary grid,0,0,n/a (n_i = 0)
CGR,1T,3,99.0,0.8,1.0,S,0,1.26856185963e-23,8,secondary grid,0,0,n/a (n_i = 0)
CGR,1T,3,99.0,0.9,1.0,N,3,9.42477796077,2,secondary grid,3.31955851763,5.51570592778,0.292617287682
CGR,1T,3,99.0,0.9,1.0,N,3,9.42477796077,4,secondary grid,8.89726115154,15.0070743372,0.796150020703
CGR,1T,3,99.0,0.9,1.0,N,3,9.42477796077,6,secondary grid,9.41244954997,18.1801078274,0.964484675556
CGR,1T,3,99.0,0.9,1.0,N,3,9.42477796077,8,secondary grid,9.42454681102,18.7460617278,0.994509462497
CGR,1T,3,99.0,0.9,1.0,N,3,9.42477796077,9.426120142,"s_c,delta (report-only extra)",9.42476462254,18.8228794704,0.99858477031
CGR,1T,3,99.0,0.9,1.0,S,0,2.51620580487e-22,2,secondary grid,0,0,n/a (n_i = 0)
CGR,1T,3,99.0,0.9,1.0,S,0,2.51620580487e-22,4,secondary grid,0,0,n/a (n_i = 0)
CGR,1T,3,99.0,0.9,1.0,S,0,2.51620580487e-22,6,secondary grid,0,0,n/a (n_i = 0)
CGR,1T,3,99.0,0.9,1.0,S,0,2.51620580487e-22,8,secondary grid,0,0,n/a (n_i = 0)
CGR,1T,3,99.0,1,1.0,N,3,9.42477796077,2,secondary grid,3.82364686972,6.03331911601,0.320077520188
CGR,1T,3,99.0,1,1.0,N,3,9.42477796077,4,secondary grid,9.03150164225,15.3914595679,0.816542290543
CGR,1T,3,99.0,1,1.0,N,3,9.42477796077,6,secondary grid,9.41603239795,18.2567022311,0.968548134881
CGR,1T,3,99.0,1,1.0,N,3,9.42477796077,8,secondary grid,9.42461500752,18.7581607143,0.995151333664
CGR,1T,3,99.0,1,1.0,N,3,9.42477796077,9.211044837,"s_c,delta (report-only extra)",9.42476350883,18.8206520632,0.998466602688
CGR,1T,3,99.0,1,1.0,S,0,3.37832608725e-21,2,secondary grid,0,0,n/a (n_i = 0)
CGR,1T,3,99.0,1,1.0,S,0,3.37832608725e-21,4,secondary grid,0,0,n/a (n_i = 0)
CGR,1T,3,99.0,1,1.0,S,0,3.37832608725e-21,6,secondary grid,0,0,n/a (n_i = 0)
CGR,1T,3,99.0,1,1.0,S,0,3.37832608725e-21,8,secondary grid,0,-1.72998277501e-13,n/a (n_i = 0)
CGR,1T,4,1.0,0.5,1.0,N,4,11.8184076949,2,secondary grid,1.5383748355,3.07668474787,0.12241739649
CGR,1T,4,1.0,0.5,1.0,N,4,11.8184076949,4,secondary grid,5.91985225506,11.513830465,0.458120758105
CGR,1T,4,1.0,0.5,1.0,N,4,11.8184076949,6,secondary grid,11.441640928,20.9246647098,0.832565955277
CGR,1T,4,1.0,0.5,1.0,N,4,11.8184076949,8,secondary grid,NOT COMPUTED (YET),NOT COMPUTED (YET),NOT COMPUTED (YET) (s >= midpoint)
CGR,1T,4,1.0,0.5,1.0,S,0,0.747962919457,2,secondary grid,0.000231756832047,0.0314952345416,n/a (n_i = 0)
CGR,1T,4,1.0,0.5,1.0,S,0,0.747962919457,4,secondary grid,0.0129103077536,0.353962972074,n/a (n_i = 0)
CGR,1T,4,1.0,0.5,1.0,S,0,0.747962919457,6,secondary grid,0.482350500807,2.60888726486,n/a (n_i = 0)
CGR,1T,4,1.0,0.5,1.0,S,0,0.747962919457,8,secondary grid,NOT COMPUTED (YET),NOT COMPUTED (YET),NOT COMPUTED (YET) (s >= midpoint)
CGR,1T,4,1.0,0.6,1.0,N,4,11.7519734645,2,secondary grid,1.83896296183,3.67656859615,0.146286016424
CGR,1T,4,1.0,0.6,1.0,N,4,11.7519734645,4,secondary grid,7.18765252686,13.4380558679,0.534683254232
CGR,1T,4,1.0,0.6,1.0,N,4,11.7519734645,6,secondary grid,NOT COMPUTED (YET),NOT COMPUTED (YET),NOT COMPUTED (YET) (s >= midpoint)
CGR,1T,4,1.0,0.6,1.0,N,4,11.7519734645,8,secondary grid,NOT COMPUTED (YET),NOT COMPUTED (YET),NOT COMPUTED (YET) (s >= midpoint)
CGR,1T,4,1.0,0.6,1.0,S,0,0.814397149878,2,secondary grid,0.000754332374522,0.0621401278821,n/a (n_i = 0)
CGR,1T,4,1.0,0.6,1.0,S,0,0.814397149878,4,secondary grid,0.040065209481,0.678695875938,n/a (n_i = 0)
CGR,1T,4,1.0,0.6,1.0,S,0,0.814397149878,6,secondary grid,NOT COMPUTED (YET),NOT COMPUTED (YET),NOT COMPUTED (YET) (s >= midpoint)
CGR,1T,4,1.0,0.6,1.0,S,0,0.814397149878,8,secondary grid,NOT COMPUTED (YET),NOT COMPUTED (YET),NOT COMPUTED (YET) (s >= midpoint)
CGR,1T,4,1.0,0.7,1.0,N,4,11.6919590069,2,secondary grid,2.14058311526,4.27110636062,0.169941922441
CGR,1T,4,1.0,0.7,1.0,N,4,11.6919590069,4,secondary grid,8.3687345936,15.0985431834,0.600751945283
CGR,1T,4,1.0,0.7,1.0,N,4,11.6919590069,6,secondary grid,NOT COMPUTED (YET),NOT COMPUTED (YET),NOT COMPUTED (YET) (s >= midpoint)
CGR,1T,4,1.0,0.7,1.0,N,4,11.6919590069,8,secondary grid,NOT COMPUTED (YET),NOT COMPUTED (YET),NOT COMPUTED (YET) (s >= midpoint)
CGR,1T,4,1.0,0.7,1.0,S,0,0.874411607415,2,secondary grid,0.00189102754216,0.106114647885,n/a (n_i = 0)
CGR,1T,4,1.0,0.7,1.0,S,0,0.874411607415,4,secondary grid,0.0950142917002,1.12313173372,n/a (n_i = 0)
CGR,1T,4,1.0,0.7,1.0,S,0,0.874411607415,6,secondary grid,NOT COMPUTED (YET),NOT COMPUTED (YET),NOT COMPUTED (YET) (s >= midpoint)
CGR,1T,4,1.0,0.7,1.0,S,0,0.874411607415,8,secondary grid,NOT COMPUTED (YET),NOT COMPUTED (YET),NOT COMPUTED (YET) (s >= midpoint)
CGR,1T,4,1.0,0.8,1.0,N,4,11.6370653313,2,secondary grid,2.44997709835,4.85946617729,0.193352015726
CGR,1T,4,1.0,0.8,1.0,N,4,11.6370653313,4,secondary grid,9.34327384286,16.4793841823,0.655693862932
CGR,1T,4,1.0,0.8,1.0,N,4,11.6370653313,6,secondary grid,NOT COMPUTED (YET),NOT COMPUTED (YET),NOT COMPUTED (YET) (s >= midpoint)
CGR,1T,4,1.0,0.8,1.0,N,4,11.6370653313,8,secondary grid,NOT COMPUTED (YET),NOT COMPUTED (YET),NOT COMPUTED (YET) (s >= midpoint)
CGR,1T,4,1.0,0.8,1.0,S,0,0.929305283057,2,secondary grid,0.00396826638554,0.164118027496,n/a (n_i = 0)
CGR,1T,4,1.0,0.8,1.0,S,0,0.929305283057,4,secondary grid,0.187555286208,1.67986338852,n/a (n_i = 0)
CGR,1T,4,1.0,0.8,1.0,S,0,0.929305283057,6,secondary grid,NOT COMPUTED (YET),NOT COMPUTED (YET),NOT COMPUTED (YET) (s >= midpoint)
CGR,1T,4,1.0,0.8,1.0,S,0,0.929305283057,8,secondary grid,NOT COMPUTED (YET),NOT COMPUTED (YET),NOT COMPUTED (YET) (s >= midpoint)
CGR,1T,4,1.0,0.9,1.0,N,4,11.5863825845,2,secondary grid,2.77533289545,5.4398367911,0.216444228729
CGR,1T,4,1.0,0.9,1.0,N,4,11.5863825845,4,secondary grid,10.0910418467,17.6079496686,0.700598056867
CGR,1T,4,1.0,0.9,1.0,N,4,11.5863825845,6,secondary grid,NOT COMPUTED (YET),NOT COMPUTED (YET),NOT COMPUTED (YET) (s >= midpoint)
CGR,1T,4,1.0,0.9,1.0,N,4,11.5863825845,8,secondary grid,NOT COMPUTED (YET),NOT COMPUTED (YET),NOT COMPUTED (YET) (s >= midpoint)
CGR,1T,4,1.0,0.9,1.0,S,0,0.979988029817,2,secondary grid,0.00732942173826,0.236294865249,n/a (n_i = 0)
CGR,1T,4,1.0,0.9,1.0,S,0,0.979988029817,4,secondary grid,0.324656516441,2.33584818177,n/a (n_i = 0)
CGR,1T,4,1.0,0.9,1.0,S,0,0.979988029817,6,secondary grid,NOT COMPUTED (YET),NOT COMPUTED (YET),NOT COMPUTED (YET) (s >= midpoint)
CGR,1T,4,1.0,0.9,1.0,S,0,0.979988029817,8,secondary grid,NOT COMPUTED (YET),NOT COMPUTED (YET),NOT COMPUTED (YET) (s >= midpoint)
CGR,1T,4,1.0,1,1.0,N,4,11.5392430422,2,secondary grid,3.12212543377,6.00949698574,0.239110287694
CGR,1T,4,1.0,1,1.0,N,4,11.5392430422,4,secondary grid,10.646199041,18.5276368557,0.73719124735
CGR,1T,4,1.0,1,1.0,N,4,11.5392430422,6,secondary grid,NOT COMPUTED (YET),NOT COMPUTED (YET),NOT COMPUTED (YET) (s >= midpoint)
CGR,1T,4,1.0,1,1.0,N,4,11.5392430422,8,secondary grid,NOT COMPUTED (YET),NOT COMPUTED (YET),NOT COMPUTED (YET) (s >= midpoint)
CGR,1T,4,1.0,1,1.0,S,0,1.02712757215,2,secondary grid,0.0123069216855,0.322403047621,n/a (n_i = 0)
CGR,1T,4,1.0,1,1.0,S,0,1.02712757215,4,secondary grid,0.509795979734,3.0754937701,n/a (n_i = 0)
CGR,1T,4,1.0,1,1.0,S,0,1.02712757215,6,secondary grid,NOT COMPUTED (YET),NOT COMPUTED (YET),NOT COMPUTED (YET) (s >= midpoint)
CGR,1T,4,1.0,1,1.0,S,0,1.02712757215,8,secondary grid,NOT COMPUTED (YET),NOT COMPUTED (YET),NOT COMPUTED (YET) (s >= midpoint)
CGR,1T,4,24.0,0.5,1.0,N,4,12.5663706144,2,secondary grid,1.56843853447,3.13635096108,0.124791439682
CGR,1T,4,24.0,0.5,1.0,N,4,12.5663706144,4,secondary grid,6.69027617305,12.2980129286,0.489322386947
CGR,1T,4,24.0,0.5,1.0,N,4,12.5663706144,6,secondary grid,12.0204533003,21.6432929826,0.861159265743
CGR,1T,4,24.0,0.5,1.0,N,4,12.5663706144,8,secondary grid,12.5528876519,24.5465447668,0.976675983865
CGR,1T,4,24.0,0.5,1.0,N,4,12.5663706144,11.7076728,"s_c,delta (report-only extra)",12.5663621796,25.1158716741,0.99932878175
CGR,1T,4,24.0,0.5,1.0,S,0,6.29973485195e-15,2,secondary grid,0,0,n/a (n_i = 0)
CGR,1T,4,24.0,0.5,1.0,S,0,6.29973485195e-15,4,secondary grid,0,0,n/a (n_i = 0)
CGR,1T,4,24.0,0.5,1.0,S,0,6.29973485195e-15,6,secondary grid,0,0,n/a (n_i = 0)
CGR,1T,4,24.0,0.5,1.0,S,0,6.29973485195e-15,8,secondary grid,0,0,n/a (n_i = 0)
CGR,1T,4,24.0,0.6,1.0,N,4,12.5663706144,2,secondary grid,1.88487229411,3.76218234723,0.149692479344
CGR,1T,4,24.0,0.6,1.0,N,4,12.5663706144,4,secondary grid,8.23790918733,14.2940417685,0.568741851055
CGR,1T,4,24.0,0.6,1.0,N,4,12.5663706144,6,secondary grid,12.3184222976,22.6307764344,0.900449983885
CGR,1T,4,24.0,0.6,1.0,N,4,12.5663706144,8,secondary grid,12.5609566439,24.7297228382,0.983964407747
CGR,1T,4,24.0,0.6,1.0,N,4,12.5663706144,11.17982784,"s_c,delta (report-only extra)",12.5663610558,25.1136240709,0.999239352458
CGR,1T,4,24.0,0.6,1.0,S,0,1.19250628122e-13,2,secondary grid,0,0,n/a (n_i = 0)
CGR,1T,4,24.0,0.6,1.0,S,0,1.19250628122e-13,4,secondary grid,0,0,n/a (n_i = 0)
CGR,1T,4,24.0,0.6,1.0,S,0,1.19250628122e-13,6,secondary grid,0,0,n/a (n_i = 0)
CGR,1T,4,24.0,0.6,1.0,S,0,1.19250628122e-13,8,secondary grid,0,7.3552170886e-12,n/a (n_i = 0)
CGR,1T,4,24.0,0.7,1.0,N,4,12.5663706144,2,secondary grid,2.21468380687,4.38643472272,0.174530692168
CGR,1T,4,24.0,0.7,1.0,N,4,12.5663706144,4,secondary grid,9.46980939578,15.901953886,0.632718641444
CGR,1T,4,24.0,0.7,1.0,N,4,12.5663706144,6,secondary grid,12.437043203,23.2129309434,0.923613175822
CGR,1T,4,24.0,0.7,1.0,N,4,12.5663706144,8,secondary grid,12.5637163298,24.8303333671,0.987967573497
CGR,1T,4,24.0,0.7,1.0,N,4,12.5663706144,10.76642081,"s_c,delta (report-only extra)",12.5663599911,25.1114948044,0.999154631635
CGR,1T,4,24.0,0.7,1.0,S,0,1.17480331754e-12,2,secondary grid,0,0,n/a (n_i = 0)
CGR,1T,4,24.0,0.7,1.0,S,0,1.17480331754e-12,4,secondary grid,0,0,n/a (n_i = 0)
CGR,1T,4,24.0,0.7,1.0,S,0,1.17480331754e-12,6,secondary grid,0,1.29999834658e-11,n/a (n_i = 0)
CGR,1T,4,24.0,0.7,1.0,S,0,1.17480331754e-12,8,secondary grid,0,1.23305917436e-10,n/a (n_i = 0)
CGR,1T,4,24.0,0.8,1.0,N,4,12.5663706144,2,secondary grid,2.57398182759,5.00636212475,0.199196819765
CGR,1T,4,24.0,0.8,1.0,N,4,12.5663706144,4,secondary grid,10.3475058398,17.1592972691,0.68274674509
CGR,1T,4,24.0,0.8,1.0,N,4,12.5663706144,6,secondary grid,12.4910745903,23.5836499466,0.938363616286
CGR,1T,4,24.0,0.8,1.0,N,4,12.5663706144,8,secondary grid,12.5648780286,24.8920449709,0.990423000198
CGR,1T,4,24.0,0.8,1.0,N,4,12.5663706144,10.43079251,"s_c,delta (report-only extra)",12.5663589768,25.1094661331,0.99907391337
CGR,1T,4,24.0,0.8,1.0,S,0,7.43666446115e-12,2,secondary grid,0,0,n/a (n_i = 0)
CGR,1T,4,24.0,0.8,1.0,S,0,7.43666446115e-12,4,secondary grid,0,1.17387702169e-11,n/a (n_i = 0)
CGR,1T,4,24.0,0.8,1.0,S,0,7.43666446115e-12,6,secondary grid,0,1.29592451617e-10,n/a (n_i = 0)
CGR,1T,4,24.0,0.8,1.0,S,0,7.43666446115e-12,8,secondary grid,0,1.12509150743e-09,n/a (n_i = 0)
CGR,1T,4,24.0,0.9,1.0,N,4,12.5663706143,2,secondary grid,2.9747882278,5.61727342208,0.223504207956
CGR,1T,4,24.0,0.9,1.0,N,4,12.5663706143,4,secondary grid,10.9482694042,18.1376457976,0.721673996184
CGR,1T,4,24.0,0.9,1.0,N,4,12.5663706143,6,secondary grid,12.518644841,23.8351445743,0.948370269579
CGR,1T,4,24.0,0.9,1.0,N,4,12.5663706143,8,secondary grid,12.5654443868,24.9330041176,0.992052712863
CGR,1T,4,24.0,0.9,1.0,N,4,12.5663706143,10.15092213,"s_c,delta (report-only extra)",12.5663580064,25.1075253128,0.998996690586
CGR,1T,4,24.0,0.9,1.0,S,0,3.43214831963e-11,2,secondary grid,0,4.86348383362e-12,n/a (n_i = 0)
CGR,1T,4,24.0,0.9,1.0,S,0,3.43214831963e-11,4,secondary grid,0,8.59773536233e-11,n/a (n_i = 0)
CGR,1T,4,24.0,0.9,1.0,S,0,3.43214831963e-11,6,secondary grid,0,8.18594365598e-10,n/a (n_i = 0)
CGR,1T,4,24.0,0.9,1.0,S,0,3.43214831963e-11,8,secondary grid,0,6.98254810562e-09,n/a (n_i = 0)
CGR,1T,4,24.0,1,1.0,N,4,12.5663706142,2,secondary grid,3.41818096073,6.21340461101,0.247223514318
CGR,1T,4,24.0,1,1.0,N,4,12.5663706142,4,secondary grid,11.3581901621,18.9047806586,0.752197322472
CGR,1T,4,24.0,1,1.0,N,4,12.5663706142,6,secondary grid,12.5340559267,24.0145933847,0.95551031088
CGR,1T,4,24.0,1,1.0,N,4,12.5663706142,8,secondary grid,12.5657520545,24.9618335718,0.993199800397
CGR,1T,4,24.0,1,1.0,N,4,12.5663706142,9.912669333,"s_c,delta (report-only extra)",12.5663570751,25.105662757,0.998922581845
CGR,1T,4,24.0,1,1.0,S,0,1.25222739474e-10,2,secondary grid,0,3.00542652736e-11,n/a (n_i = 0)
CGR,1T,4,24.0,1,1.0,S,0,1.25222739474e-10,4,secondary grid,0,4.11853092834e-10,n/a (n_i = 0)
CGR,1T,4,24.0,1,1.0,S,0,1.25222739474e-10,6,secondary grid,0,3.85422304386e-09,n/a (n_i = 0)
CGR,1T,4,24.0,1,1.0,S,0,1.25222739474e-10,8,secondary grid,0,3.27423208803e-08,n/a (n_i = 0)
CGR,1T,4,4.0,0.5,1.0,N,4,12.5659649392,2,secondary grid,1.55788890804,3.11549499115,0.123961607005
CGR,1T,4,4.0,0.5,1.0,N,4,12.5659649392,4,secondary grid,6.40810706712,12.0339134653,0.478814203187
CGR,1T,4,4.0,0.5,1.0,N,4,12.5659649392,6,secondary grid,11.8782744158,21.4452530344,0.853279506569
CGR,1T,4,4.0,0.5,1.0,N,4,12.5659649392,8,secondary grid,12.5479458224,24.5301297428,0.976022850814
CGR,1T,4,4.0,0.5,1.0,S,0,0.000405675175283,2,secondary grid,4.49976890665e-11,1.41807300286e-05,n/a (n_i = 0)
CGR,1T,4,4.0,0.5,1.0,S,0,0.000405675175283,4,secondary grid,2.79577075195e-09,0.000169678321862,n/a (n_i = 0)
CGR,1T,4,4.0,0.5,1.0,S,0,0.000405675175283,6,secondary grid,1.55609227285e-07,0.00153247117387,n/a (n_i = 0)
CGR,1T,4,4.0,0.5,1.0,S,0,0.000405675175283,8,secondary grid,8.52815342937e-06,0.0125105251568,n/a (n_i = 0)
CGR,1T,4,4.0,0.6,1.0,N,4,12.5654898115,2,secondary grid,1.86840262176,3.73224828338,0.148501440787
CGR,1T,4,4.0,0.6,1.0,N,4,12.5654898115,4,secondary grid,7.88323452857,14.0181975035,0.557766356479
CGR,1T,4,4.0,0.6,1.0,N,4,12.5654898115,6,secondary grid,12.2501871908,22.5279154596,0.896357275739
CGR,1T,4,4.0,0.6,1.0,N,4,12.5654898115,8,secondary grid,12.5590784734,24.733600183,0.984118682396
CGR,1T,4,4.0,0.6,1.0,S,0,0.000880802849464,2,secondary grid,5.71946256893e-10,5.45702141845e-05,n/a (n_i = 0)
CGR,1T,4,4.0,0.6,1.0,S,0,0.000880802849464,4,secondary grid,3.45323856781e-08,0.000649619663575,n/a (n_i = 0)
CGR,1T,4,4.0,0.6,1.0,S,0,0.000880802849464,6,secondary grid,1.91756540443e-06,0.00581435675767,n/a (n_i = 0)
CGR,1T,4,4.0,0.6,1.0,S,0,0.000880802849464,8,secondary grid,0.000104685287104,0.0467850364972,n/a (n_i = 0)
CGR,1T,4,4.0,0.7,1.0,N,4,12.5647582549,2,secondary grid,2.18712098684,4.34618005111,0.172929009675
CGR,1T,4,4.0,0.7,1.0,N,4,12.5647582549,4,secondary grid,9.12437373517,15.6533522398,0.62282709623
CGR,1T,4,4.0,0.7,1.0,N,4,12.5647582549,6,secondary grid,12.4011025277,23.1689655045,0.92186384659
CGR,1T,4,4.0,0.7,1.0,N,4,12.5647582549,8,secondary grid,12.5628375227,24.8440240378,0.988512307976
CGR,1T,4,4.0,0.7,1.0,S,0,0.00161235942652,2,secondary grid,4.0631407863e-09,0.000156753733719,n/a (n_i = 0)
CGR,1T,4,4.0,0.7,1.0,S,0,0.00161235942652,4,secondary grid,2.44335329612e-07,0.00185642544471,n/a (n_i = 0)
CGR,1T,4,4.0,0.7,1.0,S,0,0.00161235942652,6,secondary grid,1.35361400832e-05,0.016461808654,n/a (n_i = 0)
CGR,1T,4,4.0,0.7,1.0,S,0,0.00161235942652,8,secondary grid,0.000733857921733,0.13036267574,n/a (n_i = 0)
CGR,1T,4,4.0,0.8,1.0,N,4,12.5637423385,2,secondary grid,2.5268410016,4.95533184966,0.197166389633
CGR,1T,4,4.0,0.8,1.0,N,4,12.5637423385,4,secondary grid,10.0497843272,16.9559490146,0.674655775121
CGR,1T,4,4.0,0.8,1.0,N,4,12.5637423385,6,secondary grid,12.4702647351,23.5772702655,0.938109776842
CGR,1T,4,4.0,0.8,1.0,N,4,12.5637423385,8,secondary grid,NOT COMPUTED (YET),NOT COMPUTED (YET),NOT COMPUTED (YET) (s >= midpoint)
CGR,1T,4,4.0,0.8,1.0,S,0,0.00262827582903,2,secondary grid,1.97555857343e-08,0.000369055231722,n/a (n_i = 0)
CGR,1T,4,4.0,0.8,1.0,S,0,0.00262827582903,4,secondary grid,1.1853954507e-06,0.00434792078587,n/a (n_i = 0)
CGR,1T,4,4.0,0.8,1.0,S,0,0.00262827582903,6,secondary grid,6.54764748106e-05,0.0381841509015,n/a (n_i = 0)
CGR,1T,4,4.0,0.8,1.0,S,0,0.00262827582903,8,secondary grid,NOT COMPUTED (YET),NOT COMPUTED (YET),NOT COMPUTED (YET) (s >= midpoint)
CGR,1T,4,4.0,0.9,1.0,N,4,12.562427977,2,secondary grid,2.89900767507,5.55610927535,0.221070563883
CGR,1T,4,4.0,0.9,1.0,N,4,12.562427977,4,secondary grid,10.7044574524,17.9837106754,0.715549112279
CGR,1T,4,4.0,0.9,1.0,N,4,12.562427977,6,secondary grid,12.5055879817,23.8540940769,0.94912424633
CGR,1T,4,4.0,0.9,1.0,N,4,12.562427977,8,secondary grid,NOT COMPUTED (YET),NOT COMPUTED (YET),NOT COMPUTED (YET) (s >= midpoint)
CGR,1T,4,4.0,0.9,1.0,S,0,0.0039426373871,2,secondary grid,7.33355965746e-08,0.000753350017298,n/a (n_i = 0)
CGR,1T,4,4.0,0.9,1.0,S,0,0.0039426373871,4,secondary grid,4.39115837115e-06,0.00882848818078,n/a (n_i = 0)
CGR,1T,4,4.0,0.9,1.0,S,0,0.0039426373871,6,secondary grid,0.000241615072227,0.0767529765393,n/a (n_i = 0)
CGR,1T,4,4.0,0.9,1.0,S,0,0.0039426373871,8,secondary grid,NOT COMPUTED (YET),NOT COMPUTED (YET),NOT COMPUTED (YET) (s >= midpoint)
CGR,1T,4,4.0,1,1.0,N,4,12.5608117228,2,secondary grid,3.30726032953,6.14381167216,0.244454499262
CGR,1T,4,4.0,1,1.0,N,4,12.5608117228,4,secondary grid,11.1616779467,18.7979981026,0.747948579566
CGR,1T,4,4.0,1,1.0,N,4,12.5608117228,6,secondary grid,12.5253099359,24.0516037111,0.956982904979
CGR,1T,4,4.0,1,1.0,N,4,12.5608117228,8,secondary grid,NOT COMPUTED (YET),NOT COMPUTED (YET),NOT COMPUTED (YET) (s >= midpoint)
CGR,1T,4,4.0,1,1.0,S,0,0.00555889152195,2,secondary grid,2.22725666927e-07,0.00138239130111,n/a (n_i = 0)
CGR,1T,4,4.0,1,1.0,S,0,0.00555889152195,4,secondary grid,1.33066295828e-05,0.0161132405102,n/a (n_i = 0)
CGR,1T,4,4.0,1,1.0,S,0,0.00555889152195,6,secondary grid,0.000728519301409,0.138601733191,n/a (n_i = 0)
CGR,1T,4,4.0,1,1.0,S,0,0.00555889152195,8,secondary grid,NOT COMPUTED (YET),NOT COMPUTED (YET),NOT COMPUTED (YET) (s >= midpoint)
CGR,1T,4,99.0,0.5,1.0,N,4,12.5663706144,2,secondary grid,1.57042962341,3.14027358441,0.124947515905
CGR,1T,4,99.0,0.5,1.0,N,4,12.5663706144,4,secondary grid,6.74412445962,12.3463664559,0.49124631267
CGR,1T,4,99.0,0.5,1.0,N,4,12.5663706144,6,secondary grid,12.0425497569,21.6760008957,0.862460672254
CGR,1T,4,99.0,0.5,1.0,N,4,12.5663706144,8,secondary grid,12.5535995204,24.5491676011,0.976780343127
CGR,1T,4,99.0,0.5,1.0,N,4,12.5663706144,11.63301111,"s_c,delta (report-only extra)",12.5663613796,25.1142716597,0.999265119198
CGR,1T,4,99.0,0.5,1.0,S,0,2.77446800094e-25,2,secondary grid,0,0,n/a (n_i = 0)
CGR,1T,4,99.0,0.5,1.0,S,0,2.77446800094e-25,4,secondary grid,0,0,n/a (n_i = 0)
CGR,1T,4,99.0,0.5,1.0,S,0,2.77446800094e-25,6,secondary grid,0,0,n/a (n_i = 0)
CGR,1T,4,99.0,0.5,1.0,S,0,2.77446800094e-25,8,secondary grid,0,7.81282543554e-14,n/a (n_i = 0)
CGR,1T,4,99.0,0.6,1.0,N,4,12.5663706144,2,secondary grid,1.88803216642,3.7678126387,0.149916501523
CGR,1T,4,99.0,0.6,1.0,N,4,12.5663706144,4,secondary grid,8.30233368995,14.3432853038,0.57070118907
CGR,1T,4,99.0,0.6,1.0,N,4,12.5663706144,6,secondary grid,12.3288379491,22.6474850693,0.901114799346
CGR,1T,4,99.0,0.6,1.0,N,4,12.5663706144,8,secondary grid,12.5612300598,24.7290929391,0.98393934486
CGR,1T,4,99.0,0.6,1.0,N,4,12.5663706144,11.10212861,"s_c,delta (report-only extra)",12.5663600504,25.1116132882,0.999159345957
CGR,1T,4,99.0,0.6,1.0,S,0,1.2785859187e-25,2,secondary grid,0,0,n/a (n_i = 0)
CGR,1T,4,99.0,0.6,1.0,S,0,1.2785859187e-25,4,secondary grid,0,0,n/a (n_i = 0)
CGR,1T,4,99.0,0.6,1.0,S,0,1.2785859187e-25,6,secondary grid,0,0,n/a (n_i = 0)
CGR,1T,4,99.0,0.6,1.0,S,0,1.2785859187e-25,8,secondary grid,0,0,n/a (n_i = 0)
CGR,1T,4,99.0,0.7,1.0,N,4,12.5663706144,2,secondary grid,2.22009051954,4.39399583305,0.174831539189
CGR,1T,4,99.0,0.7,1.0,N,4,12.5663706144,4,secondary grid,9.53019184307,15.9453869156,0.634446786784
CGR,1T,4,99.0,0.7,1.0,N,4,12.5663706144,6,secondary grid,12.4424974581,23.2199168109,0.923891134657
CGR,1T,4,99.0,0.7,1.0,N,4,12.5663706144,8,secondary grid,12.5638457119,24.8281244682,0.987879684202
CGR,1T,4,99.0,0.7,1.0,N,4,12.5663706144,10.68537282,"s_c,delta (report-only extra)",12.5663587675,25.1090475372,0.999057257969
CGR,1T,4,99.0,0.7,1.0,S,0,1.52237506041e-24,2,secondary grid,0,0,n/a (n_i = 0)
CGR,1T,4,99.0,0.7,1.0,S,0,1.52237506041e-24,4,secondary grid,0,0,n/a (n_i = 0)
CGR,1T,4,99.0,0.7,1.0,S,0,1.52237506041e-24,6,secondary grid,0,0,n/a (n_i = 0)
CGR,1T,4,99.0,0.7,1.0,S,0,1.52237506041e-24,8,secondary grid,0,0,n/a (n_i = 0)
CGR,1T,4,99.0,0.8,1.0,N,4,12.5663706144,2,secondary grid,2.58331637881,5.01591527028,0.199576927349
CGR,1T,4,99.0,0.8,1.0,N,4,12.5663706144,4,secondary grid,10.3981660051,17.1941951853,0.684135289055
CGR,1T,4,99.0,0.8,1.0,N,4,12.5663706144,6,secondary grid,12.4942305475,23.5844814925,0.93839670245
CGR,1T,4,99.0,0.8,1.0,N,4,12.5663706144,8,secondary grid,12.5649488577,24.8889572554,0.990300143899
CGR,1T,4,99.0,0.8,1.0,N,4,12.5663706144,10.34621093,"s_c,delta (report-only extra)",12.5663575228,25.1065581255,0.998958207425
CGR,1T,4,99.0,0.8,1.0,S,0,9.07834194513e-25,2,secondary grid,0,0,n/a (n_i = 0)
CGR,1T,4,99.0,0.8,1.0,S,0,9.07834194513e-25,4,secondary grid,0,0,n/a (n_i = 0)
CGR,1T,4,99.0,0.8,1.0,S,0,9.07834194513e-25,6,secondary grid,0,0,n/a (n_i = 0)
CGR,1T,4,99.0,0.8,1.0,S,0,9.07834194513e-25,8,secondary grid,0,0,n/a (n_i = 0)
CGR,1T,4,99.0,0.9,1.0,N,4,12.5663706144,2,secondary grid,2.98973322459,5.62866551854,0.223957485072
CGR,1T,4,99.0,0.9,1.0,N,4,12.5663706144,4,secondary grid,10.9889952158,18.163639231,0.722708242037
CGR,1T,4,99.0,0.9,1.0,N,4,12.5663706144,6,secondary grid,12.5206285857,23.831848897,0.948239138743
CGR,1T,4,99.0,0.9,1.0,N,4,12.5663706144,8,secondary grid,12.5654874876,24.929368756,0.99190806642
CGR,1T,4,99.0,0.9,1.0,N,4,12.5663706144,10.06269342,"s_c,delta (report-only extra)",12.5663563105,25.1041335357,0.998861736062
CGR,1T,4,99.0,0.9,1.0,S,0,5.08652502086e-25,2,secondary grid,0,0,n/a (n_i = 0)
CGR,1T,4,99.0,0.9,1.0,S,0,5.08652502086e-25,4,secondary grid,0,0,n/a (n_i = 0)
CGR,1T,4,99.0,0.9,1.0,S,0,5.08652502086e-25,6,secondary grid,0,0,n/a (n_i = 0)
CGR,1T,4,99.0,0.9,1.0,S,0,5.08652502086e-25,8,secondary grid,0,0,n/a (n_i = 0)
CGR,1T,4,99.0,1,1.0,N,4,12.5663706144,2,secondary grid,3.4398260822,6.22628550785,0.247736028919
CGR,1T,4,99.0,1,1.0,N,4,12.5663706144,4,secondary grid,11.3905972608,18.9224922341,0.75290204367
CGR,1T,4,99.0,1,1.0,N,4,12.5663706144,6,secondary grid,12.5353888915,24.0083674585,0.955262589148
CGR,1T,4,99.0,1,1.0,N,4,12.5663706144,8,secondary grid,12.5657804468,24.9578221184,0.993040189737
CGR,1T,4,99.0,1,1.0,N,4,12.5663706144,9.820722412,"s_c,delta (report-only extra)",12.5663551264,25.1017652323,0.998767504265
CGR,1T,4,99.0,1,1.0,S,0,5.65115355521e-24,2,secondary grid,0,0,n/a (n_i = 0)
CGR,1T,4,99.0,1,1.0,S,0,5.65115355521e-24,4,secondary grid,0,0,n/a (n_i = 0)
CGR,1T,4,99.0,1,1.0,S,0,5.65115355521e-24,6,secondary grid,0,0,n/a (n_i = 0)
CGR,1T,4,99.0,1,1.0,S,0,5.65115355521e-24,8,secondary grid,0,0,n/a (n_i = 0)
CGR,2T,2,1.0,0.5,1.0,N,1,3.14159265359,2,secondary grid,1.83054759595,2.68372377721,0.427127905036
CGR,2T,2,1.0,0.5,1.0,N,1,3.14159265359,4,secondary grid,3.08925931049,5.84124453054,0.929662940843
CGR,2T,2,1.0,0.5,1.0,N,1,3.14159265359,6,secondary grid,NOT COMPUTED (YET),NOT COMPUTED (YET),NOT COMPUTED (YET) (s >= midpoint)
CGR,2T,2,1.0,0.5,1.0,N,1,3.14159265359,8,secondary grid,NOT COMPUTED (YET),NOT COMPUTED (YET),NOT COMPUTED (YET) (s >= midpoint)
CGR,2T,2,1.0,0.5,1.0,S,1,3.14159265359,2,secondary grid,1.83054759595,2.68372377721,0.427127905036
CGR,2T,2,1.0,0.5,1.0,S,1,3.14159265359,4,secondary grid,3.08925931049,5.84124453054,0.929662940843
CGR,2T,2,1.0,0.5,1.0,S,1,3.14159265359,6,secondary grid,NOT COMPUTED (YET),NOT COMPUTED (YET),NOT COMPUTED (YET) (s >= midpoint)
CGR,2T,2,1.0,0.5,1.0,S,1,3.14159265359,8,secondary grid,NOT COMPUTED (YET),NOT COMPUTED (YET),NOT COMPUTED (YET) (s >= midpoint)
CGR,2T,2,1.0,0.6,1.0,N,1,3.14159265359,2,secondary grid,2.09127021491,2.99623308544,0.476865306204
CGR,2T,2,1.0,0.6,1.0,N,1,3.14159265359,4,secondary grid,3.13345419913,6.21674051771,0.989424983313
CGR,2T,2,1.0,0.6,1.0,N,1,3.14159265359,6,secondary grid,NOT COMPUTED (YET),NOT COMPUTED (YET),NOT COMPUTED (YET) (s >= midpoint)
CGR,2T,2,1.0,0.6,1.0,N,1,3.14159265359,8,secondary grid,NOT COMPUTED (YET),NOT COMPUTED (YET),NOT COMPUTED (YET) (s >= midpoint)
CGR,2T,2,1.0,0.6,1.0,S,1,3.14159265359,2,secondary grid,2.09127021491,2.99623308544,0.476865306204
CGR,2T,2,1.0,0.6,1.0,S,1,3.14159265359,4,secondary grid,3.13345419913,6.21674051771,0.989424983314
CGR,2T,2,1.0,0.6,1.0,S,1,3.14159265359,6,secondary grid,NOT COMPUTED (YET),NOT COMPUTED (YET),NOT COMPUTED (YET) (s >= midpoint)
CGR,2T,2,1.0,0.6,1.0,S,1,3.14159265359,8,secondary grid,NOT COMPUTED (YET),NOT COMPUTED (YET),NOT COMPUTED (YET) (s >= midpoint)
CGR,2T,2,1.0,0.7,1.0,N,1,3.14159265359,2,secondary grid,2.27829713958,3.25602566926,0.518212580097
CGR,2T,2,1.0,0.7,1.0,N,1,3.14159265359,4,secondary grid,NOT COMPUTED (YET),NOT COMPUTED (YET),NOT COMPUTED (YET) (s >= midpoint)
CGR,2T,2,1.0,0.7,1.0,N,1,3.14159265359,6,secondary grid,NOT COMPUTED (YET),NOT COMPUTED (YET),NOT COMPUTED (YET) (s >= midpoint)
CGR,2T,2,1.0,0.7,1.0,N,1,3.14159265359,8,secondary grid,NOT COMPUTED (YET),NOT COMPUTED (YET),NOT COMPUTED (YET) (s >= midpoint)
CGR,2T,2,1.0,0.7,1.0,S,1,3.14159265359,2,secondary grid,2.27829713958,3.25602566926,0.518212580097
CGR,2T,2,1.0,0.7,1.0,S,1,3.14159265359,4,secondary grid,NOT COMPUTED (YET),NOT COMPUTED (YET),NOT COMPUTED (YET) (s >= midpoint)
CGR,2T,2,1.0,0.7,1.0,S,1,3.14159265359,6,secondary grid,NOT COMPUTED (YET),NOT COMPUTED (YET),NOT COMPUTED (YET) (s >= midpoint)
CGR,2T,2,1.0,0.7,1.0,S,1,3.14159265359,8,secondary grid,NOT COMPUTED (YET),NOT COMPUTED (YET),NOT COMPUTED (YET) (s >= midpoint)
CGR,2T,2,1.0,0.8,1.0,N,1,3.14159265359,2,secondary grid,2.41450080817,3.48073034273,0.553975439616
CGR,2T,2,1.0,0.8,1.0,N,1,3.14159265359,4,secondary grid,NOT COMPUTED (YET),NOT COMPUTED (YET),NOT COMPUTED (YET) (s >= midpoint)
CGR,2T,2,1.0,0.8,1.0,N,1,3.14159265359,6,secondary grid,NOT COMPUTED (YET),NOT COMPUTED (YET),NOT COMPUTED (YET) (s >= midpoint)
CGR,2T,2,1.0,0.8,1.0,N,1,3.14159265359,8,secondary grid,NOT COMPUTED (YET),NOT COMPUTED (YET),NOT COMPUTED (YET) (s >= midpoint)
CGR,2T,2,1.0,0.8,1.0,S,1,3.14159265359,2,secondary grid,2.41450080817,3.48073034273,0.553975439616
CGR,2T,2,1.0,0.8,1.0,S,1,3.14159265359,4,secondary grid,NOT COMPUTED (YET),NOT COMPUTED (YET),NOT COMPUTED (YET) (s >= midpoint)
CGR,2T,2,1.0,0.8,1.0,S,1,3.14159265359,6,secondary grid,NOT COMPUTED (YET),NOT COMPUTED (YET),NOT COMPUTED (YET) (s >= midpoint)
CGR,2T,2,1.0,0.8,1.0,S,1,3.14159265359,8,secondary grid,NOT COMPUTED (YET),NOT COMPUTED (YET),NOT COMPUTED (YET) (s >= midpoint)
CGR,2T,2,1.0,0.9,1.0,N,1,3.14159265359,2,secondary grid,2.51650309861,3.68244285084,0.586078982365
CGR,2T,2,1.0,0.9,1.0,N,1,3.14159265359,4,secondary grid,NOT COMPUTED (YET),NOT COMPUTED (YET),NOT COMPUTED (YET) (s >= midpoint)
CGR,2T,2,1.0,0.9,1.0,N,1,3.14159265359,6,secondary grid,NOT COMPUTED (YET),NOT COMPUTED (YET),NOT COMPUTED (YET) (s >= midpoint)
CGR,2T,2,1.0,0.9,1.0,N,1,3.14159265359,8,secondary grid,NOT COMPUTED (YET),NOT COMPUTED (YET),NOT COMPUTED (YET) (s >= midpoint)
CGR,2T,2,1.0,0.9,1.0,S,1,3.14159265359,2,secondary grid,2.51650309861,3.68244285084,0.586078982365
CGR,2T,2,1.0,0.9,1.0,S,1,3.14159265359,4,secondary grid,NOT COMPUTED (YET),NOT COMPUTED (YET),NOT COMPUTED (YET) (s >= midpoint)
CGR,2T,2,1.0,0.9,1.0,S,1,3.14159265359,6,secondary grid,NOT COMPUTED (YET),NOT COMPUTED (YET),NOT COMPUTED (YET) (s >= midpoint)
CGR,2T,2,1.0,0.9,1.0,S,1,3.14159265359,8,secondary grid,NOT COMPUTED (YET),NOT COMPUTED (YET),NOT COMPUTED (YET) (s >= midpoint)
CGR,2T,2,1.0,1,1.0,N,1,3.14159265359,2,secondary grid,2.59545523743,3.86922118346,0.615805677263
CGR,2T,2,1.0,1,1.0,N,1,3.14159265359,4,secondary grid,NOT COMPUTED (YET),NOT COMPUTED (YET),NOT COMPUTED (YET) (s >= midpoint)
CGR,2T,2,1.0,1,1.0,N,1,3.14159265359,6,secondary grid,NOT COMPUTED (YET),NOT COMPUTED (YET),NOT COMPUTED (YET) (s >= midpoint)
CGR,2T,2,1.0,1,1.0,N,1,3.14159265359,8,secondary grid,NOT COMPUTED (YET),NOT COMPUTED (YET),NOT COMPUTED (YET) (s >= midpoint)
CGR,2T,2,1.0,1,1.0,S,1,3.14159265359,2,secondary grid,2.59545523743,3.86922118346,0.615805677263
CGR,2T,2,1.0,1,1.0,S,1,3.14159265359,4,secondary grid,NOT COMPUTED (YET),NOT COMPUTED (YET),NOT COMPUTED (YET) (s >= midpoint)
CGR,2T,2,1.0,1,1.0,S,1,3.14159265359,6,secondary grid,NOT COMPUTED (YET),NOT COMPUTED (YET),NOT COMPUTED (YET) (s >= midpoint)
CGR,2T,2,1.0,1,1.0,S,1,3.14159265359,8,secondary grid,NOT COMPUTED (YET),NOT COMPUTED (YET),NOT COMPUTED (YET) (s >= midpoint)
CGR,2T,2,24.0,0.5,1.0,N,1,3.14159265359,2,secondary grid,1.95747451844,2.67789983052,0.426200995133
CGR,2T,2,24.0,0.5,1.0,N,1,3.14159265359,4,secondary grid,3.09589366062,5.4785142127,0.87193261775
CGR,2T,2,24.0,0.5,1.0,N,1,3.14159265359,6,secondary grid,3.1406808897,6.15141686832,0.979028401612
CGR,2T,2,24.0,0.5,1.0,N,1,3.14159265359,8,secondary grid,3.14157585705,6.26328996878,0.99683355855
CGR,2T,2,24.0,0.5,1.0,N,1,3.14159265359,8.502769219,"s_c,delta (report-only extra)",3.14158650993,6.27089798719,0.998044412286
CGR,2T,2,24.0,0.5,1.0,S,1,3.14159265359,2,secondary grid,1.95747451844,2.67789983052,0.426200995133
CGR,2T,2,24.0,0.5,1.0,S,1,3.14159265359,4,secondary grid,3.09589366062,5.4785142127,0.87193261775
CGR,2T,2,24.0,0.5,1.0,S,1,3.14159265359,6,secondary grid,3.1406808897,6.15141686832,0.979028401612
CGR,2T,2,24.0,0.5,1.0,S,1,3.14159265359,8,secondary grid,3.14157585705,6.26328996878,0.99683355855
CGR,2T,2,24.0,0.5,1.0,S,1,3.14159265359,8.502769219,"s_c,delta (report-only extra)",3.14158650993,6.27089798719,0.998044412286
CGR,2T,2,24.0,0.6,1.0,N,1,3.14159265359,2,secondary grid,2.22263804955,2.95188299971,0.469806770833
CGR,2T,2,24.0,0.6,1.0,N,1,3.14159265359,4,secondary grid,3.11201441548,5.58049945606,0.888164073354
CGR,2T,2,24.0,0.6,1.0,N,1,3.14159265359,6,secondary grid,3.14101771883,6.1694732107,0.981902157756
CGR,2T,2,24.0,0.6,1.0,N,1,3.14159265359,8,secondary grid,3.14158208966,6.2661223264,0.997284342266
CGR,2T,2,24.0,0.6,1.0,N,1,3.14159265359,8.20546311,"s_c,delta (report-only extra)",3.14158565,6.26917812377,0.997770687522
CGR,2T,2,24.0,0.6,1.0,S,1,3.14159265359,2,secondary grid,2.22263804955,2.95188299971,0.469806770833
CGR,2T,2,24.0,0.6,1.0,S,1,3.14159265359,4,secondary grid,3.11201441548,5.58049945606,0.888164073354
CGR,2T,2,24.0,0.6,1.0,S,1,3.14159265359,6,secondary grid,3.14101771883,6.1694732107,0.981902157756
CGR,2T,2,24.0,0.6,1.0,S,1,3.14159265359,8,secondary grid,3.14158208966,6.2661223264,0.997284342266
CGR,2T,2,24.0,0.6,1.0,S,1,3.14159265359,8.20546311,"s_c,delta (report-only extra)",3.14158565,6.26917812377,0.997770687522
CGR,2T,2,24.0,0.7,1.0,N,1,3.14159265359,2,secondary grid,2.40890956721,3.16162738189,0.503188626042
CGR,2T,2,24.0,0.7,1.0,N,1,3.14159265359,4,secondary grid,3.12065755795,5.64905282126,0.899074680291
CGR,2T,2,24.0,0.7,1.0,N,1,3.14159265359,6,secondary grid,3.14119199541,6.18144605104,0.983807694478
CGR,2T,2,24.0,0.7,1.0,N,1,3.14159265359,8,secondary grid,3.14158530175,6.26800898507,0.997584613318
CGR,2T,2,24.0,0.7,1.0,N,1,3.14159265359,7.969513519,"s_c,delta (report-only extra)",3.14158483944,6.26755700954,0.997512679178
CGR,2T,2,24.0,0.7,1.0,S,1,3.14159265359,2,secondary grid,2.40890956721,3.16162738189,0.503188626042
CGR,2T,2,24.0,0.7,1.0,S,1,3.14159265359,4,secondary grid,3.12065755795,5.64905282126,0.899074680291
CGR,2T,2,24.0,0.7,1.0,S,1,3.14159265359,6,secondary grid,3.14119199541,6.18144605104,0.983807694478
CGR,2T,2,24.0,0.7,1.0,S,1,3.14159265359,8,secondary grid,3.14158530175,6.26800898507,0.997584613318
CGR,2T,2,24.0,0.7,1.0,S,1,3.14159265359,7.969513519,"s_c,delta (report-only extra)",3.14158483944,6.26755700954,0.997512679178
CGR,2T,2,24.0,0.8,1.0,N,1,3.14159265359,2,secondary grid,2.54219808404,3.32564777472,0.529293282329
CGR,2T,2,24.0,0.8,1.0,N,1,3.14159265359,4,secondary grid,3.12582375683,5.69820696223,0.9068978048
CGR,2T,2,24.0,0.8,1.0,N,1,3.14159265359,6,secondary grid,3.14129387788,6.18998041957,0.985165981417
CGR,2T,2,24.0,0.8,1.0,N,1,3.14159265359,8,secondary grid,3.1415871751,6.26936399047,0.997800269125
CGR,2T,2,24.0,0.8,1.0,N,1,3.14159265359,7.775684226,"s_c,delta (report-only extra)",3.1415840727,6.26602353622,0.997268619319
CGR,2T,2,24.0,0.8,1.0,S,1,3.14159265359,2,secondary grid,2.54219808404,3.32564777472,0.529293282329
CGR,2T,2,24.0,0.8,1.0,S,1,3.14159265359,4,secondary grid,3.12582375683,5.69820696223,0.9068978048
CGR,2T,2,24.0,0.8,1.0,S,1,3.14159265359,6,secondary grid,3.14129387788,6.18998041957,0.985165981417
CGR,2T,2,24.0,0.8,1.0,S,1,3.14159265359,8,secondary grid,3.1415871751,6.26936399047,0.997800269125
CGR,2T,2,24.0,0.8,1.0,S,1,3.14159265359,7.775684226,"s_c,delta (report-only extra)",3.1415840727,6.26602353622,0.997268619319
CGR,2T,2,24.0,0.9,1.0,N,1,3.14159265359,2,secondary grid,2.64007304423,3.45668593135,0.550148652691
CGR,2T,2,24.0,0.9,1.0,N,1,3.14159265359,4,secondary grid,3.12916568517,5.73517467715,0.912781399364
CGR,2T,2,24.0,0.9,1.0,N,1,3.14159265359,6,secondary grid,3.14135880547,6.19639162994,0.986186357238
CGR,2T,2,24.0,0.9,1.0,N,1,3.14159265359,8,secondary grid,3.14158836706,6.27039460336,0.997964296261
CGR,2T,2,24.0,0.9,1.0,N,1,3.14159265359,7.612398129,"s_c,delta (report-only extra)",3.14158334663,6.26457139098,0.997037503226
CGR,2T,2,24.0,0.9,1.0,S,1,3.14159265359,2,secondary grid,2.64007304423,3.45668593135,0.550148652691
CGR,2T,2,24.0,0.9,1.0,S,1,3.14159265359,4,secondary grid,3.12916568517,5.73517467715,0.912781399364
CGR,2T,2,24.0,0.9,1.0,S,1,3.14159265359,6,secondary grid,3.14135880547,6.19639162994,0.986186357238
CGR,2T,2,24.0,0.9,1.0,S,1,3.14159265359,8,secondary grid,3.14158836706,6.27039460336,0.997964296261
CGR,2T,2,24.0,0.9,1.0,S,1,3.14159265359,7.612398129,"s_c,delta (report-only extra)",3.14158334663,6.26457139098,0.997037503226
CGR,2T,2,24.0,1,1.0,N,1,3.14159265359,2,secondary grid,2.7138498103,3.56344224835,0.567139448247
CGR,2T,2,24.0,1,1.0,N,1,3.14159265359,4,secondary grid,3.13146028639,5.76401455001,0.917371407687
CGR,2T,2,24.0,1,1.0,N,1,3.14159265359,6,secondary grid,3.14140291235,6.20140441942,0.986984167462
CGR,2T,2,24.0,1,1.0,N,1,3.14159265359,8,secondary grid,3.1415891758,6.27121947557,0.998095578752
CGR,2T,2,24.0,1,1.0,N,1,3.14159265359,7.472252058,"s_c,delta (report-only extra)",3.14158266042,6.26319898688,0.996819078331
CGR,2T,2,24.0,1,1.0,S,1,3.14159265359,2,secondary grid,2.7138498103,3.56344224835,0.567139448247
CGR,2T,2,24.0,1,1.0,S,1,3.14159265359,4,secondary grid,3.13146028639,5.76401455001,0.917371407687
CGR,2T,2,24.0,1,1.0,S,1,3.14159265359,6,secondary grid,3.14140291235,6.20140441942,0.986984167462
CGR,2T,2,24.0,1,1.0,S,1,3.14159265359,8,secondary grid,3.1415891758,6.27121947557,0.998095578751
CGR,2T,2,24.0,1,1.0,S,1,3.14159265359,7.472252058,"s_c,delta (report-only extra)",3.14158266042,6.26319898688,0.996819078331
CGR,2T,2,4.0,0.5,1.0,N,1,3.14159265359,2,secondary grid,1.92025478295,2.67553281202,0.425824272437
CGR,2T,2,4.0,0.5,1.0,N,1,3.14159265359,4,secondary grid,3.09154189407,5.49941019911,0.875258317279
CGR,2T,2,4.0,0.5,1.0,N,1,3.14159265359,6,secondary grid,3.14057902633,6.17878515115,0.983384199108
CGR,2T,2,4.0,0.5,1.0,N,1,3.14159265359,8,secondary grid,NOT COMPUTED (YET),NOT COMPUTED (YET),NOT COMPUTED (YET) (s >= midpoint)
CGR,2T,2,4.0,0.5,1.0,S,1,3.14159265359,2,secondary grid,1.92025478295,2.67553281202,0.425824272437
CGR,2T,2,4.0,0.5,1.0,S,1,3.14159265359,4,secondary grid,3.09154189407,5.49941019912,0.875258317279
CGR,2T,2,4.0,0.5,1.0,S,1,3.14159265359,6,secondary grid,3.14057902633,6.17878515115,0.983384199109
CGR,2T,2,4.0,0.5,1.0,S,1,3.14159265359,8,secondary grid,NOT COMPUTED (YET),NOT COMPUTED (YET),NOT COMPUTED (YET) (s >= midpoint)
CGR,2T,2,4.0,0.6,1.0,N,1,3.14159265359,2,secondary grid,2.18696491857,2.95635807407,0.470519001038
CGR,2T,2,4.0,0.6,1.0,N,1,3.14159265359,4,secondary grid,3.10903025294,5.61153286641,0.893103194012
CGR,2T,2,4.0,0.6,1.0,N,1,3.14159265359,6,secondary grid,3.14106262899,6.22674852991,0.991017807926
CGR,2T,2,4.0,0.6,1.0,N,1,3.14159265359,8,secondary grid,NOT COMPUTED (YET),NOT COMPUTED (YET),NOT COMPUTED (YET) (s >= midpoint)
CGR,2T,2,4.0,0.6,1.0,S,1,3.14159265359,2,secondary grid,2.18696491857,2.95635807407,0.470519001038
CGR,2T,2,4.0,0.6,1.0,S,1,3.14159265359,4,secondary grid,3.10903025294,5.61153286641,0.893103194012
CGR,2T,2,4.0,0.6,1.0,S,1,3.14159265359,6,secondary grid,3.14106262899,6.22674852991,0.991017807926
CGR,2T,2,4.0,0.6,1.0,S,1,3.14159265359,8,secondary grid,NOT COMPUTED (YET),NOT COMPUTED (YET),NOT COMPUTED (YET) (s >= midpoint)
CGR,2T,2,4.0,0.7,1.0,N,1,3.14159265359,2,secondary grid,2.3758677859,3.17356578987,0.505088682686
CGR,2T,2,4.0,0.7,1.0,N,1,3.14159265359,4,secondary grid,3.11840594744,5.69251159056,0.905991358246
CGR,2T,2,4.0,0.7,1.0,N,1,3.14159265359,6,secondary grid,NOT COMPUTED (YET),NOT COMPUTED (YET),NOT COMPUTED (YET) (s >= midpoint)
CGR,2T,2,4.0,0.7,1.0,N,1,3.14159265359,8,secondary grid,NOT COMPUTED (YET),NOT COMPUTED (YET),NOT COMPUTED (YET) (s >= midpoint)
CGR,2T,2,4.0,0.7,1.0,S,1,3.14159265359,2,secondary grid,2.3758677859,3.17356578988,0.505088682686
CGR,2T,2,4.0,0.7,1.0,S,1,3.14159265359,4,secondary grid,3.11840594744,5.69251159056,0.905991358246
CGR,2T,2,4.0,0.7,1.0,S,1,3.14159265359,6,secondary grid,NOT COMPUTED (YET),NOT COMPUTED (YET),NOT COMPUTED (YET) (s >= midpoint)
CGR,2T,2,4.0,0.7,1.0,S,1,3.14159265359,8,secondary grid,NOT COMPUTED (YET),NOT COMPUTED (YET),NOT COMPUTED (YET) (s >= midpoint)
CGR,2T,2,4.0,0.8,1.0,N,1,3.14159265359,2,secondary grid,2.51177198231,3.34542086217,0.532440266937
CGR,2T,2,4.0,0.8,1.0,N,1,3.14159265359,4,secondary grid,3.12401785412,5.75825006234,0.916453960981
CGR,2T,2,4.0,0.8,1.0,N,1,3.14159265359,6,secondary grid,NOT COMPUTED (YET),NOT COMPUTED (YET),NOT COMPUTED (YET) (s >= midpoint)
CGR,2T,2,4.0,0.8,1.0,N,1,3.14159265359,8,secondary grid,NOT COMPUTED (YET),NOT COMPUTED (YET),NOT COMPUTED (YET) (s >= midpoint)
CGR,2T,2,4.0,0.8,1.0,S,1,3.14159265359,2,secondary grid,2.51177198231,3.34542086217,0.532440266937
CGR,2T,2,4.0,0.8,1.0,S,1,3.14159265359,4,secondary grid,3.12401785412,5.75825006234,0.916453960981
CGR,2T,2,4.0,0.8,1.0,S,1,3.14159265359,6,secondary grid,NOT COMPUTED (YET),NOT COMPUTED (YET),NOT COMPUTED (YET) (s >= midpoint)
CGR,2T,2,4.0,0.8,1.0,S,1,3.14159265359,8,secondary grid,NOT COMPUTED (YET),NOT COMPUTED (YET),NOT COMPUTED (YET) (s >= midpoint)
CGR,2T,2,4.0,0.9,1.0,N,1,3.14159265359,2,secondary grid,2.61191442515,3.48467495015,0.554603243384
CGR,2T,2,4.0,0.9,1.0,N,1,3.14159265359,4,secondary grid,3.12768670407,5.81755809152,0.925893126989
CGR,2T,2,4.0,0.9,1.0,N,1,3.14159265359,6,secondary grid,NOT COMPUTED (YET),NOT COMPUTED (YET),NOT COMPUTED (YET) (s >= midpoint)
CGR,2T,2,4.0,0.9,1.0,N,1,3.14159265359,8,secondary grid,NOT COMPUTED (YET),NOT COMPUTED (YET),NOT COMPUTED (YET) (s >= midpoint)
CGR,2T,2,4.0,0.9,1.0,S,1,3.14159265359,2,secondary grid,2.61191442515,3.48467495015,0.554603243384
CGR,2T,2,4.0,0.9,1.0,S,1,3.14159265359,4,secondary grid,3.12768670407,5.81755809152,0.925893126989
CGR,2T,2,4.0,0.9,1.0,S,1,3.14159265359,6,secondary grid,NOT COMPUTED (YET),NOT COMPUTED (YET),NOT COMPUTED (YET) (s >= midpoint)
CGR,2T,2,4.0,0.9,1.0,S,1,3.14159265359,8,secondary grid,NOT COMPUTED (YET),NOT COMPUTED (YET),NOT COMPUTED (YET) (s >= midpoint)
CGR,2T,2,4.0,1,1.0,N,1,3.14159265359,2,secondary grid,2.6875554393,3.60013519432,0.572979311975
CGR,2T,2,4.0,1,1.0,N,1,3.14159265359,4,secondary grid,3.1302987369,5.87584443741,0.935169687053
CGR,2T,2,4.0,1,1.0,N,1,3.14159265359,6,secondary grid,NOT COMPUTED (YET),NOT COMPUTED (YET),NOT COMPUTED (YET) (s >= midpoint)
CGR,2T,2,4.0,1,1.0,N,1,3.14159265359,8,secondary grid,NOT COMPUTED (YET),NOT COMPUTED (YET),NOT COMPUTED (YET) (s >= midpoint)
CGR,2T,2,4.0,1,1.0,S,1,3.14159265359,2,secondary grid,2.6875554393,3.60013519432,0.572979311975
CGR,2T,2,4.0,1,1.0,S,1,3.14159265359,4,secondary grid,3.1302987369,5.87584443741,0.935169687053
CGR,2T,2,4.0,1,1.0,S,1,3.14159265359,6,secondary grid,NOT COMPUTED (YET),NOT COMPUTED (YET),NOT COMPUTED (YET) (s >= midpoint)
CGR,2T,2,4.0,1,1.0,S,1,3.14159265359,8,secondary grid,NOT COMPUTED (YET),NOT COMPUTED (YET),NOT COMPUTED (YET) (s >= midpoint)
CGR,2T,2,99.0,0.5,1.0,N,1,3.14159265359,2,secondary grid,1.96426665564,2.6783285166,0.426269222641
CGR,2T,2,99.0,0.5,1.0,N,1,3.14159265359,4,secondary grid,3.09664373027,5.47508060985,0.871386142884
CGR,2T,2,99.0,0.5,1.0,N,1,3.14159265359,6,secondary grid,3.14070015344,6.14925182584,0.978683824399
CGR,2T,2,99.0,0.5,1.0,N,1,3.14159265359,8,secondary grid,3.14157625771,6.26258781329,0.996721807032
CGR,2T,2,99.0,0.5,1.0,N,1,3.14159265359,8.441011329,"s_c,delta (report-only extra)",3.14158587139,6.2696209187,0.997841160523
CGR,2T,2,99.0,0.5,1.0,S,1,3.14159265359,2,secondary grid,1.96426665564,2.6783285166,0.426269222641
CGR,2T,2,99.0,0.5,1.0,S,1,3.14159265359,4,secondary grid,3.09664373027,5.47508060985,0.871386142884
CGR,2T,2,99.0,0.5,1.0,S,1,3.14159265359,6,secondary grid,3.14070015344,6.14925182584,0.9786838244
CGR,2T,2,99.0,0.5,1.0,S,1,3.14159265359,8,secondary grid,3.14157625771,6.26258781329,0.996721807032
CGR,2T,2,99.0,0.5,1.0,S,1,3.14159265359,8.441011329,"s_c,delta (report-only extra)",3.14158587139,6.2696209187,0.997841160523
CGR,2T,2,99.0,0.6,1.0,N,1,3.14159265359,2,secondary grid,2.22907512928,2.95110009994,0.469682168464
CGR,2T,2,99.0,0.6,1.0,N,1,3.14159265359,4,secondary grid,3.11252222933,5.57587684703,0.887428362277
CGR,2T,2,99.0,0.6,1.0,N,1,3.14159265359,6,secondary grid,3.14103032959,6.16700973628,0.981510083625
CGR,2T,2,99.0,0.6,1.0,N,1,3.14159265359,8,secondary grid,3.14158235362,6.26535769733,0.997162647769
CGR,2T,2,99.0,0.6,1.0,N,1,3.14159265359,8.137015393,"s_c,delta (report-only extra)",3.14158482441,6.26752694904,0.997507894902
CGR,2T,2,99.0,0.6,1.0,S,1,3.14159265359,2,secondary grid,2.22907512928,2.95110009994,0.469682168464
CGR,2T,2,99.0,0.6,1.0,S,1,3.14159265359,4,secondary grid,3.11252222933,5.57587684703,0.887428362277
CGR,2T,2,99.0,0.6,1.0,S,1,3.14159265359,6,secondary grid,3.14103032959,6.16700973628,0.981510083625
CGR,2T,2,99.0,0.6,1.0,S,1,3.14159265359,8,secondary grid,3.14158235362,6.26535769733,0.997162647769
CGR,2T,2,99.0,0.6,1.0,S,1,3.14159265359,8.137015393,"s_c,delta (report-only extra)",3.14158482441,6.26752694904,0.997507894902
CGR,2T,2,99.0,0.7,1.0,N,1,3.14159265359,2,secondary grid,2.41480629108,3.15957755715,0.502862386302
CGR,2T,2,99.0,0.7,1.0,N,1,3.14159265359,4,secondary grid,3.12103336959,5.64343216863,0.898180125641
CGR,2T,2,99.0,0.7,1.0,N,1,3.14159265359,6,secondary grid,3.14120117304,6.17871160795,0.983372494345
CGR,2T,2,99.0,0.7,1.0,N,1,3.14159265359,8,secondary grid,3.14158549506,6.26718207628,0.997453006697
CGR,2T,2,99.0,0.7,1.0,N,1,3.14159265359,7.8944842,"s_c,delta (report-only extra)",3.1415838113,6.26550073649,0.997185413158
CGR,2T,2,99.0,0.7,1.0,S,1,3.14159265359,2,secondary grid,2.41480629108,3.15957755715,0.502862386302
CGR,2T,2,99.0,0.7,1.0,S,1,3.14159265359,4,secondary grid,3.12103336959,5.64343216863,0.898180125641
CGR,2T,2,99.0,0.7,1.0,S,1,3.14159265359,6,secondary grid,3.14120117304,6.17871160795,0.983372494345
CGR,2T,2,99.0,0.7,1.0,S,1,3.14159265359,8,secondary grid,3.14158549506,6.26718207628,0.997453006697
CGR,2T,2,99.0,0.7,1.0,S,1,3.14159265359,7.8944842,"s_c,delta (report-only extra)",3.1415838113,6.26550073649,0.997185413158
CGR,2T,2,99.0,0.8,1.0,N,1,3.14159265359,2,secondary grid,2.54756184742,3.3223422503,0.528767191778
CGR,2T,2,99.0,0.8,1.0,N,1,3.14159265359,4,secondary grid,3.12611975995,5.69169621622,0.90586158739
CGR,2T,2,99.0,0.8,1.0,N,1,3.14159265359,6,secondary grid,3.14130104428,6.18698817459,0.984689750838
CGR,2T,2,99.0,0.8,1.0,N,1,3.14159265359,8,secondary grid,3.1415873269,6.26847332483,0.997658515287
CGR,2T,2,99.0,0.8,1.0,N,1,3.14159265359,7.694136449,"s_c,delta (report-only extra)",3.14158282695,6.26353203686,0.996872084881
CGR,2T,2,99.0,0.8,1.0,S,1,3.14159265359,2,secondary grid,2.54756184742,3.3223422503,0.528767191778
CGR,2T,2,99.0,0.8,1.0,S,1,3.14159265359,4,secondary grid,3.12611975995,5.69169621622,0.90586158739
CGR,2T,2,99.0,0.8,1.0,S,1,3.14159265359,6,secondary grid,3.14130104428,6.18698817459,0.984689750838
CGR,2T,2,99.0,0.8,1.0,S,1,3.14159265359,8,secondary grid,3.1415873269,6.26847332483,0.997658515287
CGR,2T,2,99.0,0.8,1.0,S,1,3.14159265359,7.694136449,"s_c,delta (report-only extra)",3.14158282695,6.26353203686,0.996872084881
CGR,2T,2,99.0,0.9,1.0,N,1,3.14159265359,2,secondary grid,2.64496686718,3.45215730354,0.54942789919
CGR,2T,2,99.0,0.9,1.0,N,1,3.14159265359,4,secondary grid,3.12940956364,5.72783934028,0.911613944242
CGR,2T,2,99.0,0.9,1.0,N,1,3.14159265359,6,secondary grid,3.14136468368,6.19314811244,0.985670135394
CGR,2T,2,99.0,0.9,1.0,N,1,3.14159265359,8,secondary grid,3.14158849223,6.26943578561,0.997811695677
CGR,2T,2,99.0,0.9,1.0,N,1,3.14159265359,7.524312386,"s_c,delta (report-only extra)",3.14158186764,6.26161341493,0.996566726716
CGR,2T,2,99.0,0.9,1.0,S,1,3.14159265359,2,secondary grid,2.64496686718,3.45215730354,0.54942789919
CGR,2T,2,99.0,0.9,1.0,S,1,3.14159265359,4,secondary grid,3.12940956364,5.72783934028,0.911613944242
CGR,2T,2,99.0,0.9,1.0,S,1,3.14159265359,6,secondary grid,3.14136468368,6.19314811244,0.985670135394
CGR,2T,2,99.0,0.9,1.0,S,1,3.14159265359,8,secondary grid,3.14158849223,6.26943578561,0.997811695677
CGR,2T,2,99.0,0.9,1.0,S,1,3.14159265359,7.524312386,"s_c,delta (report-only extra)",3.14158186764,6.26161341493,0.996566726716
CGR,2T,2,99.0,1,1.0,N,1,3.14159265359,2,secondary grid,2.71834438995,3.55772699757,0.566229837835
CGR,2T,2,99.0,1,1.0,N,1,3.14159265359,4,secondary grid,3.13166806796,5.75589664079,0.916079402308
CGR,2T,2,99.0,1,1.0,N,1,3.14159265359,6,secondary grid,3.14140790972,6.19791226035,0.986428373085
CGR,2T,2,99.0,1,1.0,N,1,3.14159265359,8,secondary grid,3.14158928283,6.27018173405,0.997930417059
CGR,2T,2,99.0,1,1.0,N,1,3.14159265359,7.377477138,"s_c,delta (report-only extra)",3.14158093054,6.25973922754,0.99626844053
CGR,2T,2,99.0,1,1.0,S,1,3.14159265359,2,secondary grid,2.71834438995,3.55772699757,0.566229837835
CGR,2T,2,99.0,1,1.0,S,1,3.14159265359,4,secondary grid,3.13166806796,5.75589664079,0.916079402308
CGR,2T,2,99.0,1,1.0,S,1,3.14159265359,6,secondary grid,3.14140790972,6.19791226035,0.986428373085
CGR,2T,2,99.0,1,1.0,S,1,3.14159265359,8,secondary grid,3.14158928283,6.27018173405,0.997930417059
CGR,2T,2,99.0,1,1.0,S,1,3.14159265359,7.377477138,"s_c,delta (report-only extra)",3.14158093054,6.25973922754,0.99626844053
CGR,2T,4,1.0,0.5,1.0,N,2,6.28318530718,2,secondary grid,1.63596892596,3.06106566789,0.243591866087
CGR,2T,4,1.0,0.5,1.0,N,2,6.28318530718,4,secondary grid,5.53943034091,9.40838870784,0.748695784692
CGR,2T,4,1.0,0.5,1.0,N,2,6.28318530718,6,secondary grid,6.26782183612,12.3353056036,0.981612430677
CGR,2T,4,1.0,0.5,1.0,N,2,6.28318530718,8,secondary grid,NOT COMPUTED (YET),NOT COMPUTED (YET),NOT COMPUTED (YET) (s >= midpoint)
CGR,2T,4,1.0,0.5,1.0,S,2,6.28318530718,2,secondary grid,1.63596892596,3.06106566789,0.243591866087
CGR,2T,4,1.0,0.5,1.0,S,2,6.28318530718,4,secondary grid,5.53943034091,9.40838870784,0.748695784692
CGR,2T,4,1.0,0.5,1.0,S,2,6.28318530718,6,secondary grid,6.26782183612,12.3353056036,0.981612430677
CGR,2T,4,1.0,0.5,1.0,S,2,6.28318530718,8,secondary grid,NOT COMPUTED (YET),NOT COMPUTED (YET),NOT COMPUTED (YET) (s >= midpoint)
CGR,2T,4,1.0,0.6,1.0,N,2,6.28318530718,2,secondary grid,2.07070176037,3.61895531874,0.287987313903
CGR,2T,4,1.0,0.6,1.0,N,2,6.28318530718,4,secondary grid,5.82559984912,10.0578194459,0.800375840774
CGR,2T,4,1.0,0.6,1.0,N,2,6.28318530718,6,secondary grid,NOT COMPUTED (YET),NOT COMPUTED (YET),NOT COMPUTED (YET) (s >= midpoint)
CGR,2T,4,1.0,0.6,1.0,N,2,6.28318530718,8,secondary grid,NOT COMPUTED (YET),NOT COMPUTED (YET),NOT COMPUTED (YET) (s >= midpoint)
CGR,2T,4,1.0,0.6,1.0,S,2,6.28318530718,2,secondary grid,2.07070176037,3.61895531874,0.287987313903
CGR,2T,4,1.0,0.6,1.0,S,2,6.28318530718,4,secondary grid,5.82559984912,10.0578194459,0.800375840774
CGR,2T,4,1.0,0.6,1.0,S,2,6.28318530718,6,secondary grid,NOT COMPUTED (YET),NOT COMPUTED (YET),NOT COMPUTED (YET) (s >= midpoint)
CGR,2T,4,1.0,0.6,1.0,S,2,6.28318530718,8,secondary grid,NOT COMPUTED (YET),NOT COMPUTED (YET),NOT COMPUTED (YET) (s >= midpoint)
CGR,2T,4,1.0,0.7,1.0,N,2,6.28318530718,2,secondary grid,2.52089002402,4.13033574835,0.32868167549
CGR,2T,4,1.0,0.7,1.0,N,2,6.28318530718,4,secondary grid,5.97915770065,10.5441194917,0.839074368831
CGR,2T,4,1.0,0.7,1.0,N,2,6.28318530718,6,secondary grid,NOT COMPUTED (YET),NOT COMPUTED (YET),NOT COMPUTED (YET) (s >= midpoint)
CGR,2T,4,1.0,0.7,1.0,N,2,6.28318530718,8,secondary grid,NOT COMPUTED (YET),NOT COMPUTED (YET),NOT COMPUTED (YET) (s >= midpoint)
CGR,2T,4,1.0,0.7,1.0,S,2,6.28318530718,2,secondary grid,2.52089002402,4.13033574835,0.32868167549
CGR,2T,4,1.0,0.7,1.0,S,2,6.28318530718,4,secondary grid,5.97915770065,10.5441194917,0.839074368831
CGR,2T,4,1.0,0.7,1.0,S,2,6.28318530718,6,secondary grid,NOT COMPUTED (YET),NOT COMPUTED (YET),NOT COMPUTED (YET) (s >= midpoint)
CGR,2T,4,1.0,0.7,1.0,S,2,6.28318530718,8,secondary grid,NOT COMPUTED (YET),NOT COMPUTED (YET),NOT COMPUTED (YET) (s >= midpoint)
CGR,2T,4,1.0,0.8,1.0,N,2,6.28318530718,2,secondary grid,2.94769661709,4.59045484463,0.365296789781
CGR,2T,4,1.0,0.8,1.0,N,2,6.28318530718,4,secondary grid,6.07010381952,10.9495821537,0.871340062276
CGR,2T,4,1.0,0.8,1.0,N,2,6.28318530718,6,secondary grid,NOT COMPUTED (YET),NOT COMPUTED (YET),NOT COMPUTED (YET) (s >= midpoint)
CGR,2T,4,1.0,0.8,1.0,N,2,6.28318530718,8,secondary grid,NOT COMPUTED (YET),NOT COMPUTED (YET),NOT COMPUTED (YET) (s >= midpoint)
CGR,2T,4,1.0,0.8,1.0,S,2,6.28318530718,2,secondary grid,2.94769661709,4.59045484463,0.365296789782
CGR,2T,4,1.0,0.8,1.0,S,2,6.28318530718,4,secondary grid,6.07010381952,10.9495821537,0.871340062276
CGR,2T,4,1.0,0.8,1.0,S,2,6.28318530718,6,secondary grid,NOT COMPUTED (YET),NOT COMPUTED (YET),NOT COMPUTED (YET) (s >= midpoint)
CGR,2T,4,1.0,0.8,1.0,S,2,6.28318530718,8,secondary grid,NOT COMPUTED (YET),NOT COMPUTED (YET),NOT COMPUTED (YET) (s >= midpoint)
CGR,2T,4,1.0,0.9,1.0,N,2,6.28318530718,2,secondary grid,3.32986700256,5.00109602676,0.397974576768
CGR,2T,4,1.0,0.9,1.0,N,2,6.28318530718,4,secondary grid,6.13104084848,11.3203163335,0.900842150919
CGR,2T,4,1.0,0.9,1.0,N,2,6.28318530718,6,secondary grid,NOT COMPUTED (YET),NOT COMPUTED (YET),NOT COMPUTED (YET) (s >= midpoint)
CGR,2T,4,1.0,0.9,1.0,N,2,6.28318530718,8,secondary grid,NOT COMPUTED (YET),NOT COMPUTED (YET),NOT COMPUTED (YET) (s >= midpoint)
CGR,2T,4,1.0,0.9,1.0,S,2,6.28318530718,2,secondary grid,3.32986700256,5.00109602676,0.397974576768
CGR,2T,4,1.0,0.9,1.0,S,2,6.28318530718,4,secondary grid,6.13104084848,11.3203163335,0.900842150919
CGR,2T,4,1.0,0.9,1.0,S,2,6.28318530718,6,secondary grid,NOT COMPUTED (YET),NOT COMPUTED (YET),NOT COMPUTED (YET) (s >= midpoint)
CGR,2T,4,1.0,0.9,1.0,S,2,6.28318530718,8,secondary grid,NOT COMPUTED (YET),NOT COMPUTED (YET),NOT COMPUTED (YET) (s >= midpoint)
CGR,2T,4,1.0,1,1.0,N,2,6.28318530718,2,secondary grid,3.66109519191,5.36744755441,0.427127905036
CGR,2T,4,1.0,1,1.0,N,2,6.28318530718,4,secondary grid,6.17851862098,11.6824890611,0.929662940843
CGR,2T,4,1.0,1,1.0,N,2,6.28318530718,6,secondary grid,NOT COMPUTED (YET),NOT COMPUTED (YET),NOT COMPUTED (YET) (s >= midpoint)
CGR,2T,4,1.0,1,1.0,N,2,6.28318530718,8,secondary grid,NOT COMPUTED (YET),NOT COMPUTED (YET),NOT COMPUTED (YET) (s >= midpoint)
CGR,2T,4,1.0,1,1.0,S,2,6.28318530718,2,secondary grid,3.66109519191,5.36744755441,0.427127905036
CGR,2T,4,1.0,1,1.0,S,2,6.28318530718,4,secondary grid,6.17851862098,11.6824890611,0.929662940843
CGR,2T,4,1.0,1,1.0,S,2,6.28318530718,6,secondary grid,NOT COMPUTED (YET),NOT COMPUTED (YET),NOT COMPUTED (YET) (s >= midpoint)
CGR,2T,4,1.0,1,1.0,S,2,6.28318530718,8,secondary grid,NOT COMPUTED (YET),NOT COMPUTED (YET),NOT COMPUTED (YET) (s >= midpoint)
CGR,2T,4,24.0,0.5,1.0,N,2,6.28318530718,2,secondary grid,1.71629130625,3.11099892831,0.247565428697
CGR,2T,4,24.0,0.5,1.0,N,2,6.28318530718,4,secondary grid,5.68996745543,9.458331463,0.752670102869
CGR,2T,4,24.0,0.5,1.0,N,2,6.28318530718,6,secondary grid,6.26747680495,12.0052118764,0.955344406495
CGR,2T,4,24.0,0.5,1.0,N,2,6.28318530718,8,secondary grid,6.28288559045,12.4795709525,0.993092702379
CGR,2T,4,24.0,0.5,1.0,N,2,6.28318530718,9.850610916,"s_c,delta (report-only extra)",6.28317789186,12.5515399783,0.99881981548
CGR,2T,4,24.0,0.5,1.0,S,2,6.28318530718,2,secondary grid,1.71629130625,3.11099892831,0.247565428697
CGR,2T,4,24.0,0.5,1.0,S,2,6.28318530718,4,secondary grid,5.68996745543,9.458331463,0.752670102869
CGR,2T,4,24.0,0.5,1.0,S,2,6.28318530718,6,secondary grid,6.26747680495,12.0052118764,0.955344406495
CGR,2T,4,24.0,0.5,1.0,S,2,6.28318530718,8,secondary grid,6.28288559045,12.4795709525,0.993092702379
CGR,2T,4,24.0,0.5,1.0,S,2,6.28318530718,9.850610916,"s_c,delta (report-only extra)",6.28317789186,12.5515399783,0.99881981548
CGR,2T,4,24.0,0.6,1.0,N,2,6.28318530718,2,secondary grid,2.20716628748,3.67475166756,0.292427446264
CGR,2T,4,24.0,0.6,1.0,N,2,6.28318530718,4,secondary grid,5.92806479908,10.0040863185,0.796099894356
CGR,2T,4,24.0,0.6,1.0,N,2,6.28318530718,6,secondary grid,6.27485198192,12.1217419832,0.964617577758
CGR,2T,4,24.0,0.6,1.0,N,2,6.28318530718,8,secondary grid,6.28302881878,12.4981175114,0.994568590643
CGR,2T,4,24.0,0.6,1.0,N,2,6.28318530718,9.458352156,"s_c,delta (report-only extra)",6.28317683477,12.5494257969,0.998651574269
CGR,2T,4,24.0,0.6,1.0,S,2,6.28318530718,2,secondary grid,2.20716628748,3.67475166756,0.292427446264
CGR,2T,4,24.0,0.6,1.0,S,2,6.28318530718,4,secondary grid,5.92806479908,10.0040863185,0.796099894356
CGR,2T,4,24.0,0.6,1.0,S,2,6.28318530718,6,secondary grid,6.27485198192,12.1217419832,0.964617577758
CGR,2T,4,24.0,0.6,1.0,S,2,6.28318530718,8,secondary grid,6.28302881878,12.4981175114,0.994568590643
CGR,2T,4,24.0,0.6,1.0,S,2,6.28318530718,9.458352156,"s_c,delta (report-only extra)",6.28317683477,12.5494257969,0.998651574269
CGR,2T,4,24.0,0.7,1.0,N,2,6.28318530718,2,secondary grid,2.70573815002,4.18234871714,0.332820736034
CGR,2T,4,24.0,0.7,1.0,N,2,6.28318530718,4,secondary grid,6.05158124943,10.3682418706,0.82507847244
CGR,2T,4,24.0,0.7,1.0,N,2,6.28318530718,6,secondary grid,6.27811503881,12.1937979633,0.970351610464
CGR,2T,4,24.0,0.7,1.0,N,2,6.28318530718,8,secondary grid,6.28309090871,12.5094812871,0.995472891177
CGR,2T,4,24.0,0.7,1.0,N,2,6.28318530718,9.149051113,"s_c,delta (report-only extra)",6.28317582498,12.5474062292,0.998490862176
CGR,2T,4,24.0,0.7,1.0,S,2,6.28318530718,2,secondary grid,2.70573815002,4.18234871714,0.332820736034
CGR,2T,4,24.0,0.7,1.0,S,2,6.28318530718,4,secondary grid,6.05158124944,10.3682418706,0.82507847244
CGR,2T,4,24.0,0.7,1.0,S,2,6.28318530718,6,secondary grid,6.27811503881,12.1937979633,0.970351610464
CGR,2T,4,24.0,0.7,1.0,S,2,6.28318530718,8,secondary grid,6.28309090871,12.5094812871,0.995472891177
CGR,2T,4,24.0,0.7,1.0,S,2,6.28318530718,9.149051113,"s_c,delta (report-only extra)",6.28317582498,12.5474062292,0.998490862176
CGR,2T,4,24.0,0.8,1.0,N,2,6.28318530718,2,secondary grid,3.16706901409,4.6292697478,0.368385581634
CGR,2T,4,24.0,0.8,1.0,N,2,6.28318530718,4,secondary grid,6.1214950081,10.6245656611,0.845476071588
CGR,2T,4,24.0,0.8,1.0,N,2,6.28318530718,6,secondary grid,6.27979608351,12.2422679823,0.974208732022
CGR,2T,4,24.0,0.8,1.0,N,2,6.28318530718,8,secondary grid,6.28312252878,12.5170911458,0.996078464493
CGR,2T,4,24.0,0.8,1.0,N,2,6.28318530718,8.896331628,"s_c,delta (report-only extra)",6.28317485567,12.5454676015,0.998336591085
CGR,2T,4,24.0,0.8,1.0,S,2,6.28318530718,2,secondary grid,3.16706901409,4.6292697478,0.368385581634
CGR,2T,4,24.0,0.8,1.0,S,2,6.28318530718,4,secondary grid,6.1214950081,10.6245656611,0.845476071588
CGR,2T,4,24.0,0.8,1.0,S,2,6.28318530718,6,secondary grid,6.27979608351,12.2422679823,0.974208732022
CGR,2T,4,24.0,0.8,1.0,S,2,6.28318530718,8,secondary grid,6.28312252878,12.5170911458,0.996078464493
CGR,2T,4,24.0,0.8,1.0,S,2,6.28318530718,8.896331628,"s_c,delta (report-only extra)",6.28317485567,12.5454676015,0.998336591085
CGR,2T,4,24.0,0.9,1.0,N,2,6.28318530718,2,secondary grid,3.57112510455,5.01835064481,0.399347655645
CGR,2T,4,24.0,0.9,1.0,N,2,6.28318530718,4,secondary grid,6.16413615934,10.8131654346,0.860484364694
CGR,2T,4,24.0,0.9,1.0,N,2,6.28318530718,6,secondary grid,6.28076123479,12.2769135203,0.976965736335
CGR,2T,4,24.0,0.9,1.0,N,2,6.28318530718,8,secondary grid,6.28314055283,12.5225199019,0.996510471178
CGR,2T,4,24.0,0.9,1.0,N,2,6.28318530718,8.684311869,"s_c,delta (report-only extra)",6.28317392188,12.5436000152,0.998187973295
CGR,2T,4,24.0,0.9,1.0,S,2,6.28318530718,2,secondary grid,3.57112510455,5.01835064481,0.399347655645
CGR,2T,4,24.0,0.9,1.0,S,2,6.28318530718,4,secondary grid,6.16413615934,10.8131654346,0.860484364694
CGR,2T,4,24.0,0.9,1.0,S,2,6.28318530718,6,secondary grid,6.28076123479,12.2769135203,0.976965736335
CGR,2T,4,24.0,0.9,1.0,S,2,6.28318530718,8,secondary grid,6.28314055283,12.5225199019,0.996510471178
CGR,2T,4,24.0,0.9,1.0,S,2,6.28318530718,8.684311869,"s_c,delta (report-only extra)",6.28317392188,12.5436000152,0.998187973295
CGR,2T,4,24.0,1,1.0,N,2,6.28318530718,2,secondary grid,3.91494903687,5.35579966105,0.426200995133
CGR,2T,4,24.0,1,1.0,N,2,6.28318530718,4,secondary grid,6.19178732125,10.9570284254,0.87193261775
CGR,2T,4,24.0,1,1.0,N,2,6.28318530718,6,secondary grid,6.28136177939,12.3028337366,0.979028401612
CGR,2T,4,24.0,1,1.0,N,2,6.28318530718,8,secondary grid,6.28315171409,12.5265799376,0.99683355855
CGR,2T,4,24.0,1,1.0,N,2,6.28318530718,8.502769219,"s_c,delta (report-only extra)",6.28317301986,12.5417959744,0.998044412286
CGR,2T,4,24.0,1,1.0,S,2,6.28318530718,2,secondary grid,3.91494903687,5.35579966105,0.426200995133
CGR,2T,4,24.0,1,1.0,S,2,6.28318530718,4,secondary grid,6.19178732125,10.9570284254,0.87193261775
CGR,2T,4,24.0,1,1.0,S,2,6.28318530718,6,secondary grid,6.28136177939,12.3028337366,0.979028401612
CGR,2T,4,24.0,1,1.0,S,2,6.28318530718,8,secondary grid,6.28315171409,12.5265799376,0.99683355855
CGR,2T,4,24.0,1,1.0,S,2,6.28318530718,8.502769219,"s_c,delta (report-only extra)",6.28317301986,12.5417959744,0.998044412286
CGR,2T,4,4.0,0.5,1.0,N,2,6.28318530718,2,secondary grid,1.68783626757,3.09374128957,0.246192109441
CGR,2T,4,4.0,0.5,1.0,N,2,6.28318530718,4,secondary grid,5.64470543378,9.43365271551,0.750706230543
CGR,2T,4,4.0,0.5,1.0,N,2,6.28318530718,6,secondary grid,6.26556244702,12.0140106371,0.956044589626
CGR,2T,4,4.0,0.5,1.0,N,2,6.28318530718,8,secondary grid,6.28284455456,12.4868485333,0.993671833856
CGR,2T,4,4.0,0.5,1.0,S,2,6.28318530718,2,secondary grid,1.68783626757,3.09374128957,0.246192109441
CGR,2T,4,4.0,0.5,1.0,S,2,6.28318530718,4,secondary grid,5.64470543378,9.43365271551,0.750706230543
CGR,2T,4,4.0,0.5,1.0,S,2,6.28318530718,6,secondary grid,6.26556244702,12.0140106371,0.956044589625
CGR,2T,4,4.0,0.5,1.0,S,2,6.28318530718,8,secondary grid,6.28284455456,12.4868485333,0.993671833856
CGR,2T,4,4.0,0.6,1.0,N,2,6.28318530718,2,secondary grid,2.16047862998,3.65542124887,0.29088918042
CGR,2T,4,4.0,0.6,1.0,N,2,6.28318530718,4,secondary grid,5.89863439439,9.99850012102,0.795655358883
CGR,2T,4,4.0,0.6,1.0,N,2,6.28318530718,6,secondary grid,6.27384709893,12.1367088856,0.965808606004
CGR,2T,4,4.0,0.6,1.0,N,2,6.28318530718,8,secondary grid,6.28300973147,12.5116446262,0.995645044233
CGR,2T,4,4.0,0.6,1.0,S,2,6.28318530718,2,secondary grid,2.16047862998,3.65542124887,0.29088918042
CGR,2T,4,4.0,0.6,1.0,S,2,6.28318530718,4,secondary grid,5.89863439439,9.99850012102,0.795655358883
CGR,2T,4,4.0,0.6,1.0,S,2,6.28318530718,6,secondary grid,6.27384709893,12.1367088856,0.965808606004
CGR,2T,4,4.0,0.6,1.0,S,2,6.28318530718,8,secondary grid,6.28300973147,12.5116446262,0.995645044233
CGR,2T,4,4.0,0.7,1.0,N,2,6.28318530718,2,secondary grid,2.64483321134,4.16377667613,0.331342819968
CGR,2T,4,4.0,0.7,1.0,N,2,6.28318530718,4,secondary grid,6.03144058138,10.3775834892,0.825821854824
CGR,2T,4,4.0,0.7,1.0,N,2,6.28318530718,6,secondary grid,6.27750343942,12.2143256256,0.971985149922
CGR,2T,4,4.0,0.7,1.0,N,2,6.28318530718,8,secondary grid,6.28309968862,12.5388423814,0.997809372823
CGR,2T,4,4.0,0.7,1.0,S,2,6.28318530718,2,secondary grid,2.64483321134,4.16377667613,0.331342819968
CGR,2T,4,4.0,0.7,1.0,S,2,6.28318530718,4,secondary grid,6.03144058138,10.3775834892,0.825821854824
CGR,2T,4,4.0,0.7,1.0,S,2,6.28318530718,6,secondary grid,6.27750343942,12.2143256256,0.971985149922
CGR,2T,4,4.0,0.7,1.0,S,2,6.28318530718,8,secondary grid,6.28309968862,12.5388423814,0.997809372823
CGR,2T,4,4.0,0.8,1.0,N,2,6.28318530718,2,secondary grid,3.09751701413,4.61381671721,0.367155868532
CGR,2T,4,4.0,0.8,1.0,N,2,6.28318530718,4,secondary grid,6.10694372958,10.6460354186,0.847184580602
CGR,2T,4,4.0,0.8,1.0,N,2,6.28318530718,6,secondary grid,6.27938357067,12.2698926465,0.976407032947
CGR,2T,4,4.0,0.8,1.0,N,2,6.28318530718,8,secondary grid,NOT COMPUTED (YET),NOT COMPUTED (YET),NOT COMPUTED (YET) (s >= midpoint)
CGR,2T,4,4.0,0.8,1.0,S,2,6.28318530718,2,secondary grid,3.09751701413,4.61381671721,0.367155868532
CGR,2T,4,4.0,0.8,1.0,S,2,6.28318530718,4,secondary grid,6.10694372958,10.6460354186,0.847184580602
CGR,2T,4,4.0,0.8,1.0,S,2,6.28318530718,6,secondary grid,6.27938357067,12.2698926465,0.976407032947
CGR,2T,4,4.0,0.8,1.0,S,2,6.28318530718,8,secondary grid,NOT COMPUTED (YET),NOT COMPUTED (YET),NOT COMPUTED (YET) (s >= midpoint)
CGR,2T,4,4.0,0.9,1.0,N,2,6.28318530718,2,secondary grid,3.49755640906,5.00770176103,0.398500244399
CGR,2T,4,4.0,0.9,1.0,N,2,6.28318530718,4,secondary grid,6.15310764614,10.8451484927,0.863029495586
CGR,2T,4,4.0,0.9,1.0,N,2,6.28318530718,6,secondary grid,6.28046636402,12.3152089574,0.980013190393
CGR,2T,4,4.0,0.9,1.0,N,2,6.28318530718,8,secondary grid,NOT COMPUTED (YET),NOT COMPUTED (YET),NOT COMPUTED (YET) (s >= midpoint)
CGR,2T,4,4.0,0.9,1.0,S,2,6.28318530718,2,secondary grid,3.49755640906,5.00770176103,0.398500244399
CGR,2T,4,4.0,0.9,1.0,S,2,6.28318530718,4,secondary grid,6.15310764614,10.8451484927,0.863029495586
CGR,2T,4,4.0,0.9,1.0,S,2,6.28318530718,6,secondary grid,6.28046636402,12.3152089574,0.980013190393
CGR,2T,4,4.0,0.9,1.0,S,2,6.28318530718,8,secondary grid,NOT COMPUTED (YET),NOT COMPUTED (YET),NOT COMPUTED (YET) (s >= midpoint)
CGR,2T,4,4.0,1,1.0,N,2,6.28318530718,2,secondary grid,3.8405095659,5.35106562404,0.425824272437
CGR,2T,4,4.0,1,1.0,N,2,6.28318530718,4,secondary grid,6.18308378813,10.9988203982,0.875258317279
CGR,2T,4,4.0,1,1.0,N,2,6.28318530718,6,secondary grid,6.28115805267,12.3575703023,0.983384199108
CGR,2T,4,4.0,1,1.0,N,2,6.28318530718,8,secondary grid,NOT COMPUTED (YET),NOT COMPUTED (YET),NOT COMPUTED (YET) (s >= midpoint)
CGR,2T,4,4.0,1,1.0,S,2,6.28318530718,2,secondary grid,3.8405095659,5.35106562404,0.425824272437
CGR,2T,4,4.0,1,1.0,S,2,6.28318530718,4,secondary grid,6.18308378813,10.9988203982,0.875258317279
CGR,2T,4,4.0,1,1.0,S,2,6.28318530718,6,secondary grid,6.28115805267,12.3575703023,0.983384199108
CGR,2T,4,4.0,1,1.0,S,2,6.28318530718,8,secondary grid,NOT COMPUTED (YET),NOT COMPUTED (YET),NOT COMPUTED (YET) (s >= midpoint)
CGR,2T,4,99.0,0.5,1.0,N,2,6.28318530718,2,secondary grid,1.72172918029,3.11421353276,0.247821238792
CGR,2T,4,99.0,0.5,1.0,N,2,6.28318530718,4,secondary grid,5.69793854551,9.46268975621,0.753016924823
CGR,2T,4,99.0,0.5,1.0,N,2,6.28318530718,6,secondary grid,6.26780162572,12.0036730675,0.955221951974
CGR,2T,4,99.0,0.5,1.0,N,2,6.28318530718,8,secondary grid,6.28289250392,12.4785842237,0.993014180993
CGR,2T,4,99.0,0.5,1.0,N,2,6.28318530718,9.806042109,"s_c,delta (report-only extra)",6.28317739737,12.5505510061,0.998741115573
CGR,2T,4,99.0,0.5,1.0,S,2,6.28318530718,2,secondary grid,1.72172918029,3.11421353276,0.247821238792
CGR,2T,4,99.0,0.5,1.0,S,2,6.28318530718,4,secondary grid,5.69793854551,9.4626897562,0.753016924823
CGR,2T,4,99.0,0.5,1.0,S,2,6.28318530718,6,secondary grid,6.26780162572,12.0036730675,0.955221951974
CGR,2T,4,99.0,0.5,1.0,S,2,6.28318530718,8,secondary grid,6.28289250392,12.4785842237,0.993014180993
CGR,2T,4,99.0,0.5,1.0,S,2,6.28318530718,9.806042109,"s_c,delta (report-only extra)",6.28317739737,12.5505510061,0.998741115573
CGR,2T,4,99.0,0.6,1.0,N,2,6.28318530718,2,secondary grid,2.21597823009,3.67832753396,0.29271200467
CGR,2T,4,99.0,0.6,1.0,N,2,6.28318530718,4,secondary grid,5.93321033039,10.0050247499,0.79617457235
CGR,2T,4,99.0,0.6,1.0,N,2,6.28318530718,6,secondary grid,6.27502272211,12.1192434651,0.964418752005
CGR,2T,4,99.0,0.6,1.0,N,2,6.28318530718,8,secondary grid,6.28303238443,12.4970064563,0.994480175689
CGR,2T,4,99.0,0.6,1.0,N,2,6.28318530718,9.41032539,"s_c,delta (report-only extra)",6.2831762031,12.5481624538,0.998551040624
CGR,2T,4,99.0,0.6,1.0,S,2,6.28318530718,2,secondary grid,2.21597823009,3.67832753396,0.29271200467
CGR,2T,4,99.0,0.6,1.0,S,2,6.28318530718,4,secondary grid,5.93321033039,10.0050247499,0.79617457235
CGR,2T,4,99.0,0.6,1.0,S,2,6.28318530718,6,secondary grid,6.27502272211,12.1192434651,0.964418752005
CGR,2T,4,99.0,0.6,1.0,S,2,6.28318530718,8,secondary grid,6.28303238443,12.4970064563,0.994480175689
CGR,2T,4,99.0,0.6,1.0,S,2,6.28318530718,9.41032539,"s_c,delta (report-only extra)",6.2831762031,12.5481624538,0.998551040624
CGR,2T,4,99.0,0.7,1.0,N,2,6.28318530718,2,secondary grid,2.71710844738,4.18576055616,0.333092241556
CGR,2T,4,99.0,0.7,1.0,N,2,6.28318530718,4,secondary grid,6.05508812981,10.3665564292,0.824944349275
CGR,2T,4,99.0,0.7,1.0,N,2,6.28318530718,6,secondary grid,6.27821881856,12.1906675402,0.970102499308
CGR,2T,4,99.0,0.7,1.0,N,2,6.28318530718,8,secondary grid,6.28309306155,12.5082819346,0.995377449739
CGR,2T,4,99.0,0.7,1.0,N,2,6.28318530718,9.09755801,"s_c,delta (report-only extra)",6.28317504588,12.5458480296,0.998366864595
CGR,2T,4,99.0,0.7,1.0,S,2,6.28318530718,2,secondary grid,2.71710844738,4.18576055616,0.333092241556
CGR,2T,4,99.0,0.7,1.0,S,2,6.28318530718,4,secondary grid,6.05508812981,10.3665564292,0.824944349275
CGR,2T,4,99.0,0.7,1.0,S,2,6.28318530718,6,secondary grid,6.27821881856,12.1906675402,0.970102499308
CGR,2T,4,99.0,0.7,1.0,S,2,6.28318530718,8,secondary grid,6.28309306155,12.5082819346,0.995377449739
CGR,2T,4,99.0,0.7,1.0,S,2,6.28318530718,9.09755801,"s_c,delta (report-only extra)",6.28317504588,12.5458480296,0.998366864595
CGR,2T,4,99.0,0.8,1.0,N,2,6.28318530718,2,secondary grid,3.17993782401,4.63208995945,0.368610006946
CGR,2T,4,99.0,0.8,1.0,N,2,6.28318530718,4,secondary grid,6.1240209905,10.6208161414,0.845177694289
CGR,2T,4,99.0,0.8,1.0,N,2,6.28318530718,6,secondary grid,6.27986585843,12.2386644232,0.973921969897
CGR,2T,4,99.0,0.8,1.0,N,2,6.28318530718,8,secondary grid,6.28312397438,12.5158181224,0.995977160509
CGR,2T,4,99.0,0.8,1.0,N,2,6.28318530718,8.841388686,"s_c,delta (report-only extra)",6.28317391952,12.5435953156,0.998187599309
CGR,2T,4,99.0,0.8,1.0,S,2,6.28318530718,2,secondary grid,3.17993782401,4.63208995945,0.368610006946
CGR,2T,4,99.0,0.8,1.0,S,2,6.28318530718,4,secondary grid,6.1240209905,10.6208161414,0.845177694289
CGR,2T,4,99.0,0.8,1.0,S,2,6.28318530718,6,secondary grid,6.27986585843,12.2386644232,0.973921969897
CGR,2T,4,99.0,0.8,1.0,S,2,6.28318530718,8,secondary grid,6.28312397438,12.5158181224,0.995977160509
CGR,2T,4,99.0,0.8,1.0,S,2,6.28318530718,8.841388686,"s_c,delta (report-only extra)",6.28317391952,12.5435953156,0.998187599309
CGR,2T,4,99.0,0.9,1.0,N,2,6.28318530718,2,secondary grid,3.58463646477,5.02028273639,0.399501406608
CGR,2T,4,99.0,0.9,1.0,N,2,6.28318530718,4,secondary grid,6.16604466447,10.807728933,0.860051741646
CGR,2T,4,99.0,0.9,1.0,N,2,6.28318530718,6,secondary grid,6.28081169398,12.2729220396,0.97664810439
CGR,2T,4,99.0,0.9,1.0,N,2,6.28318530718,8,secondary grid,6.28314159963,12.5211797257,0.996403823347
CGR,2T,4,99.0,0.9,1.0,N,2,6.28318530718,8.625945722,"s_c,delta (report-only extra)",6.2831728196,12.5413954557,0.998012540026
CGR,2T,4,99.0,0.9,1.0,S,2,6.28318530718,2,secondary grid,3.58463646477,5.02028273639,0.399501406608
CGR,2T,4,99.0,0.9,1.0,S,2,6.28318530718,4,secondary grid,6.16604466447,10.807728933,0.860051741646
CGR,2T,4,99.0,0.9,1.0,S,2,6.28318530718,6,secondary grid,6.28081169398,12.2729220396,0.97664810439
CGR,2T,4,99.0,0.9,1.0,S,2,6.28318530718,8,secondary grid,6.28314159963,12.5211797257,0.996403823347
CGR,2T,4,99.0,0.9,1.0,S,2,6.28318530718,8.625945722,"s_c,delta (report-only extra)",6.2831728196,12.5413954557,0.998012540026
CGR,2T,4,99.0,1,1.0,N,2,6.28318530718,2,secondary grid,3.92853331129,5.35665703321,0.426269222641
CGR,2T,4,99.0,1,1.0,N,2,6.28318530718,4,secondary grid,6.19328746055,10.9501612197,0.871386142884
CGR,2T,4,99.0,1,1.0,N,2,6.28318530718,6,secondary grid,6.28140030689,12.2985036517,0.978683824399
CGR,2T,4,99.0,1,1.0,N,2,6.28318530718,8,secondary grid,6.28315251542,12.5251756266,0.996721807032
CGR,2T,4,99.0,1,1.0,N,2,6.28318530718,8.441011329,"s_c,delta (report-only extra)",6.28317174279,12.5392418374,0.997841160523
CGR,2T,4,99.0,1,1.0,S,2,6.28318530718,2,secondary grid,3.92853331129,5.3566570332,0.426269222641
CGR,2T,4,99.0,1,1.0,S,2,6.28318530718,4,secondary grid,6.19328746055,10.9501612197,0.871386142884
CGR,2T,4,99.0,1,1.0,S,2,6.28318530718,6,secondary grid,6.28140030689,12.2985036517,0.978683824399
CGR,2T,4,99.0,1,1.0,S,2,6.28318530718,8,secondary grid,6.28315251542,12.5251756266,0.996721807032
CGR,2T,4,99.0,1,1.0,S,2,6.28318530718,8.441011329,"s_c,delta (report-only extra)",6.28317174279,12.5392418374,0.997841160523
P0,1T,1,1.0,1,1.0,N,1,2.69542465204,2,secondary grid,2.5192219991,3.83477320249,0.610323110812
P0,1T,1,1.0,1,1.0,N,1,2.69542465204,4,secondary grid,NOT COMPUTED (YET),NOT COMPUTED (YET),NOT COMPUTED (YET) (s >= midpoint)
P0,1T,1,1.0,1,1.0,N,1,2.69542465204,6,secondary grid,NOT COMPUTED (YET),NOT COMPUTED (YET),NOT COMPUTED (YET) (s >= midpoint)
P0,1T,1,1.0,1,1.0,N,1,2.69542465204,8,secondary grid,NOT COMPUTED (YET),NOT COMPUTED (YET),NOT COMPUTED (YET) (s >= midpoint)
P0,1T,1,1.0,1,1.0,S,0,0.446168001544,2,secondary grid,0.312645459231,1.56261761568,n/a (n_i = 0)
P0,1T,1,1.0,1,1.0,S,0,0.446168001544,4,secondary grid,NOT COMPUTED (YET),NOT COMPUTED (YET),NOT COMPUTED (YET) (s >= midpoint)
P0,1T,1,1.0,1,1.0,S,0,0.446168001544,6,secondary grid,NOT COMPUTED (YET),NOT COMPUTED (YET),NOT COMPUTED (YET) (s >= midpoint)
P0,1T,1,1.0,1,1.0,S,0,0.446168001544,8,secondary grid,NOT COMPUTED (YET),NOT COMPUTED (YET),NOT COMPUTED (YET) (s >= midpoint)
P0,1T,1,24.0,1,1.0,N,1,3.14158781631,2,secondary grid,2.70774745148,3.57119517149,0.568373364289
P0,1T,1,24.0,1,1.0,N,1,3.14158781631,4,secondary grid,3.13117638279,5.77512896497,0.919140321769
P0,1T,1,24.0,1,1.0,N,1,3.14158781631,6,secondary grid,3.1413962064,6.20620731096,0.987748571393
P0,1T,1,24.0,1,1.0,N,1,3.14158781631,8,secondary grid,NOT COMPUTED (YET),NOT COMPUTED (YET),NOT COMPUTED (YET) (s >= midpoint)
P0,1T,1,24.0,1,1.0,N,1,3.14158781631,7.614630062,"s_c,delta (report-only extra)",3.14158484785,6.26757384108,0.997515358002
P0,1T,1,24.0,1,1.0,S,0,4.83728111558e-06,2,secondary grid,3.52609553675e-11,1.75231153336e-05,n/a (n_i = 0)
P0,1T,1,24.0,1,1.0,S,0,4.83728111558e-06,4,secondary grid,2.13863086548e-09,0.000206478499576,n/a (n_i = 0)
P0,1T,1,24.0,1,1.0,S,0,4.83728111558e-06,6,secondary grid,1.1849368504e-07,0.00181515869506,n/a (n_i = 0)
P0,1T,1,24.0,1,1.0,S,0,4.83728111558e-06,8,secondary grid,NOT COMPUTED (YET),NOT COMPUTED (YET),NOT COMPUTED (YET) (s >= midpoint)
P0,1T,1,4.0,1,1.0,N,1,3.10861036706,2,secondary grid,2.65381974368,3.64023923017,0.579362067518
P0,1T,1,4.0,1,1.0,N,1,3.10861036706,4,secondary grid,NOT COMPUTED (YET),NOT COMPUTED (YET),NOT COMPUTED (YET) (s >= midpoint)
P0,1T,1,4.0,1,1.0,N,1,3.10861036706,6,secondary grid,NOT COMPUTED (YET),NOT COMPUTED (YET),NOT COMPUTED (YET) (s >= midpoint)
P0,1T,1,4.0,1,1.0,N,1,3.10861036706,8,secondary grid,NOT COMPUTED (YET),NOT COMPUTED (YET),NOT COMPUTED (YET) (s >= midpoint)
P0,1T,1,4.0,1,1.0,S,0,0.0329822865313,2,secondary grid,0.00165259226297,0.115549187701,n/a (n_i = 0)
P0,1T,1,4.0,1,1.0,S,0,0.0329822865313,4,secondary grid,NOT COMPUTED (YET),NOT COMPUTED (YET),NOT COMPUTED (YET) (s >= midpoint)
P0,1T,1,4.0,1,1.0,S,0,0.0329822865313,6,secondary grid,NOT COMPUTED (YET),NOT COMPUTED (YET),NOT COMPUTED (YET) (s >= midpoint)
P0,1T,1,4.0,1,1.0,S,0,0.0329822865313,8,secondary grid,NOT COMPUTED (YET),NOT COMPUTED (YET),NOT COMPUTED (YET) (s >= midpoint)
P0,1T,1,99.0,1,1.0,N,1,3.14159265359,2,secondary grid,2.71685389469,3.55962288613,0.566531577871
P0,1T,1,99.0,1,1.0,N,1,3.14159265359,4,secondary grid,3.1315993024,5.75858273225,0.916506907042
P0,1T,1,99.0,1,1.0,N,1,3.14159265359,6,secondary grid,3.14140624999,6.19906546719,0.986611911653
P0,1T,1,99.0,1,1.0,N,1,3.14159265359,8,secondary grid,3.14158924707,6.27051678565,0.997983742177
P0,1T,1,99.0,1,1.0,N,1,3.14159265359,7.407802888,"s_c,delta (report-only extra)",3.1415815092,6.2608965446,0.99645263326
P0,1T,1,99.0,1,1.0,S,0,6.85114044512e-13,2,secondary grid,0,1.47188050616e-12,n/a (n_i = 0)
P0,1T,1,99.0,1,1.0,S,0,6.85114044512e-13,4,secondary grid,0,2.96950148183e-11,n/a (n_i = 0)
P0,1T,1,99.0,1,1.0,S,0,6.85114044512e-13,6,secondary grid,0,2.84302439436e-10,n/a (n_i = 0)
P0,1T,1,99.0,1,1.0,S,0,6.85114044512e-13,8,secondary grid,0,2.42110531304e-09,n/a (n_i = 0)
P0,1T,2,1.0,1,1.0,N,2,5.59412248905,2,secondary grid,3.41324942236,5.32108681521,0.423438634631
P0,1T,2,1.0,1,1.0,N,2,5.59412248905,4,secondary grid,NOT COMPUTED (YET),NOT COMPUTED (YET),NOT COMPUTED (YET) (s >= midpoint)
P0,1T,2,1.0,1,1.0,N,2,5.59412248905,6,secondary grid,NOT COMPUTED (YET),NOT COMPUTED (YET),NOT COMPUTED (YET) (s >= midpoint)
P0,1T,2,1.0,1,1.0,N,2,5.59412248905,8,secondary grid,NOT COMPUTED (YET),NOT COMPUTED (YET),NOT COMPUTED (YET) (s >= midpoint)
P0,1T,2,1.0,1,1.0,S,0,0.689062818133,2,secondary grid,0.0977686216257,0.899593465565,n/a (n_i = 0)
P0,1T,2,1.0,1,1.0,S,0,0.689062818133,4,secondary grid,NOT COMPUTED (YET),NOT COMPUTED (YET),NOT COMPUTED (YET) (s >= midpoint)
P0,1T,2,1.0,1,1.0,S,0,0.689062818133,6,secondary grid,NOT COMPUTED (YET),NOT COMPUTED (YET),NOT COMPUTED (YET) (s >= midpoint)
P0,1T,2,1.0,1,1.0,S,0,0.689062818133,8,secondary grid,NOT COMPUTED (YET),NOT COMPUTED (YET),NOT COMPUTED (YET) (s >= midpoint)
P0,1T,2,24.0,1,1.0,N,2,6.28318523773,2,secondary grid,3.89667018708,5.3546288843,0.42610782768
P0,1T,2,24.0,1,1.0,N,2,6.28318523773,4,secondary grid,6.18973139852,10.9663413492,0.872673716678
P0,1T,2,24.0,1,1.0,N,2,6.28318523773,6,secondary grid,6.28130890405,12.3087398695,0.979498396736
P0,1T,2,24.0,1,1.0,N,2,6.28318523773,8,secondary grid,6.28315062508,12.5284998041,0.996986336676
P0,1T,2,24.0,1,1.0,N,2,6.28318523773,8.591315081,"s_c,delta (report-only extra)",6.28317467306,12.5451023881,0.998307528333
P0,1T,2,24.0,1,1.0,S,0,6.94538294733e-08,2,secondary grid,0,8.07258095406e-08,n/a (n_i = 0)
P0,1T,2,24.0,1,1.0,S,0,6.94538294733e-08,4,secondary grid,0,9.70870859195e-07,n/a (n_i = 0)
P0,1T,2,24.0,1,1.0,S,0,6.94538294733e-08,6,secondary grid,2.35221851506e-12,8.8464796814e-06,n/a (n_i = 0)
P0,1T,2,24.0,1,1.0,S,0,6.94538294733e-08,8,secondary grid,1.38521394972e-10,7.32043819168e-05,n/a (n_i = 0)
P0,1T,2,4.0,1,1.0,N,2,6.26527278209,2,secondary grid,3.74319549677,5.34414817954,0.425273799695
P0,1T,2,4.0,1,1.0,N,2,6.26527278209,4,secondary grid,6.17065404351,11.0491295731,0.879261794213
P0,1T,2,4.0,1,1.0,N,2,6.26527278209,6,secondary grid,NOT COMPUTED (YET),NOT COMPUTED (YET),NOT COMPUTED (YET) (s >= midpoint)
P0,1T,2,4.0,1,1.0,N,2,6.26527278209,8,secondary grid,NOT COMPUTED (YET),NOT COMPUTED (YET),NOT COMPUTED (YET) (s >= midpoint)
P0,1T,2,4.0,1,1.0,S,0,0.0179125250889,2,secondary grid,4.65266354465e-05,0.0197710805434,n/a (n_i = 0)
P0,1T,2,4.0,1,1.0,S,0,0.0179125250889,4,secondary grid,0.00268058400959,0.217009379693,n/a (n_i = 0)
P0,1T,2,4.0,1,1.0,S,0,0.0179125250889,6,secondary grid,NOT COMPUTED (YET),NOT COMPUTED (YET),NOT COMPUTED (YET) (s >= midpoint)
P0,1T,2,4.0,1,1.0,S,0,0.0179125250889,8,secondary grid,NOT COMPUTED (YET),NOT COMPUTED (YET),NOT COMPUTED (YET) (s >= midpoint)
P0,1T,2,99.0,1,1.0,N,2,6.28318530718,2,secondary grid,3.92401702047,5.35637321525,0.426246637126
P0,1T,2,99.0,1,1.0,N,2,6.28318530718,4,secondary grid,6.19279131917,10.9524394804,0.871567441108
P0,1T,2,99.0,1,1.0,N,2,6.28318530718,6,secondary grid,6.28138757151,12.2999379891,0.978797965348
P0,1T,2,99.0,1,1.0,N,2,6.28318530718,8,secondary grid,6.28315224997,12.5256406073,0.996758809022
P0,1T,2,99.0,1,1.0,N,2,6.28318530718,8.461200585,"s_c,delta (report-only extra)",6.28317217205,12.540100362,0.997909479738
P0,1T,2,99.0,1,1.0,S,0,1.47816228317e-17,2,secondary grid,0,0,n/a (n_i = 0)
P0,1T,2,99.0,1,1.0,S,0,1.47816228317e-17,4,secondary grid,0,0,n/a (n_i = 0)
P0,1T,2,99.0,1,1.0,S,0,1.47816228317e-17,6,secondary grid,0,0,n/a (n_i = 0)
P0,1T,2,99.0,1,1.0,S,0,1.47816228317e-17,8,secondary grid,0,0,n/a (n_i = 0)
P0,1T,3,1.0,1,1.0,N,3,8.55146103485,2,secondary grid,3.30567615687,5.84390424001,0.310028748918
P0,1T,3,1.0,1,1.0,N,3,8.55146103485,4,secondary grid,NOT COMPUTED (YET),NOT COMPUTED (YET),NOT COMPUTED (YET) (s >= midpoint)
P0,1T,3,1.0,1,1.0,N,3,8.55146103485,6,secondary grid,NOT COMPUTED (YET),NOT COMPUTED (YET),NOT COMPUTED (YET) (s >= midpoint)
P0,1T,3,1.0,1,1.0,N,3,8.55146103485,8,secondary grid,NOT COMPUTED (YET),NOT COMPUTED (YET),NOT COMPUTED (YET) (s >= midpoint)
P0,1T,3,1.0,1,1.0,S,0,0.873316925921,2,secondary grid,0.0330919544452,0.526923782727,n/a (n_i = 0)
P0,1T,3,1.0,1,1.0,S,0,0.873316925921,4,secondary grid,NOT COMPUTED (YET),NOT COMPUTED (YET),NOT COMPUTED (YET) (s >= midpoint)
P0,1T,3,1.0,1,1.0,S,0,0.873316925921,6,secondary grid,NOT COMPUTED (YET),NOT COMPUTED (YET),NOT COMPUTED (YET) (s >= midpoint)
P0,1T,3,1.0,1,1.0,S,0,0.873316925921,8,secondary grid,NOT COMPUTED (YET),NOT COMPUTED (YET),NOT COMPUTED (YET) (s >= midpoint)
P0,1T,3,24.0,1,1.0,N,3,9.42477795845,2,secondary grid,3.79172638174,6.02270674468,0.319514516403
P0,1T,3,24.0,1,1.0,N,3,9.42477795845,4,secondary grid,9.01939895821,15.3940855152,0.816681601372
P0,1T,3,24.0,1,1.0,N,3,9.42477795845,6,secondary grid,9.41566071605,18.2656579429,0.969023250145
P0,1T,3,24.0,1,1.0,N,3,9.42477795845,8,secondary grid,9.4246072985,18.7617354717,0.995340980434
P0,1T,3,24.0,1,1.0,N,3,9.42477795845,9.31563266,"s_c,delta (report-only extra)",9.42476565801,18.8249504143,0.998694637298
P0,1T,3,24.0,1,1.0,S,0,2.32088310897e-09,2,secondary grid,0,1.20921610531e-09,n/a (n_i = 0)
P0,1T,3,24.0,1,1.0,S,0,2.32088310897e-09,4,secondary grid,0,1.46751955442e-08,n/a (n_i = 0)
P0,1T,3,24.0,1,1.0,S,0,2.32088310897e-09,6,secondary grid,0,1.35298171984e-07,n/a (n_i = 0)
P0,1T,3,24.0,1,1.0,S,0,2.32088310897e-09,8,secondary grid,0,1.13875741429e-06,n/a (n_i = 0)
P0,1T,3,4.0,1,1.0,N,3,9.4150013414,2,secondary grid,3.62143767891,5.9639928218,0.316399646052
P0,1T,3,4.0,1,1.0,N,3,9.4150013414,4,secondary grid,8.94445116843,15.4072237661,0.817378607231
P0,1T,3,4.0,1,1.0,N,3,9.4150013414,6,secondary grid,9.41326079905,18.3201932074,0.971916435786
P0,1T,3,4.0,1,1.0,N,3,9.4150013414,8,secondary grid,NOT COMPUTED (YET),NOT COMPUTED (YET),NOT COMPUTED (YET) (s >= midpoint)
P0,1T,3,4.0,1,1.0,S,0,0.00977661936803,2,secondary grid,2.6307155648e-06,0.00473404017268,n/a (n_i = 0)
P0,1T,3,4.0,1,1.0,S,0,0.00977661936803,4,secondary grid,0.000155761180776,0.0541587407461,n/a (n_i = 0)
P0,1T,3,4.0,1,1.0,S,0,0.00977661936803,6,secondary grid,0.00829676379969,0.447499125141,n/a (n_i = 0)
P0,1T,3,4.0,1,1.0,S,0,0.00977661936803,8,secondary grid,NOT COMPUTED (YET),NOT COMPUTED (YET),NOT COMPUTED (YET) (s >= midpoint)
P0,1T,3,99.0,1,1.0,N,3,9.42477796077,2,secondary grid,3.82364686972,6.03331911601,0.320077520188
P0,1T,3,99.0,1,1.0,N,3,9.42477796077,4,secondary grid,9.03150164225,15.3914595679,0.816542290543
P0,1T,3,99.0,1,1.0,N,3,9.42477796077,6,secondary grid,9.41603239795,18.2567022311,0.968548134881
P0,1T,3,99.0,1,1.0,N,3,9.42477796077,8,secondary grid,9.42461500752,18.7581607143,0.995151333664
P0,1T,3,99.0,1,1.0,N,3,9.42477796077,9.211044837,"s_c,delta (report-only extra)",9.42476350883,18.8206520632,0.998466602688
P0,1T,3,99.0,1,1.0,S,0,3.37832608725e-21,2,secondary grid,0,0,n/a (n_i = 0)
P0,1T,3,99.0,1,1.0,S,0,3.37832608725e-21,4,secondary grid,0,0,n/a (n_i = 0)
P0,1T,3,99.0,1,1.0,S,0,3.37832608725e-21,6,secondary grid,0,0,n/a (n_i = 0)
P0,1T,3,99.0,1,1.0,S,0,3.37832608725e-21,8,secondary grid,0,-1.72998277501e-13,n/a (n_i = 0)
P0,1T,4,1.0,1,1.0,N,4,11.5392430422,2,secondary grid,3.12212543377,6.00949698574,0.239110287694
P0,1T,4,1.0,1,1.0,N,4,11.5392430422,4,secondary grid,10.646199041,18.5276368557,0.73719124735
P0,1T,4,1.0,1,1.0,N,4,11.5392430422,6,secondary grid,NOT COMPUTED (YET),NOT COMPUTED (YET),NOT COMPUTED (YET) (s >= midpoint)
P0,1T,4,1.0,1,1.0,N,4,11.5392430422,8,secondary grid,NOT COMPUTED (YET),NOT COMPUTED (YET),NOT COMPUTED (YET) (s >= midpoint)
P0,1T,4,1.0,1,1.0,S,0,1.02712757215,2,secondary grid,0.0123069216855,0.322403047621,n/a (n_i = 0)
P0,1T,4,1.0,1,1.0,S,0,1.02712757215,4,secondary grid,0.509795979734,3.0754937701,n/a (n_i = 0)
P0,1T,4,1.0,1,1.0,S,0,1.02712757215,6,secondary grid,NOT COMPUTED (YET),NOT COMPUTED (YET),NOT COMPUTED (YET) (s >= midpoint)
P0,1T,4,1.0,1,1.0,S,0,1.02712757215,8,secondary grid,NOT COMPUTED (YET),NOT COMPUTED (YET),NOT COMPUTED (YET) (s >= midpoint)
P0,1T,4,24.0,1,1.0,N,4,12.5663706142,2,secondary grid,3.41818096073,6.21340461101,0.247223514318
P0,1T,4,24.0,1,1.0,N,4,12.5663706142,4,secondary grid,11.3581901621,18.9047806586,0.752197322472
P0,1T,4,24.0,1,1.0,N,4,12.5663706142,6,secondary grid,12.5340559267,24.0145933847,0.95551031088
P0,1T,4,24.0,1,1.0,N,4,12.5663706142,8,secondary grid,12.5657520545,24.9618335718,0.993199800397
P0,1T,4,24.0,1,1.0,N,4,12.5663706142,9.912669333,"s_c,delta (report-only extra)",12.5663570751,25.105662757,0.998922581845
P0,1T,4,24.0,1,1.0,S,0,1.25222739474e-10,2,secondary grid,0,3.00542652736e-11,n/a (n_i = 0)
P0,1T,4,24.0,1,1.0,S,0,1.25222739474e-10,4,secondary grid,0,4.11853092834e-10,n/a (n_i = 0)
P0,1T,4,24.0,1,1.0,S,0,1.25222739474e-10,6,secondary grid,0,3.85422304386e-09,n/a (n_i = 0)
P0,1T,4,24.0,1,1.0,S,0,1.25222739474e-10,8,secondary grid,0,3.27423208803e-08,n/a (n_i = 0)
P0,1T,4,4.0,1,1.0,N,4,12.5608117228,2,secondary grid,3.30726032953,6.14381167216,0.244454499262
P0,1T,4,4.0,1,1.0,N,4,12.5608117228,4,secondary grid,11.1616779467,18.7979981026,0.747948579566
P0,1T,4,4.0,1,1.0,N,4,12.5608117228,6,secondary grid,12.5253099359,24.0516037111,0.956982904979
P0,1T,4,4.0,1,1.0,N,4,12.5608117228,8,secondary grid,NOT COMPUTED (YET),NOT COMPUTED (YET),NOT COMPUTED (YET) (s >= midpoint)
P0,1T,4,4.0,1,1.0,S,0,0.00555889152195,2,secondary grid,2.22725666927e-07,0.00138239130111,n/a (n_i = 0)
P0,1T,4,4.0,1,1.0,S,0,0.00555889152195,4,secondary grid,1.33066295828e-05,0.0161132405102,n/a (n_i = 0)
P0,1T,4,4.0,1,1.0,S,0,0.00555889152195,6,secondary grid,0.000728519301409,0.138601733191,n/a (n_i = 0)
P0,1T,4,4.0,1,1.0,S,0,0.00555889152195,8,secondary grid,NOT COMPUTED (YET),NOT COMPUTED (YET),NOT COMPUTED (YET) (s >= midpoint)
P0,1T,4,99.0,1,1.0,N,4,12.5663706144,2,secondary grid,3.4398260822,6.22628550785,0.247736028919
P0,1T,4,99.0,1,1.0,N,4,12.5663706144,4,secondary grid,11.3905972608,18.9224922341,0.75290204367
P0,1T,4,99.0,1,1.0,N,4,12.5663706144,6,secondary grid,12.5353888915,24.0083674585,0.955262589148
P0,1T,4,99.0,1,1.0,N,4,12.5663706144,8,secondary grid,12.5657804468,24.9578221184,0.993040189737
P0,1T,4,99.0,1,1.0,N,4,12.5663706144,9.820722412,"s_c,delta (report-only extra)",12.5663551264,25.1017652323,0.998767504265
P0,1T,4,99.0,1,1.0,S,0,5.65115355521e-24,2,secondary grid,0,0,n/a (n_i = 0)
P0,1T,4,99.0,1,1.0,S,0,5.65115355521e-24,4,secondary grid,0,0,n/a (n_i = 0)
P0,1T,4,99.0,1,1.0,S,0,5.65115355521e-24,6,secondary grid,0,0,n/a (n_i = 0)
P0,1T,4,99.0,1,1.0,S,0,5.65115355521e-24,8,secondary grid,0,0,n/a (n_i = 0)
P1,1T,1,1.0,0.5,1.0,N,1,2.55814931796,2,secondary grid,1.93678540224,2.78913659113,0.443904875437
P1,1T,1,1.0,0.5,1.0,N,1,2.55814931796,4,secondary grid,NOT COMPUTED (YET),NOT COMPUTED (YET),NOT COMPUTED (YET) (s >= midpoint)
P1,1T,1,1.0,0.5,1.0,N,1,2.55814931796,6,secondary grid,NOT COMPUTED (YET),NOT COMPUTED (YET),NOT COMPUTED (YET) (s >= midpoint)
P1,1T,1,1.0,0.5,1.0,N,1,2.55814931796,8,secondary grid,NOT COMPUTED (YET),NOT COMPUTED (YET),NOT COMPUTED (YET) (s >= midpoint)
P1,1T,1,1.0,0.5,1.0,S,0,0.583443335632,2,secondary grid,0.24217481554,1.32979035144,n/a (n_i = 0)
P1,1T,1,1.0,0.5,1.0,S,0,0.583443335632,4,secondary grid,NOT COMPUTED (YET),NOT COMPUTED (YET),NOT COMPUTED (YET) (s >= midpoint)
P1,1T,1,1.0,0.5,1.0,S,0,0.583443335632,6,secondary grid,NOT COMPUTED (YET),NOT COMPUTED (YET),NOT COMPUTED (YET) (s >= midpoint)
P1,1T,1,1.0,0.5,1.0,S,0,0.583443335632,8,secondary grid,NOT COMPUTED (YET),NOT COMPUTED (YET),NOT COMPUTED (YET) (s >= midpoint)
P1,1T,1,1.0,0.6,1.0,N,1,2.6022206427,2,secondary grid,2.10961922928,3.05876364246,0.486817353448
P1,1T,1,1.0,0.6,1.0,N,1,2.6022206427,4,secondary grid,NOT COMPUTED (YET),NOT COMPUTED (YET),NOT COMPUTED (YET) (s >= midpoint)
P1,1T,1,1.0,0.6,1.0,N,1,2.6022206427,6,secondary grid,NOT COMPUTED (YET),NOT COMPUTED (YET),NOT COMPUTED (YET) (s >= midpoint)
P1,1T,1,1.0,0.6,1.0,N,1,2.6022206427,8,secondary grid,NOT COMPUTED (YET),NOT COMPUTED (YET),NOT COMPUTED (YET) (s >= midpoint)
P1,1T,1,1.0,0.6,1.0,S,0,0.539372010891,2,secondary grid,0.25254383239,1.36399023386,n/a (n_i = 0)
P1,1T,1,1.0,0.6,1.0,S,0,0.539372010891,4,secondary grid,NOT COMPUTED (YET),NOT COMPUTED (YET),NOT COMPUTED (YET) (s >= midpoint)
P1,1T,1,1.0,0.6,1.0,S,0,0.539372010891,6,secondary grid,NOT COMPUTED (YET),NOT COMPUTED (YET),NOT COMPUTED (YET) (s >= midpoint)
P1,1T,1,1.0,0.6,1.0,S,0,0.539372010891,8,secondary grid,NOT COMPUTED (YET),NOT COMPUTED (YET),NOT COMPUTED (YET) (s >= midpoint)
P1,1T,1,1.0,0.7,1.0,N,1,2.6353470557,2,secondary grid,2.24700946237,3.29181253388,0.523908236499
P1,1T,1,1.0,0.7,1.0,N,1,2.6353470557,4,secondary grid,NOT COMPUTED (YET),NOT COMPUTED (YET),NOT COMPUTED (YET) (s >= midpoint)
P1,1T,1,1.0,0.7,1.0,N,1,2.6353470557,6,secondary grid,NOT COMPUTED (YET),NOT COMPUTED (YET),NOT COMPUTED (YET) (s >= midpoint)
P1,1T,1,1.0,0.7,1.0,N,1,2.6353470557,8,secondary grid,NOT COMPUTED (YET),NOT COMPUTED (YET),NOT COMPUTED (YET) (s >= midpoint)
P1,1T,1,1.0,0.7,1.0,S,0,0.506245597886,2,secondary grid,0.265092381353,1.40551483559,n/a (n_i = 0)
P1,1T,1,1.0,0.7,1.0,S,0,0.506245597886,4,secondary grid,NOT COMPUTED (YET),NOT COMPUTED (YET),NOT COMPUTED (YET) (s >= midpoint)
P1,1T,1,1.0,0.7,1.0,S,0,0.506245597886,6,secondary grid,NOT COMPUTED (YET),NOT COMPUTED (YET),NOT COMPUTED (YET) (s >= midpoint)
P1,1T,1,1.0,0.7,1.0,S,0,0.506245597886,8,secondary grid,NOT COMPUTED (YET),NOT COMPUTED (YET),NOT COMPUTED (YET) (s >= midpoint)
P1,1T,1,1.0,0.8,1.0,N,1,2.66061617213,2,secondary grid,2.3570449013,3.49522620757,0.556282528159
P1,1T,1,1.0,0.8,1.0,N,1,2.66061617213,4,secondary grid,NOT COMPUTED (YET),NOT COMPUTED (YET),NOT COMPUTED (YET) (s >= midpoint)
P1,1T,1,1.0,0.8,1.0,N,1,2.66061617213,6,secondary grid,NOT COMPUTED (YET),NOT COMPUTED (YET),NOT COMPUTED (YET) (s >= midpoint)
P1,1T,1,1.0,0.8,1.0,N,1,2.66061617213,8,secondary grid,NOT COMPUTED (YET),NOT COMPUTED (YET),NOT COMPUTED (YET) (s >= midpoint)
P1,1T,1,1.0,0.8,1.0,S,0,0.480976481455,2,secondary grid,0.279464261254,1.45308025985,n/a (n_i = 0)
P1,1T,1,1.0,0.8,1.0,S,0,0.480976481455,4,secondary grid,NOT COMPUTED (YET),NOT COMPUTED (YET),NOT COMPUTED (YET) (s >= midpoint)
P1,1T,1,1.0,0.8,1.0,S,0,0.480976481455,6,secondary grid,NOT COMPUTED (YET),NOT COMPUTED (YET),NOT COMPUTED (YET) (s >= midpoint)
P1,1T,1,1.0,0.8,1.0,S,0,0.480976481455,8,secondary grid,NOT COMPUTED (YET),NOT COMPUTED (YET),NOT COMPUTED (YET) (s >= midpoint)
P1,1T,1,1.0,0.9,1.0,N,1,2.68014882779,2,secondary grid,2.44615010967,3.67470118048,0.584846857259
P1,1T,1,1.0,0.9,1.0,N,1,2.68014882779,4,secondary grid,NOT COMPUTED (YET),NOT COMPUTED (YET),NOT COMPUTED (YET) (s >= midpoint)
P1,1T,1,1.0,0.9,1.0,N,1,2.68014882779,6,secondary grid,NOT COMPUTED (YET),NOT COMPUTED (YET),NOT COMPUTED (YET) (s >= midpoint)
P1,1T,1,1.0,0.9,1.0,N,1,2.68014882779,8,secondary grid,NOT COMPUTED (YET),NOT COMPUTED (YET),NOT COMPUTED (YET) (s >= midpoint)
P1,1T,1,1.0,0.9,1.0,S,0,0.461443825799,2,secondary grid,0.295385821597,1.50570056569,n/a (n_i = 0)
P1,1T,1,1.0,0.9,1.0,S,0,0.461443825799,4,secondary grid,NOT COMPUTED (YET),NOT COMPUTED (YET),NOT COMPUTED (YET) (s >= midpoint)
P1,1T,1,1.0,0.9,1.0,S,0,0.461443825799,6,secondary grid,NOT COMPUTED (YET),NOT COMPUTED (YET),NOT COMPUTED (YET) (s >= midpoint)
P1,1T,1,1.0,0.9,1.0,S,0,0.461443825799,8,secondary grid,NOT COMPUTED (YET),NOT COMPUTED (YET),NOT COMPUTED (YET) (s >= midpoint)
P1,1T,1,1.0,1,1.0,N,1,2.69542465204,2,secondary grid,2.5192219991,3.83477320249,0.610323110812
P1,1T,1,1.0,1,1.0,N,1,2.69542465204,4,secondary grid,NOT COMPUTED (YET),NOT COMPUTED (YET),NOT COMPUTED (YET) (s >= midpoint)
P1,1T,1,1.0,1,1.0,N,1,2.69542465204,6,secondary grid,NOT COMPUTED (YET),NOT COMPUTED (YET),NOT COMPUTED (YET) (s >= midpoint)
P1,1T,1,1.0,1,1.0,N,1,2.69542465204,8,secondary grid,NOT COMPUTED (YET),NOT COMPUTED (YET),NOT COMPUTED (YET) (s >= midpoint)
P1,1T,1,1.0,1,1.0,S,0,0.446168001544,2,secondary grid,0.312645459231,1.56261761568,n/a (n_i = 0)
P1,1T,1,1.0,1,1.0,S,0,0.446168001544,4,secondary grid,NOT COMPUTED (YET),NOT COMPUTED (YET),NOT COMPUTED (YET) (s >= midpoint)
P1,1T,1,1.0,1,1.0,S,0,0.446168001544,6,secondary grid,NOT COMPUTED (YET),NOT COMPUTED (YET),NOT COMPUTED (YET) (s >= midpoint)
P1,1T,1,1.0,1,1.0,S,0,0.446168001544,8,secondary grid,NOT COMPUTED (YET),NOT COMPUTED (YET),NOT COMPUTED (YET) (s >= midpoint)
P1,1T,1,24.0,0.5,1.0,N,1,3.14159078497,2,secondary grid,1.97824013675,2.68020865735,0.426568456334
P1,1T,1,24.0,0.5,1.0,N,1,3.14159078497,4,secondary grid,3.09802836889,5.47242791121,0.870963952783
P1,1T,1,24.0,0.5,1.0,N,1,3.14159078497,6,secondary grid,3.1407313461,6.14857992049,0.978576887342
P1,1T,1,24.0,0.5,1.0,N,1,3.14159078497,8,secondary grid,3.14157680433,6.26284964091,0.996763478193
P1,1T,1,24.0,0.5,1.0,N,1,3.14159078497,8.429132794,"s_c,delta (report-only extra)",3.14158593495,6.26974802208,0.997861389655
P1,1T,1,24.0,0.5,1.0,S,0,1.86862352934e-06,2,secondary grid,9.65093213399e-13,3.23342130258e-06,n/a (n_i = 0)
P1,1T,1,24.0,0.5,1.0,S,0,1.86862352934e-06,4,secondary grid,7.26917137275e-11,3.76576568599e-05,n/a (n_i = 0)
P1,1T,1,24.0,0.5,1.0,S,0,1.86862352934e-06,6,secondary grid,4.03151837535e-09,0.000325426537686,n/a (n_i = 0)
P1,1T,1,24.0,0.5,1.0,S,0,1.86862352934e-06,8,secondary grid,2.20334053635e-07,0.0025021750668,n/a (n_i = 0)
P1,1T,1,24.0,0.6,1.0,N,1,3.14159048144,2,secondary grid,2.23032698597,2.95164526346,0.469768933933
P1,1T,1,24.0,0.6,1.0,N,1,3.14159048144,4,secondary grid,3.112569272,5.57778700075,0.887732372683
P1,1T,1,24.0,0.6,1.0,N,1,3.14159048144,6,secondary grid,3.14102973991,6.16888525335,0.981808581438
P1,1T,1,24.0,0.6,1.0,N,1,3.14159048144,8,secondary grid,3.14158229905,6.26627890619,0.997309262712
P1,1T,1,24.0,0.6,1.0,N,1,3.14159048144,8.197947613,"s_c,delta (report-only extra)",3.14158568353,6.26924518816,0.99778136115
P1,1T,1,24.0,0.6,1.0,S,0,2.17214857749e-06,2,secondary grid,2.23014311763e-12,4.64932984001e-06,n/a (n_i = 0)
P1,1T,1,24.0,0.6,1.0,S,0,2.17214857749e-06,4,secondary grid,1.50518267458e-10,5.4218641916e-05,n/a (n_i = 0)
P1,1T,1,24.0,0.6,1.0,S,0,2.17214857749e-06,6,secondary grid,8.33669526184e-09,0.000469571068567,n/a (n_i = 0)
P1,1T,1,24.0,0.6,1.0,S,0,2.17214857749e-06,8,secondary grid,4.55632782645e-07,0.0036212399401,n/a (n_i = 0)
P1,1T,1,24.0,0.7,1.0,N,1,3.14159003923,2,secondary grid,2.40950366331,3.16188241812,0.503229216319
P1,1T,1,24.0,0.7,1.0,N,1,3.14159003923,4,secondary grid,3.12067272827,5.65026987484,0.899268380384
P1,1T,1,24.0,0.7,1.0,N,1,3.14159003923,6,secondary grid,3.14119159595,6.18265196632,0.983999621856
P1,1T,1,24.0,0.7,1.0,N,1,3.14159003923,8,secondary grid,3.14158527661,6.26860266759,0.997679100826
P1,1T,1,24.0,0.7,1.0,N,1,3.14159003923,8.011497357,"s_c,delta (report-only extra)",3.14158544425,6.26876662004,0.99770519467
P1,1T,1,24.0,0.7,1.0,S,0,2.61435850628e-06,2,secondary grid,4.79860947956e-12,6.62893156176e-06,n/a (n_i = 0)
P1,1T,1,24.0,0.7,1.0,S,0,2.61435850628e-06,4,secondary grid,3.06171026132e-10,7.74465191259e-05,n/a (n_i = 0)
P1,1T,1,24.0,0.7,1.0,S,0,2.61435850628e-06,6,secondary grid,1.69500095376e-08,0.000672687439176,n/a (n_i = 0)
P1,1T,1,24.0,0.7,1.0,S,0,2.61435850628e-06,8,secondary grid,9.26422918195e-07,0.00520581413831,n/a (n_i = 0)
P1,1T,1,24.0,0.8,1.0,N,1,3.14158945592,2,secondary grid,2.53904364311,3.32786535849,0.529646221749
P1,1T,1,24.0,0.8,1.0,N,1,3.14158945592,4,secondary grid,3.1256383758,5.70310136892,0.907676773818
P1,1T,1,24.0,0.8,1.0,N,1,3.14158945592,6,secondary grid,3.14128908983,6.19262045796,0.985586156576
P1,1T,1,24.0,0.8,1.0,N,1,3.14158945592,8,secondary grid,3.14158706983,6.27028919695,0.997947520311
P1,1T,1,24.0,0.8,1.0,N,1,3.14158945592,7.857096173,"s_c,delta (report-only extra)",3.14158522344,6.26832501846,0.997634911594
P1,1T,1,24.0,0.8,1.0,S,0,3.19766741436e-06,2,secondary grid,9.76289271278e-12,9.31865420637e-06,n/a (n_i = 0)
P1,1T,1,24.0,0.8,1.0,S,0,3.19766741436e-06,4,secondary grid,6.05131930504e-10,0.000109127850517,n/a (n_i = 0)
P1,1T,1,24.0,0.8,1.0,S,0,3.19766741436e-06,6,secondary grid,3.3501006919e-08,0.000951203158006,n/a (n_i = 0)
P1,1T,1,24.0,0.8,1.0,S,0,3.19766741436e-06,8,secondary grid,1.8311287777e-06,0.00738936185154,n/a (n_i = 0)
P1,1T,1,24.0,0.9,1.0,N,1,3.14158872016,2,secondary grid,2.63496299218,3.46153493813,0.550920396088
P1,1T,1,24.0,0.9,1.0,N,1,3.14158872016,4,secondary grid,3.12890560361,5.74335871167,0.914083928913
P1,1T,1,24.0,0.9,1.0,N,1,3.14158872016,6,secondary grid,3.14135249714,6.20020641907,0.986793499785
P1,1T,1,24.0,0.9,1.0,N,1,3.14158872016,8,secondary grid,3.14158823642,6.27157809471,0.99815265476
P1,1T,1,24.0,0.9,1.0,N,1,3.14158872016,7.726627136,"s_c,delta (report-only extra)",3.14158502421,6.26792654594,0.997571492724
P1,1T,1,24.0,0.9,1.0,S,0,3.93342578496e-06,2,secondary grid,1.89412186653e-11,1.28869646063e-05,n/a (n_i = 0)
P1,1T,1,24.0,0.9,1.0,S,0,3.93342578496e-06,4,secondary grid,1.15710490844e-09,0.000151346178236,n/a (n_i = 0)
P1,1T,1,24.0,0.9,1.0,S,0,3.93342578496e-06,6,secondary grid,6.4079220496e-08,0.00132453853288,n/a (n_i = 0)
P1,1T,1,24.0,0.9,1.0,S,0,3.93342578496e-06,8,secondary grid,3.50264833484e-06,0.0103303325368,n/a (n_i = 0)
P1,1T,1,24.0,1,1.0,N,1,3.14158781631,2,secondary grid,2.70774745148,3.57119517149,0.568373364289
P1,1T,1,24.0,1,1.0,N,1,3.14158781631,4,secondary grid,3.13117638279,5.77512896497,0.919140321769
P1,1T,1,24.0,1,1.0,N,1,3.14158781631,6,secondary grid,3.1413962064,6.20620731096,0.987748571393
P1,1T,1,24.0,1,1.0,N,1,3.14158781631,8,secondary grid,NOT COMPUTED (YET),NOT COMPUTED (YET),NOT COMPUTED (YET) (s >= midpoint)
P1,1T,1,24.0,1,1.0,N,1,3.14158781631,7.614630062,"s_c,delta (report-only extra)",3.14158484785,6.26757384108,0.997515358002
P1,1T,1,24.0,1,1.0,S,0,4.83728111558e-06,2,secondary grid,3.52609553675e-11,1.75231153336e-05,n/a (n_i = 0)
P1,1T,1,24.0,1,1.0,S,0,4.83728111558e-06,4,secondary grid,2.13863086548e-09,0.000206478499576,n/a (n_i = 0)
P1,1T,1,24.0,1,1.0,S,0,4.83728111558e-06,6,secondary grid,1.1849368504e-07,0.00181515869506,n/a (n_i = 0)
P1,1T,1,24.0,1,1.0,S,0,4.83728111558e-06,8,secondary grid,NOT COMPUTED (YET),NOT COMPUTED (YET),NOT COMPUTED (YET) (s >= midpoint)
P1,1T,1,4.0,0.5,1.0,N,1,3.10246244394,2,secondary grid,1.99677258324,2.70084791807,0.4298532967
P1,1T,1,4.0,0.5,1.0,N,1,3.10246244394,4,secondary grid,3.09812813059,5.53546363493,0.880996399805
P1,1T,1,4.0,0.5,1.0,N,1,3.10246244394,6,secondary grid,NOT COMPUTED (YET),NOT COMPUTED (YET),NOT COMPUTED (YET) (s >= midpoint)
P1,1T,1,4.0,0.5,1.0,N,1,3.10246244394,8,secondary grid,NOT COMPUTED (YET),NOT COMPUTED (YET),NOT COMPUTED (YET) (s >= midpoint)
P1,1T,1,4.0,0.5,1.0,S,0,0.0391302096534,2,secondary grid,0.000680683826053,0.0731298657907,n/a (n_i = 0)
P1,1T,1,4.0,0.5,1.0,S,0,0.0391302096534,4,secondary grid,0.0352160179851,0.672833968679,n/a (n_i = 0)
P1,1T,1,4.0,0.5,1.0,S,0,0.0391302096534,6,secondary grid,NOT COMPUTED (YET),NOT COMPUTED (YET),NOT COMPUTED (YET) (s >= midpoint)
P1,1T,1,4.0,0.5,1.0,S,0,0.0391302096534,8,secondary grid,NOT COMPUTED (YET),NOT COMPUTED (YET),NOT COMPUTED (YET) (s >= midpoint)
P1,1T,1,4.0,0.6,1.0,N,1,3.10558563027,2,secondary grid,2.21115116309,2.96858623682,0.472465173584
P1,1T,1,4.0,0.6,1.0,N,1,3.10558563027,4,secondary grid,NOT COMPUTED (YET),NOT COMPUTED (YET),NOT COMPUTED (YET) (s >= midpoint)
P1,1T,1,4.0,0.6,1.0,N,1,3.10558563027,6,secondary grid,NOT COMPUTED (YET),NOT COMPUTED (YET),NOT COMPUTED (YET) (s >= midpoint)
P1,1T,1,4.0,0.6,1.0,N,1,3.10558563027,8,secondary grid,NOT COMPUTED (YET),NOT COMPUTED (YET),NOT COMPUTED (YET) (s >= midpoint)
P1,1T,1,4.0,0.6,1.0,S,0,0.0360070233191,2,secondary grid,0.000804048358939,0.0796092696998,n/a (n_i = 0)
P1,1T,1,4.0,0.6,1.0,S,0,0.0360070233191,4,secondary grid,NOT COMPUTED (YET),NOT COMPUTED (YET),NOT COMPUTED (YET) (s >= midpoint)
P1,1T,1,4.0,0.6,1.0,S,0,0.0360070233191,6,secondary grid,NOT COMPUTED (YET),NOT COMPUTED (YET),NOT COMPUTED (YET) (s >= midpoint)
P1,1T,1,4.0,0.6,1.0,S,0,0.0360070233191,8,secondary grid,NOT COMPUTED (YET),NOT COMPUTED (YET),NOT COMPUTED (YET) (s >= midpoint)
P1,1T,1,4.0,0.7,1.0,N,1,3.10734645002,2,secondary grid,2.37055250814,3.18573537666,0.507025532578
P1,1T,1,4.0,0.7,1.0,N,1,3.10734645002,4,secondary grid,NOT COMPUTED (YET),NOT COMPUTED (YET),NOT COMPUTED (YET) (s >= midpoint)
P1,1T,1,4.0,0.7,1.0,N,1,3.10734645002,6,secondary grid,NOT COMPUTED (YET),NOT COMPUTED (YET),NOT COMPUTED (YET) (s >= midpoint)
P1,1T,1,4.0,0.7,1.0,N,1,3.10734645002,8,secondary grid,NOT COMPUTED (YET),NOT COMPUTED (YET),NOT COMPUTED (YET) (s >= midpoint)
P1,1T,1,4.0,0.7,1.0,S,0,0.0342462035679,2,secondary grid,0.000960731994188,0.087215202544,n/a (n_i = 0)
P1,1T,1,4.0,0.7,1.0,S,0,0.0342462035679,4,secondary grid,NOT COMPUTED (YET),NOT COMPUTED (YET),NOT COMPUTED (YET) (s >= midpoint)
P1,1T,1,4.0,0.7,1.0,S,0,0.0342462035679,6,secondary grid,NOT COMPUTED (YET),NOT COMPUTED (YET),NOT COMPUTED (YET) (s >= midpoint)
P1,1T,1,4.0,0.7,1.0,S,0,0.0342462035679,8,secondary grid,NOT COMPUTED (YET),NOT COMPUTED (YET),NOT COMPUTED (YET) (s >= midpoint)
P1,1T,1,4.0,0.8,1.0,N,1,3.10826204781,2,secondary grid,2.49047522267,3.3643433091,0.535451867902
P1,1T,1,4.0,0.8,1.0,N,1,3.10826204781,4,secondary grid,NOT COMPUTED (YET),NOT COMPUTED (YET),NOT COMPUTED (YET) (s >= midpoint)
P1,1T,1,4.0,0.8,1.0,N,1,3.10826204781,6,secondary grid,NOT COMPUTED (YET),NOT COMPUTED (YET),NOT COMPUTED (YET) (s >= midpoint)
P1,1T,1,4.0,0.8,1.0,N,1,3.10826204781,8,secondary grid,NOT COMPUTED (YET),NOT COMPUTED (YET),NOT COMPUTED (YET) (s >= midpoint)
P1,1T,1,4.0,0.8,1.0,S,0,0.0333306057764,2,secondary grid,0.00115270290282,0.0958019348961,n/a (n_i = 0)
P1,1T,1,4.0,0.8,1.0,S,0,0.0333306057764,4,secondary grid,NOT COMPUTED (YET),NOT COMPUTED (YET),NOT COMPUTED (YET) (s >= midpoint)
P1,1T,1,4.0,0.8,1.0,S,0,0.0333306057764,6,secondary grid,NOT COMPUTED (YET),NOT COMPUTED (YET),NOT COMPUTED (YET) (s >= midpoint)
P1,1T,1,4.0,0.8,1.0,S,0,0.0333306057764,8,secondary grid,NOT COMPUTED (YET),NOT COMPUTED (YET),NOT COMPUTED (YET) (s >= midpoint)
P1,1T,1,4.0,0.9,1.0,N,1,3.10862485676,2,secondary grid,2.58225993056,3.51357884289,0.55920344079
P1,1T,1,4.0,0.9,1.0,N,1,3.10862485676,4,secondary grid,NOT COMPUTED (YET),NOT COMPUTED (YET),NOT COMPUTED (YET) (s >= midpoint)
P1,1T,1,4.0,0.9,1.0,N,1,3.10862485676,6,secondary grid,NOT COMPUTED (YET),NOT COMPUTED (YET),NOT COMPUTED (YET) (s >= midpoint)
P1,1T,1,4.0,0.9,1.0,N,1,3.10862485676,8,secondary grid,NOT COMPUTED (YET),NOT COMPUTED (YET),NOT COMPUTED (YET) (s >= midpoint)
P1,1T,1,4.0,0.9,1.0,S,0,0.0329677968322,2,secondary grid,0.00138242573741,0.105270069913,n/a (n_i = 0)
P1,1T,1,4.0,0.9,1.0,S,0,0.0329677968322,4,secondary grid,NOT COMPUTED (YET),NOT COMPUTED (YET),NOT COMPUTED (YET) (s >= midpoint)
P1,1T,1,4.0,0.9,1.0,S,0,0.0329677968322,6,secondary grid,NOT COMPUTED (YET),NOT COMPUTED (YET),NOT COMPUTED (YET) (s >= midpoint)
P1,1T,1,4.0,0.9,1.0,S,0,0.0329677968322,8,secondary grid,NOT COMPUTED (YET),NOT COMPUTED (YET),NOT COMPUTED (YET) (s >= midpoint)
P1,1T,1,4.0,1,1.0,N,1,3.10861036706,2,secondary grid,2.65381974368,3.64023923017,0.579362067518
P1,1T,1,4.0,1,1.0,N,1,3.10861036706,4,secondary grid,NOT COMPUTED (YET),NOT COMPUTED (YET),NOT COMPUTED (YET) (s >= midpoint)
P1,1T,1,4.0,1,1.0,N,1,3.10861036706,6,secondary grid,NOT COMPUTED (YET),NOT COMPUTED (YET),NOT COMPUTED (YET) (s >= midpoint)
P1,1T,1,4.0,1,1.0,N,1,3.10861036706,8,secondary grid,NOT COMPUTED (YET),NOT COMPUTED (YET),NOT COMPUTED (YET) (s >= midpoint)
P1,1T,1,4.0,1,1.0,S,0,0.0329822865313,2,secondary grid,0.00165259226297,0.115549187701,n/a (n_i = 0)
P1,1T,1,4.0,1,1.0,S,0,0.0329822865313,4,secondary grid,NOT COMPUTED (YET),NOT COMPUTED (YET),NOT COMPUTED (YET) (s >= midpoint)
P1,1T,1,4.0,1,1.0,S,0,0.0329822865313,6,secondary grid,NOT COMPUTED (YET),NOT COMPUTED (YET),NOT COMPUTED (YET) (s >= midpoint)
P1,1T,1,4.0,1,1.0,S,0,0.0329822865313,8,secondary grid,NOT COMPUTED (YET),NOT COMPUTED (YET),NOT COMPUTED (YET) (s >= midpoint)
P1,1T,1,99.0,0.5,1.0,N,1,3.14159265359,2,secondary grid,1.96977685051,2.67873952702,0.426334636981
P1,1T,1,99.0,0.5,1.0,N,1,3.14159265359,4,secondary grid,3.09723526944,5.47261304242,0.87099341733
P1,1T,1,99.0,0.5,1.0,N,1,3.14159265359,6,secondary grid,3.14071499932,6.14778612193,0.978450550377
P1,1T,1,99.0,0.5,1.0,N,1,3.14159265359,8,secondary grid,3.14157655868,6.26215660951,0.99665317882
P1,1T,1,99.0,0.5,1.0,N,1,3.14159265359,8.401564849,"s_c,delta (report-only extra)",3.14158545079,6.26877970654,0.997707277451
P1,1T,1,99.0,0.5,1.0,S,0,2.48653272425e-14,2,secondary grid,0,0,n/a (n_i = 0)
P1,1T,1,99.0,0.5,1.0,S,0,2.48653272425e-14,4,secondary grid,0,2.4484836856e-13,n/a (n_i = 0)
P1,1T,1,99.0,0.5,1.0,S,0,2.48653272425e-14,6,secondary grid,0,4.3814604072e-12,n/a (n_i = 0)
P1,1T,1,99.0,0.5,1.0,S,0,2.48653272425e-14,8,secondary grid,0,3.92113152283e-11,n/a (n_i = 0)
P1,1T,1,99.0,0.6,1.0,N,1,3.14159265359,2,secondary grid,2.23114972805,2.95089179556,0.469649015792
P1,1T,1,99.0,0.6,1.0,N,1,3.14159265359,4,secondary grid,3.11268106073,5.57458151587,0.887222203919
P1,1T,1,99.0,0.6,1.0,N,1,3.14159265359,6,secondary grid,3.14103414409,6.16638681516,0.98141094265
P1,1T,1,99.0,0.6,1.0,N,1,3.14159265359,8,secondary grid,3.14158243008,6.26519293023,0.99713642427
P1,1T,1,99.0,0.6,1.0,N,1,3.14159265359,8.120995585,"s_c,delta (report-only extra)",3.14158462949,6.26713710646,0.997445849527
P1,1T,1,99.0,0.6,1.0,S,0,5.01201542615e-14,2,secondary grid,0,0,n/a (n_i = 0)
P1,1T,1,99.0,0.6,1.0,S,0,5.01201542615e-14,4,secondary grid,0,7.42218416376e-13,n/a (n_i = 0)
P1,1T,1,99.0,0.6,1.0,S,0,5.01201542615e-14,6,secondary grid,0,1.12114045e-11,n/a (n_i = 0)
P1,1T,1,99.0,0.6,1.0,S,0,5.01201542615e-14,8,secondary grid,0,1.00458286053e-10,n/a (n_i = 0)
P1,1T,1,99.0,0.7,1.0,N,1,3.14159265359,2,secondary grid,2.41503675543,3.15952672238,0.502854295698
P1,1T,1,99.0,0.7,1.0,N,1,3.14159265359,4,secondary grid,3.12104644873,5.64333016886,0.898163891874
P1,1T,1,99.0,0.7,1.0,N,1,3.14159265359,6,secondary grid,3.14120143442,6.17870646848,0.983371676372
P1,1T,1,99.0,0.7,1.0,N,1,3.14159265359,8,secondary grid,3.14158549887,6.26719858073,0.997455633461
P1,1T,1,99.0,0.7,1.0,N,1,3.14159265359,7.894857747,"s_c,delta (report-only extra)",3.14158382271,6.26552355082,0.997189044171
P1,1T,1,99.0,0.7,1.0,S,0,1.00319759014e-13,2,secondary grid,0,0,n/a (n_i = 0)
P1,1T,1,99.0,0.7,1.0,S,0,1.00319759014e-13,4,secondary grid,0,2.47429391249e-12,n/a (n_i = 0)
P1,1T,1,99.0,0.7,1.0,S,0,1.00319759014e-13,6,secondary grid,0,2.79552660115e-11,n/a (n_i = 0)
P1,1T,1,99.0,0.7,1.0,S,0,1.00319759014e-13,8,secondary grid,0,2.4199180426e-10,n/a (n_i = 0)
P1,1T,1,99.0,0.8,1.0,N,1,3.14159265359,2,secondary grid,2.54682611414,3.32281351237,0.528842195467
P1,1T,1,99.0,0.8,1.0,N,1,3.14159265359,4,secondary grid,3.12607864714,5.69265431489,0.906014073528
P1,1T,1,99.0,0.8,1.0,N,1,3.14159265359,6,secondary grid,3.14130002088,6.18745453131,0.984763973814
P1,1T,1,99.0,0.8,1.0,N,1,3.14159265359,8,secondary grid,3.1415873043,6.26862231766,0.997682228231
P1,1T,1,99.0,0.8,1.0,N,1,3.14159265359,7.706796491,"s_c,delta (report-only extra)",3.14158303327,6.2639446822,0.996937759427
P1,1T,1,99.0,0.8,1.0,S,0,1.96222823611e-13,2,secondary grid,0,0,n/a (n_i = 0)
P1,1T,1,99.0,0.8,1.0,S,0,1.96222823611e-13,4,secondary grid,0,6.32420316059e-12,n/a (n_i = 0)
P1,1T,1,99.0,0.8,1.0,S,0,1.96222823611e-13,6,secondary grid,0,6.42667673706e-11,n/a (n_i = 0)
P1,1T,1,99.0,0.8,1.0,S,0,1.96222823611e-13,8,secondary grid,0,5.49495544945e-10,n/a (n_i = 0)
P1,1T,1,99.0,0.9,1.0,N,1,3.14159265359,2,secondary grid,2.64372993949,3.45331046892,0.54961143116
P1,1T,1,99.0,0.9,1.0,N,1,3.14159265359,4,secondary grid,3.12934785878,5.72971905058,0.911913109428
P1,1T,1,99.0,0.9,1.0,N,1,3.14159265359,6,secondary grid,3.14136318287,6.19399020062,0.985804157891
P1,1T,1,99.0,0.9,1.0,N,1,3.14159265359,8,secondary grid,3.14158845977,6.26968744647,0.997851748748
P1,1T,1,99.0,0.9,1.0,N,1,3.14159265359,7.546670086,"s_c,delta (report-only extra)",3.14158226209,6.26240231827,0.996692284584
P1,1T,1,99.0,0.9,1.0,S,0,3.72558766169e-13,2,secondary grid,0,6.6478773572e-13,n/a (n_i = 0)
P1,1T,1,99.0,0.9,1.0,S,0,3.72558766169e-13,4,secondary grid,0,1.44258241078e-11,n/a (n_i = 0)
P1,1T,1,99.0,0.9,1.0,S,0,3.72558766169e-13,6,secondary grid,0,1.38949705224e-10,n/a (n_i = 0)
P1,1T,1,99.0,0.9,1.0,S,0,3.72558766169e-13,8,secondary grid,0,1.18244810974e-09,n/a (n_i = 0)
P1,1T,1,99.0,1,1.0,N,1,3.14159265359,2,secondary grid,2.71685389469,3.55962288613,0.566531577871
P1,1T,1,99.0,1,1.0,N,1,3.14159265359,4,secondary grid,3.1315993024,5.75858273225,0.916506907042
P1,1T,1,99.0,1,1.0,N,1,3.14159265359,6,secondary grid,3.14140624999,6.19906546719,0.986611911653
P1,1T,1,99.0,1,1.0,N,1,3.14159265359,8,secondary grid,3.14158924707,6.27051678565,0.997983742177
P1,1T,1,99.0,1,1.0,N,1,3.14159265359,7.407802888,"s_c,delta (report-only extra)",3.1415815092,6.2608965446,0.99645263326
P1,1T,1,99.0,1,1.0,S,0,6.85114044512e-13,2,secondary grid,0,1.47188050616e-12,n/a (n_i = 0)
P1,1T,1,99.0,1,1.0,S,0,6.85114044512e-13,4,secondary grid,0,2.96950148183e-11,n/a (n_i = 0)
P1,1T,1,99.0,1,1.0,S,0,6.85114044512e-13,6,secondary grid,0,2.84302439436e-10,n/a (n_i = 0)
P1,1T,1,99.0,1,1.0,S,0,6.85114044512e-13,8,secondary grid,0,2.42110531304e-09,n/a (n_i = 0)
P1,1T,2,1.0,0.5,1.0,N,2,5.24667522153,2,secondary grid,1.75870449163,3.18139864852,0.253167660429
P1,1T,2,1.0,0.5,1.0,N,2,5.24667522153,4,secondary grid,NOT COMPUTED (YET),NOT COMPUTED (YET),NOT COMPUTED (YET) (s >= midpoint)
P1,1T,2,1.0,0.5,1.0,N,2,5.24667522153,6,secondary grid,NOT COMPUTED (YET),NOT COMPUTED (YET),NOT COMPUTED (YET) (s >= midpoint)
P1,1T,2,1.0,0.5,1.0,N,2,5.24667522153,8,secondary grid,NOT COMPUTED (YET),NOT COMPUTED (YET),NOT COMPUTED (YET) (s >= midpoint)
P1,1T,2,1.0,0.5,1.0,S,0,1.03651008565,2,secondary grid,0.0693620659251,0.743078144707,n/a (n_i = 0)
P1,1T,2,1.0,0.5,1.0,S,0,1.03651008565,4,secondary grid,NOT COMPUTED (YET),NOT COMPUTED (YET),NOT COMPUTED (YET) (s >= midpoint)
P1,1T,2,1.0,0.5,1.0,S,0,1.03651008565,6,secondary grid,NOT COMPUTED (YET),NOT COMPUTED (YET),NOT COMPUTED (YET) (s >= midpoint)
P1,1T,2,1.0,0.5,1.0,S,0,1.03651008565,8,secondary grid,NOT COMPUTED (YET),NOT COMPUTED (YET),NOT COMPUTED (YET) (s >= midpoint)
P1,1T,2,1.0,0.6,1.0,N,2,5.35992896129,2,secondary grid,2.12154541576,3.67917424055,0.29277938344
P1,1T,2,1.0,0.6,1.0,N,2,5.35992896129,4,secondary grid,NOT COMPUTED (YET),NOT COMPUTED (YET),NOT COMPUTED (YET) (s >= midpoint)
P1,1T,2,1.0,0.6,1.0,N,2,5.35992896129,6,secondary grid,NOT COMPUTED (YET),NOT COMPUTED (YET),NOT COMPUTED (YET) (s >= midpoint)
P1,1T,2,1.0,0.6,1.0,N,2,5.35992896129,8,secondary grid,NOT COMPUTED (YET),NOT COMPUTED (YET),NOT COMPUTED (YET) (s >= midpoint)
P1,1T,2,1.0,0.6,1.0,S,0,0.923256345885,2,secondary grid,0.0731632242177,0.764972247441,n/a (n_i = 0)
P1,1T,2,1.0,0.6,1.0,S,0,0.923256345885,4,secondary grid,NOT COMPUTED (YET),NOT COMPUTED (YET),NOT COMPUTED (YET) (s >= midpoint)
P1,1T,2,1.0,0.6,1.0,S,0,0.923256345885,6,secondary grid,NOT COMPUTED (YET),NOT COMPUTED (YET),NOT COMPUTED (YET) (s >= midpoint)
P1,1T,2,1.0,0.6,1.0,S,0,0.923256345885,8,secondary grid,NOT COMPUTED (YET),NOT COMPUTED (YET),NOT COMPUTED (YET) (s >= midpoint)
P1,1T,2,1.0,0.7,1.0,N,2,5.44427115517,2,secondary grid,2.47932658012,4.14298099147,0.329687951964
P1,1T,2,1.0,0.7,1.0,N,2,5.44427115517,4,secondary grid,NOT COMPUTED (YET),NOT COMPUTED (YET),NOT COMPUTED (YET) (s >= midpoint)
P1,1T,2,1.0,0.7,1.0,N,2,5.44427115517,6,secondary grid,NOT COMPUTED (YET),NOT COMPUTED (YET),NOT COMPUTED (YET) (s >= midpoint)
P1,1T,2,1.0,0.7,1.0,N,2,5.44427115517,8,secondary grid,NOT COMPUTED (YET),NOT COMPUTED (YET),NOT COMPUTED (YET) (s >= midpoint)
P1,1T,2,1.0,0.7,1.0,S,0,0.838914152014,2,secondary grid,0.0779812289442,0.792284426113,n/a (n_i = 0)
P1,1T,2,1.0,0.7,1.0,S,0,0.838914152014,4,secondary grid,NOT COMPUTED (YET),NOT COMPUTED (YET),NOT COMPUTED (YET) (s >= midpoint)
P1,1T,2,1.0,0.7,1.0,S,0,0.838914152014,6,secondary grid,NOT COMPUTED (YET),NOT COMPUTED (YET),NOT COMPUTED (YET) (s >= midpoint)
P1,1T,2,1.0,0.7,1.0,S,0,0.838914152014,8,secondary grid,NOT COMPUTED (YET),NOT COMPUTED (YET),NOT COMPUTED (YET) (s >= midpoint)
P1,1T,2,1.0,0.8,1.0,N,2,5.50792711427,2,secondary grid,2.81863484775,4.57083043561,0.363735128931
P1,1T,2,1.0,0.8,1.0,N,2,5.50792711427,4,secondary grid,NOT COMPUTED (YET),NOT COMPUTED (YET),NOT COMPUTED (YET) (s >= midpoint)
P1,1T,2,1.0,0.8,1.0,N,2,5.50792711427,6,secondary grid,NOT COMPUTED (YET),NOT COMPUTED (YET),NOT COMPUTED (YET) (s >= midpoint)
P1,1T,2,1.0,0.8,1.0,N,2,5.50792711427,8,secondary grid,NOT COMPUTED (YET),NOT COMPUTED (YET),NOT COMPUTED (YET) (s >= midpoint)
P1,1T,2,1.0,0.8,1.0,S,0,0.775258192914,2,secondary grid,0.0837299267727,0.824227455566,n/a (n_i = 0)
P1,1T,2,1.0,0.8,1.0,S,0,0.775258192914,4,secondary grid,NOT COMPUTED (YET),NOT COMPUTED (YET),NOT COMPUTED (YET) (s >= midpoint)
P1,1T,2,1.0,0.8,1.0,S,0,0.775258192914,6,secondary grid,NOT COMPUTED (YET),NOT COMPUTED (YET),NOT COMPUTED (YET) (s >= midpoint)
P1,1T,2,1.0,0.8,1.0,S,0,0.775258192914,8,secondary grid,NOT COMPUTED (YET),NOT COMPUTED (YET),NOT COMPUTED (YET) (s >= midpoint)
P1,1T,2,1.0,0.9,1.0,N,2,5.55656322934,2,secondary grid,3.13114866758,4.96294378928,0.394938518176
P1,1T,2,1.0,0.9,1.0,N,2,5.55656322934,4,secondary grid,NOT COMPUTED (YET),NOT COMPUTED (YET),NOT COMPUTED (YET) (s >= midpoint)
P1,1T,2,1.0,0.9,1.0,N,2,5.55656322934,6,secondary grid,NOT COMPUTED (YET),NOT COMPUTED (YET),NOT COMPUTED (YET) (s >= midpoint)
P1,1T,2,1.0,0.9,1.0,N,2,5.55656322934,8,secondary grid,NOT COMPUTED (YET),NOT COMPUTED (YET),NOT COMPUTED (YET) (s >= midpoint)
P1,1T,2,1.0,0.9,1.0,S,0,0.726622077839,2,secondary grid,0.0903430491196,0.860166498087,n/a (n_i = 0)
P1,1T,2,1.0,0.9,1.0,S,0,0.726622077839,4,secondary grid,NOT COMPUTED (YET),NOT COMPUTED (YET),NOT COMPUTED (YET) (s >= midpoint)
P1,1T,2,1.0,0.9,1.0,S,0,0.726622077839,6,secondary grid,NOT COMPUTED (YET),NOT COMPUTED (YET),NOT COMPUTED (YET) (s >= midpoint)
P1,1T,2,1.0,0.9,1.0,S,0,0.726622077839,8,secondary grid,NOT COMPUTED (YET),NOT COMPUTED (YET),NOT COMPUTED (YET) (s >= midpoint)
P1,1T,2,1.0,1,1.0,N,2,5.59412248905,2,secondary grid,3.41324942236,5.32108681521,0.423438634631
P1,1T,2,1.0,1,1.0,N,2,5.59412248905,4,secondary grid,NOT COMPUTED (YET),NOT COMPUTED (YET),NOT COMPUTED (YET) (s >= midpoint)
P1,1T,2,1.0,1,1.0,N,2,5.59412248905,6,secondary grid,NOT COMPUTED (YET),NOT COMPUTED (YET),NOT COMPUTED (YET) (s >= midpoint)
P1,1T,2,1.0,1,1.0,N,2,5.59412248905,8,secondary grid,NOT COMPUTED (YET),NOT COMPUTED (YET),NOT COMPUTED (YET) (s >= midpoint)
P1,1T,2,1.0,1,1.0,S,0,0.689062818133,2,secondary grid,0.0977686216257,0.899593465565,n/a (n_i = 0)
P1,1T,2,1.0,1,1.0,S,0,0.689062818133,4,secondary grid,NOT COMPUTED (YET),NOT COMPUTED (YET),NOT COMPUTED (YET) (s >= midpoint)
P1,1T,2,1.0,1,1.0,S,0,0.689062818133,6,secondary grid,NOT COMPUTED (YET),NOT COMPUTED (YET),NOT COMPUTED (YET) (s >= midpoint)
P1,1T,2,1.0,1,1.0,S,0,0.689062818133,8,secondary grid,NOT COMPUTED (YET),NOT COMPUTED (YET),NOT COMPUTED (YET) (s >= midpoint)
P1,1T,2,24.0,0.5,1.0,N,2,6.28318528915,2,secondary grid,1.73372106372,3.12160826117,0.248409692581
P1,1T,2,24.0,0.5,1.0,N,2,6.28318528915,4,secondary grid,5.71408837885,9.47483354917,0.753983297162
P1,1T,2,24.0,0.5,1.0,N,2,6.28318528915,6,secondary grid,6.26842028024,12.0040365233,0.955250874872
P1,1T,2,24.0,0.5,1.0,N,2,6.28318528915,8,secondary grid,6.28290497128,12.4783987071,0.99299941805
P1,1T,2,24.0,0.5,1.0,N,2,6.28318528915,9.766627088,"s_c,delta (report-only extra)",6.28317711124,12.549978748,0.998695576723
P1,1T,2,24.0,0.5,1.0,S,0,1.80270771912e-08,2,secondary grid,0,7.38567873691e-09,n/a (n_i = 0)
P1,1T,2,24.0,0.5,1.0,S,0,1.80270771912e-08,4,secondary grid,0,8.83040088526e-08,n/a (n_i = 0)
P1,1T,2,24.0,0.5,1.0,S,0,1.80270771912e-08,6,secondary grid,0,7.9699224787e-07,n/a (n_i = 0)
P1,1T,2,24.0,0.5,1.0,S,0,1.80270771912e-08,8,secondary grid,1.02682848581e-12,6.51564502582e-06,n/a (n_i = 0)
P1,1T,2,24.0,0.6,1.0,N,2,6.283185285,2,secondary grid,2.2181887827,3.67953502536,0.292808093783
P1,1T,2,24.0,0.6,1.0,N,2,6.283185285,4,secondary grid,5.93423108747,10.0072460811,0.79635134027
P1,1T,2,24.0,0.6,1.0,N,2,6.283185285,6,secondary grid,6.27504702054,12.1208040796,0.964542941757
P1,1T,2,24.0,0.6,1.0,N,2,6.283185285,8,secondary grid,6.28303266079,12.4978317189,0.994545848
P1,1T,2,24.0,0.6,1.0,N,2,6.283185285,9.432646729,"s_c,delta (report-only extra)",6.28317660584,12.54896795,0.998615139974
P1,1T,2,24.0,0.6,1.0,S,0,2.21776352122e-08,2,secondary grid,0,1.2309459446e-08,n/a (n_i = 0)
P1,1T,2,24.0,0.6,1.0,S,0,2.21776352122e-08,4,secondary grid,0,1.47258433012e-07,n/a (n_i = 0)
P1,1T,2,24.0,0.6,1.0,S,0,2.21776352122e-08,6,secondary grid,0,1.33054038468e-06,n/a (n_i = 0)
P1,1T,2,24.0,0.6,1.0,S,0,2.21776352122e-08,8,secondary grid,3.08188060484e-12,1.08944757141e-05,n/a (n_i = 0)
P1,1T,2,24.0,0.7,1.0,N,2,6.28318527839,2,secondary grid,2.70723174925,4.18302435976,0.332874501965
P1,1T,2,24.0,0.7,1.0,N,2,6.28318527839,4,secondary grid,6.05194978128,10.3692994769,0.825162634077
P1,1T,2,24.0,0.7,1.0,N,2,6.28318527839,6,secondary grid,6.27812243903,12.1946808057,0.970421864831
P1,1T,2,24.0,0.7,1.0,N,2,6.28318527839,8,secondary grid,6.28309097437,12.5099660779,0.995511469607
P1,1T,2,24.0,0.7,1.0,N,2,6.28318527839,9.163789051,"s_c,delta (report-only extra)",6.28317610133,12.5479589145,0.998534843478
P1,1T,2,24.0,0.7,1.0,S,0,2.87865689463e-08,2,secondary grid,0,2.03155448847e-08,n/a (n_i = 0)
P1,1T,2,24.0,0.7,1.0,S,0,2.87865689463e-08,4,secondary grid,0,2.43253609052e-07,n/a (n_i = 0)
P1,1T,2,24.0,0.7,1.0,S,0,2.87865689463e-08,6,secondary grid,0,2.20125183327e-06,n/a (n_i = 0)
P1,1T,2,24.0,0.7,1.0,S,0,2.87865689463e-08,8,secondary grid,8.62340607448e-12,1.80608931137e-05,n/a (n_i = 0)
P1,1T,2,24.0,0.8,1.0,N,2,6.28318526884,2,secondary grid,3.15977367284,4.62780888115,0.36826932956
P1,1T,2,24.0,0.8,1.0,N,2,6.28318526884,4,secondary grid,6.12000406959,10.6274456445,0.845705253381
P1,1T,2,24.0,0.8,1.0,N,2,6.28318526884,6,secondary grid,6.27975341299,12.2450527409,0.974430336069
P1,1T,2,24.0,0.8,1.0,N,2,6.28318526884,8,secondary grid,6.28312161425,12.518175609,0.996164763332
P1,1T,2,24.0,0.8,1.0,N,2,6.28318526884,8.941291358,"s_c,delta (report-only extra)",6.28317560786,12.5469719722,0.998456305104
P1,1T,2,24.0,0.8,1.0,S,0,3.83384373014e-08,2,secondary grid,0,3.29118759341e-08,n/a (n_i = 0)
P1,1T,2,24.0,0.8,1.0,S,0,3.83384373014e-08,4,secondary grid,0,3.94549407502e-07,n/a (n_i = 0)
P1,1T,2,24.0,0.8,1.0,S,0,3.83384373014e-08,6,secondary grid,2.8042462724e-13,3.57725519844e-06,n/a (n_i = 0)
P1,1T,2,24.0,0.8,1.0,S,0,3.83384373014e-08,8,secondary grid,2.2875534331e-11,2.94238584622e-05,n/a (n_i = 0)
P1,1T,2,24.0,0.9,1.0,N,2,6.2831852556,2,secondary grid,3.55723358052,5.01642076464,0.399194080661
P1,1T,2,24.0,0.9,1.0,N,2,6.2831852556,4,secondary grid,6.16212738963,10.8191249493,0.860958607807
P1,1T,2,24.0,0.9,1.0,N,2,6.2831852556,6,secondary grid,6.28070755619,12.2813804356,0.977321202155
P1,1T,2,24.0,0.9,1.0,N,2,6.2831852556,8,secondary grid,6.28313943581,12.5240700286,0.996633826339
P1,1T,2,24.0,0.9,1.0,N,2,6.2831852556,8.753152434,"s_c,delta (report-only extra)",6.28317513082,12.5460179041,0.998380382778
P1,1T,2,24.0,0.9,1.0,S,0,5.15752702905e-08,2,secondary grid,0,5.21465359518e-08,n/a (n_i = 0)
P1,1T,2,24.0,0.9,1.0,S,0,5.15752702905e-08,4,secondary grid,0,6.2606806346e-07,n/a (n_i = 0)
P1,1T,2,24.0,0.9,1.0,S,0,5.15752702905e-08,6,secondary grid,8.79640435198e-13,5.68950026201e-06,n/a (n_i = 0)
P1,1T,2,24.0,0.9,1.0,S,0,5.15752702905e-08,8,secondary grid,5.76816716464e-11,4.69315991152e-05,n/a (n_i = 0)
P1,1T,2,24.0,1,1.0,N,2,6.28318523773,2,secondary grid,3.89667018708,5.3546288843,0.42610782768
P1,1T,2,24.0,1,1.0,N,2,6.28318523773,4,secondary grid,6.18973139852,10.9663413492,0.872673716678
P1,1T,2,24.0,1,1.0,N,2,6.28318523773,6,secondary grid,6.28130890405,12.3087398695,0.979498396736
P1,1T,2,24.0,1,1.0,N,2,6.28318523773,8,secondary grid,6.28315062508,12.5284998041,0.996986336676
P1,1T,2,24.0,1,1.0,N,2,6.28318523773,8.591315081,"s_c,delta (report-only extra)",6.28317467306,12.5451023881,0.998307528333
P1,1T,2,24.0,1,1.0,S,0,6.94538294733e-08,2,secondary grid,0,8.07258109357e-08,n/a (n_i = 0)
P1,1T,2,24.0,1,1.0,S,0,6.94538294733e-08,4,secondary grid,0,9.7087086059e-07,n/a (n_i = 0)
P1,1T,2,24.0,1,1.0,S,0,6.94538294733e-08,6,secondary grid,2.35221851506e-12,8.84647968279e-06,n/a (n_i = 0)
P1,1T,2,24.0,1,1.0,S,0,6.94538294733e-08,8,secondary grid,1.38521394972e-10,7.32043819182e-05,n/a (n_i = 0)
P1,1T,2,4.0,0.5,1.0,N,2,6.25927329638,2,secondary grid,1.76052661066,3.1450404415,0.250274366244
P1,1T,2,4.0,0.5,1.0,N,2,6.25927329638,4,secondary grid,5.73529545362,9.54713633334,0.759736969912
P1,1T,2,4.0,0.5,1.0,N,2,6.25927329638,6,secondary grid,NOT COMPUTED (YET),NOT COMPUTED (YET),NOT COMPUTED (YET) (s >= midpoint)
P1,1T,2,4.0,0.5,1.0,N,2,6.25927329638,8,secondary grid,NOT COMPUTED (YET),NOT COMPUTED (YET),NOT COMPUTED (YET) (s >= midpoint)
P1,1T,2,4.0,0.5,1.0,S,0,0.0239120107948,2,secondary grid,1.36525436672e-05,0.0106369225701,n/a (n_i = 0)
P1,1T,2,4.0,0.5,1.0,S,0,0.0239120107948,4,secondary grid,0.000788705345631,0.114159790378,n/a (n_i = 0)
P1,1T,2,4.0,0.5,1.0,S,0,0.0239120107948,6,secondary grid,NOT COMPUTED (YET),NOT COMPUTED (YET),NOT COMPUTED (YET) (s >= midpoint)
P1,1T,2,4.0,0.5,1.0,S,0,0.0239120107948,8,secondary grid,NOT COMPUTED (YET),NOT COMPUTED (YET),NOT COMPUTED (YET) (s >= midpoint)
P1,1T,2,4.0,0.6,1.0,N,2,6.26227990022,2,secondary grid,2.2019313633,3.67973204579,0.292823772171
P1,1T,2,4.0,0.6,1.0,N,2,6.26227990022,4,secondary grid,5.91944831805,10.0454888209,0.79939460081
P1,1T,2,4.0,0.6,1.0,N,2,6.26227990022,6,secondary grid,NOT COMPUTED (YET),NOT COMPUTED (YET),NOT COMPUTED (YET) (s >= midpoint)
P1,1T,2,4.0,0.6,1.0,N,2,6.26227990022,8,secondary grid,NOT COMPUTED (YET),NOT COMPUTED (YET),NOT COMPUTED (YET) (s >= midpoint)
P1,1T,2,4.0,0.6,1.0,S,0,0.0209054069614,2,secondary grid,1.70687108506e-05,0.0119023597855,n/a (n_i = 0)
P1,1T,2,4.0,0.6,1.0,S,0,0.0209054069614,4,secondary grid,0.000985500797419,0.128091863965,n/a (n_i = 0)
P1,1T,2,4.0,0.6,1.0,S,0,0.0209054069614,6,secondary grid,NOT COMPUTED (YET),NOT COMPUTED (YET),NOT COMPUTED (YET) (s >= midpoint)
P1,1T,2,4.0,0.6,1.0,S,0,0.0209054069614,8,secondary grid,NOT COMPUTED (YET),NOT COMPUTED (YET),NOT COMPUTED (YET) (s >= midpoint)
P1,1T,2,4.0,0.7,1.0,N,2,6.26395141315,2,secondary grid,2.64249266495,4.16839199813,0.331710095624
P1,1T,2,4.0,0.7,1.0,N,2,6.26395141315,4,secondary grid,6.02837152827,10.4066351344,0.828133711293
P1,1T,2,4.0,0.7,1.0,N,2,6.26395141315,6,secondary grid,NOT COMPUTED (YET),NOT COMPUTED (YET),NOT COMPUTED (YET) (s >= midpoint)
P1,1T,2,4.0,0.7,1.0,N,2,6.26395141315,8,secondary grid,NOT COMPUTED (YET),NOT COMPUTED (YET),NOT COMPUTED (YET) (s >= midpoint)
P1,1T,2,4.0,0.7,1.0,S,0,0.0192338940253,2,secondary grid,2.17719414981e-05,0.0134568326655,n/a (n_i = 0)
P1,1T,2,4.0,0.7,1.0,S,0,0.0192338940253,4,secondary grid,0.00125635666889,0.145361368936,n/a (n_i = 0)
P1,1T,2,4.0,0.7,1.0,S,0,0.0192338940253,6,secondary grid,NOT COMPUTED (YET),NOT COMPUTED (YET),NOT COMPUTED (YET) (s >= midpoint)
P1,1T,2,4.0,0.7,1.0,S,0,0.0192338940253,8,secondary grid,NOT COMPUTED (YET),NOT COMPUTED (YET),NOT COMPUTED (YET) (s >= midpoint)
P1,1T,2,4.0,0.8,1.0,N,2,6.26483619524,2,secondary grid,3.0540701576,4.6074440089,0.366648744518
P1,1T,2,4.0,0.8,1.0,N,2,6.26483619524,4,secondary grid,6.09616816323,10.6766633116,0.849621870881
P1,1T,2,4.0,0.8,1.0,N,2,6.26483619524,6,secondary grid,NOT COMPUTED (YET),NOT COMPUTED (YET),NOT COMPUTED (YET) (s >= midpoint)
P1,1T,2,4.0,0.8,1.0,N,2,6.26483619524,8,secondary grid,NOT COMPUTED (YET),NOT COMPUTED (YET),NOT COMPUTED (YET) (s >= midpoint)
P1,1T,2,4.0,0.8,1.0,S,0,0.0183491119442,2,secondary grid,2.80268095964e-05,0.015288963102,n/a (n_i = 0)
P1,1T,2,4.0,0.8,1.0,S,0,0.0183491119442,4,secondary grid,0.00161642476033,0.165913574054,n/a (n_i = 0)
P1,1T,2,4.0,0.8,1.0,S,0,0.0183491119442,6,secondary grid,NOT COMPUTED (YET),NOT COMPUTED (YET),NOT COMPUTED (YET) (s >= midpoint)
P1,1T,2,4.0,0.8,1.0,S,0,0.0183491119442,8,secondary grid,NOT COMPUTED (YET),NOT COMPUTED (YET),NOT COMPUTED (YET) (s >= midpoint)
P1,1T,2,4.0,0.9,1.0,N,2,6.26522243397,2,secondary grid,3.4222353813,4.99807319452,0.397734027421
P1,1T,2,4.0,0.9,1.0,N,2,6.26522243397,4,secondary grid,6.1404540801,10.8846299241,0.866171328071
P1,1T,2,4.0,0.9,1.0,N,2,6.26522243397,6,secondary grid,NOT COMPUTED (YET),NOT COMPUTED (YET),NOT COMPUTED (YET) (s >= midpoint)
P1,1T,2,4.0,0.9,1.0,N,2,6.26522243397,8,secondary grid,NOT COMPUTED (YET),NOT COMPUTED (YET),NOT COMPUTED (YET) (s >= midpoint)
P1,1T,2,4.0,0.9,1.0,S,0,0.0179628732127,2,secondary grid,3.61542883227e-05,0.0173940436674,n/a (n_i = 0)
P1,1T,2,4.0,0.9,1.0,S,0,0.0179628732127,4,secondary grid,0.00208407436543,0.189772990884,n/a (n_i = 0)
P1,1T,2,4.0,0.9,1.0,S,0,0.0179628732127,6,secondary grid,NOT COMPUTED (YET),NOT COMPUTED (YET),NOT COMPUTED (YET) (s >= midpoint)
P1,1T,2,4.0,0.9,1.0,S,0,0.0179628732127,8,secondary grid,NOT COMPUTED (YET),NOT COMPUTED (YET),NOT COMPUTED (YET) (s >= midpoint)
P1,1T,2,4.0,1,1.0,N,2,6.26527278209,2,secondary grid,3.74319549677,5.34414817954,0.425273799695
P1,1T,2,4.0,1,1.0,N,2,6.26527278209,4,secondary grid,6.17065404351,11.0491295731,0.879261794213
P1,1T,2,4.0,1,1.0,N,2,6.26527278209,6,secondary grid,NOT COMPUTED (YET),NOT COMPUTED (YET),NOT COMPUTED (YET) (s >= midpoint)
P1,1T,2,4.0,1,1.0,N,2,6.26527278209,8,secondary grid,NOT COMPUTED (YET),NOT COMPUTED (YET),NOT COMPUTED (YET) (s >= midpoint)
P1,1T,2,4.0,1,1.0,S,0,0.0179125250889,2,secondary grid,4.65266354465e-05,0.0197710805434,n/a (n_i = 0)
P1,1T,2,4.0,1,1.0,S,0,0.0179125250889,4,secondary grid,0.00268058400959,0.217009379693,n/a (n_i = 0)
P1,1T,2,4.0,1,1.0,S,0,0.0179125250889,6,secondary grid,NOT COMPUTED (YET),NOT COMPUTED (YET),NOT COMPUTED (YET) (s >= midpoint)
P1,1T,2,4.0,1,1.0,S,0,0.0179125250889,8,secondary grid,NOT COMPUTED (YET),NOT COMPUTED (YET),NOT COMPUTED (YET) (s >= midpoint)
P1,1T,2,99.0,0.5,1.0,N,2,6.28318530718,2,secondary grid,1.72623289508,3.11688224827,0.248033608424
P1,1T,2,99.0,0.5,1.0,N,2,6.28318530718,4,secondary grid,5.70434114502,9.46641233572,0.753313158288
P1,1T,2,99.0,0.5,1.0,N,2,6.28318530718,6,secondary grid,6.26805796032,12.0026736038,0.955142417181
P1,1T,2,99.0,0.5,1.0,N,2,6.28318530718,8,secondary grid,6.28289790442,12.477922649,0.992961534556
P1,1T,2,99.0,0.5,1.0,N,2,6.28318530718,9.774467918,"s_c,delta (report-only extra)",6.28317704381,12.5498438844,0.998684844613
P1,1T,2,99.0,0.5,1.0,S,0,1.32364456949e-19,2,secondary grid,0,0,n/a (n_i = 0)
P1,1T,2,99.0,0.5,1.0,S,0,1.32364456949e-19,4,secondary grid,0,0,n/a (n_i = 0)
P1,1T,2,99.0,0.5,1.0,S,0,1.32364456949e-19,6,secondary grid,0,0,n/a (n_i = 0)
P1,1T,2,99.0,0.5,1.0,S,0,1.32364456949e-19,8,secondary grid,0,-1.36724445122e-13,n/a (n_i = 0)
P1,1T,2,99.0,0.6,1.0,N,2,6.28318530718,2,secondary grid,2.2188729119,3.6795174259,0.292806693262
P1,1T,2,99.0,0.6,1.0,N,2,6.28318530718,4,secondary grid,5.93485835715,10.0054543442,0.796208758379
P1,1T,2,99.0,0.6,1.0,N,2,6.28318530718,6,secondary grid,6.27507648539,12.1185784995,0.964365835723
P1,1T,2,99.0,0.6,1.0,N,2,6.28318530718,8,secondary grid,6.28303349063,12.4967227536,0.994457599338
P1,1T,2,99.0,0.6,1.0,N,2,6.28318530718,9.397345131,"s_c,delta (report-only extra)",6.28317603353,12.5478233273,0.998524053794
P1,1T,2,99.0,0.6,1.0,S,0,3.56810300033e-19,2,secondary grid,0,0,n/a (n_i = 0)
P1,1T,2,99.0,0.6,1.0,S,0,3.56810300033e-19,4,secondary grid,0,0,n/a (n_i = 0)
P1,1T,2,99.0,0.6,1.0,S,0,3.56810300033e-19,6,secondary grid,0,0,n/a (n_i = 0)
P1,1T,2,99.0,0.6,1.0,S,0,3.56810300033e-19,8,secondary grid,0,0,n/a (n_i = 0)
P1,1T,2,99.0,0.7,1.0,N,2,6.28318530718,2,secondary grid,2.71757814084,4.18591546598,0.333104568888
P1,1T,2,99.0,0.7,1.0,N,2,6.28318530718,4,secondary grid,6.05522527638,10.3665688471,0.824945337457
P1,1T,2,99.0,0.7,1.0,N,2,6.28318530718,6,secondary grid,6.27822263069,12.1906242359,0.970099053259
P1,1T,2,99.0,0.7,1.0,N,2,6.28318530718,8,secondary grid,6.28309313411,12.5082762204,0.995376995015
P1,1T,2,99.0,0.7,1.0,N,2,6.28318530718,9.096883142,"s_c,delta (report-only extra)",6.28317503994,12.5458361473,0.998365919029
P1,1T,2,99.0,0.7,1.0,S,0,9.5565749901e-19,2,secondary grid,0,0,n/a (n_i = 0)
P1,1T,2,99.0,0.7,1.0,S,0,9.5565749901e-19,4,secondary grid,0,0,n/a (n_i = 0)
P1,1T,2,99.0,0.7,1.0,S,0,9.5565749901e-19,6,secondary grid,0,0,n/a (n_i = 0)
P1,1T,2,99.0,0.7,1.0,S,0,9.5565749901e-19,8,secondary grid,0,0,n/a (n_i = 0)
P1,1T,2,99.0,0.8,1.0,N,2,6.28318530718,2,secondary grid,3.17817927477,4.63171445026,0.368580124874
P1,1T,2,99.0,0.8,1.0,N,2,6.28318530718,4,secondary grid,6.12367627688,10.6213743166,0.845222112455
P1,1T,2,99.0,0.8,1.0,N,2,6.28318530718,6,secondary grid,6.27985626404,12.2392003016,0.973964613747
P1,1T,2,99.0,0.8,1.0,N,2,6.28318530718,8,secondary grid,6.2831237728,12.5160142928,0.995992771256
P1,1T,2,99.0,0.8,1.0,N,2,6.28318530718,8.849529098,"s_c,delta (report-only extra)",6.28317406508,12.5438864229,0.998210764896
P1,1T,2,99.0,0.8,1.0,S,0,2.48343436698e-18,2,secondary grid,0,0,n/a (n_i = 0)
P1,1T,2,99.0,0.8,1.0,S,0,2.48343436698e-18,4,secondary grid,0,0,n/a (n_i = 0)
P1,1T,2,99.0,0.8,1.0,S,0,2.48343436698e-18,6,secondary grid,0,0,n/a (n_i = 0)
P1,1T,2,99.0,0.8,1.0,S,0,2.48343436698e-18,8,secondary grid,0,-2.03691520284e-13,n/a (n_i = 0)
P1,1T,2,99.0,0.9,1.0,N,2,6.28318530718,2,secondary grid,3.58121680807,5.01979914467,0.399462923601
P1,1T,2,99.0,0.9,1.0,N,2,6.28318530718,4,secondary grid,6.16556397971,10.8091223198,0.860162623838
P1,1T,2,99.0,0.9,1.0,N,2,6.28318530718,6,secondary grid,6.2807989692,12.2739474173,0.976729701354
P1,1T,2,99.0,0.9,1.0,N,2,6.28318530718,8,secondary grid,6.28314133437,12.5215270673,0.99643146391
P1,1T,2,99.0,0.9,1.0,N,2,6.28318530718,8.640790923,"s_c,delta (report-only extra)",6.28317310925,12.5419747643,0.998058639937
P1,1T,2,99.0,0.9,1.0,S,0,6.19455415579e-18,2,secondary grid,0,0,n/a (n_i = 0)
P1,1T,2,99.0,0.9,1.0,S,0,6.19455415579e-18,4,secondary grid,0,0,n/a (n_i = 0)
P1,1T,2,99.0,0.9,1.0,S,0,6.19455415579e-18,6,secondary grid,0,0,n/a (n_i = 0)
P1,1T,2,99.0,0.9,1.0,S,0,6.19455415579e-18,8,secondary grid,0,0,n/a (n_i = 0)
P1,1T,2,99.0,1,1.0,N,2,6.28318530718,2,secondary grid,3.92401702047,5.35637321525,0.426246637126
P1,1T,2,99.0,1,1.0,N,2,6.28318530718,4,secondary grid,6.19279131917,10.9524394804,0.871567441108
P1,1T,2,99.0,1,1.0,N,2,6.28318530718,6,secondary grid,6.28138757151,12.2999379891,0.978797965348
P1,1T,2,99.0,1,1.0,N,2,6.28318530718,8,secondary grid,6.28315224997,12.5256406073,0.996758809022
P1,1T,2,99.0,1,1.0,N,2,6.28318530718,8.461200585,"s_c,delta (report-only extra)",6.28317217205,12.540100362,0.997909479738
P1,1T,2,99.0,1,1.0,S,0,1.47816228317e-17,2,secondary grid,0,0,n/a (n_i = 0)
P1,1T,2,99.0,1,1.0,S,0,1.47816228317e-17,4,secondary grid,0,0,n/a (n_i = 0)
P1,1T,2,99.0,1,1.0,S,0,1.47816228317e-17,6,secondary grid,0,0,n/a (n_i = 0)
P1,1T,2,99.0,1,1.0,S,0,1.47816228317e-17,8,secondary grid,0,0,n/a (n_i = 0)
P1,1T,3,1.0,0.5,1.0,N,3,7.95773806839,2,secondary grid,1.608840791,3.19258069051,0.169371666038
P1,1T,3,1.0,0.5,1.0,N,3,7.95773806839,4,secondary grid,6.92715549716,11.9027589131,0.631460972482
P1,1T,3,1.0,0.5,1.0,N,3,7.95773806839,6,secondary grid,NOT COMPUTED (YET),NOT COMPUTED (YET),NOT COMPUTED (YET) (s >= midpoint)
P1,1T,3,1.0,0.5,1.0,N,3,7.95773806839,8,secondary grid,NOT COMPUTED (YET),NOT COMPUTED (YET),NOT COMPUTED (YET) (s >= midpoint)
P1,1T,3,1.0,0.5,1.0,S,0,1.46703989238,2,secondary grid,0.0220940033924,0.424863211901,n/a (n_i = 0)
P1,1T,3,1.0,0.5,1.0,S,0,1.46703989238,4,secondary grid,0.783193274864,3.56877311867,n/a (n_i = 0)
P1,1T,3,1.0,0.5,1.0,S,0,1.46703989238,6,secondary grid,NOT COMPUTED (YET),NOT COMPUTED (YET),NOT COMPUTED (YET) (s >= midpoint)
P1,1T,3,1.0,0.5,1.0,S,0,1.46703989238,8,secondary grid,NOT COMPUTED (YET),NOT COMPUTED (YET),NOT COMPUTED (YET) (s >= midpoint)
P1,1T,3,1.0,0.6,1.0,N,3,8.15306825749,2,secondary grid,1.91641789495,3.75481882482,0.199199325461
P1,1T,3,1.0,0.6,1.0,N,3,8.15306825749,4,secondary grid,7.54207277202,12.9279034551,0.685846579565
P1,1T,3,1.0,0.6,1.0,N,3,8.15306825749,6,secondary grid,NOT COMPUTED (YET),NOT COMPUTED (YET),NOT COMPUTED (YET) (s >= midpoint)
P1,1T,3,1.0,0.6,1.0,N,3,8.15306825749,8,secondary grid,NOT COMPUTED (YET),NOT COMPUTED (YET),NOT COMPUTED (YET) (s >= midpoint)
P1,1T,3,1.0,0.6,1.0,S,0,1.27170970328,2,secondary grid,0.0234804681142,0.438669468946,n/a (n_i = 0)
P1,1T,3,1.0,0.6,1.0,S,0,1.27170970328,4,secondary grid,0.823777645474,3.68827134015,n/a (n_i = 0)
P1,1T,3,1.0,0.6,1.0,S,0,1.27170970328,6,secondary grid,NOT COMPUTED (YET),NOT COMPUTED (YET),NOT COMPUTED (YET) (s >= midpoint)
P1,1T,3,1.0,0.6,1.0,S,0,1.27170970328,8,secondary grid,NOT COMPUTED (YET),NOT COMPUTED (YET),NOT COMPUTED (YET) (s >= midpoint)
P1,1T,3,1.0,0.7,1.0,N,3,8.29760076531,2,secondary grid,2.24155098283,4.30444963171,0.228358145392
P1,1T,3,1.0,0.7,1.0,N,3,8.29760076531,4,secondary grid,7.99318465983,13.7594088453,0.729959310584
P1,1T,3,1.0,0.7,1.0,N,3,8.29760076531,6,secondary grid,NOT COMPUTED (YET),NOT COMPUTED (YET),NOT COMPUTED (YET) (s >= midpoint)
P1,1T,3,1.0,0.7,1.0,N,3,8.29760076531,8,secondary grid,NOT COMPUTED (YET),NOT COMPUTED (YET),NOT COMPUTED (YET) (s >= midpoint)
P1,1T,3,1.0,0.7,1.0,S,0,1.12717719546,2,secondary grid,0.0252849921715,0.456186215552,n/a (n_i = 0)
P1,1T,3,1.0,0.7,1.0,S,0,1.12717719546,4,secondary grid,0.875960161317,3.84053304612,n/a (n_i = 0)
P1,1T,3,1.0,0.7,1.0,S,0,1.12717719546,6,secondary grid,NOT COMPUTED (YET),NOT COMPUTED (YET),NOT COMPUTED (YET) (s >= midpoint)
P1,1T,3,1.0,0.7,1.0,S,0,1.12717719546,8,secondary grid,NOT COMPUTED (YET),NOT COMPUTED (YET),NOT COMPUTED (YET) (s >= midpoint)
P1,1T,3,1.0,0.8,1.0,N,3,8.40595714687,2,secondary grid,2.58504863142,4.83807821681,0.25666802109
P1,1T,3,1.0,0.8,1.0,N,3,8.40595714687,4,secondary grid,8.32058780648,14.4341092121,0.765753276744
P1,1T,3,1.0,0.8,1.0,N,3,8.40595714687,6,secondary grid,NOT COMPUTED (YET),NOT COMPUTED (YET),NOT COMPUTED (YET) (s >= midpoint)
P1,1T,3,1.0,0.8,1.0,N,3,8.40595714687,8,secondary grid,NOT COMPUTED (YET),NOT COMPUTED (YET),NOT COMPUTED (YET) (s >= midpoint)
P1,1T,3,1.0,0.8,1.0,S,0,1.0188208139,2,secondary grid,0.0274928428034,0.476967194795,n/a (n_i = 0)
P1,1T,3,1.0,0.8,1.0,S,0,1.0188208139,4,secondary grid,0.938841091591,4.02178460099,n/a (n_i = 0)
P1,1T,3,1.0,0.8,1.0,S,0,1.0188208139,6,secondary grid,NOT COMPUTED (YET),NOT COMPUTED (YET),NOT COMPUTED (YET) (s >= midpoint)
P1,1T,3,1.0,0.8,1.0,S,0,1.0188208139,8,secondary grid,NOT COMPUTED (YET),NOT COMPUTED (YET),NOT COMPUTED (YET) (s >= midpoint)
P1,1T,3,1.0,0.9,1.0,N,3,8.48824109392,2,secondary grid,2.94234010338,5.3522115605,0.283943642109
P1,1T,3,1.0,0.9,1.0,N,3,8.48824109392,4,secondary grid,NOT COMPUTED (YET),NOT COMPUTED (YET),NOT COMPUTED (YET) (s >= midpoint)
P1,1T,3,1.0,0.9,1.0,N,3,8.48824109392,6,secondary grid,NOT COMPUTED (YET),NOT COMPUTED (YET),NOT COMPUTED (YET) (s >= midpoint)
P1,1T,3,1.0,0.9,1.0,N,3,8.48824109392,8,secondary grid,NOT COMPUTED (YET),NOT COMPUTED (YET),NOT COMPUTED (YET) (s >= midpoint)
P1,1T,3,1.0,0.9,1.0,S,0,0.936536866846,2,secondary grid,0.0300962209788,0.500646095553,n/a (n_i = 0)
P1,1T,3,1.0,0.9,1.0,S,0,0.936536866846,4,secondary grid,NOT COMPUTED (YET),NOT COMPUTED (YET),NOT COMPUTED (YET) (s >= midpoint)
P1,1T,3,1.0,0.9,1.0,S,0,0.936536866846,6,secondary grid,NOT COMPUTED (YET),NOT COMPUTED (YET),NOT COMPUTED (YET) (s >= midpoint)
P1,1T,3,1.0,0.9,1.0,S,0,0.936536866846,8,secondary grid,NOT COMPUTED (YET),NOT COMPUTED (YET),NOT COMPUTED (YET) (s >= midpoint)
P1,1T,3,1.0,1,1.0,N,3,8.55146103485,2,secondary grid,3.30567615687,5.84390424001,0.310028748918
P1,1T,3,1.0,1,1.0,N,3,8.55146103485,4,secondary grid,NOT COMPUTED (YET),NOT COMPUTED (YET),NOT COMPUTED (YET) (s >= midpoint)
P1,1T,3,1.0,1,1.0,N,3,8.55146103485,6,secondary grid,NOT COMPUTED (YET),NOT COMPUTED (YET),NOT COMPUTED (YET) (s >= midpoint)
P1,1T,3,1.0,1,1.0,N,3,8.55146103485,8,secondary grid,NOT COMPUTED (YET),NOT COMPUTED (YET),NOT COMPUTED (YET) (s >= midpoint)
P1,1T,3,1.0,1,1.0,S,0,0.873316925921,2,secondary grid,0.0330919544452,0.526923782727,n/a (n_i = 0)
P1,1T,3,1.0,1,1.0,S,0,0.873316925921,4,secondary grid,NOT COMPUTED (YET),NOT COMPUTED (YET),NOT COMPUTED (YET) (s >= midpoint)
P1,1T,3,1.0,1,1.0,S,0,0.873316925921,6,secondary grid,NOT COMPUTED (YET),NOT COMPUTED (YET),NOT COMPUTED (YET) (s >= midpoint)
P1,1T,3,1.0,1,1.0,S,0,0.873316925921,8,secondary grid,NOT COMPUTED (YET),NOT COMPUTED (YET),NOT COMPUTED (YET) (s >= midpoint)
P1,1T,3,24.0,0.5,1.0,N,3,9.42477796032,2,secondary grid,1.58452616135,3.1459823193,0.166899545665
P1,1T,3,24.0,0.5,1.0,N,3,9.42477796032,4,secondary grid,6.92952344416,11.6346973847,0.617239866719
P1,1T,3,24.0,0.5,1.0,N,3,9.42477796032,6,secondary grid,9.31656919022,17.3062918523,0.918127298295
P1,1T,3,24.0,0.5,1.0,N,3,9.42477796032,8,secondary grid,9.42255272802,18.6011319374,0.986820698313
P1,1T,3,24.0,0.5,1.0,N,3,9.42477796032,10.75463924,"s_c,delta (report-only extra)",9.42476886565,18.8313656871,0.999034978092
P1,1T,3,24.0,0.5,1.0,S,0,4.51918444978e-10,2,secondary grid,0,6.25667802647e-11,n/a (n_i = 0)
P1,1T,3,24.0,0.5,1.0,S,0,4.51918444978e-10,4,secondary grid,0,7.84569510826e-10,n/a (n_i = 0)
P1,1T,3,24.0,0.5,1.0,S,0,4.51918444978e-10,6,secondary grid,0,7.20853687164e-09,n/a (n_i = 0)
P1,1T,3,24.0,0.5,1.0,S,0,4.51918444978e-10,8,secondary grid,0,6.01706815736e-08,n/a (n_i = 0)
P1,1T,3,24.0,0.6,1.0,N,3,9.42477796019,2,secondary grid,1.93966736955,3.7642627499,0.199700341248
P1,1T,3,24.0,0.6,1.0,N,3,9.42477796019,4,secondary grid,7.80915297155,12.9046611876,0.684613538976
P1,1T,3,24.0,0.6,1.0,N,3,9.42477796019,6,secondary grid,9.37127482916,17.6906648609,0.938518919729
P1,1T,3,24.0,0.6,1.0,N,3,9.42477796019,8,secondary grid,9.42372421215,18.6672834193,0.990330143426
P1,1T,3,24.0,0.6,1.0,N,3,9.42477796019,10.34419486,"s_c,delta (report-only extra)",9.42476821367,18.8300617243,0.998965800718
P1,1T,3,24.0,0.6,1.0,S,0,5.78488947574e-10,2,secondary grid,0,1.18777268979e-10,n/a (n_i = 0)
P1,1T,3,24.0,0.6,1.0,S,0,5.78488947574e-10,4,secondary grid,0,1.46474293207e-09,n/a (n_i = 0)
P1,1T,3,24.0,0.6,1.0,S,0,5.78488947574e-10,6,secondary grid,0,1.34472816734e-08,n/a (n_i = 0)
P1,1T,3,24.0,0.6,1.0,S,0,5.78488947574e-10,8,secondary grid,0,1.12340298844e-07,n/a (n_i = 0)
P1,1T,3,24.0,0.7,1.0,N,3,9.42477795998,2,secondary grid,2.3480619424,4.37016763811,0.231844593915
P1,1T,3,24.0,0.7,1.0,N,3,9.42477795998,4,secondary grid,8.34752596892,13.8241808051,0.733395569776
P1,1T,3,24.0,0.7,1.0,N,3,9.42477795998,6,secondary grid,9.39448880525,17.9248782717,0.950944327087
P1,1T,3,24.0,0.7,1.0,N,3,9.42477795998,8,secondary grid,9.42419501578,18.7063608392,0.992403264942
P1,1T,3,24.0,0.7,1.0,N,3,9.42477795998,10.01465125,"s_c,delta (report-only extra)",9.42476755766,18.8287497182,0.99889619663
P1,1T,3,24.0,0.7,1.0,S,0,7.927196092e-10,2,secondary grid,0,2.21298280462e-10,n/a (n_i = 0)
P1,1T,3,24.0,0.7,1.0,S,0,7.927196092e-10,4,secondary grid,0,2.70379565966e-09,n/a (n_i = 0)
P1,1T,3,24.0,0.7,1.0,S,0,7.927196092e-10,6,secondary grid,0,2.48273483328e-08,n/a (n_i = 0)
P1,1T,3,24.0,0.7,1.0,S,0,7.927196092e-10,8,secondary grid,0,2.07686823423e-07,n/a (n_i = 0)
P1,1T,3,24.0,0.8,1.0,N,3,9.42477795965,2,secondary grid,2.80753171107,4.95389205346,0.262812135951
P1,1T,3,24.0,0.8,1.0,N,3,9.42477795965,4,secondary grid,8.67678025869,14.4987197133,0.769180970293
P1,1T,3,24.0,0.8,1.0,N,3,9.42477795965,6,secondary grid,9.40583198771,18.0790597452,0.959123908301
P1,1T,3,24.0,0.8,1.0,N,3,9.42477795965,8,secondary grid,9.42441823451,18.7316178107,0.993743188892
P1,1T,3,24.0,0.8,1.0,N,3,9.42477795965,9.74255005,"s_c,delta (report-only extra)",9.42476690938,18.827453149,0.998827411498
P1,1T,3,24.0,0.8,1.0,S,0,1.12301087821e-09,2,secondary grid,0,4.01328100855e-10,n/a (n_i = 0)
P1,1T,3,24.0,0.8,1.0,S,0,1.12301087821e-09,4,secondary grid,0,4.88174352278e-09,n/a (n_i = 0)
P1,1T,3,24.0,0.8,1.0,S,0,1.12301087821e-09,6,secondary grid,0,4.48673627674e-08,n/a (n_i = 0)
P1,1T,3,24.0,0.8,1.0,S,0,1.12301087821e-09,8,secondary grid,0,3.75972309751e-07,n/a (n_i = 0)
P1,1T,3,24.0,0.9,1.0,N,3,9.42477795916,2,secondary grid,3.29730311088,5.50667638351,0.292138255481
P1,1T,3,24.0,0.9,1.0,N,3,9.42477795916,4,secondary grid,8.88402316896,15.0048962634,0.7960344703
P1,1T,3,24.0,0.9,1.0,N,3,9.42477795916,6,secondary grid,9.41200661584,18.1867914536,0.964839252942
P1,1T,3,24.0,0.9,1.0,N,3,9.42477795916,8,secondary grid,9.42453753533,18.7490620075,0.994668632279
P1,1T,3,24.0,0.9,1.0,N,3,9.42477795916,9.512895095,"s_c,delta (report-only extra)",9.42476627505,18.8261844916,0.998760107133
P1,1T,3,24.0,0.9,1.0,S,0,1.61265461215e-09,2,secondary grid,0,7.06907235702e-10,n/a (n_i = 0)
P1,1T,3,24.0,0.9,1.0,S,0,1.61265461215e-09,4,secondary grid,0,8.58294121931e-09,n/a (n_i = 0)
P1,1T,3,24.0,0.9,1.0,S,0,1.61265461215e-09,6,secondary grid,0,7.89945711329e-08,n/a (n_i = 0)
P1,1T,3,24.0,0.9,1.0,S,0,1.61265461215e-09,8,secondary grid,0,6.63307431314e-07,n/a (n_i = 0)
P1,1T,3,24.0,1,1.0,N,3,9.42477795845,2,secondary grid,3.79172638174,6.02270674468,0.319514516403
P1,1T,3,24.0,1,1.0,N,3,9.42477795845,4,secondary grid,9.01939895821,15.3940855152,0.816681601372
P1,1T,3,24.0,1,1.0,N,3,9.42477795845,6,secondary grid,9.41566071605,18.2656579429,0.969023250145
P1,1T,3,24.0,1,1.0,N,3,9.42477795845,8,secondary grid,9.4246072985,18.7617354717,0.995340980434
P1,1T,3,24.0,1,1.0,N,3,9.42477795845,9.31563266,"s_c,delta (report-only extra)",9.42476565801,18.8249504143,0.998694637298
P1,1T,3,24.0,1,1.0,S,0,2.32088310897e-09,2,secondary grid,0,1.20921610531e-09,n/a (n_i = 0)
P1,1T,3,24.0,1,1.0,S,0,2.32088310897e-09,4,secondary grid,0,1.46751955442e-08,n/a (n_i = 0)
P1,1T,3,24.0,1,1.0,S,0,2.32088310897e-09,6,secondary grid,0,1.35298171984e-07,n/a (n_i = 0)
P1,1T,3,24.0,1,1.0,S,0,2.32088310897e-09,8,secondary grid,0,1.13875741429e-06,n/a (n_i = 0)
P1,1T,3,4.0,0.5,1.0,N,3,9.4103095829,2,secondary grid,1.59584889032,3.16463692876,0.167889203434
P1,1T,3,4.0,0.5,1.0,N,3,9.4103095829,4,secondary grid,7.0161140406,11.7499438964,0.623353884057
P1,1T,3,4.0,0.5,1.0,N,3,9.4103095829,6,secondary grid,9.32235721228,17.3824374941,0.922166950059
P1,1T,3,4.0,0.5,1.0,N,3,9.4103095829,8,secondary grid,NOT COMPUTED (YET),NOT COMPUTED (YET),NOT COMPUTED (YET) (s >= midpoint)
P1,1T,3,4.0,0.5,1.0,S,0,0.0144683778698,2,secondary grid,6.04030075177e-07,0.00225822778683,n/a (n_i = 0)
P1,1T,3,4.0,0.5,1.0,S,0,0.0144683778698,4,secondary grid,3.56600343763e-05,0.0253843663738,n/a (n_i = 0)
P1,1T,3,4.0,0.5,1.0,S,0,0.0144683778698,6,secondary grid,0.00192644910822,0.205944048888,n/a (n_i = 0)
P1,1T,3,4.0,0.5,1.0,S,0,0.0144683778698,8,secondary grid,NOT COMPUTED (YET),NOT COMPUTED (YET),NOT COMPUTED (YET) (s >= midpoint)
P1,1T,3,4.0,0.6,1.0,N,3,9.41264564047,2,secondary grid,1.93562824886,3.76279905972,0.199622690072
P1,1T,3,4.0,0.6,1.0,N,3,9.41264564047,4,secondary grid,7.76676317016,12.9118611747,0.684995510155
P1,1T,3,4.0,0.6,1.0,N,3,9.41264564047,6,secondary grid,9.36785122406,17.731443863,0.940682312987
P1,1T,3,4.0,0.6,1.0,N,3,9.41264564047,8,secondary grid,NOT COMPUTED (YET),NOT COMPUTED (YET),NOT COMPUTED (YET) (s >= midpoint)
P1,1T,3,4.0,0.6,1.0,S,0,0.012132320295,2,secondary grid,7.86783768796e-07,0.00257854741022,n/a (n_i = 0)
P1,1T,3,4.0,0.6,1.0,S,0,0.012132320295,4,secondary grid,4.64623706344e-05,0.0290445544934,n/a (n_i = 0)
P1,1T,3,4.0,0.6,1.0,S,0,0.012132320295,6,secondary grid,0.0025052296982,0.236302354135,n/a (n_i = 0)
P1,1T,3,4.0,0.6,1.0,S,0,0.012132320295,8,secondary grid,NOT COMPUTED (YET),NOT COMPUTED (YET),NOT COMPUTED (YET) (s >= midpoint)
P1,1T,3,4.0,0.7,1.0,N,3,9.41392421386,2,secondary grid,2.31428895035,4.34859840677,0.230700310653
P1,1T,3,4.0,0.7,1.0,N,3,9.41392421386,4,secondary grid,8.26067371567,13.7951900065,0.731857560144
P1,1T,3,4.0,0.7,1.0,N,3,9.41392421386,6,secondary grid,9.39010709753,17.9608654007,0.952853503576
P1,1T,3,4.0,0.7,1.0,N,3,9.41392421386,8,secondary grid,NOT COMPUTED (YET),NOT COMPUTED (YET),NOT COMPUTED (YET) (s >= midpoint)
P1,1T,3,4.0,0.7,1.0,S,0,0.0108537469123,2,secondary grid,1.05208173637e-06,0.00298382562965,n/a (n_i = 0)
P1,1T,3,4.0,0.7,1.0,S,0,0.0108537469123,4,secondary grid,6.2156656079e-05,0.0337051694116,n/a (n_i = 0)
P1,1T,3,4.0,0.7,1.0,S,0,0.0108537469123,6,secondary grid,0.00334355169128,0.27516399254,n/a (n_i = 0)
P1,1T,3,4.0,0.7,1.0,S,0,0.0108537469123,8,secondary grid,NOT COMPUTED (YET),NOT COMPUTED (YET),NOT COMPUTED (YET) (s >= midpoint)
P1,1T,3,4.0,0.8,1.0,N,3,9.41460742195,2,secondary grid,2.73113383164,4.9149120944,0.260744184895
P1,1T,3,4.0,0.8,1.0,N,3,9.41460742195,4,secondary grid,8.58364812173,14.4704923571,0.767683462537
P1,1T,3,4.0,0.8,1.0,N,3,9.41460742195,6,secondary grid,9.40205124797,18.119561283,0.961272581614
P1,1T,3,4.0,0.8,1.0,N,3,9.41460742195,8,secondary grid,NOT COMPUTED (YET),NOT COMPUTED (YET),NOT COMPUTED (YET) (s >= midpoint)
P1,1T,3,4.0,0.8,1.0,S,0,0.0101705388175,2,secondary grid,1.4250167056e-06,0.00347577114863,n/a (n_i = 0)
P1,1T,3,4.0,0.8,1.0,S,0,0.0101705388175,4,secondary grid,8.42394363814e-05,0.0394027561815,n/a (n_i = 0)
P1,1T,3,4.0,0.8,1.0,S,0,0.0101705388175,6,secondary grid,0.00451870755724,0.322919955301,n/a (n_i = 0)
P1,1T,3,4.0,0.8,1.0,S,0,0.0101705388175,8,secondary grid,NOT COMPUTED (YET),NOT COMPUTED (YET),NOT COMPUTED (YET) (s >= midpoint)
P1,1T,3,4.0,0.9,1.0,N,3,9.41492517701,2,secondary grid,3.17287260538,5.45501603342,0.289397588788
P1,1T,3,4.0,0.9,1.0,N,3,9.41492517701,4,secondary grid,8.7982519862,14.9941152949,0.795462522157
P1,1T,3,4.0,0.9,1.0,N,3,9.41492517701,6,secondary grid,9.408977796,18.2342271896,0.967355796896
P1,1T,3,4.0,0.9,1.0,N,3,9.41492517701,8,secondary grid,NOT COMPUTED (YET),NOT COMPUTED (YET),NOT COMPUTED (YET) (s >= midpoint)
P1,1T,3,4.0,0.9,1.0,S,0,0.00985278375673,2,secondary grid,1.93786573244e-06,0.00405775272858,n/a (n_i = 0)
P1,1T,3,4.0,0.9,1.0,S,0,0.00985278375673,4,secondary grid,0.000114640141065,0.0461963208483,n/a (n_i = 0)
P1,1T,3,4.0,0.9,1.0,S,0,0.00985278375673,6,secondary grid,0.00612934326083,0.38014104015,n/a (n_i = 0)
P1,1T,3,4.0,0.9,1.0,S,0,0.00985278375673,8,secondary grid,NOT COMPUTED (YET),NOT COMPUTED (YET),NOT COMPUTED (YET) (s >= midpoint)
P1,1T,3,4.0,1,1.0,N,3,9.4150013414,2,secondary grid,3.62143767891,5.9639928218,0.316399646052
P1,1T,3,4.0,1,1.0,N,3,9.4150013414,4,secondary grid,8.94445116843,15.4072237661,0.817378607231
P1,1T,3,4.0,1,1.0,N,3,9.4150013414,6,secondary grid,9.41326079905,18.3201932074,0.971916435786
P1,1T,3,4.0,1,1.0,N,3,9.4150013414,8,secondary grid,NOT COMPUTED (YET),NOT COMPUTED (YET),NOT COMPUTED (YET) (s >= midpoint)
P1,1T,3,4.0,1,1.0,S,0,0.00977661936802,2,secondary grid,2.6307155648e-06,0.00473404017268,n/a (n_i = 0)
P1,1T,3,4.0,1,1.0,S,0,0.00977661936802,4,secondary grid,0.000155761180776,0.0541587407461,n/a (n_i = 0)
P1,1T,3,4.0,1,1.0,S,0,0.00977661936802,6,secondary grid,0.00829676379969,0.447499125141,n/a (n_i = 0)
P1,1T,3,4.0,1,1.0,S,0,0.00977661936802,8,secondary grid,NOT COMPUTED (YET),NOT COMPUTED (YET),NOT COMPUTED (YET) (s >= midpoint)
P1,1T,3,99.0,0.5,1.0,N,3,9.42477796077,2,secondary grid,1.5820611316,3.14218006842,0.166697829991
P1,1T,3,99.0,0.5,1.0,N,3,9.42477796077,4,secondary grid,6.89927984476,11.6101371973,0.615936908309
P1,1T,3,99.0,0.5,1.0,N,3,9.42477796077,6,secondary grid,9.31367326728,17.2983658589,0.917706811286
P1,1T,3,99.0,0.5,1.0,N,3,9.42477796077,8,secondary grid,9.4224860165,18.5999268461,0.986756766235
P1,1T,3,99.0,0.5,1.0,N,3,9.42477796077,10.77259853,"s_c,delta (report-only extra)",9.42476892517,18.8314847429,0.9990412942
P1,1T,3,99.0,0.5,1.0,S,0,1.26216648759e-23,2,secondary grid,0,0,n/a (n_i = 0)
P1,1T,3,99.0,0.5,1.0,S,0,1.26216648759e-23,4,secondary grid,0,0,n/a (n_i = 0)
P1,1T,3,99.0,0.5,1.0,S,0,1.26216648759e-23,6,secondary grid,0,0,n/a (n_i = 0)
P1,1T,3,99.0,0.5,1.0,S,0,1.26216648759e-23,8,secondary grid,0,0,n/a (n_i = 0)
P1,1T,3,99.0,0.6,1.0,N,3,9.42477796077,2,secondary grid,1.93983588125,3.7643199812,0.199703377463
P1,1T,3,99.0,0.6,1.0,N,3,9.42477796077,4,secondary grid,7.81091765827,12.9042438124,0.684591396538
P1,1T,3,99.0,0.6,1.0,N,3,9.42477796077,6,secondary grid,9.37141983249,17.6886895182,0.938414124544
P1,1T,3,99.0,0.6,1.0,N,3,9.42477796077,8,secondary grid,9.42372828085,18.6660540455,0.99026492312
P1,1T,3,99.0,0.6,1.0,N,3,9.42477796077,10.3208766,"s_c,delta (report-only extra)",9.42476780159,18.8292375876,0.998922078905
P1,1T,3,99.0,0.6,1.0,S,0,3.70955855749e-23,2,secondary grid,0,0,n/a (n_i = 0)
P1,1T,3,99.0,0.6,1.0,S,0,3.70955855749e-23,4,secondary grid,0,0,n/a (n_i = 0)
P1,1T,3,99.0,0.6,1.0,S,0,3.70955855749e-23,6,secondary grid,0,0,n/a (n_i = 0)
P1,1T,3,99.0,0.6,1.0,S,0,3.70955855749e-23,8,secondary grid,0,0,n/a (n_i = 0)
P1,1T,3,99.0,0.7,1.0,N,3,9.42477796077,2,secondary grid,2.35385105551,4.37407442797,0.232051855554
P1,1T,3,99.0,0.7,1.0,N,3,9.42477796077,4,secondary grid,8.36031121113,13.8310087446,0.733757803216
P1,1T,3,99.0,0.7,1.0,N,3,9.42477796077,6,secondary grid,9.39507892295,17.9222281996,0.950803736395
P1,1T,3,99.0,0.7,1.0,N,3,9.42477796077,8,secondary grid,9.42420799993,18.7044569256,0.992302259188
P1,1T,3,99.0,0.7,1.0,N,3,9.42477796077,9.962755203,"s_c,delta (report-only extra)",9.42476669757,18.8270295407,0.998804938378
P1,1T,3,99.0,0.7,1.0,S,0,1.18178699956e-22,2,secondary grid,0,0,n/a (n_i = 0)
P1,1T,3,99.0,0.7,1.0,S,0,1.18178699956e-22,4,secondary grid,0,0,n/a (n_i = 0)
P1,1T,3,99.0,0.7,1.0,S,0,1.18178699956e-22,6,secondary grid,0,0,n/a (n_i = 0)
P1,1T,3,99.0,0.7,1.0,S,0,1.18178699956e-22,8,secondary grid,0,0,n/a (n_i = 0)
P1,1T,3,99.0,0.8,1.0,N,3,9.42477796077,2,secondary grid,2.8215982811,4.96106796599,0.263192829934
P1,1T,3,99.0,0.8,1.0,N,3,9.42477796077,4,secondary grid,8.69161404092,14.5048894588,0.769508285454
P1,1T,3,99.0,0.8,1.0,N,3,9.42477796077,6,secondary grid,9.40639419679,18.0743043608,0.958871627323
P1,1T,3,99.0,0.8,1.0,N,3,9.42477796077,8,secondary grid,9.42443019814,18.7290492795,0.993606924079
P1,1T,3,99.0,0.8,1.0,N,3,9.42477796077,9.669234008,"s_c,delta (report-only extra)",9.42476561438,18.8248631507,0.998690007821
P1,1T,3,99.0,0.8,1.0,S,0,3.77926882685e-22,2,secondary grid,0,0,n/a (n_i = 0)
P1,1T,3,99.0,0.8,1.0,S,0,3.77926882685e-22,4,secondary grid,0,0,n/a (n_i = 0)
P1,1T,3,99.0,0.8,1.0,S,0,3.77926882685e-22,6,secondary grid,0,0,n/a (n_i = 0)
P1,1T,3,99.0,0.8,1.0,S,0,3.77926882685e-22,8,secondary grid,0,0,n/a (n_i = 0)
P1,1T,3,99.0,0.9,1.0,N,3,9.42477796077,2,secondary grid,3.3206138535,5.51613613231,0.292640110742
P1,1T,3,99.0,0.9,1.0,N,3,9.42477796077,4,secondary grid,8.89787232143,15.0072020399,0.79615679554
P1,1T,3,99.0,0.9,1.0,N,3,9.42477796077,6,secondary grid,9.41246971672,18.1798282539,0.964469843723
P1,1T,3,99.0,0.9,1.0,N,3,9.42477796077,8,secondary grid,9.42454723015,18.7459390149,0.994502952374
P1,1T,3,99.0,0.9,1.0,N,3,9.42477796077,9.422526821,"s_c,delta (report-only extra)",9.42476455174,18.8227378816,0.998577258793
P1,1T,3,99.0,0.9,1.0,S,0,1.17197209213e-21,2,secondary grid,0,0,n/a (n_i = 0)
P1,1T,3,99.0,0.9,1.0,S,0,1.17197209213e-21,4,secondary grid,0,0,n/a (n_i = 0)
P1,1T,3,99.0,0.9,1.0,S,0,1.17197209213e-21,6,secondary grid,0,0,n/a (n_i = 0)
P1,1T,3,99.0,0.9,1.0,S,0,1.17197209213e-21,8,secondary grid,0,0,n/a (n_i = 0)
P1,1T,3,99.0,1,1.0,N,3,9.42477796077,2,secondary grid,3.82364686972,6.03331911601,0.320077520188
P1,1T,3,99.0,1,1.0,N,3,9.42477796077,4,secondary grid,9.03150164225,15.3914595679,0.816542290543
P1,1T,3,99.0,1,1.0,N,3,9.42477796077,6,secondary grid,9.41603239795,18.2567022311,0.968548134881
P1,1T,3,99.0,1,1.0,N,3,9.42477796077,8,secondary grid,9.42461500752,18.7581607143,0.995151333664
P1,1T,3,99.0,1,1.0,N,3,9.42477796077,9.211044837,"s_c,delta (report-only extra)",9.42476350883,18.8206520632,0.998466602688
P1,1T,3,99.0,1,1.0,S,0,3.37832608725e-21,2,secondary grid,0,0,n/a (n_i = 0)
P1,1T,3,99.0,1,1.0,S,0,3.37832608725e-21,4,secondary grid,0,0,n/a (n_i = 0)
P1,1T,3,99.0,1,1.0,S,0,3.37832608725e-21,6,secondary grid,0,0,n/a (n_i = 0)
P1,1T,3,99.0,1,1.0,S,0,3.37832608725e-21,8,secondary grid,0,-1.72998277501e-13,n/a (n_i = 0)
P1,1T,4,1.0,0.5,1.0,N,4,10.6752477047,2,secondary grid,1.59187463626,3.18293472388,0.126644948711
P1,1T,4,1.0,0.5,1.0,N,4,10.6752477047,4,secondary grid,6.90278181689,12.68617002,0.504766666897
P1,1T,4,1.0,0.5,1.0,N,4,10.6752477047,6,secondary grid,NOT COMPUTED (YET),NOT COMPUTED (YET),NOT COMPUTED (YET) (s >= midpoint)
P1,1T,4,1.0,0.5,1.0,N,4,10.6752477047,8,secondary grid,NOT COMPUTED (YET),NOT COMPUTED (YET),NOT COMPUTED (YET) (s >= midpoint)
P1,1T,4,1.0,0.5,1.0,S,0,1.89112290964,2,secondary grid,0.0078422234786,0.25483516705,n/a (n_i = 0)
P1,1T,4,1.0,0.5,1.0,S,0,1.89112290964,4,secondary grid,0.341712751836,2.40896427611,n/a (n_i = 0)
P1,1T,4,1.0,0.5,1.0,S,0,1.89112290964,6,secondary grid,NOT COMPUTED (YET),NOT COMPUTED (YET),NOT COMPUTED (YET) (s >= midpoint)
P1,1T,4,1.0,0.5,1.0,S,0,1.89112290964,8,secondary grid,NOT COMPUTED (YET),NOT COMPUTED (YET),NOT COMPUTED (YET) (s >= midpoint)
P1,1T,4,1.0,0.6,1.0,N,4,10.9620123302,2,secondary grid,1.88425123028,3.76331025481,0.14973735736
P1,1T,4,1.0,0.6,1.0,N,4,10.9620123302,4,secondary grid,7.95140380396,14.2361337329,0.566437763526
P1,1T,4,1.0,0.6,1.0,N,4,10.9620123302,6,secondary grid,NOT COMPUTED (YET),NOT COMPUTED (YET),NOT COMPUTED (YET) (s >= midpoint)
P1,1T,4,1.0,0.6,1.0,N,4,10.9620123302,8,secondary grid,NOT COMPUTED (YET),NOT COMPUTED (YET),NOT COMPUTED (YET) (s >= midpoint)
P1,1T,4,1.0,0.6,1.0,S,0,1.60435828418,2,secondary grid,0.00838215865134,0.263756993758,n/a (n_i = 0)
P1,1T,4,1.0,0.6,1.0,S,0,1.60435828418,4,secondary grid,0.362609330517,2.49583397258,n/a (n_i = 0)
P1,1T,4,1.0,0.6,1.0,S,0,1.60435828418,6,secondary grid,NOT COMPUTED (YET),NOT COMPUTED (YET),NOT COMPUTED (YET) (s >= midpoint)
P1,1T,4,1.0,0.6,1.0,S,0,1.60435828418,8,secondary grid,NOT COMPUTED (YET),NOT COMPUTED (YET),NOT COMPUTED (YET) (s >= midpoint)
P1,1T,4,1.0,0.7,1.0,N,4,11.1729546952,2,secondary grid,2.17875099385,4.33721664892,0.172572367234
P1,1T,4,1.0,0.7,1.0,N,4,11.1729546952,4,secondary grid,8.85622265799,15.5819961929,0.619987929336
P1,1T,4,1.0,0.7,1.0,N,4,11.1729546952,6,secondary grid,NOT COMPUTED (YET),NOT COMPUTED (YET),NOT COMPUTED (YET) (s >= midpoint)
P1,1T,4,1.0,0.7,1.0,N,4,11.1729546952,8,secondary grid,NOT COMPUTED (YET),NOT COMPUTED (YET),NOT COMPUTED (YET) (s >= midpoint)
P1,1T,4,1.0,0.7,1.0,S,0,1.39341591917,2,secondary grid,0.00909733853627,0.27520877582,n/a (n_i = 0)
P1,1T,4,1.0,0.7,1.0,S,0,1.39341591917,4,secondary grid,0.390032979735,2.60802711564,n/a (n_i = 0)
P1,1T,4,1.0,0.7,1.0,S,0,1.39341591917,6,secondary grid,NOT COMPUTED (YET),NOT COMPUTED (YET),NOT COMPUTED (YET) (s >= midpoint)
P1,1T,4,1.0,0.7,1.0,S,0,1.39341591917,8,secondary grid,NOT COMPUTED (YET),NOT COMPUTED (YET),NOT COMPUTED (YET) (s >= midpoint)
P1,1T,4,1.0,0.8,1.0,N,4,11.3300668254,2,secondary grid,2.48034845817,4.90388523366,0.195119393823
P1,1T,4,1.0,0.8,1.0,N,4,11.3300668254,4,secondary grid,9.59794039625,16.7318123357,0.665737660029
P1,1T,4,1.0,0.8,1.0,N,4,11.3300668254,6,secondary grid,NOT COMPUTED (YET),NOT COMPUTED (YET),NOT COMPUTED (YET) (s >= midpoint)
P1,1T,4,1.0,0.8,1.0,N,4,11.3300668254,8,secondary grid,NOT COMPUTED (YET),NOT COMPUTED (YET),NOT COMPUTED (YET) (s >= midpoint)
P1,1T,4,1.0,0.8,1.0,S,0,1.23630378893,2,secondary grid,0.00998754662746,0.28893411242,n/a (n_i = 0)
P1,1T,4,1.0,0.8,1.0,S,0,1.23630378893,4,secondary grid,0.423771295668,2.74323800339,n/a (n_i = 0)
P1,1T,4,1.0,0.8,1.0,S,0,1.23630378893,6,secondary grid,NOT COMPUTED (YET),NOT COMPUTED (YET),NOT COMPUTED (YET) (s >= midpoint)
P1,1T,4,1.0,0.8,1.0,S,0,1.23630378893,8,secondary grid,NOT COMPUTED (YET),NOT COMPUTED (YET),NOT COMPUTED (YET) (s >= midpoint)
P1,1T,4,1.0,0.9,1.0,N,4,11.4486332915,2,secondary grid,2.79386367193,5.46194427134,0.217323857419
P1,1T,4,1.0,0.9,1.0,N,4,11.4486332915,4,secondary grid,10.1867010627,17.7054935788,0.704479205738
P1,1T,4,1.0,0.9,1.0,N,4,11.4486332915,6,secondary grid,NOT COMPUTED (YET),NOT COMPUTED (YET),NOT COMPUTED (YET) (s >= midpoint)
P1,1T,4,1.0,0.9,1.0,N,4,11.4486332915,8,secondary grid,NOT COMPUTED (YET),NOT COMPUTED (YET),NOT COMPUTED (YET) (s >= midpoint)
P1,1T,4,1.0,0.9,1.0,S,0,1.11773732289,2,secondary grid,0.0110557125248,0.30472281513,n/a (n_i = 0)
P1,1T,4,1.0,0.9,1.0,S,0,1.11773732289,4,secondary grid,0.463709501371,2.89957869947,n/a (n_i = 0)
P1,1T,4,1.0,0.9,1.0,S,0,1.11773732289,6,secondary grid,NOT COMPUTED (YET),NOT COMPUTED (YET),NOT COMPUTED (YET) (s >= midpoint)
P1,1T,4,1.0,0.9,1.0,S,0,1.11773732289,8,secondary grid,NOT COMPUTED (YET),NOT COMPUTED (YET),NOT COMPUTED (YET) (s >= midpoint)
P1,1T,4,1.0,1,1.0,N,4,11.5392430422,2,secondary grid,3.12212543377,6.00949698574,0.239110287694
P1,1T,4,1.0,1,1.0,N,4,11.5392430422,4,secondary grid,10.646199041,18.5276368557,0.73719124735
P1,1T,4,1.0,1,1.0,N,4,11.5392430422,6,secondary grid,NOT COMPUTED (YET),NOT COMPUTED (YET),NOT COMPUTED (YET) (s >= midpoint)
P1,1T,4,1.0,1,1.0,N,4,11.5392430422,8,secondary grid,NOT COMPUTED (YET),NOT COMPUTED (YET),NOT COMPUTED (YET) (s >= midpoint)
P1,1T,4,1.0,1,1.0,S,0,1.02712757215,2,secondary grid,0.0123069216855,0.322403047621,n/a (n_i = 0)
P1,1T,4,1.0,1,1.0,S,0,1.02712757215,4,secondary grid,0.509795979734,3.0754937701,n/a (n_i = 0)
P1,1T,4,1.0,1,1.0,S,0,1.02712757215,6,secondary grid,NOT COMPUTED (YET),NOT COMPUTED (YET),NOT COMPUTED (YET) (s >= midpoint)
P1,1T,4,1.0,1,1.0,S,0,1.02712757215,8,secondary grid,NOT COMPUTED (YET),NOT COMPUTED (YET),NOT COMPUTED (YET) (s >= midpoint)
P1,1T,4,24.0,0.5,1.0,N,4,12.5663706143,2,secondary grid,1.57306236272,3.14545692446,0.125153754453
P1,1T,4,24.0,0.5,1.0,N,4,12.5663706143,4,secondary grid,6.81196098718,12.4083471839,0.49371244748
P1,1T,4,24.0,0.5,1.0,N,4,12.5663706143,6,secondary grid,12.0679207734,21.7186134193,0.864156170696
P1,1T,4,24.0,0.5,1.0,N,4,12.5663706143,8,secondary grid,12.554385824,24.554856952,0.977006715205
P1,1T,4,24.0,0.5,1.0,N,4,12.5663706143,11.57031165,"s_c,delta (report-only extra)",12.566360822,25.1131564293,0.99922074559
P1,1T,4,24.0,0.5,1.0,S,0,1.92570748737e-11,2,secondary grid,0,0,n/a (n_i = 0)
P1,1T,4,24.0,0.5,1.0,S,0,1.92570748737e-11,4,secondary grid,0,1.23219418298e-11,n/a (n_i = 0)
P1,1T,4,24.0,0.5,1.0,S,0,1.92570748737e-11,6,secondary grid,0,1.29991463773e-10,n/a (n_i = 0)
P1,1T,4,24.0,0.5,1.0,S,0,1.92570748737e-11,8,secondary grid,0,1.1128811774e-09,n/a (n_i = 0)
P1,1T,4,24.0,0.6,1.0,N,4,12.5663706143,2,secondary grid,1.88905603706,3.76964859859,0.149989552046
P1,1T,4,24.0,0.6,1.0,N,4,12.5663706143,4,secondary grid,8.32092858969,14.3588429527,0.571320208249
P1,1T,4,24.0,0.6,1.0,N,4,12.5663706143,6,secondary grid,12.331596448,22.6543377479,0.901387458763
P1,1T,4,24.0,0.6,1.0,N,4,12.5663706143,8,secondary grid,12.5612987788,24.7303067125,0.98398763937
P1,1T,4,24.0,0.6,1.0,N,4,12.5663706143,11.0961877,"s_c,delta (report-only extra)",12.5663600656,25.1116436493,0.999160553986
P1,1T,4,24.0,0.6,1.0,S,0,2.54569379593e-11,2,secondary grid,0,0,n/a (n_i = 0)
P1,1T,4,24.0,0.6,1.0,S,0,2.54569379593e-11,4,secondary grid,0,2.71914228105e-11,n/a (n_i = 0)
P1,1T,4,24.0,0.6,1.0,S,0,2.54569379593e-11,6,secondary grid,0,2.6845705285e-10,n/a (n_i = 0)
P1,1T,4,24.0,0.6,1.0,S,0,2.54569379593e-11,8,secondary grid,0,2.28233279154e-09,n/a (n_i = 0)
P1,1T,4,24.0,0.7,1.0,N,4,12.5663706143,2,secondary grid,2.21871142682,4.39211321399,0.174756632156
P1,1T,4,24.0,0.7,1.0,N,4,12.5663706143,4,secondary grid,9.51415094418,15.9347686804,0.634024300626
P1,1T,4,24.0,0.7,1.0,N,4,12.5663706143,6,secondary grid,12.4410266265,23.2193400839,0.923868187421
P1,1T,4,24.0,0.7,1.0,N,4,12.5663706143,8,secondary grid,12.5638100255,24.8294652674,0.987933032907
P1,1T,4,24.0,0.7,1.0,N,4,12.5663706143,10.71623644,"s_c,delta (report-only extra)",12.5663593028,25.110118072,0.999099853196
P1,1T,4,24.0,0.7,1.0,S,0,3.64687332982e-11,2,secondary grid,0,2.42476617982e-12,n/a (n_i = 0)
P1,1T,4,24.0,0.7,1.0,S,0,3.64687332982e-11,4,secondary grid,0,5.67266932516e-11,n/a (n_i = 0)
P1,1T,4,24.0,0.7,1.0,S,0,3.64687332982e-11,6,secondary grid,0,5.45611454586e-10,n/a (n_i = 0)
P1,1T,4,24.0,0.7,1.0,S,0,3.64687332982e-11,8,secondary grid,0,4.62705099418e-09,n/a (n_i = 0)
P1,1T,4,24.0,0.8,1.0,N,4,12.5663706143,2,secondary grid,2.57760444329,5.01012580684,0.199346571918
P1,1T,4,24.0,0.8,1.0,N,4,12.5663706143,4,secondary grid,10.3671520229,17.1733610277,0.683306324265
P1,1T,4,24.0,0.8,1.0,N,4,12.5663706143,6,secondary grid,12.4922975624,23.5846614772,0.938403863811
P1,1T,4,24.0,0.8,1.0,N,4,12.5663706143,8,secondary grid,12.5649052397,24.8912328219,0.990390685814
P1,1T,4,24.0,0.8,1.0,N,4,12.5663706143,10.40304489,"s_c,delta (report-only extra)",12.5663585462,25.108604911,0.999039646431
P1,1T,4,24.0,0.8,1.0,S,0,5.43552020941e-11,2,secondary grid,0,6.92830198444e-12,n/a (n_i = 0)
P1,1T,4,24.0,0.8,1.0,S,0,5.43552020941e-11,4,secondary grid,0,1.14566714128e-10,n/a (n_i = 0)
P1,1T,4,24.0,0.8,1.0,S,0,5.43552020941e-11,6,secondary grid,0,1.08049143538e-09,n/a (n_i = 0)
P1,1T,4,24.0,0.8,1.0,S,0,5.43552020941e-11,8,secondary grid,0,9.15672907077e-09,n/a (n_i = 0)
P1,1T,4,24.0,0.9,1.0,N,4,12.5663706143,2,secondary grid,2.97713291221,5.61909602929,0.223576727193
P1,1T,4,24.0,0.9,1.0,N,4,12.5663706143,4,secondary grid,10.9547137784,18.1419939476,0.721847003574
P1,1T,4,24.0,0.9,1.0,N,4,12.5663706143,6,secondary grid,12.5189588627,23.8349097189,0.948360924978
P1,1T,4,24.0,0.9,1.0,N,4,12.5663706143,8,secondary grid,12.5654511428,24.9325847205,0.992036025583
P1,1T,4,24.0,0.9,1.0,N,4,12.5663706143,10.13909981,"s_c,delta (report-only extra)",12.5663578025,25.1071174529,0.998980462356
P1,1T,4,24.0,0.9,1.0,S,0,8.2368540642e-11,2,secondary grid,0,1.5377314634e-11,n/a (n_i = 0)
P1,1T,4,24.0,0.9,1.0,S,0,8.2368540642e-11,4,secondary grid,0,2.21169926901e-10,n/a (n_i = 0)
P1,1T,4,24.0,0.9,1.0,S,0,8.2368540642e-11,6,secondary grid,0,2.07319182551e-09,n/a (n_i = 0)
P1,1T,4,24.0,0.9,1.0,S,0,8.2368540642e-11,8,secondary grid,0,1.75893738511e-08,n/a (n_i = 0)
P1,1T,4,24.0,1,1.0,N,4,12.5663706142,2,secondary grid,3.41818096073,6.21340461101,0.247223514318
P1,1T,4,24.0,1,1.0,N,4,12.5663706142,4,secondary grid,11.3581901621,18.9047806586,0.752197322472
P1,1T,4,24.0,1,1.0,N,4,12.5663706142,6,secondary grid,12.5340559267,24.0145933847,0.95551031088
P1,1T,4,24.0,1,1.0,N,4,12.5663706142,8,secondary grid,12.5657520545,24.9618335718,0.993199800397
P1,1T,4,24.0,1,1.0,N,4,12.5663706142,9.912669333,"s_c,delta (report-only extra)",12.5663570751,25.105662757,0.998922581845
P1,1T,4,24.0,1,1.0,S,0,1.25222739474e-10,2,secondary grid,0,3.00375235049e-11,n/a (n_i = 0)
P1,1T,4,24.0,1,1.0,S,0,1.25222739474e-10,4,secondary grid,0,4.11836351066e-10,n/a (n_i = 0)
P1,1T,4,24.0,1,1.0,S,0,1.25222739474e-10,6,secondary grid,0,3.85420630209e-09,n/a (n_i = 0)
P1,1T,4,24.0,1,1.0,S,0,1.25222739474e-10,8,secondary grid,0,3.27423041386e-08,n/a (n_i = 0)
P1,1T,4,4.0,0.5,1.0,N,4,12.5573630415,2,secondary grid,1.58039907734,3.15995207419,0.125730498135
P1,1T,4,4.0,0.5,1.0,N,4,12.5573630415,4,secondary grid,6.93560722395,12.5538870432,0.499503294486
P1,1T,4,4.0,0.5,1.0,N,4,12.5573630415,6,secondary grid,12.0995010529,21.8456352258,0.869210207792
P1,1T,4,4.0,0.5,1.0,N,4,12.5573630415,8,secondary grid,12.5551617985,24.60234163,0.978896070514
P1,1T,4,4.0,0.5,1.0,S,0,0.00900757282552,2,secondary grid,4.17544652455e-08,0.000596542584024,n/a (n_i = 0)
P1,1T,4,4.0,0.5,1.0,S,0,0.00900757282552,4,secondary grid,2.48563783088e-06,0.00685635426599,n/a (n_i = 0)
P1,1T,4,4.0,0.5,1.0,S,0,0.00900757282552,6,secondary grid,0.000136435668142,0.0579007357482,n/a (n_i = 0)
P1,1T,4,4.0,0.5,1.0,S,0,0.00900757282552,8,secondary grid,0.00723520547428,0.427546636811,n/a (n_i = 0)
P1,1T,4,4.0,0.6,1.0,N,4,12.5590828514,2,secondary grid,1.88825204308,3.7686503284,0.149949832137
P1,1T,4,4.0,0.6,1.0,N,4,12.5590828514,4,secondary grid,8.25964458142,14.3414360651,0.570627610198
P1,1T,4,4.0,0.6,1.0,N,4,12.5590828514,6,secondary grid,12.3185490896,22.6810065842,0.902448578043
P1,1T,4,4.0,0.6,1.0,N,4,12.5590828514,8,secondary grid,NOT COMPUTED (YET),NOT COMPUTED (YET),NOT COMPUTED (YET) (s >= midpoint)
P1,1T,4,4.0,0.6,1.0,S,0,0.00728776295572,2,secondary grid,5.62694881023e-08,0.0006927547289,n/a (n_i = 0)
P1,1T,4,4.0,0.6,1.0,S,0,0.00728776295572,4,secondary grid,3.35100515759e-06,0.0079748903255,n/a (n_i = 0)
P1,1T,4,4.0,0.6,1.0,S,0,0.00728776295572,6,secondary grid,0.000183875176946,0.0675156638944,n/a (n_i = 0)
P1,1T,4,4.0,0.6,1.0,S,0,0.00728776295572,8,secondary grid,NOT COMPUTED (YET),NOT COMPUTED (YET),NOT COMPUTED (YET) (s >= midpoint)
P1,1T,4,4.0,0.7,1.0,N,4,12.5600076652,2,secondary grid,2.20533122122,4.37390131674,0.174032003789
P1,1T,4,4.0,0.7,1.0,N,4,12.5600076652,4,secondary grid,9.338189598,15.8287141365,0.629804524401
P1,1T,4,4.0,0.7,1.0,N,4,12.5600076652,6,secondary grid,12.4232649851,23.2254036668,0.924109449721
P1,1T,4,4.0,0.7,1.0,N,4,12.5600076652,8,secondary grid,NOT COMPUTED (YET),NOT COMPUTED (YET),NOT COMPUTED (YET) (s >= midpoint)
P1,1T,4,4.0,0.7,1.0,S,0,0.00636294920677,2,secondary grid,7.8239626182e-08,0.000817295488445,n/a (n_i = 0)
P1,1T,4,4.0,0.7,1.0,S,0,0.00636294920677,4,secondary grid,4.66199882266e-06,0.00942964562898,n/a (n_i = 0)
P1,1T,4,4.0,0.7,1.0,S,0,0.00636294920677,6,secondary grid,0.000255708430532,0.0800896311713,n/a (n_i = 0)
P1,1T,4,4.0,0.7,1.0,S,0,0.00636294920677,8,secondary grid,NOT COMPUTED (YET),NOT COMPUTED (YET),NOT COMPUTED (YET) (s >= midpoint)
P1,1T,4,4.0,0.8,1.0,N,4,12.5605022197,2,secondary grid,2.54262903206,4.97381240129,0.197901707419
P1,1T,4,4.0,0.8,1.0,N,4,12.5605022197,4,secondary grid,10.1498863974,17.0371368596,0.677886136833
P1,1T,4,4.0,0.8,1.0,N,4,12.5605022197,6,secondary grid,12.4773746222,23.5959103318,0.938851441514
P1,1T,4,4.0,0.8,1.0,N,4,12.5605022197,8,secondary grid,NOT COMPUTED (YET),NOT COMPUTED (YET),NOT COMPUTED (YET) (s >= midpoint)
P1,1T,4,4.0,0.8,1.0,S,0,0.00586839470033,2,secondary grid,1.1052272732e-07,0.000972038083869,n/a (n_i = 0)
P1,1T,4,4.0,0.8,1.0,S,0,0.00586839470033,4,secondary grid,6.59041934164e-06,0.0112469394281,n/a (n_i = 0)
P1,1T,4,4.0,0.8,1.0,S,0,0.00586839470033,6,secondary grid,0.000361302222728,0.0958894659253,n/a (n_i = 0)
P1,1T,4,4.0,0.8,1.0,S,0,0.00586839470033,8,secondary grid,NOT COMPUTED (YET),NOT COMPUTED (YET),NOT COMPUTED (YET) (s >= midpoint)
P1,1T,4,4.0,0.9,1.0,N,4,12.5607401851,2,secondary grid,2.90911299542,5.56515629012,0.221430533163
P1,1T,4,4.0,0.9,1.0,N,4,12.5607401851,4,secondary grid,10.7387592922,18.0112264194,0.716643928949
P1,1T,4,4.0,0.9,1.0,N,4,12.5607401851,6,secondary grid,12.5074633006,23.8585611497,0.949301985507
P1,1T,4,4.0,0.9,1.0,N,4,12.5607401851,8,secondary grid,NOT COMPUTED (YET),NOT COMPUTED (YET),NOT COMPUTED (YET) (s >= midpoint)
P1,1T,4,4.0,0.9,1.0,S,0,0.00563042923976,2,secondary grid,1.56990430186e-07,0.0011594564099,n/a (n_i = 0)
P1,1T,4,4.0,0.9,1.0,S,0,0.00563042923976,4,secondary grid,9.36958018436e-06,0.0134613683012,n/a (n_i = 0)
P1,1T,4,4.0,0.9,1.0,S,0,0.00563042923976,6,secondary grid,0.000513350661937,0.115260106386,n/a (n_i = 0)
P1,1T,4,4.0,0.9,1.0,S,0,0.00563042923976,8,secondary grid,NOT COMPUTED (YET),NOT COMPUTED (YET),NOT COMPUTED (YET) (s >= midpoint)
P1,1T,4,4.0,1,1.0,N,4,12.5608117228,2,secondary grid,3.30726032953,6.14381167216,0.244454499262
P1,1T,4,4.0,1,1.0,N,4,12.5608117228,4,secondary grid,11.1616779467,18.7979981026,0.747948579566
P1,1T,4,4.0,1,1.0,N,4,12.5608117228,6,secondary grid,12.5253099359,24.0516037111,0.956982904979
P1,1T,4,4.0,1,1.0,N,4,12.5608117228,8,secondary grid,NOT COMPUTED (YET),NOT COMPUTED (YET),NOT COMPUTED (YET) (s >= midpoint)
P1,1T,4,4.0,1,1.0,S,0,0.00555889152195,2,secondary grid,2.22725666927e-07,0.00138239130111,n/a (n_i = 0)
P1,1T,4,4.0,1,1.0,S,0,0.00555889152195,4,secondary grid,1.33066295828e-05,0.0161132405102,n/a (n_i = 0)
P1,1T,4,4.0,1,1.0,S,0,0.00555889152195,6,secondary grid,0.000728519301409,0.138601733191,n/a (n_i = 0)
P1,1T,4,4.0,1,1.0,S,0,0.00555889152195,8,secondary grid,NOT COMPUTED (YET),NOT COMPUTED (YET),NOT COMPUTED (YET) (s >= midpoint)
P1,1T,4,99.0,0.5,1.0,N,4,12.5663706144,2,secondary grid,1.57159132683,3.14256023979,0.125038499032
P1,1T,4,99.0,0.5,1.0,N,4,12.5663706144,4,secondary grid,6.7753589343,12.3742764245,0.492356815036
P1,1T,4,99.0,0.5,1.0,N,4,12.5663706144,6,secondary grid,12.0547287037,21.6945742381,0.863199682067
P1,1T,4,99.0,0.5,1.0,N,4,12.5663706144,8,secondary grid,12.553984772,24.550803077,0.976845416647
P1,1T,4,99.0,0.5,1.0,N,4,12.5663706144,11.5933254,"s_c,delta (report-only extra)",12.5663609414,25.1133954074,0.999230254228
P1,1T,4,99.0,0.5,1.0,S,0,1.71686431894e-24,2,secondary grid,0,0,n/a (n_i = 0)
P1,1T,4,99.0,0.5,1.0,S,0,1.71686431894e-24,4,secondary grid,0,0,n/a (n_i = 0)
P1,1T,4,99.0,0.5,1.0,S,0,1.71686431894e-24,6,secondary grid,0,0,n/a (n_i = 0)
P1,1T,4,99.0,0.5,1.0,S,0,1.71686431894e-24,8,secondary grid,0,0,n/a (n_i = 0)
P1,1T,4,99.0,0.6,1.0,N,4,12.5663706144,2,secondary grid,1.88908867237,3.76968799111,0.149991119425
P1,1T,4,99.0,0.6,1.0,N,4,12.5663706144,4,secondary grid,8.3234758159,14.3594880341,0.571345875224
P1,1T,4,99.0,0.6,1.0,N,4,12.5663706144,6,secondary grid,12.3321349668,22.6529916582,0.901333899555
P1,1T,4,99.0,0.6,1.0,N,4,12.5663706144,8,secondary grid,12.5613156651,24.7289807904,0.983934882604
P1,1T,4,99.0,0.6,1.0,N,4,12.5663706144,11.0784099,"s_c,delta (report-only extra)",12.5663597336,25.1109797373,0.999134137766
P1,1T,4,99.0,0.6,1.0,S,0,1.3486555881e-24,2,secondary grid,0,0,n/a (n_i = 0)
P1,1T,4,99.0,0.6,1.0,S,0,1.3486555881e-24,4,secondary grid,0,0,n/a (n_i = 0)
P1,1T,4,99.0,0.6,1.0,S,0,1.3486555881e-24,6,secondary grid,0,0,n/a (n_i = 0)
P1,1T,4,99.0,0.6,1.0,S,0,1.3486555881e-24,8,secondary grid,0,0,n/a (n_i = 0)
P1,1T,4,99.0,0.7,1.0,N,4,12.5663706144,2,secondary grid,2.22111692832,4.39542169766,0.174888272539
P1,1T,4,99.0,0.7,1.0,N,4,12.5663706144,4,secondary grid,9.54135313811,15.9534762368,0.634768650647
P1,1T,4,99.0,0.7,1.0,N,4,12.5663706144,6,secondary grid,12.4434792893,23.2212670165,0.923944857631
P1,1T,4,99.0,0.7,1.0,N,4,12.5663706144,8,secondary grid,12.5638688225,24.8277690891,0.98786554412
P1,1T,4,99.0,0.7,1.0,N,4,12.5663706144,10.67133038,"s_c,delta (report-only extra)",12.5663585482,25.1086088766,0.99903980422
P1,1T,4,99.0,0.7,1.0,S,0,9.26145928991e-25,2,secondary grid,0,0,n/a (n_i = 0)
P1,1T,4,99.0,0.7,1.0,S,0,9.26145928991e-25,4,secondary grid,0,0,n/a (n_i = 0)
P1,1T,4,99.0,0.7,1.0,S,0,9.26145928991e-25,6,secondary grid,0,0,n/a (n_i = 0)
P1,1T,4,99.0,0.7,1.0,S,0,9.26145928991e-25,8,secondary grid,0,0,n/a (n_i = 0)
P1,1T,4,99.0,0.8,1.0,N,4,12.5663706144,2,secondary grid,2.58424529821,5.01685918658,0.199614484585
P1,1T,4,99.0,0.8,1.0,N,4,12.5663706144,4,secondary grid,10.4030603662,17.1976062385,0.68427101055
P1,1T,4,99.0,0.8,1.0,N,4,12.5663706144,6,secondary grid,12.4945292744,23.5846000903,0.938401421306
P1,1T,4,99.0,0.8,1.0,N,4,12.5663706144,8,secondary grid,12.5649555221,24.8886852242,0.990289320121
P1,1T,4,99.0,0.8,1.0,N,4,12.5663706144,10.33852494,"s_c,delta (report-only extra)",12.5663573857,25.1062840212,0.99894730116
P1,1T,4,99.0,0.8,1.0,S,0,6.64097368569e-25,2,secondary grid,0,0,n/a (n_i = 0)
P1,1T,4,99.0,0.8,1.0,S,0,6.64097368569e-25,4,secondary grid,0,0,n/a (n_i = 0)
P1,1T,4,99.0,0.8,1.0,S,0,6.64097368569e-25,6,secondary grid,0,0,n/a (n_i = 0)
P1,1T,4,99.0,0.8,1.0,S,0,6.64097368569e-25,8,secondary grid,0,0,n/a (n_i = 0)
P1,1T,4,99.0,0.9,1.0,N,4,12.5663706144,2,secondary grid,2.99033516401,5.62912160434,0.223975632149
P1,1T,4,99.0,0.9,1.0,N,4,12.5663706144,4,secondary grid,10.9905879362,18.1646725237,0.722749355447
P1,1T,4,99.0,0.9,1.0,N,4,12.5663706144,6,secondary grid,12.5207048681,23.8317362887,0.948234658201
P1,1T,4,99.0,0.9,1.0,N,4,12.5663706144,8,secondary grid,12.5654891377,24.9292367899,0.991902815655
P1,1T,4,99.0,0.9,1.0,N,4,12.5663706144,10.05944449,"s_c,delta (report-only extra)",12.5663562455,25.1040036174,0.998856566775
P1,1T,4,99.0,0.9,1.0,S,0,1.25187752306e-24,2,secondary grid,0,0,n/a (n_i = 0)
P1,1T,4,99.0,0.9,1.0,S,0,1.25187752306e-24,4,secondary grid,0,0,n/a (n_i = 0)
P1,1T,4,99.0,0.9,1.0,S,0,1.25187752306e-24,6,secondary grid,0,0,n/a (n_i = 0)
P1,1T,4,99.0,0.9,1.0,S,0,1.25187752306e-24,8,secondary grid,0,0,n/a (n_i = 0)
P1,1T,4,99.0,1,1.0,N,4,12.5663706144,2,secondary grid,3.4398260822,6.22628550785,0.247736028919
P1,1T,4,99.0,1,1.0,N,4,12.5663706144,4,secondary grid,11.3905972608,18.9224922341,0.75290204367
P1,1T,4,99.0,1,1.0,N,4,12.5663706144,6,secondary grid,12.5353888915,24.0083674585,0.955262589148
P1,1T,4,99.0,1,1.0,N,4,12.5663706144,8,secondary grid,12.5657804468,24.9578221184,0.993040189737
P1,1T,4,99.0,1,1.0,N,4,12.5663706144,9.820722412,"s_c,delta (report-only extra)",12.5663551264,25.1017652323,0.998767504265
P1,1T,4,99.0,1,1.0,S,0,5.65115355521e-24,2,secondary grid,0,0,n/a (n_i = 0)
P1,1T,4,99.0,1,1.0,S,0,5.65115355521e-24,4,secondary grid,0,0,n/a (n_i = 0)
P1,1T,4,99.0,1,1.0,S,0,5.65115355521e-24,6,secondary grid,0,0,n/a (n_i = 0)
P1,1T,4,99.0,1,1.0,S,0,5.65115355521e-24,8,secondary grid,0,0,n/a (n_i = 0)
P12,2T-unequal,2,1.0,"(0.8, 0.5)",1.0,N,1,3.18170307036,2,secondary grid,2.39851583456,3.46100898423,0.550836687925
P12,2T-unequal,2,1.0,"(0.8, 0.5)",1.0,N,1,3.18170307036,4,secondary grid,NOT COMPUTED (YET),NOT COMPUTED (YET),NOT COMPUTED (YET) (s >= midpoint)
P12,2T-unequal,2,1.0,"(0.8, 0.5)",1.0,N,1,3.18170307036,6,secondary grid,NOT COMPUTED (YET),NOT COMPUTED (YET),NOT COMPUTED (YET) (s >= midpoint)
P12,2T-unequal,2,1.0,"(0.8, 0.5)",1.0,N,1,3.18170307036,8,secondary grid,NOT COMPUTED (YET),NOT COMPUTED (YET),NOT COMPUTED (YET) (s >= midpoint)
P12,2T-unequal,2,1.0,"(0.8, 0.5)",1.0,S,1,3.10148223682,2,secondary grid,1.90011147736,2.71559340537,0.432200113892
P12,2T-unequal,2,1.0,"(0.8, 0.5)",1.0,S,1,3.10148223682,4,secondary grid,NOT COMPUTED (YET),NOT COMPUTED (YET),NOT COMPUTED (YET) (s >= midpoint)
P12,2T-unequal,2,1.0,"(0.8, 0.5)",1.0,S,1,3.10148223682,6,secondary grid,NOT COMPUTED (YET),NOT COMPUTED (YET),NOT COMPUTED (YET) (s >= midpoint)
P12,2T-unequal,2,1.0,"(0.8, 0.5)",1.0,S,1,3.10148223682,8,secondary grid,NOT COMPUTED (YET),NOT COMPUTED (YET),NOT COMPUTED (YET) (s >= midpoint)
P12,2T-unequal,2,24.0,"(0.8, 0.5)",1.0,N,1,3.1415926537,2,secondary grid,2.54028431238,3.32678506821,0.529474288211
P12,2T-unequal,2,24.0,"(0.8, 0.5)",1.0,N,1,3.1415926537,4,secondary grid,3.12571902482,5.70038127659,0.907243857678
P12,2T-unequal,2,24.0,"(0.8, 0.5)",1.0,N,1,3.1415926537,6,secondary grid,3.14129140904,6.19091736796,0.985315101384
P12,2T-unequal,2,24.0,"(0.8, 0.5)",1.0,N,1,3.1415926537,8,secondary grid,3.14158712508,6.26961473175,0.99784017584
P12,2T-unequal,2,24.0,"(0.8, 0.5)",1.0,N,1,3.1415926537,7.801246649,"s_c,delta (report-only extra)",3.1415844265,6.26673114135,0.997381238174
P12,2T-unequal,2,24.0,"(0.8, 0.5)",1.0,S,1,3.14159265348,2,secondary grid,1.96517654048,2.67849091748,0.426295069543
P12,2T-unequal,2,24.0,"(0.8, 0.5)",1.0,S,1,3.14159265348,4,secondary grid,3.09673019038,5.47509493254,0.871388422411
P12,2T-unequal,2,24.0,"(0.8, 0.5)",1.0,S,1,3.14159265348,6,secondary grid,3.14070188264,6.14938999153,0.978705814152
P12,2T-unequal,2,24.0,"(0.8, 0.5)",1.0,S,1,3.14159265348,8,secondary grid,3.14157628015,6.26269941575,0.996739569115
P12,2T-unequal,2,24.0,"(0.8, 0.5)",1.0,S,1,3.14159265348,8.446675318,"s_c,delta (report-only extra)",3.14158595576,6.26978966056,0.997868016625
P12,2T-unequal,2,4.0,"(0.8, 0.5)",1.0,N,1,3.14203998882,2,secondary grid,2.5023478681,3.34949303348,0.53308837313
P12,2T-unequal,2,4.0,"(0.8, 0.5)",1.0,N,1,3.14203998882,4,secondary grid,3.12354124997,5.75443156336,0.915846227992
P12,2T-unequal,2,4.0,"(0.8, 0.5)",1.0,N,1,3.14203998882,6,secondary grid,3.14175345211,6.29890968267,1.00250261209
P12,2T-unequal,2,4.0,"(0.8, 0.5)",1.0,N,1,3.14203998882,8,secondary grid,NOT COMPUTED (YET),NOT COMPUTED (YET),NOT COMPUTED (YET) (s >= midpoint)
P12,2T-unequal,2,4.0,"(0.8, 0.5)",1.0,S,1,3.14114531835,2,secondary grid,1.95628232741,2.68053621306,0.426620588445
P12,2T-unequal,2,4.0,"(0.8, 0.5)",1.0,S,1,3.14114531835,4,secondary grid,3.09538080295,5.4950736263,0.874568130279
P12,2T-unequal,2,4.0,"(0.8, 0.5)",1.0,S,1,3.14114531835,6,secondary grid,3.14081547297,6.21297183592,0.988825178977
P12,2T-unequal,2,4.0,"(0.8, 0.5)",1.0,S,1,3.14114531835,8,secondary grid,NOT COMPUTED (YET),NOT COMPUTED (YET),NOT COMPUTED (YET) (s >= midpoint)
P12,2T-unequal,2,99.0,"(0.8, 0.5)",1.0,N,1,3.14159265359,2,secondary grid,2.54708482411,3.32263405141,0.528813633368
P12,2T-unequal,2,99.0,"(0.8, 0.5)",1.0,N,1,3.14159265359,4,secondary grid,3.12609364096,5.69226406466,0.905951963275
P12,2T-unequal,2,99.0,"(0.8, 0.5)",1.0,N,1,3.14159265359,6,secondary grid,3.14130041422,6.18724478955,0.984730592376
P12,2T-unequal,2,99.0,"(0.8, 0.5)",1.0,N,1,3.14159265359,8,secondary grid,3.14158731356,6.268547887,0.997670382224
P12,2T-unequal,2,99.0,"(0.8, 0.5)",1.0,N,1,3.14159265359,7.700888096,"s_c,delta (report-only extra)",3.14158293507,6.26374828093,0.996906501193
P12,2T-unequal,2,99.0,"(0.8, 0.5)",1.0,S,1,3.14159265359,2,secondary grid,1.96621562024,2.67845718384,0.426289700668
P12,2T-unequal,2,99.0,"(0.8, 0.5)",1.0,S,1,3.14159265359,4,secondary grid,3.09685596193,5.47412976511,0.871234811244
P12,2T-unequal,2,99.0,"(0.8, 0.5)",1.0,S,1,3.14159265359,6,secondary grid,3.14070556513,6.14866291085,0.978590095668
P12,2T-unequal,2,99.0,"(0.8, 0.5)",1.0,S,1,3.14159265359,8,secondary grid,3.14157636977,6.26240172715,0.996692190504
P12,2T-unequal,2,99.0,"(0.8, 0.5)",1.0,S,1,3.14159265359,8.424758513,"s_c,delta (report-only extra)",3.14158569597,6.26927007434,0.99778532191
P2,2T,2,1.0,0.5,1.0,N,1,3.14159265359,2,secondary grid,2.04904845814,2.81023923878,0.447263466123
P2,2T,2,1.0,0.5,1.0,N,1,3.14159265359,4,secondary grid,NOT COMPUTED (YET),NOT COMPUTED (YET),NOT COMPUTED (YET) (s >= midpoint)
P2,2T,2,1.0,0.5,1.0,N,1,3.14159265359,6,secondary grid,NOT COMPUTED (YET),NOT COMPUTED (YET),NOT COMPUTED (YET) (s >= midpoint)
P2,2T,2,1.0,0.5,1.0,N,1,3.14159265359,8,secondary grid,NOT COMPUTED (YET),NOT COMPUTED (YET),NOT COMPUTED (YET) (s >= midpoint)
P2,2T,2,1.0,0.5,1.0,S,1,3.14159265359,2,secondary grid,2.04904845814,2.81023923878,0.447263466123
P2,2T,2,1.0,0.5,1.0,S,1,3.14159265359,4,secondary grid,NOT COMPUTED (YET),NOT COMPUTED (YET),NOT COMPUTED (YET) (s >= midpoint)
P2,2T,2,1.0,0.5,1.0,S,1,3.14159265359,6,secondary grid,NOT COMPUTED (YET),NOT COMPUTED (YET),NOT COMPUTED (YET) (s >= midpoint)
P2,2T,2,1.0,0.5,1.0,S,1,3.14159265359,8,secondary grid,NOT COMPUTED (YET),NOT COMPUTED (YET),NOT COMPUTED (YET) (s >= midpoint)
P2,2T,2,1.0,0.6,1.0,N,1,3.14159265359,2,secondary grid,2.27972243154,3.13723942764,0.499307162572
P2,2T,2,1.0,0.6,1.0,N,1,3.14159265359,4,secondary grid,NOT COMPUTED (YET),NOT COMPUTED (YET),NOT COMPUTED (YET) (s >= midpoint)
P2,2T,2,1.0,0.6,1.0,N,1,3.14159265359,6,secondary grid,NOT COMPUTED (YET),NOT COMPUTED (YET),NOT COMPUTED (YET) (s >= midpoint)
P2,2T,2,1.0,0.6,1.0,N,1,3.14159265359,8,secondary grid,NOT COMPUTED (YET),NOT COMPUTED (YET),NOT COMPUTED (YET) (s >= midpoint)
P2,2T,2,1.0,0.6,1.0,S,1,3.14159265359,2,secondary grid,2.27972243154,3.13723942764,0.499307162572
P2,2T,2,1.0,0.6,1.0,S,1,3.14159265359,4,secondary grid,NOT COMPUTED (YET),NOT COMPUTED (YET),NOT COMPUTED (YET) (s >= midpoint)
P2,2T,2,1.0,0.6,1.0,S,1,3.14159265359,6,secondary grid,NOT COMPUTED (YET),NOT COMPUTED (YET),NOT COMPUTED (YET) (s >= midpoint)
P2,2T,2,1.0,0.6,1.0,S,1,3.14159265359,8,secondary grid,NOT COMPUTED (YET),NOT COMPUTED (YET),NOT COMPUTED (YET) (s >= midpoint)
P2,2T,2,1.0,0.7,1.0,N,1,3.14159265359,2,secondary grid,2.43743864286,3.42415756082,0.54497160173
P2,2T,2,1.0,0.7,1.0,N,1,3.14159265359,4,secondary grid,NOT COMPUTED (YET),NOT COMPUTED (YET),NOT COMPUTED (YET) (s >= midpoint)
P2,2T,2,1.0,0.7,1.0,N,1,3.14159265359,6,secondary grid,NOT COMPUTED (YET),NOT COMPUTED (YET),NOT COMPUTED (YET) (s >= midpoint)
P2,2T,2,1.0,0.7,1.0,N,1,3.14159265359,8,secondary grid,NOT COMPUTED (YET),NOT COMPUTED (YET),NOT COMPUTED (YET) (s >= midpoint)
P2,2T,2,1.0,0.7,1.0,S,1,3.14159265359,2,secondary grid,2.43743864286,3.42415756082,0.54497160173
P2,2T,2,1.0,0.7,1.0,S,1,3.14159265359,4,secondary grid,NOT COMPUTED (YET),NOT COMPUTED (YET),NOT COMPUTED (YET) (s >= midpoint)
P2,2T,2,1.0,0.7,1.0,S,1,3.14159265359,6,secondary grid,NOT COMPUTED (YET),NOT COMPUTED (YET),NOT COMPUTED (YET) (s >= midpoint)
P2,2T,2,1.0,0.7,1.0,S,1,3.14159265359,8,secondary grid,NOT COMPUTED (YET),NOT COMPUTED (YET),NOT COMPUTED (YET) (s >= midpoint)
P2,2T,2,1.0,0.8,1.0,N,1,3.14159265359,2,secondary grid,2.55075468484,3.68876631399,0.587085392782
P2,2T,2,1.0,0.8,1.0,N,1,3.14159265359,4,secondary grid,NOT COMPUTED (YET),NOT COMPUTED (YET),NOT COMPUTED (YET) (s >= midpoint)
P2,2T,2,1.0,0.8,1.0,N,1,3.14159265359,6,secondary grid,NOT COMPUTED (YET),NOT COMPUTED (YET),NOT COMPUTED (YET) (s >= midpoint)
P2,2T,2,1.0,0.8,1.0,N,1,3.14159265359,8,secondary grid,NOT COMPUTED (YET),NOT COMPUTED (YET),NOT COMPUTED (YET) (s >= midpoint)
P2,2T,2,1.0,0.8,1.0,S,1,3.14159265359,2,secondary grid,2.55075468484,3.68876631399,0.587085392782
P2,2T,2,1.0,0.8,1.0,S,1,3.14159265359,4,secondary grid,NOT COMPUTED (YET),NOT COMPUTED (YET),NOT COMPUTED (YET) (s >= midpoint)
P2,2T,2,1.0,0.8,1.0,S,1,3.14159265359,6,secondary grid,NOT COMPUTED (YET),NOT COMPUTED (YET),NOT COMPUTED (YET) (s >= midpoint)
P2,2T,2,1.0,0.8,1.0,S,1,3.14159265359,8,secondary grid,NOT COMPUTED (YET),NOT COMPUTED (YET),NOT COMPUTED (YET) (s >= midpoint)
P2,2T,2,1.0,0.9,1.0,N,1,3.14159265359,2,secondary grid,2.63714928297,3.94171448669,0.627343344813
P2,2T,2,1.0,0.9,1.0,N,1,3.14159265359,4,secondary grid,NOT COMPUTED (YET),NOT COMPUTED (YET),NOT COMPUTED (YET) (s >= midpoint)
P2,2T,2,1.0,0.9,1.0,N,1,3.14159265359,6,secondary grid,NOT COMPUTED (YET),NOT COMPUTED (YET),NOT COMPUTED (YET) (s >= midpoint)
P2,2T,2,1.0,0.9,1.0,N,1,3.14159265359,8,secondary grid,NOT COMPUTED (YET),NOT COMPUTED (YET),NOT COMPUTED (YET) (s >= midpoint)
P2,2T,2,1.0,0.9,1.0,S,1,3.14159265359,2,secondary grid,2.63714928297,3.94171448669,0.627343344813
P2,2T,2,1.0,0.9,1.0,S,1,3.14159265359,4,secondary grid,NOT COMPUTED (YET),NOT COMPUTED (YET),NOT COMPUTED (YET) (s >= midpoint)
P2,2T,2,1.0,0.9,1.0,S,1,3.14159265359,6,secondary grid,NOT COMPUTED (YET),NOT COMPUTED (YET),NOT COMPUTED (YET) (s >= midpoint)
P2,2T,2,1.0,0.9,1.0,S,1,3.14159265359,8,secondary grid,NOT COMPUTED (YET),NOT COMPUTED (YET),NOT COMPUTED (YET) (s >= midpoint)
P2,2T,2,1.0,1,1.0,N,1,3.14159265359,2,secondary grid,2.7071844502,4.18918982709,0.666730268532
P2,2T,2,1.0,1,1.0,N,1,3.14159265359,4,secondary grid,NOT COMPUTED (YET),NOT COMPUTED (YET),NOT COMPUTED (YET) (s >= midpoint)
P2,2T,2,1.0,1,1.0,N,1,3.14159265359,6,secondary grid,NOT COMPUTED (YET),NOT COMPUTED (YET),NOT COMPUTED (YET) (s >= midpoint)
P2,2T,2,1.0,1,1.0,N,1,3.14159265359,8,secondary grid,NOT COMPUTED (YET),NOT COMPUTED (YET),NOT COMPUTED (YET) (s >= midpoint)
P2,2T,2,1.0,1,1.0,S,1,3.14159265359,2,secondary grid,2.7071844502,4.18918982709,0.666730268532
P2,2T,2,1.0,1,1.0,S,1,3.14159265359,4,secondary grid,NOT COMPUTED (YET),NOT COMPUTED (YET),NOT COMPUTED (YET) (s >= midpoint)
P2,2T,2,1.0,1,1.0,S,1,3.14159265359,6,secondary grid,NOT COMPUTED (YET),NOT COMPUTED (YET),NOT COMPUTED (YET) (s >= midpoint)
P2,2T,2,1.0,1,1.0,S,1,3.14159265359,8,secondary grid,NOT COMPUTED (YET),NOT COMPUTED (YET),NOT COMPUTED (YET) (s >= midpoint)
P2,2T,2,24.0,0.5,1.0,N,1,3.14159265359,2,secondary grid,1.98860463399,2.68077959437,0.426659323784
P2,2T,2,24.0,0.5,1.0,N,1,3.14159265359,4,secondary grid,3.09912241405,5.46700404567,0.870100717772
P2,2T,2,24.0,0.5,1.0,N,1,3.14159265359,6,secondary grid,3.1407594238,6.14509623459,0.978022441511
P2,2T,2,24.0,0.5,1.0,N,1,3.14159265359,8,secondary grid,3.14157739491,6.26166385313,0.996574754206
P2,2T,2,24.0,0.5,1.0,N,1,3.14159265359,8.330348098,"s_c,delta (report-only extra)",3.14158477772,6.2674335776,0.997493034375
P2,2T,2,24.0,0.5,1.0,S,1,3.14159265359,2,secondary grid,1.98860463399,2.68077959437,0.426659323784
P2,2T,2,24.0,0.5,1.0,S,1,3.14159265359,4,secondary grid,3.09912241405,5.46700404567,0.870100717772
P2,2T,2,24.0,0.5,1.0,S,1,3.14159265359,6,secondary grid,3.1407594238,6.14509623459,0.97802244151
P2,2T,2,24.0,0.5,1.0,S,1,3.14159265359,8,secondary grid,3.14157739491,6.26166385313,0.996574754206
P2,2T,2,24.0,0.5,1.0,S,1,3.14159265359,8.330348098,"s_c,delta (report-only extra)",3.14158477772,6.2674335776,0.997493034375
P2,2T,2,24.0,0.6,1.0,N,1,3.14159265359,2,secondary grid,2.25179453496,2.94963456553,0.469448921419
P2,2T,2,24.0,0.6,1.0,N,1,3.14159265359,4,secondary grid,3.11416470432,5.56496579373,0.885691814209
P2,2T,2,24.0,0.6,1.0,N,1,3.14159265359,6,secondary grid,3.14106768031,6.16266841056,0.980819140176
P2,2T,2,24.0,0.6,1.0,N,1,3.14159265359,8,secondary grid,3.14158305832,6.26453889336,0.997032331069
P2,2T,2,24.0,0.6,1.0,N,1,3.14159265359,8.027300914,"s_c,delta (report-only extra)",3.14158356863,6.2650154025,0.997108169855
P2,2T,2,24.0,0.6,1.0,S,1,3.14159265359,2,secondary grid,2.25179453496,2.94963456553,0.469448921419
P2,2T,2,24.0,0.6,1.0,S,1,3.14159265359,4,secondary grid,3.11416470432,5.56496579373,0.885691814209
P2,2T,2,24.0,0.6,1.0,S,1,3.14159265359,6,secondary grid,3.14106768031,6.16266841056,0.980819140176
P2,2T,2,24.0,0.6,1.0,S,1,3.14159265359,8,secondary grid,3.14158305832,6.26453889336,0.997032331069
P2,2T,2,24.0,0.6,1.0,S,1,3.14159265359,8.027300914,"s_c,delta (report-only extra)",3.14158356863,6.2650154025,0.997108169855
P2,2T,2,24.0,0.7,1.0,N,1,3.14159265359,2,secondary grid,2.43533727812,3.1541457496,0.501997887281
P2,2T,2,24.0,0.7,1.0,N,1,3.14159265359,4,secondary grid,3.12222208455,5.63050213622,0.896122247069
P2,2T,2,24.0,0.7,1.0,N,1,3.14159265359,6,secondary grid,3.14122727885,6.17434556919,0.982677617694
P2,2T,2,24.0,0.7,1.0,N,1,3.14159265359,8,secondary grid,3.141585979,6.2664977545,0.997344093502
P2,2T,2,24.0,0.7,1.0,N,1,3.14159265359,7.787018832,"s_c,delta (report-only extra)",3.14158243144,6.2627410232,0.996746191147
P2,2T,2,24.0,0.7,1.0,S,1,3.14159265359,2,secondary grid,2.43533727812,3.1541457496,0.501997887281
P2,2T,2,24.0,0.7,1.0,S,1,3.14159265359,4,secondary grid,3.12222208455,5.63050213622,0.896122247069
P2,2T,2,24.0,0.7,1.0,S,1,3.14159265359,6,secondary grid,3.14122727885,6.17434556919,0.982677617694
P2,2T,2,24.0,0.7,1.0,S,1,3.14159265359,8,secondary grid,3.141585979,6.2664977545,0.997344093502
P2,2T,2,24.0,0.7,1.0,S,1,3.14159265359,7.787018832,"s_c,delta (report-only extra)",3.14158243144,6.2627410232,0.996746191147
P2,2T,2,24.0,0.8,1.0,N,1,3.14159265359,2,secondary grid,2.56599987326,3.31311908862,0.527299280006
P2,2T,2,24.0,0.8,1.0,N,1,3.14159265359,4,secondary grid,3.12703466212,5.67725921631,0.90356386749
P2,2T,2,24.0,0.8,1.0,N,1,3.14159265359,6,secondary grid,3.14132058897,6.18270549168,0.984008140683
P2,2T,2,24.0,0.8,1.0,N,1,3.14159265359,8,secondary grid,3.1415876819,6.26797009887,0.997578424387
P2,2T,2,24.0,0.8,1.0,N,1,3.14159265359,7.590523236,"s_c,delta (report-only extra)",3.14158137404,6.26062621447,0.996409608883
P2,2T,2,24.0,0.8,1.0,S,1,3.14159265359,2,secondary grid,2.56599987326,3.31311908862,0.527299280005
P2,2T,2,24.0,0.8,1.0,S,1,3.14159265359,4,secondary grid,3.12703466212,5.67725921631,0.90356386749
P2,2T,2,24.0,0.8,1.0,S,1,3.14159265359,6,secondary grid,3.14132058897,6.18270549168,0.984008140683
P2,2T,2,24.0,0.8,1.0,S,1,3.14159265359,8,secondary grid,3.1415876819,6.26797009886,0.997578424386
P2,2T,2,24.0,0.8,1.0,S,1,3.14159265359,7.590523236,"s_c,delta (report-only extra)",3.14158137404,6.26062621447,0.996409608883
P2,2T,2,24.0,0.9,1.0,N,1,3.14159265359,2,secondary grid,2.66158307862,3.43938189086,0.54739462911
P2,2T,2,24.0,0.9,1.0,N,1,3.14159265359,4,secondary grid,3.13014567302,5.71225063218,0.909132924291
P2,2T,2,24.0,0.9,1.0,N,1,3.14159265359,6,secondary grid,3.1413800342,6.18903587656,0.985015652727
P2,2T,2,24.0,0.9,1.0,N,1,3.14159265359,8,secondary grid,3.14158876425,6.26920963021,0.997775701927
P2,2T,2,24.0,0.9,1.0,N,1,3.14159265359,7.426743031,"s_c,delta (report-only extra)",3.14158041438,6.25870688323,0.99610413783
P2,2T,2,24.0,0.9,1.0,S,1,3.14159265359,2,secondary grid,2.66158307862,3.43938189085,0.54739462911
P2,2T,2,24.0,0.9,1.0,S,1,3.14159265359,4,secondary grid,3.13014567302,5.71225063218,0.909132924291
P2,2T,2,24.0,0.9,1.0,S,1,3.14159265359,6,secondary grid,3.1413800342,6.18903587656,0.985015652727
P2,2T,2,24.0,0.9,1.0,S,1,3.14159265359,8,secondary grid,3.14158876425,6.26920963021,0.997775701926
P2,2T,2,24.0,0.9,1.0,S,1,3.14159265359,7.426743031,"s_c,delta (report-only extra)",3.14158041438,6.25870688323,0.996104137829
P2,2T,2,24.0,1,1.0,N,1,3.14159265359,2,secondary grid,2.73342174067,3.54164301541,0.56366999257
P2,2T,2,24.0,1,1.0,N,1,3.14159265359,4,secondary grid,3.13228016293,5.73942327448,0.91345758463
P2,2T,2,24.0,1,1.0,N,1,3.14159265359,6,secondary grid,3.14142038908,6.19405407712,0.985814324152
P2,2T,2,24.0,1,1.0,N,1,3.14159265359,8,secondary grid,3.14158949981,6.27042656022,0.997969382354
P2,2T,2,24.0,1,1.0,N,1,3.14159265359,7.289064752,"s_c,delta (report-only extra)",3.14157958323,6.25704461031,0.995839578877
P2,2T,2,24.0,1,1.0,S,1,3.14159265359,2,secondary grid,2.73342174067,3.54164301541,0.56366999257
P2,2T,2,24.0,1,1.0,S,1,3.14159265359,4,secondary grid,3.13228016293,5.73942327448,0.913457584629
P2,2T,2,24.0,1,1.0,S,1,3.14159265359,6,secondary grid,3.14142038908,6.19405407712,0.985814324152
P2,2T,2,24.0,1,1.0,S,1,3.14159265359,8,secondary grid,3.14158949981,6.27042656022,0.997969382353
P2,2T,2,24.0,1,1.0,S,1,3.14159265359,7.289064752,"s_c,delta (report-only extra)",3.14157958323,6.25704461031,0.995839578877
P2,2T,2,4.0,0.5,1.0,N,1,3.14159265359,2,secondary grid,2.04797343724,2.70159803933,0.429972682207
P2,2T,2,4.0,0.5,1.0,N,1,3.14159265359,4,secondary grid,3.10316141812,5.50671215928,0.876420460334
P2,2T,2,4.0,0.5,1.0,N,1,3.14159265359,6,secondary grid,3.14137073934,6.26479903318,0.997073733608
P2,2T,2,4.0,0.5,1.0,N,1,3.14159265359,8,secondary grid,NOT COMPUTED (YET),NOT COMPUTED (YET),NOT COMPUTED (YET) (s >= midpoint)
P2,2T,2,4.0,0.5,1.0,S,1,3.14159265359,2,secondary grid,2.04797343724,2.70159803933,0.429972682206
P2,2T,2,4.0,0.5,1.0,S,1,3.14159265359,4,secondary grid,3.10316141812,5.50671215928,0.876420460334
P2,2T,2,4.0,0.5,1.0,S,1,3.14159265359,6,secondary grid,3.14137073934,6.26479903318,0.997073733608
P2,2T,2,4.0,0.5,1.0,S,1,3.14159265359,8,secondary grid,NOT COMPUTED (YET),NOT COMPUTED (YET),NOT COMPUTED (YET) (s >= midpoint)
P2,2T,2,4.0,0.6,1.0,N,1,3.14159265359,2,secondary grid,2.30306768391,2.967186324,0.47224237054
P2,2T,2,4.0,0.6,1.0,N,1,3.14159265359,4,secondary grid,3.11636141286,5.62658031608,0.895498070007
P2,2T,2,4.0,0.6,1.0,N,1,3.14159265359,6,secondary grid,NOT COMPUTED (YET),NOT COMPUTED (YET),NOT COMPUTED (YET) (s >= midpoint)
P2,2T,2,4.0,0.6,1.0,N,1,3.14159265359,8,secondary grid,NOT COMPUTED (YET),NOT COMPUTED (YET),NOT COMPUTED (YET) (s >= midpoint)
P2,2T,2,4.0,0.6,1.0,S,1,3.14159265359,2,secondary grid,2.30306768391,2.967186324,0.47224237054
P2,2T,2,4.0,0.6,1.0,S,1,3.14159265359,4,secondary grid,3.11636141286,5.62658031608,0.895498070007
P2,2T,2,4.0,0.6,1.0,S,1,3.14159265359,6,secondary grid,NOT COMPUTED (YET),NOT COMPUTED (YET),NOT COMPUTED (YET) (s >= midpoint)
P2,2T,2,4.0,0.6,1.0,S,1,3.14159265359,8,secondary grid,NOT COMPUTED (YET),NOT COMPUTED (YET),NOT COMPUTED (YET) (s >= midpoint)
P2,2T,2,4.0,0.7,1.0,N,1,3.14159265359,2,secondary grid,2.47803613205,3.17052840848,0.504605268422
P2,2T,2,4.0,0.7,1.0,N,1,3.14159265359,4,secondary grid,3.12353442763,5.72904885802,0.911806444969
P2,2T,2,4.0,0.7,1.0,N,1,3.14159265359,6,secondary grid,NOT COMPUTED (YET),NOT COMPUTED (YET),NOT COMPUTED (YET) (s >= midpoint)
P2,2T,2,4.0,0.7,1.0,N,1,3.14159265359,8,secondary grid,NOT COMPUTED (YET),NOT COMPUTED (YET),NOT COMPUTED (YET) (s >= midpoint)
P2,2T,2,4.0,0.7,1.0,S,1,3.14159265359,2,secondary grid,2.47803613205,3.17052840848,0.504605268422
P2,2T,2,4.0,0.7,1.0,S,1,3.14159265359,4,secondary grid,3.12353442763,5.72904885802,0.911806444969
P2,2T,2,4.0,0.7,1.0,S,1,3.14159265359,6,secondary grid,NOT COMPUTED (YET),NOT COMPUTED (YET),NOT COMPUTED (YET) (s >= midpoint)
P2,2T,2,4.0,0.7,1.0,S,1,3.14159265359,8,secondary grid,NOT COMPUTED (YET),NOT COMPUTED (YET),NOT COMPUTED (YET) (s >= midpoint)
P2,2T,2,4.0,0.8,1.0,N,1,3.14159265359,2,secondary grid,2.60103174263,3.33110112497,0.530161209979
P2,2T,2,4.0,0.8,1.0,N,1,3.14159265359,4,secondary grid,3.12810382378,5.83018531919,0.927902812691
P2,2T,2,4.0,0.8,1.0,N,1,3.14159265359,6,secondary grid,NOT COMPUTED (YET),NOT COMPUTED (YET),NOT COMPUTED (YET) (s >= midpoint)
P2,2T,2,4.0,0.8,1.0,N,1,3.14159265359,8,secondary grid,NOT COMPUTED (YET),NOT COMPUTED (YET),NOT COMPUTED (YET) (s >= midpoint)
P2,2T,2,4.0,0.8,1.0,S,1,3.14159265359,2,secondary grid,2.60103174263,3.33110112497,0.530161209979
P2,2T,2,4.0,0.8,1.0,S,1,3.14159265359,4,secondary grid,3.12810382378,5.83018531919,0.927902812691
P2,2T,2,4.0,0.8,1.0,S,1,3.14159265359,6,secondary grid,NOT COMPUTED (YET),NOT COMPUTED (YET),NOT COMPUTED (YET) (s >= midpoint)
P2,2T,2,4.0,0.8,1.0,S,1,3.14159265359,8,secondary grid,NOT COMPUTED (YET),NOT COMPUTED (YET),NOT COMPUTED (YET) (s >= midpoint)
P2,2T,2,4.0,0.9,1.0,N,1,3.14159265359,2,secondary grid,2.69006058554,3.46200841222,0.550995751831
P2,2T,2,4.0,0.9,1.0,N,1,3.14159265359,4,secondary grid,3.13163347597,5.93898059262,0.945218118243
P2,2T,2,4.0,0.9,1.0,N,1,3.14159265359,6,secondary grid,NOT COMPUTED (YET),NOT COMPUTED (YET),NOT COMPUTED (YET) (s >= midpoint)
P2,2T,2,4.0,0.9,1.0,N,1,3.14159265359,8,secondary grid,NOT COMPUTED (YET),NOT COMPUTED (YET),NOT COMPUTED (YET) (s >= midpoint)
P2,2T,2,4.0,0.9,1.0,S,1,3.14159265359,2,secondary grid,2.69006058554,3.46200841222,0.550995751831
P2,2T,2,4.0,0.9,1.0,S,1,3.14159265359,4,secondary grid,3.13163347597,5.93898059262,0.945218118243
P2,2T,2,4.0,0.9,1.0,S,1,3.14159265359,6,secondary grid,NOT COMPUTED (YET),NOT COMPUTED (YET),NOT COMPUTED (YET) (s >= midpoint)
P2,2T,2,4.0,0.9,1.0,S,1,3.14159265359,8,secondary grid,NOT COMPUTED (YET),NOT COMPUTED (YET),NOT COMPUTED (YET) (s >= midpoint)
P2,2T,2,4.0,1,1.0,N,1,3.14159265359,2,secondary grid,2.75633853719,3.57208546878,0.568515059503
P2,2T,2,4.0,1,1.0,N,1,3.14159265359,4,secondary grid,3.13503019495,6.06062773063,0.964578861569
P2,2T,2,4.0,1,1.0,N,1,3.14159265359,6,secondary grid,NOT COMPUTED (YET),NOT COMPUTED (YET),NOT COMPUTED (YET) (s >= midpoint)
P2,2T,2,4.0,1,1.0,N,1,3.14159265359,8,secondary grid,NOT COMPUTED (YET),NOT COMPUTED (YET),NOT COMPUTED (YET) (s >= midpoint)
P2,2T,2,4.0,1,1.0,S,1,3.14159265359,2,secondary grid,2.75633853719,3.57208546878,0.568515059503
P2,2T,2,4.0,1,1.0,S,1,3.14159265359,4,secondary grid,3.13503019495,6.06062773063,0.964578861569
P2,2T,2,4.0,1,1.0,S,1,3.14159265359,6,secondary grid,NOT COMPUTED (YET),NOT COMPUTED (YET),NOT COMPUTED (YET) (s >= midpoint)
P2,2T,2,4.0,1,1.0,S,1,3.14159265359,8,secondary grid,NOT COMPUTED (YET),NOT COMPUTED (YET),NOT COMPUTED (YET) (s >= midpoint)
P2,2T,2,99.0,0.5,1.0,N,1,3.14159265359,2,secondary grid,1.97239127647,2.67889863318,0.426359959512
P2,2T,2,99.0,0.5,1.0,N,1,3.14159265359,4,secondary grid,3.09751762692,5.47129066395,0.870782954259
P2,2T,2,99.0,0.5,1.0,N,1,3.14159265359,6,secondary grid,3.14072224132,6.14695325072,0.978317994807
P2,2T,2,99.0,0.5,1.0,N,1,3.14159265359,8,secondary grid,3.14157671073,6.26188436751,0.996609850159
P2,2T,2,99.0,0.5,1.0,N,1,3.14159265359,8.378830505,"s_c,delta (report-only extra)",3.14158518811,6.26825434186,0.997623663065
P2,2T,2,99.0,0.5,1.0,S,1,3.14159265359,2,secondary grid,1.97239127647,2.67889863318,0.426359959512
P2,2T,2,99.0,0.5,1.0,S,1,3.14159265359,4,secondary grid,3.09751762692,5.47129066394,0.870782954259
P2,2T,2,99.0,0.5,1.0,S,1,3.14159265359,6,secondary grid,3.14072224132,6.14695325072,0.978317994807
P2,2T,2,99.0,0.5,1.0,S,1,3.14159265359,8,secondary grid,3.14157671073,6.26188436751,0.996609850159
P2,2T,2,99.0,0.5,1.0,S,1,3.14159265359,8.378830505,"s_c,delta (report-only extra)",3.14158518811,6.26825434186,0.997623663065
P2,2T,2,99.0,0.6,1.0,N,1,3.14159265359,2,secondary grid,2.23673900984,2.95025176263,0.469547151388
P2,2T,2,99.0,0.6,1.0,N,1,3.14159265359,4,secondary grid,3.11311129183,5.57078550274,0.886618049665
P2,2T,2,99.0,0.6,1.0,N,1,3.14159265359,6,secondary grid,3.14104469586,6.16443432721,0.981100194541
P2,2T,2,99.0,0.6,1.0,N,1,3.14159265359,8,secondary grid,3.14158264907,6.26461280589,0.997044094614
P2,2T,2,99.0,0.6,1.0,N,1,3.14159265359,8.069845999,"s_c,delta (report-only extra)",3.14158395534,6.26578881109,0.997231261655
P2,2T,2,99.0,0.6,1.0,S,1,3.14159265359,2,secondary grid,2.23673900984,2.95025176263,0.469547151388
P2,2T,2,99.0,0.6,1.0,S,1,3.14159265359,4,secondary grid,3.11311129183,5.57078550274,0.886618049665
P2,2T,2,99.0,0.6,1.0,S,1,3.14159265359,6,secondary grid,3.14104469586,6.16443432721,0.981100194541
P2,2T,2,99.0,0.6,1.0,S,1,3.14159265359,8,secondary grid,3.14158264907,6.26461280589,0.997044094614
P2,2T,2,99.0,0.6,1.0,S,1,3.14159265359,8.069845999,"s_c,delta (report-only extra)",3.14158395534,6.26578881109,0.997231261655
P2,2T,2,99.0,0.7,1.0,N,1,3.14159265359,2,secondary grid,2.42179924001,3.15725879726,0.502493344204
P2,2T,2,99.0,0.7,1.0,N,1,3.14159265359,4,secondary grid,3.12146739351,5.63728070532,0.897201089849
P2,2T,2,99.0,0.7,1.0,N,1,3.14159265359,6,secondary grid,3.14121155603,6.17590051652,0.982925095247
P2,2T,2,99.0,0.7,1.0,N,1,3.14159265359,8,secondary grid,3.14158570914,6.26639968542,0.997328485325
P2,2T,2,99.0,0.7,1.0,N,1,3.14159265359,7.82263883,"s_c,delta (report-only extra)",3.14158274618,6.2633704909,0.996846374042
P2,2T,2,99.0,0.7,1.0,S,1,3.14159265359,2,secondary grid,2.42179924001,3.15725879726,0.502493344204
P2,2T,2,99.0,0.7,1.0,S,1,3.14159265359,4,secondary grid,3.12146739351,5.63728070532,0.897201089849
P2,2T,2,99.0,0.7,1.0,S,1,3.14159265359,6,secondary grid,3.14121155603,6.17590051652,0.982925095247
P2,2T,2,99.0,0.7,1.0,S,1,3.14159265359,8,secondary grid,3.14158570914,6.26639968542,0.997328485325
P2,2T,2,99.0,0.7,1.0,S,1,3.14159265359,7.82263883,"s_c,delta (report-only extra)",3.14158274618,6.2633704909,0.996846374042
P2,2T,2,99.0,0.8,1.0,N,1,3.14159265359,2,secondary grid,2.55390051437,3.31857926151,0.528168293512
P2,2T,2,99.0,0.8,1.0,N,1,3.14159265359,4,secondary grid,3.12646007723,5.68462686968,0.904736465943
P2,2T,2,99.0,0.8,1.0,N,1,3.14159265359,6,secondary grid,3.14130909319,6.18396550609,0.984208678204
P2,2T,2,99.0,0.8,1.0,N,1,3.14159265359,8,secondary grid,3.14158749314,6.26765632738,0.997528486104
P2,2T,2,99.0,0.8,1.0,N,1,3.14159265359,7.61789778,"s_c,delta (report-only extra)",3.14158155692,6.2609919669,0.996467820192
P2,2T,2,99.0,0.8,1.0,S,1,3.14159265359,2,secondary grid,2.55390051437,3.31857926151,0.528168293511
P2,2T,2,99.0,0.8,1.0,S,1,3.14159265359,4,secondary grid,3.12646007723,5.68462686968,0.904736465943
P2,2T,2,99.0,0.8,1.0,S,1,3.14159265359,6,secondary grid,3.14130909319,6.18396550609,0.984208678203
P2,2T,2,99.0,0.8,1.0,S,1,3.14159265359,8,secondary grid,3.14158749314,6.26765632738,0.997528486103
P2,2T,2,99.0,0.8,1.0,S,1,3.14159265359,7.61789778,"s_c,delta (report-only extra)",3.14158155692,6.2609919669,0.996467820191
P2,2T,2,99.0,0.9,1.0,N,1,3.14159265359,2,secondary grid,2.65073138718,3.44700062945,0.548607189019
P2,2T,2,99.0,0.9,1.0,N,1,3.14159265359,4,secondary grid,3.12968867056,5.71994377957,0.910357326726
P2,2T,2,99.0,0.9,1.0,N,1,3.14159265359,6,secondary grid,3.1413712365,6.18993028413,0.985158002113
P2,2T,2,99.0,0.9,1.0,N,1,3.14159265359,8,secondary grid,3.14158862768,6.26858668221,0.997676556674
P2,2T,2,99.0,0.9,1.0,N,1,3.14159265359,7.443934259,"s_c,delta (report-only extra)",3.141580385,6.25864813347,0.996094787515
P2,2T,2,99.0,0.9,1.0,S,1,3.14159265359,2,secondary grid,2.65073138719,3.44700062945,0.548607189018
P2,2T,2,99.0,0.9,1.0,S,1,3.14159265359,4,secondary grid,3.12968867056,5.71994377956,0.910357326725
P2,2T,2,99.0,0.9,1.0,S,1,3.14159265359,6,secondary grid,3.1413712365,6.18993028413,0.985158002113
P2,2T,2,99.0,0.9,1.0,S,1,3.14159265359,8,secondary grid,3.14158862768,6.26858668221,0.997676556673
P2,2T,2,99.0,0.9,1.0,S,1,3.14159265359,7.443934259,"s_c,delta (report-only extra)",3.141580385,6.25864813347,0.996094787515
P2,2T,2,99.0,1,1.0,N,1,3.14159265359,2,secondary grid,2.72362230768,3.55123109184,0.565195982328
P2,2T,2,99.0,1,1.0,N,1,3.14159265359,4,secondary grid,3.13190475592,5.74723849797,0.914701416081
P2,2T,2,99.0,1,1.0,N,1,3.14159265359,6,secondary grid,3.14141343783,6.19451175158,0.985887165305
P2,2T,2,99.0,1,1.0,N,1,3.14159265359,8,secondary grid,3.1415893971,6.2693028389,0.99779053655
P2,2T,2,99.0,1,1.0,N,1,3.14159265359,7.293188426,"s_c,delta (report-only extra)",3.14157922859,6.25633530808,0.995726689922
P2,2T,2,99.0,1,1.0,S,1,3.14159265359,2,secondary grid,2.72362230768,3.55123109184,0.565195982328
P2,2T,2,99.0,1,1.0,S,1,3.14159265359,4,secondary grid,3.13190475592,5.74723849797,0.91470141608
P2,2T,2,99.0,1,1.0,S,1,3.14159265359,6,secondary grid,3.14141343783,6.19451175158,0.985887165305
P2,2T,2,99.0,1,1.0,S,1,3.14159265359,8,secondary grid,3.1415893971,6.26930283889,0.99779053655
P2,2T,2,99.0,1,1.0,S,1,3.14159265359,7.293188426,"s_c,delta (report-only extra)",3.14157922859,6.25633530808,0.995726689921
P2,2T,4,1.0,0.5,1.0,N,2,6.28318530718,2,secondary grid,1.87806716212,3.24265302197,0.258042128589
P2,2T,4,1.0,0.5,1.0,N,2,6.28318530718,4,secondary grid,5.81279547906,9.90131095897,0.787921291105
P2,2T,4,1.0,0.5,1.0,N,2,6.28318530718,6,secondary grid,NOT COMPUTED (YET),NOT COMPUTED (YET),NOT COMPUTED (YET) (s >= midpoint)
P2,2T,4,1.0,0.5,1.0,N,2,6.28318530718,8,secondary grid,NOT COMPUTED (YET),NOT COMPUTED (YET),NOT COMPUTED (YET) (s >= midpoint)
P2,2T,4,1.0,0.5,1.0,S,2,6.28318530718,2,secondary grid,1.87806716212,3.24265302196,0.258042128589
P2,2T,4,1.0,0.5,1.0,S,2,6.28318530718,4,secondary grid,5.81279547905,9.90131095897,0.787921291105
P2,2T,4,1.0,0.5,1.0,S,2,6.28318530718,6,secondary grid,NOT COMPUTED (YET),NOT COMPUTED (YET),NOT COMPUTED (YET) (s >= midpoint)
P2,2T,4,1.0,0.5,1.0,S,2,6.28318530718,8,secondary grid,NOT COMPUTED (YET),NOT COMPUTED (YET),NOT COMPUTED (YET) (s >= midpoint)
P2,2T,4,1.0,0.6,1.0,N,2,6.28318530718,2,secondary grid,2.42941867426,3.83292176449,0.305014222652
P2,2T,4,1.0,0.6,1.0,N,2,6.28318530718,4,secondary grid,5.99757679459,10.5886914649,0.84262129376
P2,2T,4,1.0,0.6,1.0,N,2,6.28318530718,6,secondary grid,NOT COMPUTED (YET),NOT COMPUTED (YET),NOT COMPUTED (YET) (s >= midpoint)
P2,2T,4,1.0,0.6,1.0,N,2,6.28318530718,8,secondary grid,NOT COMPUTED (YET),NOT COMPUTED (YET),NOT COMPUTED (YET) (s >= midpoint)
P2,2T,4,1.0,0.6,1.0,S,2,6.28318530718,2,secondary grid,2.42941867426,3.83292176449,0.305014222652
P2,2T,4,1.0,0.6,1.0,S,2,6.28318530718,4,secondary grid,5.99757679459,10.5886914649,0.84262129376
P2,2T,4,1.0,0.6,1.0,S,2,6.28318530718,6,secondary grid,NOT COMPUTED (YET),NOT COMPUTED (YET),NOT COMPUTED (YET) (s >= midpoint)
P2,2T,4,1.0,0.6,1.0,S,2,6.28318530718,8,secondary grid,NOT COMPUTED (YET),NOT COMPUTED (YET),NOT COMPUTED (YET) (s >= midpoint)
P2,2T,4,1.0,0.7,1.0,N,2,6.28318530718,2,secondary grid,2.95240935696,4.36178184316,0.347099570514
P2,2T,4,1.0,0.7,1.0,N,2,6.28318530718,4,secondary grid,6.1042305374,11.1962528405,0.890969491833
P2,2T,4,1.0,0.7,1.0,N,2,6.28318530718,6,secondary grid,NOT COMPUTED (YET),NOT COMPUTED (YET),NOT COMPUTED (YET) (s >= midpoint)
P2,2T,4,1.0,0.7,1.0,N,2,6.28318530718,8,secondary grid,NOT COMPUTED (YET),NOT COMPUTED (YET),NOT COMPUTED (YET) (s >= midpoint)
P2,2T,4,1.0,0.7,1.0,S,2,6.28318530718,2,secondary grid,2.95240935696,4.36178184316,0.347099570513
P2,2T,4,1.0,0.7,1.0,S,2,6.28318530718,4,secondary grid,6.1042305374,11.1962528405,0.890969491832
P2,2T,4,1.0,0.7,1.0,S,2,6.28318530718,6,secondary grid,NOT COMPUTED (YET),NOT COMPUTED (YET),NOT COMPUTED (YET) (s >= midpoint)
P2,2T,4,1.0,0.7,1.0,S,2,6.28318530718,8,secondary grid,NOT COMPUTED (YET),NOT COMPUTED (YET),NOT COMPUTED (YET) (s >= midpoint)
P2,2T,4,1.0,0.8,1.0,N,2,6.28318530718,2,secondary grid,3.40768092027,4.83046923337,0.384396527972
P2,2T,4,1.0,0.8,1.0,N,2,6.28318530718,4,secondary grid,6.18443635214,11.7919815271,0.938376074439
P2,2T,4,1.0,0.8,1.0,N,2,6.28318530718,6,secondary grid,NOT COMPUTED (YET),NOT COMPUTED (YET),NOT COMPUTED (YET) (s >= midpoint)
P2,2T,4,1.0,0.8,1.0,N,2,6.28318530718,8,secondary grid,NOT COMPUTED (YET),NOT COMPUTED (YET),NOT COMPUTED (YET) (s >= midpoint)
P2,2T,4,1.0,0.8,1.0,S,2,6.28318530718,2,secondary grid,3.40768092027,4.83046923337,0.384396527972
P2,2T,4,1.0,0.8,1.0,S,2,6.28318530718,4,secondary grid,6.18443635214,11.7919815271,0.938376074439
P2,2T,4,1.0,0.8,1.0,S,2,6.28318530718,6,secondary grid,NOT COMPUTED (YET),NOT COMPUTED (YET),NOT COMPUTED (YET) (s >= midpoint)
P2,2T,4,1.0,0.8,1.0,S,2,6.28318530718,8,secondary grid,NOT COMPUTED (YET),NOT COMPUTED (YET),NOT COMPUTED (YET) (s >= midpoint)
P2,2T,4,1.0,0.9,1.0,N,2,6.28318530718,2,secondary grid,3.7872614365,5.24683370077,0.417529759529
P2,2T,4,1.0,0.9,1.0,N,2,6.28318530718,4,secondary grid,6.26224016754,12.4064827874,0.987276531001
P2,2T,4,1.0,0.9,1.0,N,2,6.28318530718,6,secondary grid,NOT COMPUTED (YET),NOT COMPUTED (YET),NOT COMPUTED (YET) (s >= midpoint)
P2,2T,4,1.0,0.9,1.0,N,2,6.28318530718,8,secondary grid,NOT COMPUTED (YET),NOT COMPUTED (YET),NOT COMPUTED (YET) (s >= midpoint)
P2,2T,4,1.0,0.9,1.0,S,2,6.28318530718,2,secondary grid,3.78726143649,5.24683370077,0.417529759529
P2,2T,4,1.0,0.9,1.0,S,2,6.28318530718,4,secondary grid,6.26224016754,12.4064827874,0.987276531001
P2,2T,4,1.0,0.9,1.0,S,2,6.28318530718,6,secondary grid,NOT COMPUTED (YET),NOT COMPUTED (YET),NOT COMPUTED (YET) (s >= midpoint)
P2,2T,4,1.0,0.9,1.0,S,2,6.28318530718,8,secondary grid,NOT COMPUTED (YET),NOT COMPUTED (YET),NOT COMPUTED (YET) (s >= midpoint)
P2,2T,4,1.0,1,1.0,N,2,6.28318530718,2,secondary grid,4.09809691628,5.62047847756,0.447263466123
P2,2T,4,1.0,1,1.0,N,2,6.28318530718,4,secondary grid,NOT COMPUTED (YET),NOT COMPUTED (YET),NOT COMPUTED (YET) (s >= midpoint)
P2,2T,4,1.0,1,1.0,N,2,6.28318530718,6,secondary grid,NOT COMPUTED (YET),NOT COMPUTED (YET),NOT COMPUTED (YET) (s >= midpoint)
P2,2T,4,1.0,1,1.0,N,2,6.28318530718,8,secondary grid,NOT COMPUTED (YET),NOT COMPUTED (YET),NOT COMPUTED (YET) (s >= midpoint)
P2,2T,4,1.0,1,1.0,S,2,6.28318530718,2,secondary grid,4.09809691628,5.62047847756,0.447263466123
P2,2T,4,1.0,1,1.0,S,2,6.28318530718,4,secondary grid,NOT COMPUTED (YET),NOT COMPUTED (YET),NOT COMPUTED (YET) (s >= midpoint)
P2,2T,4,1.0,1,1.0,S,2,6.28318530718,6,secondary grid,NOT COMPUTED (YET),NOT COMPUTED (YET),NOT COMPUTED (YET) (s >= midpoint)
P2,2T,4,1.0,1,1.0,S,2,6.28318530718,8,secondary grid,NOT COMPUTED (YET),NOT COMPUTED (YET),NOT COMPUTED (YET) (s >= midpoint)
P2,2T,4,24.0,0.5,1.0,N,2,6.28318530718,2,secondary grid,1.74237999364,3.12657462411,0.248804903186
P2,2T,4,24.0,0.5,1.0,N,2,6.28318530718,4,secondary grid,5.72578336066,9.48105823733,0.754478642106
P2,2T,4,24.0,0.5,1.0,N,2,6.28318530718,6,secondary grid,6.26888199532,12.001504146,0.955049354684
P2,2T,4,24.0,0.5,1.0,N,2,6.28318530718,8,secondary grid,6.28291479036,12.4768145789,0.992873357138
P2,2T,4,24.0,0.5,1.0,N,2,6.28318530718,9.698203116,"s_c,delta (report-only extra)",6.28317625692,12.5482701126,0.998559607835
P2,2T,4,24.0,0.5,1.0,S,2,6.28318530718,2,secondary grid,1.74237999364,3.12657462411,0.248804903186
P2,2T,4,24.0,0.5,1.0,S,2,6.28318530718,4,secondary grid,5.72578336066,9.48105823733,0.754478642106
P2,2T,4,24.0,0.5,1.0,S,2,6.28318530718,6,secondary grid,6.26888199532,12.001504146,0.955049354684
P2,2T,4,24.0,0.5,1.0,S,2,6.28318530718,8,secondary grid,6.28291479036,12.4768145789,0.992873357138
P2,2T,4,24.0,0.5,1.0,S,2,6.28318530718,9.698203116,"s_c,delta (report-only extra)",6.28317625692,12.5482701126,0.998559607835
P2,2T,4,24.0,0.6,1.0,N,2,6.28318530718,2,secondary grid,2.24891881674,3.69212927663,0.293810312455
P2,2T,4,24.0,0.6,1.0,N,2,6.28318530718,4,secondary grid,5.95095262126,10.0120405778,0.7967328742
P2,2T,4,24.0,0.6,1.0,N,2,6.28318530718,6,secondary grid,6.27558329199,12.1143529007,0.96402957325
P2,2T,4,24.0,0.6,1.0,N,2,6.28318530718,8,secondary grid,6.2830436426,12.4950438581,0.994323997086
P2,2T,4,24.0,0.6,1.0,N,2,6.28318530718,9.301380712,"s_c,delta (report-only extra)",6.28317483286,12.5454219847,0.998332961022
P2,2T,4,24.0,0.6,1.0,S,2,6.28318530718,2,secondary grid,2.24891881674,3.69212927663,0.293810312455
P2,2T,4,24.0,0.6,1.0,S,2,6.28318530718,4,secondary grid,5.95095262126,10.0120405778,0.7967328742
P2,2T,4,24.0,0.6,1.0,S,2,6.28318530718,6,secondary grid,6.27558329199,12.1143529007,0.96402957325
P2,2T,4,24.0,0.6,1.0,S,2,6.28318530718,8,secondary grid,6.2830436426,12.4950438581,0.994323997086
P2,2T,4,24.0,0.6,1.0,S,2,6.28318530718,9.301380712,"s_c,delta (report-only extra)",6.28317483286,12.5454219847,0.998332961022
P2,2T,4,24.0,0.7,1.0,N,2,6.28318530718,2,secondary grid,2.75905751464,4.19910855058,0.334154441202
P2,2T,4,24.0,0.7,1.0,N,2,6.28318530718,4,secondary grid,6.06704580255,10.3652325361,0.824838997209
P2,2T,4,24.0,0.7,1.0,N,2,6.28318530718,6,secondary grid,6.27855467333,12.184251028,0.969591889493
P2,2T,4,24.0,0.7,1.0,N,2,6.28318530718,8,secondary grid,6.2830996996,12.5062728792,0.995217574192
P2,2T,4,24.0,0.7,1.0,N,2,6.28318530718,8.98774163,"s_c,delta (report-only extra)",6.28317345418,12.5426646287,0.998113537598
P2,2T,4,24.0,0.7,1.0,S,2,6.28318530718,2,secondary grid,2.75905751464,4.19910855058,0.334154441202
P2,2T,4,24.0,0.7,1.0,S,2,6.28318530718,4,secondary grid,6.06704580255,10.3652325361,0.824838997209
P2,2T,4,24.0,0.7,1.0,S,2,6.28318530718,6,secondary grid,6.27855467333,12.184251028,0.969591889492
P2,2T,4,24.0,0.7,1.0,S,2,6.28318530718,8,secondary grid,6.2830996996,12.5062728792,0.995217574191
P2,2T,4,24.0,0.7,1.0,S,2,6.28318530718,8.98774163,"s_c,delta (report-only extra)",6.28317345418,12.5426646287,0.998113537598
P2,2T,4,24.0,0.8,1.0,N,2,6.28318530718,2,secondary grid,3.22689340251,4.6434866604,0.369516927592
P2,2T,4,24.0,0.8,1.0,N,2,6.28318530718,4,secondary grid,6.13254398574,10.6132626877,0.844576609543
P2,2T,4,24.0,0.8,1.0,N,2,6.28318530718,6,secondary grid,6.28008814362,12.2313209159,0.973337592153
P2,2T,4,24.0,0.8,1.0,N,2,6.28318530718,8,secondary grid,6.28312831761,12.5138304466,0.995818986298
P2,2T,4,24.0,0.8,1.0,N,2,6.28318530718,8.730987776,"s_c,delta (report-only extra)",6.28317211673,12.5399897259,0.9979006756
P2,2T,4,24.0,0.8,1.0,S,2,6.28318530718,2,secondary grid,3.22689340251,4.6434866604,0.369516927592
P2,2T,4,24.0,0.8,1.0,S,2,6.28318530718,4,secondary grid,6.13254398574,10.6132626877,0.844576609543
P2,2T,4,24.0,0.8,1.0,S,2,6.28318530718,6,secondary grid,6.28008814362,12.2313209159,0.973337592153
P2,2T,4,24.0,0.8,1.0,S,2,6.28318530718,8,secondary grid,6.28312831761,12.5138304466,0.995818986298
P2,2T,4,24.0,0.8,1.0,S,2,6.28318530718,8.730987776,"s_c,delta (report-only extra)",6.28317211673,12.5399897259,0.9979006756
P2,2T,4,24.0,0.9,1.0,N,2,6.28318530718,2,secondary grid,3.6334666694,5.02872870052,0.400173515078
P2,2T,4,24.0,0.9,1.0,N,2,6.28318530718,4,secondary grid,6.17241778033,10.79537959,0.859069012152
P2,2T,4,24.0,0.9,1.0,N,2,6.28318530718,6,secondary grid,6.28096974576,12.2649895383,0.976016855993
P2,2T,4,24.0,0.9,1.0,N,2,6.28318530718,8,secondary grid,6.28314465859,12.5192503476,0.996250288313
P2,2T,4,24.0,0.9,1.0,N,2,6.28318530718,8.515262684,"s_c,delta (report-only extra)",6.28317081775,12.5373917789,0.997693937547
P2,2T,4,24.0,0.9,1.0,S,2,6.28318530718,2,secondary grid,3.6334666694,5.02872870051,0.400173515077
P2,2T,4,24.0,0.9,1.0,S,2,6.28318530718,4,secondary grid,6.17241778033,10.79537959,0.859069012152
P2,2T,4,24.0,0.9,1.0,S,2,6.28318530718,6,secondary grid,6.28096974576,12.2649895383,0.976016855993
P2,2T,4,24.0,0.9,1.0,S,2,6.28318530718,8,secondary grid,6.28314465858,12.5192503476,0.996250288312
P2,2T,4,24.0,0.9,1.0,S,2,6.28318530718,8.515262684,"s_c,delta (report-only extra)",6.28317081775,12.5373917789,0.997693937547
P2,2T,4,24.0,1,1.0,N,2,6.28318530718,2,secondary grid,3.97720926799,5.36155918874,0.426659323784
P2,2T,4,24.0,1,1.0,N,2,6.28318530718,4,secondary grid,6.19824482809,10.9340080913,0.870100717772
P2,2T,4,24.0,1,1.0,N,2,6.28318530718,6,secondary grid,6.28151884761,12.2901924692,0.978022441511
P2,2T,4,24.0,1,1.0,N,2,6.28318530718,8,secondary grid,6.28315478983,12.5233277063,0.996574754206
P2,2T,4,24.0,1,1.0,N,2,6.28318530718,8.330348098,"s_c,delta (report-only extra)",6.28316955544,12.5348671552,0.997493034375
P2,2T,4,24.0,1,1.0,S,2,6.28318530718,2,secondary grid,3.97720926799,5.36155918874,0.426659323784
P2,2T,4,24.0,1,1.0,S,2,6.28318530718,4,secondary grid,6.19824482809,10.9340080913,0.870100717772
P2,2T,4,24.0,1,1.0,S,2,6.28318530718,6,secondary grid,6.28151884761,12.2901924692,0.97802244151
P2,2T,4,24.0,1,1.0,S,2,6.28318530718,8,secondary grid,6.28315478982,12.5233277063,0.996574754206
P2,2T,4,24.0,1,1.0,S,2,6.28318530718,8.330348098,"s_c,delta (report-only extra)",6.28316955544,12.5348671552,0.997493034375
P2,2T,4,4.0,0.5,1.0,N,2,6.28318530718,2,secondary grid,1.80656374342,3.16947013076,0.252218419146
P2,2T,4,4.0,0.5,1.0,N,2,6.28318530718,4,secondary grid,5.78914717876,9.56896255924,0.761473845782
P2,2T,4,4.0,0.5,1.0,N,2,6.28318530718,6,secondary grid,6.27090674345,12.037697695,0.957929545803
P2,2T,4,4.0,0.5,1.0,N,2,6.28318530718,8,secondary grid,6.28297047231,12.5117567507,0.995653966821
P2,2T,4,4.0,0.5,1.0,S,2,6.28318530718,2,secondary grid,1.80656374342,3.16947013075,0.252218419146
P2,2T,4,4.0,0.5,1.0,S,2,6.28318530718,4,secondary grid,5.78914717876,9.56896255923,0.761473845782
P2,2T,4,4.0,0.5,1.0,S,2,6.28318530718,6,secondary grid,6.27090674344,12.037697695,0.957929545803
P2,2T,4,4.0,0.5,1.0,S,2,6.28318530718,8,secondary grid,6.28297047231,12.5117567507,0.995653966821
P2,2T,4,4.0,0.6,1.0,N,2,6.28318530718,2,secondary grid,2.34502169805,3.74125878555,0.297719914553
P2,2T,4,4.0,0.6,1.0,N,2,6.28318530718,4,secondary grid,5.98899500819,10.0822780122,0.802322191632
P2,2T,4,4.0,0.6,1.0,N,2,6.28318530718,6,secondary grid,6.27654610551,12.1559769491,0.967341909781
P2,2T,4,4.0,0.6,1.0,N,2,6.28318530718,8,secondary grid,NOT COMPUTED (YET),NOT COMPUTED (YET),NOT COMPUTED (YET) (s >= midpoint)
P2,2T,4,4.0,0.6,1.0,S,2,6.28318530718,2,secondary grid,2.34502169805,3.74125878555,0.297719914553
P2,2T,4,4.0,0.6,1.0,S,2,6.28318530718,4,secondary grid,5.98899500819,10.0822780122,0.802322191632
P2,2T,4,4.0,0.6,1.0,S,2,6.28318530718,6,secondary grid,6.27654610551,12.1559769491,0.967341909781
P2,2T,4,4.0,0.6,1.0,S,2,6.28318530718,8,secondary grid,NOT COMPUTED (YET),NOT COMPUTED (YET),NOT COMPUTED (YET) (s >= midpoint)
P2,2T,4,4.0,0.7,1.0,N,2,6.28318530718,2,secondary grid,2.87519222544,4.24976729768,0.338185736208
P2,2T,4,4.0,0.7,1.0,N,2,6.28318530718,4,secondary grid,6.09122159162,10.4273728927,0.829783969666
P2,2T,4,4.0,0.7,1.0,N,2,6.28318530718,6,secondary grid,6.27908719132,12.243617313,0.974316108347
P2,2T,4,4.0,0.7,1.0,N,2,6.28318530718,8,secondary grid,NOT COMPUTED (YET),NOT COMPUTED (YET),NOT COMPUTED (YET) (s >= midpoint)
P2,2T,4,4.0,0.7,1.0,S,2,6.28318530718,2,secondary grid,2.87519222543,4.24976729767,0.338185736208
P2,2T,4,4.0,0.7,1.0,S,2,6.28318530718,4,secondary grid,6.09122159162,10.4273728927,0.829783969666
P2,2T,4,4.0,0.7,1.0,S,2,6.28318530718,6,secondary grid,6.27908719132,12.243617313,0.974316108347
P2,2T,4,4.0,0.7,1.0,S,2,6.28318530718,8,secondary grid,NOT COMPUTED (YET),NOT COMPUTED (YET),NOT COMPUTED (YET) (s >= midpoint)
P2,2T,4,4.0,0.8,1.0,N,2,6.28318530718,2,secondary grid,3.35110114672,4.6924384203,0.373412384872
P2,2T,4,4.0,0.8,1.0,N,2,6.28318530718,4,secondary grid,6.14872119241,10.6748002689,0.84947361466
P2,2T,4,4.0,0.8,1.0,N,2,6.28318530718,6,secondary grid,6.28048654665,12.3253688889,0.980821692051
P2,2T,4,4.0,0.8,1.0,N,2,6.28318530718,8,secondary grid,NOT COMPUTED (YET),NOT COMPUTED (YET),NOT COMPUTED (YET) (s >= midpoint)
P2,2T,4,4.0,0.8,1.0,S,2,6.28318530718,2,secondary grid,3.35110114672,4.6924384203,0.373412384872
P2,2T,4,4.0,0.8,1.0,S,2,6.28318530718,4,secondary grid,6.14872119241,10.6748002689,0.84947361466
P2,2T,4,4.0,0.8,1.0,S,2,6.28318530718,6,secondary grid,6.28048654665,12.3253688889,0.98082169205
P2,2T,4,4.0,0.8,1.0,S,2,6.28318530718,8,secondary grid,NOT COMPUTED (YET),NOT COMPUTED (YET),NOT COMPUTED (YET) (s >= midpoint)
P2,2T,4,4.0,0.9,1.0,N,2,6.28318530718,2,secondary grid,3.75737727321,5.07428242423,0.403798565231
P2,2T,4,4.0,0.9,1.0,N,2,6.28318530718,4,secondary grid,6.18368534417,10.8627602292,0.864430993049
P2,2T,4,4.0,0.9,1.0,N,2,6.28318530718,6,secondary grid,6.28153016734,12.416852613,0.988101735502
P2,2T,4,4.0,0.9,1.0,N,2,6.28318530718,8,secondary grid,NOT COMPUTED (YET),NOT COMPUTED (YET),NOT COMPUTED (YET) (s >= midpoint)
P2,2T,4,4.0,0.9,1.0,S,2,6.28318530718,2,secondary grid,3.75737727321,5.07428242423,0.40379856523
P2,2T,4,4.0,0.9,1.0,S,2,6.28318530718,4,secondary grid,6.18368534417,10.8627602292,0.864430993049
P2,2T,4,4.0,0.9,1.0,S,2,6.28318530718,6,secondary grid,6.28153016734,12.416852613,0.988101735502
P2,2T,4,4.0,0.9,1.0,S,2,6.28318530718,8,secondary grid,NOT COMPUTED (YET),NOT COMPUTED (YET),NOT COMPUTED (YET) (s >= midpoint)
P2,2T,4,4.0,1,1.0,N,2,6.28318530718,2,secondary grid,4.09594687449,5.40319607866,0.429972682207
P2,2T,4,4.0,1,1.0,N,2,6.28318530718,4,secondary grid,6.20632283624,11.0134243186,0.876420460334
P2,2T,4,4.0,1,1.0,N,2,6.28318530718,6,secondary grid,6.28274147868,12.5295980664,0.997073733608
P2,2T,4,4.0,1,1.0,N,2,6.28318530718,8,secondary grid,NOT COMPUTED (YET),NOT COMPUTED (YET),NOT COMPUTED (YET) (s >= midpoint)
P2,2T,4,4.0,1,1.0,S,2,6.28318530718,2,secondary grid,4.09594687449,5.40319607866,0.429972682206
P2,2T,4,4.0,1,1.0,S,2,6.28318530718,4,secondary grid,6.20632283624,11.0134243186,0.876420460334
P2,2T,4,4.0,1,1.0,S,2,6.28318530718,6,secondary grid,6.28274147868,12.5295980664,0.997073733608
P2,2T,4,4.0,1,1.0,S,2,6.28318530718,8,secondary grid,NOT COMPUTED (YET),NOT COMPUTED (YET),NOT COMPUTED (YET) (s >= midpoint)
P2,2T,4,99.0,0.5,1.0,N,2,6.28318530718,2,secondary grid,1.72836805585,3.11812855251,0.248132786164
P2,2T,4,99.0,0.5,1.0,N,2,6.28318530718,4,secondary grid,5.70735617229,9.46805316452,0.753443731295
P2,2T,4,99.0,0.5,1.0,N,2,6.28318530718,6,secondary grid,6.26817890129,12.0020756636,0.95509483461
P2,2T,4,99.0,0.5,1.0,N,2,6.28318530718,8,secondary grid,6.28290047623,12.4775431078,0.992931331628
P2,2T,4,99.0,0.5,1.0,N,2,6.28318530718,9.757773007,"s_c,delta (report-only extra)",6.28317684391,12.5494440817,0.99865302933
P2,2T,4,99.0,0.5,1.0,S,2,6.28318530718,2,secondary grid,1.72836805585,3.11812855251,0.248132786164
P2,2T,4,99.0,0.5,1.0,S,2,6.28318530718,4,secondary grid,5.70735617229,9.46805316452,0.753443731295
P2,2T,4,99.0,0.5,1.0,S,2,6.28318530718,6,secondary grid,6.26817890129,12.0020756636,0.95509483461
P2,2T,4,99.0,0.5,1.0,S,2,6.28318530718,8,secondary grid,6.28290047623,12.4775431078,0.992931331628
P2,2T,4,99.0,0.5,1.0,S,2,6.28318530718,9.757773007,"s_c,delta (report-only extra)",6.28317684391,12.5494440817,0.99865302933
P2,2T,4,99.0,0.6,1.0,N,2,6.28318530718,2,secondary grid,2.2266759183,3.6826800474,0.293058366685
P2,2T,4,99.0,0.6,1.0,N,2,6.28318530718,4,secondary grid,5.93926553366,10.0063743752,0.79628197212
P2,2T,4,99.0,0.6,1.0,N,2,6.28318530718,6,secondary grid,6.27522062652,12.1165622077,0.964205384317
P2,2T,4,99.0,0.6,1.0,N,2,6.28318530718,8,secondary grid,6.28303648419,12.4958395176,0.994387313651
P2,2T,4,99.0,0.6,1.0,N,2,6.28318530718,9.359134595,"s_c,delta (report-only extra)",6.28317550284,12.5467619409,0.998439591347
P2,2T,4,99.0,0.6,1.0,S,2,6.28318530718,2,secondary grid,2.2266759183,3.6826800474,0.293058366685
P2,2T,4,99.0,0.6,1.0,S,2,6.28318530718,4,secondary grid,5.93926553366,10.0063743752,0.79628197212
P2,2T,4,99.0,0.6,1.0,S,2,6.28318530718,6,secondary grid,6.27522062652,12.1165622077,0.964205384317
P2,2T,4,99.0,0.6,1.0,S,2,6.28318530718,8,secondary grid,6.28303648419,12.4958395175,0.99438731365
P2,2T,4,99.0,0.6,1.0,S,2,6.28318530718,9.359134595,"s_c,delta (report-only extra)",6.28317550284,12.5467619409,0.998439591347
P2,2T,4,99.0,0.7,1.0,N,2,6.28318530718,2,secondary grid,2.7308462672,4.18991953076,0.333423202239
P2,2T,4,99.0,0.7,1.0,N,2,6.28318530718,4,secondary grid,6.05920270266,10.364858432,0.824809226948
P2,2T,4,99.0,0.7,1.0,N,2,6.28318530718,6,secondary grid,6.27833882476,12.1872945806,0.969834087706
P2,2T,4,99.0,0.7,1.0,N,2,6.28318530718,8,secondary grid,6.28309552804,12.5070341699,0.99527815578
P2,2T,4,99.0,0.7,1.0,N,2,6.28318530718,9.043497934,"s_c,delta (report-only extra)",6.28317419013,12.5441365328,0.998230668007
P2,2T,4,99.0,0.7,1.0,S,2,6.28318530718,2,secondary grid,2.7308462672,4.18991953076,0.333423202238
P2,2T,4,99.0,0.7,1.0,S,2,6.28318530718,4,secondary grid,6.05920270266,10.364858432,0.824809226948
P2,2T,4,99.0,0.7,1.0,S,2,6.28318530718,6,secondary grid,6.27833882476,12.1872945806,0.969834087706
P2,2T,4,99.0,0.7,1.0,S,2,6.28318530718,8,secondary grid,6.28309552804,12.5070341699,0.99527815578
P2,2T,4,99.0,0.7,1.0,S,2,6.28318530718,9.043497934,"s_c,delta (report-only extra)",6.28317419013,12.5441365328,0.998230668006
P2,2T,4,99.0,0.8,1.0,N,2,6.28318530718,2,secondary grid,3.19542528704,4.63554691415,0.368885102661
P2,2T,4,99.0,0.8,1.0,N,2,6.28318530718,4,secondary grid,6.12697728337,10.6167483562,0.844853990224
P2,2T,4,99.0,0.8,1.0,N,2,6.28318530718,6,secondary grid,6.27994633653,12.2347922761,0.973613834218
P2,2T,4,99.0,0.8,1.0,N,2,6.28318530718,8,secondary grid,6.28312562399,12.5145090222,0.995872985629
P2,2T,4,99.0,0.8,1.0,N,2,6.28318530718,8.784535934,"s_c,delta (report-only extra)",6.28317290044,12.5415571373,0.998025406238
P2,2T,4,99.0,0.8,1.0,S,2,6.28318530718,2,secondary grid,3.19542528704,4.63554691415,0.368885102661
P2,2T,4,99.0,0.8,1.0,S,2,6.28318530718,4,secondary grid,6.12697728337,10.6167483562,0.844853990224
P2,2T,4,99.0,0.8,1.0,S,2,6.28318530718,6,secondary grid,6.27994633653,12.2347922761,0.973613834218
P2,2T,4,99.0,0.8,1.0,S,2,6.28318530718,8,secondary grid,6.28312562399,12.5145090222,0.995872985629
P2,2T,4,99.0,0.8,1.0,S,2,6.28318530718,8.784535934,"s_c,delta (report-only extra)",6.28317290044,12.5415571373,0.998025406238
P2,2T,4,99.0,0.9,1.0,N,2,6.28318530718,2,secondary grid,3.60084399484,5.0226891941,0.399692906427
P2,2T,4,99.0,0.9,1.0,N,2,6.28318530718,4,secondary grid,6.16827318895,10.8017488641,0.859575862878
P2,2T,4,99.0,0.9,1.0,N,2,6.28318530718,6,secondary grid,6.28086972683,12.2686559435,0.976308619253
P2,2T,4,99.0,0.9,1.0,N,2,6.28318530718,8,secondary grid,6.28314278884,12.5198189893,0.996295539379
P2,2T,4,99.0,0.9,1.0,N,2,6.28318530718,8.566385647,"s_c,delta (report-only extra)",6.28317163003,12.5390163205,0.997823214457
P2,2T,4,99.0,0.9,1.0,S,2,6.28318530718,2,secondary grid,3.60084399484,5.02268919409,0.399692906427
P2,2T,4,99.0,0.9,1.0,S,2,6.28318530718,4,secondary grid,6.16827318895,10.8017488641,0.859575862878
P2,2T,4,99.0,0.9,1.0,S,2,6.28318530718,6,secondary grid,6.28086972683,12.2686559435,0.976308619252
P2,2T,4,99.0,0.9,1.0,S,2,6.28318530718,8,secondary grid,6.28314278884,12.5198189893,0.996295539378
P2,2T,4,99.0,0.9,1.0,S,2,6.28318530718,8.566385647,"s_c,delta (report-only extra)",6.28317163003,12.5390163205,0.997823214457
P2,2T,4,99.0,1,1.0,N,2,6.28318530718,2,secondary grid,3.94478255294,5.35779726635,0.426359959512
P2,2T,4,99.0,1,1.0,N,2,6.28318530718,4,secondary grid,6.19503525383,10.9425813279,0.870782954259
P2,2T,4,99.0,1,1.0,N,2,6.28318530718,6,secondary grid,6.28144448264,12.2939065014,0.978317994807
P2,2T,4,99.0,1,1.0,N,2,6.28318530718,8,secondary grid,6.28315342146,12.523768735,0.996609850159
P2,2T,4,99.0,1,1.0,N,2,6.28318530718,8.378830505,"s_c,delta (report-only extra)",6.28317037621,12.5365086837,0.997623663065
P2,2T,4,99.0,1,1.0,S,2,6.28318530718,2,secondary grid,3.94478255294,5.35779726635,0.426359959512
P2,2T,4,99.0,1,1.0,S,2,6.28318530718,4,secondary grid,6.19503525383,10.9425813279,0.870782954259
P2,2T,4,99.0,1,1.0,S,2,6.28318530718,6,secondary grid,6.28144448264,12.2939065014,0.978317994807
P2,2T,4,99.0,1,1.0,S,2,6.28318530718,8,secondary grid,6.28315342146,12.523768735,0.996609850159
P2,2T,4,99.0,1,1.0,S,2,6.28318530718,8.378830505,"s_c,delta (report-only extra)",6.28317037621,12.5365086837,0.997623663065
